Workbook
Name CSV_HDRNUM2: [1]設定情報!#REF!
Name HDR_ITEM2: [1]設定情報!#REF!
Name HOSOKU_5: [1]設定情報!#REF!
Name HOSOKU_6: [1]設定情報!#REF!

Sheet 給付集計表
B2: 保険者別 国保連合会業務統計表（確定給付統計）
B4: 保険者番号：075226 保険者名：小野町
B6: 保険給付額
B7: 種別 | F7: 合計 | G7: 4月審査分 | H7: 5月審査分 | I7: 6月審査分 | J7: 7月審査分 | K7: 8月審査分 | L7: 9月審査分 | M7: 10月審査分 | N7: 11月審査分 | O7: 12月審査分 | P7: 1月審査分 | Q7: 2月審査分 | R7: 3月審査分
B8: 合計 | F8: =SUM(G8:R8) -> 1121975667 | G8: 95134738 | H8: 93308010 | I8: 95374738 | J8: 91823359 | K8: 95244054 | L8: 88905785 | M8: 96297574 | N8: 98019249 | O8: 91922907 | P8: 95848394 | Q8: 90871425 | R8: 89225434
B9: 居宅サービス計 | F9: =SUM(G9:R9) -> 375669202 | G9: 30242179 | H9: 31458117 | I9: 31525286 | J9: 30487150 | K9: 33469705 | L9: 32491144 | M9: 31921773 | N9: 32225681 | O9: 31129425 | P9: 31626379 | Q9: 28913940 | R9: 30178423
C10: 訪問通所小計 | F10: =SUM(G10:R10) -> 303173639 | G10: 25166606 | H10: 26009449 | I10: 25712315 | J10: 25301546 | K10: 27586001 | L10: 25711787 | M10: 25275024 | N10: 25817909 | O10: 24533992 | P10: 25238395 | Q10: 22624034 | R10: 24196581
D11: 11訪問介護 | F11: =SUM(G11:R11) -> 25741921 | G11: 1948052 | H11: 2304852 | I11: 2128544 | J11: 1840649 | K11: 2502034 | L11: 2271709 | M11: 1996491 | N11: 2074915 | O11: 1992195 | P11: 2288467 | Q11: 2217585 | R11: 2176428
D12: 12訪問入浴介護 | F12: =SUM(G12:R12) -> 2171358 | G12: 187101 | H12: 177894 | I12: 212301 | J12: 247347 | K12: 259911 | L12: 316809 | M12: 176589 | N12: 142209 | O12: 71109 | P12: 130248 | Q12: 106983 | R12: 142857
D13: 13訪問看護 | F13: =SUM(G13:R13) -> 18363579 | G13: 1625653 | H13: 1585396 | I13: 1531918 | J13: 1495656 | K13: 1648644 | L13: 1607261 | M13: 1499350 | N13: 1645356 | O13: 1445241 | P13: 1496514 | Q13: 1387443 | R13: 1395147
D14: 14訪問リハビリテーション | F14: =SUM(G14:R14) -> 23157 | G14: 23157 | H14: 0 | I14: 0 | J14: 0 | K14: 0 | L14: 0 | M14: 0 | N14: 0 | O14: 0 | P14: 0 | Q14: 0 | R14: 0
D15: 15通所介護 | F15: =SUM(G15:R15) -> 201432713 | G15: 17054894 | H15: 17421799 | I15: 17498471 | J15: 16903868 | K15: 18089677 | L15: 16788297 | M15: 16873030 | N15: 17217561 | O15: 16410404 | P15: 16660620 | Q15: 14504861 | R15: 16009231
D16: 16通所リハビリテーション | F16: =SUM(G16:R16) -> 22722207 | G16: 1701695 | H16: 1791784 | I16: 1746461 | J16: 2040295 | K16: 2200980 | L16: 1936333 | M16: 1895863 | N16: 2056285 | O16: 1868551 | P16: 1931516 | Q16: 1761470 | R16: 1790974
D17: 17福祉用具貸与 | F17: =SUM(G17:R17) -> 23749913 | G17: 1875541 | H17: 1922368 | I17: 1862641 | J17: 1997724 | K17: 2096130 | L17: 2098594 | M17: 2081724 | N17: 1933593 | O17: 1986577 | P17: 1974175 | Q17: 1942495 | R17: 1978351
D18: 61介護予防訪問介護 | F18: =SUM(G18:R18) -> 0 | G18: 0 | H18: 0 | I18: 0 | J18: 0 | K18: 0 | L18: 0 | M18: 0 | N18: 0 | O18: 0 | P18: 0 | Q18: 0 | R18: 0
D19: 62介護予防訪問入浴介護 | F19: =SUM(G19:R19) -> 0 | G19: 0 | H19: 0 | I19: 0 | J19: 0 | K19: 0 | L19: 0 | M19: 0 | N19: 0 | O19: 0 | P19: 0 | Q19: 0 | R19: 0
D20: 63介護予防訪問看護 | F20: =SUM(G20:R20) -> 1116963 | G20: 96039 | H20: 96750 | I20: 89667 | J20: 89667 | K20: 104598 | L20: 89613 | M20: 90378 | N20: 87687 | O20: 97812 | P20: 90702 | Q20: 90702 | R20: 93348
D21: 64介護予防訪問リハビリテーション | F21: =SUM(G21:R21) -> 0 | G21: 0 | H21: 0 | I21: 0 | J21: 0 | K21: 0 | L21: 0 | M21: 0 | N21: 0 | O21: 0 | P21: 0 | Q21: 0 | R21: 0
D22: 65介護予防通所介護 | F22: =SUM(G22:R22) -> 0 | G22: 0 | H22: 0 | I22: 0 | J22: 0 | K22: 0 | L22: 0 | M22: 0 | N22: 0 | O22: 0 | P22: 0 | Q22: 0 | R22: 0
... D24: 67介護予防福祉用具貸与 | F24: =SUM(G24:R24) -> 1217964 | G24: 101847 | H24: 110997 | I24: 107622 | J24: 111222 | K24: 90072 | L24: 90072 | M24: 108072 | N24: 101412 | O24: 103212 | P24: 107262 | Q24: 94212 | R24: 91962
C25: 短期入所小計 | F25: =SUM(G25:R25) -> 58730876 | G25: 4138578 | H25: 4503375 | I25: 4751767 | J25: 4287201 | K25: 4863729 | L25: 5614208 | M25: 5673048 | N25: 5049581 | O25: 5372352 | P25: 4854452 | Q25: 4944510 | R25: 4678075
D26: 21短期入所生活介護 | F26: =SUM(G26:R26) -> 56263296 | G26: 3974489 | H26: 4282428 | I26: 4433207 | J26: 4126788 | K26: 4627887 | L26: 5487461 | M26: 5500654 | N26: 4637967 | O26: 5186583 | P26: 4613211 | Q26: 4746658 | R26: 4645963
D27: 22短期入所療養介護（老健） | F27: =SUM(G27:R27) -> 2438060 | G27: 149329 | H27: 220947 | I27: 318560 | J27: 145653 | K27: 235842 | L27: 126747 | M27: 172394 | N27: 411614 | O27: 185769 | P27: 241241 | Q27: 197852 | R27: 32112
D28: 2A短期入所療養介護（介護医療院） | F28: =SUM(G28:R28) -> 0 | G28: 0 | H28: 0 | I28: 0 | J28: 0 | K28: 0 | L28: 0 | M28: 0 | N28: 0 | O28: 0 | P28: 0 | Q28: 0 | R28: 0
D29: 23短期入所療養介護（病院等） | F29: =SUM(G29:R29) -> 0 | G29: 0 | H29: 0 | I29: 0 | J29: 0 | K29: 0 | L29: 0 | M29: 0 | N29: 0 | O29: 0 | P29: 0 | Q29: 0 | R29: 0
D30: 24介護予防短期入所生活介護 | F30: =SUM(G30:R30) -> 29520 | G30: 14760 | H30: 0 | I30: 0 | J30: 14760 | K30: 0 | L30: 0 | M30: 0 | N30: 0 | O30: 0 | P30: 0 | Q30: 0 | R30: 0
D31: 25介護予防短期入所療養介護（老健） | F31: =SUM(G31:R31) -> 0 | G31: 0 | H31: 0 | I31: 0 | J31: 0 | K31: 0 | L31: 0 | M31: 0 | N31: 0 | O31: 0 | P31: 0 | Q31: 0 | R31: 0
D32: 2B介護予防短期入所療養介護（介護医療院） | F32: =SUM(G32:R32) -> 0 | G32: 0 | H32: 0 | I32: 0 | J32: 0 | K32: 0 | L32: 0 | M32: 0 | N32: 0 | O32: 0 | P32: 0 | Q32: 0 | R32: 0
D33: 26介護予防短期入所療養介護（病院等） | F33: =SUM(G33:R33) -> 0 | G33: 0 | H33: 0 | I33: 0 | J33: 0 | K33: 0 | L33: 0 | M33: 0 | N33: 0 | O33: 0 | P33: 0 | Q33: 0 | R33: 0
D34: 22特定治療（再掲） | F34: =SUM(G34:R34) -> 0 | G34: 0 | H34: 0 | I34: 0 | J34: 0 | K34: 0 | L34: 0 | M34: 0 | N34: 0 | O34: 0 | P34: 0 | Q34: 0 | R34: 0
D35: 22特別療養費（再掲） | F35: =SUM(G35:R35) -> 0 | G35: 0 | H35: 0 | I35: 0 | J35: 0 | K35: 0 | L35: 0 | M35: 0 | N35: 0 | O35: 0 | P35: 0 | Q35: 0 | R35: 0
D36: 2A特定治療（再掲） | F36: =SUM(G36:R36) -> 0 | G36: 0 | H36: 0 | I36: 0 | J36: 0 | K36: 0 | L36: 0 | M36: 0 | N36: 0 | O36: 0 | P36: 0 | Q36: 0 | R36: 0
D37: 2A特別診療費（再掲） | F37: =SUM(G37:R37) -> 0 | G37: 0 | H37: 0 | I37: 0 | J37: 0 | K37: 0 | L37: 0 | M37: 0 | N37: 0 | O37: 0 | P37: 0 | Q37: 0 | R37: 0
... D51: 81市町村特別給付 | F51: =SUM(G51:R51) -> 0 | G51: 0 | H51: 0 | I51: 0 | J51: 0 | K51: 0 | L51: 0 | M51: 0 | N51: 0 | O51: 0 | P51: 0 | Q51: 0 | R51: 0
B52: 地域密着型サービス計 | F52: =SUM(G52:R52) -> 310106690 | G52: 24368929 | H52: 23347164 | I52: 24900977 | J52: 24024051 | K52: 24255485 | L52: 19127163 | M52: 27902954 | N52: 28998822 | O52: 26819215 | P52: 29505654 | Q52: 28884045 | R52: 27972231
D53: 76定期巡回・随時対応型訪問介護看護 | F53: =SUM(G53:R53) -> 11789901 | G53: 1110366 | H53: 976392 | I53: 845253 | J53: 732753 | K53: 562041 | L53: 725328 | M53: 859266 | N53: 1109925 | O53: 1220598 | P53: 1172277 | Q53: 1160721 | R53: 1314981
D54: 71夜間対応型訪問介護 | F54: =SUM(G54:R54) -> 0 | G54: 0 | H54: 0 | I54: 0 | J54: 0 | K54: 0 | L54: 0 | M54: 0 | N54: 0 | O54: 0 | P54: 0 | Q54: 0 | R54: 0
D55: 78地域密着型通所介護 | F55: =SUM(G55:R55) -> 1306818 | G55: 104823 | H55: 67626 | I55: 0 | J55: 0 | K55: 0 | L55: 462501 | M55: 137322 | N55: 131958 | O55: 52308 | P55: 119556 | Q55: 118638 | R55: 112086
D56: 72認知症対応型通所介護 | F56: =SUM(G56:R56) -> 20397672 | G56: 1551942 | H56: 1232280 | I56: 2029635 | J56: 1929852 | K56: 1832787 | L56: 1854297 | M56: 1870245 | N56: 1812996 | O56: 1682667 | P56: 1538865 | Q56: 1518273 | R56: 1543833
D57: 73小規模多機能型居宅介護 | F57: =SUM(G57:R57) -> 48696597 | G57: 3926691 | H57: 4340241 | I57: 4338711 | J57: 4251285 | K57: 4235391 | L57: 3897711 | M57: 4047192 | N57: 4051026 | O57: 3759138 | P57: 4055400 | Q57: 4009923 | R57: 3783888
D58: 68小規模多機能型居宅介護（短期） | F58: =SUM(G58:R58) -> 0 | G58: 0 | H58: 0 | I58: 0 | J58: 0 | K58: 0 | L58: 0 | M58: 0 | N58: 0 | O58: 0 | P58: 0 | Q58: 0 | R58: 0
D59: 32認知症対応型共同生活介護 | F59: =SUM(G59:R59) -> 120351105 | G59: 9868302 | H59: 9455841 | I59: 9506043 | J59: 9075573 | K59: 10216238 | L59: 5450463 | M59: 13876729 | N59: 10666553 | O59: 9471447 | P59: 10620804 | Q59: 11499564 | R59: 10643548
D60: 38認知症対応型共同生活介護(短期) | F60: =SUM(G60:R60) -> 0 | G60: 0 | H60: 0 | I60: 0 | J60: 0 | K60: 0 | L60: 0 | M60: 0 | N60: 0 | O60: 0 | P60: 0 | Q60: 0 | R60: 0
D61: 36地域密着型特定施設入居者生活介護 | F61: =SUM(G61:R61) -> 0 | G61: 0 | H61: 0 | I61: 0 | J61: 0 | K61: 0 | L61: 0 | M61: 0 | N61: 0 | O61: 0 | P61: 0 | Q61: 0 | R61: 0
D62: 28地域密着型特定施設入居者生活介護（短期） | F62: =SUM(G62:R62) -> 0 | G62: 0 | H62: 0 | I62: 0 | J62: 0 | K62: 0 | L62: 0 | M62: 0 | N62: 0 | O62: 0 | P62: 0 | Q62: 0 | R62: 0
D63: 54地域密着型介護老人福祉施設入所者生活介護 | F63: =SUM(G63:R63) -> 102785309 | G63: 7514881 | H63: 6982860 | I63: 7804928 | J63: 7660476 | K63: 7035510 | L63: 6363345 | M63: 6738682 | N63: 10766896 | O63: 10109563 | P63: 11541966 | Q63: 10127862 | R63: 10138340
D64: 77複合型サービス（看護小規模多機能型居宅介護） | F64: =SUM(G64:R64) -> 0 | G64: 0 | H64: 0 | I64: 0 | J64: 0 | K64: 0 | L64: 0 | M64: 0 | N64: 0 | O64: 0 | P64: 0 | Q64: 0 | R64: 0
... D70: 39介護予防認知症型共同生活介護(短期) | F70: =SUM(G70:R70) -> 0 | G70: 0 | H70: 0 | I70: 0 | J70: 0 | K70: 0 | L70: 0 | M70: 0 | N70: 0 | O70: 0 | P70: 0 | Q70: 0 | R70: 0
B71: 施設サービス計 | F71: =SUM(G71:R71) -> 361660223 | G71: 34265897 | H71: 32251988 | I71: 33048639 | J71: 31159267 | K71: 31481312 | L71: 31012327 | M71: 30016326 | N71: 30447132 | O71: 27781343 | P71: 28345552 | Q71: 26936718 | R71: 24913722
D72: 51介護福祉施設サービス | F72: =SUM(G72:R72) -> 228641447 | G72: 20472941 | H72: 19794050 | I72: 20671775 | J72: 19524629 | K72: 19745471 | L72: 19273588 | M72: 17962146 | N72: 19640667 | O72: 17994302 | P72: 18793221 | Q72: 18220979 | R72: 16547678
D73: 52介護保健施設サービス | F73: =SUM(G73:R73) -> 120175985 | G73: 12993678 | H73: 11311645 | I73: 10732009 | J73: 10494060 | K73: 10536359 | L73: 10665676 | M73: 10904526 | N73: 9625589 | O73: 8655522 | P73: 8632859 | Q73: 7957798 | R73: 7666264
D74: 55介護医療院サービス | F74: =SUM(G74:R74) -> 0 | G74: 0 | H74: 0 | I74: 0 | J74: 0 | K74: 0 | L74: 0 | M74: 0 | N74: 0 | O74: 0 | P74: 0 | Q74: 0 | R74: 0
D75: 53介護療養施設サービス | F75: =SUM(G75:R75) -> 12842791 | G75: 799278 | H75: 1146293 | I75: 1644855 | J75: 1140578 | K75: 1199482 | L75: 1073063 | M75: 1149654 | N75: 1180876 | O75: 1131519 | P75: 919472 | Q75: 757941 | R75: 699780
D76: 52特定治療（再掲） | F76: =SUM(G76:R76) -> 0 | G76: 0 | H76: 0 | I76: 0 | J76: 0 | K76: 0 | L76: 0 | M76: 0 | N76: 0 | O76: 0 | P76: 0 | Q76: 0 | R76: 0
D77: 52特別療養費（再掲） | F77: =SUM(G77:R77) -> 0 | G77: 0 | H77: 0 | I77: 0 | J77: 0 | K77: 0 | L77: 0 | M77: 0 | N77: 0 | O77: 0 | P77: 0 | Q77: 0 | R77: 0
D78: 55特定治療（再掲） | F78: =SUM(G78:R78) -> 0 | G78: 0 | H78: 0 | I78: 0 | J78: 0 | K78: 0 | L78: 0 | M78: 0 | N78: 0 | O78: 0 | P78: 0 | Q78: 0 | R78: 0
D79: 55特別診療費（再掲） | F79: =SUM(G79:R79) -> 0 | G79: 0 | H79: 0 | I79: 0 | J79: 0 | K79: 0 | L79: 0 | M79: 0 | N79: 0 | O79: 0 | P79: 0 | Q79: 0 | R79: 0
D80: 53特定診療費（再掲） | F80: =SUM(G80:R80) -> 622284 | G80: 15219 | H80: 56454 | I80: 117699 | J80: 52119 | K80: 72930 | L80: 42534 | M80: 70902 | N80: 60768 | O80: 46773 | P80: 48195 | Q80: 24489 | R80: 14202
B81: 総合事業計 | F81: =SUM(G81:R81) -> 21030448 | G81: 1858647 | H81: 1689006 | I81: 1612571 | J81: 1618686 | K81: 1461197 | L81: 1788446 | M81: 1838456 | N81: 1909832 | O81: 1852894 | P81: 1869687 | Q81: 1767760 | R81: 1763266
C82: 訪問型サービス小計 | F82: =SUM(G82:R82) -> 2870070 | G82: 258801 | H82: 236225 | I82: 248177 | J82: 238259 | K82: 248168 | L82: 262154 | M82: 260111 | N82: 237513 | O82: 213546 | P82: 240024 | Q82: 213546 | R82: 213546
D83: A1訪問型サービス（みなし） | F83: =SUM(G83:R83) -> 0 | G83: 0 | H83: 0 | I83: 0 | J83: 0 | K83: 0 | L83: 0 | M83: 0 | N83: 0 | O83: 0 | P83: 0 | Q83: 0 | R83: 0
D84: A2訪問型サービス（独自） | F84: =SUM(G84:R84) -> 2870070 | G84: 258801 | H84: 236225 | I84: 248177 | J84: 238259 | K84: 248168 | L84: 262154 | M84: 260111 | N84: 237513 | O84: 213546 | P84: 240024 | Q84: 213546 | R84: 213546
D85: A3訪問型サービス（独自／定率） | F85: =SUM(G85:R85) -> 0 | G85: 0 | H85: 0 | I85: 0 | J85: 0 | K85: 0 | L85: 0 | M85: 0 | N85: 0 | O85: 0 | P85: 0 | Q85: 0 | R85: 0
D86: A4訪問型サービス（独自／定額） | F86: =SUM(G86:R86) -> 0 | G86: 0 | H86: 0 | I86: 0 | J86: 0 | K86: 0 | L86: 0 | M86: 0 | N86: 0 | O86: 0 | P86: 0 | Q86: 0 | R86: 0
C87: 通所型サービス小計 | F87: =SUM(G87:R87) -> 15657258 | G87: 1381446 | H87: 1251981 | I87: 1167894 | J87: 1192527 | K87: 1000629 | L87: 1313892 | M87: 1368945 | N87: 1449519 | O87: 1417848 | P87: 1419783 | Q87: 1351644 | R87: 1341150
D88: A5通所型サービス（みなし） | F88: =SUM(G88:R88) -> 0 | G88: 0 | H88: 0 | I88: 0 | J88: 0 | K88: 0 | L88: 0 | M88: 0 | N88: 0 | O88: 0 | P88: 0 | Q88: 0 | R88: 0
D89: A6通所型サービス（独自） | F89: =SUM(G89:R89) -> 15657258 | G89: 1381446 | H89: 1251981 | I89: 1167894 | J89: 1192527 | K89: 1000629 | L89: 1313892 | M89: 1368945 | N89: 1449519 | O89: 1417848 | P89: 1419783 | Q89: 1351644 | R89: 1341150
D90: A7通所型サービス（独自／定率） | F90: =SUM(G90:R90) -> 0 | G90: 0 | H90: 0 | I90: 0 | J90: 0 | K90: 0 | L90: 0 | M90: 0 | N90: 0 | O90: 0 | P90: 0 | Q90: 0 | R90: 0
D91: A8通所型サービス（独自／定額） | F91: =SUM(G91:R91) -> 0 | G91: 0 | H91: 0 | I91: 0 | J91: 0 | K91: 0 | L91: 0 | M91: 0 | N91: 0 | O91: 0 | P91: 0 | Q91: 0 | R91: 0
C92: その他の生活支援サービス小計 | F92: =SUM(G92:R92) -> 0 | G92: 0 | H92: 0 | I92: 0 | J92: 0 | K92: 0 | L92: 0 | M92: 0 | N92: 0 | O92: 0 | P92: 0 | Q92: 0 | R92: 0
D93: A9その他の生活支援サービス（配食／定率） | F93: =SUM(G93:R93) -> 0 | G93: 0 | H93: 0 | I93: 0 | J93: 0 | K93: 0 | L93: 0 | M93: 0 | N93: 0 | O93: 0 | P93: 0 | Q93: 0 | R93: 0
D94: AAその他の生活支援サービス（配食／定額） | F94: =SUM(G94:R94) -> 0 | G94: 0 | H94: 0 | I94: 0 | J94: 0 | K94: 0 | L94: 0 | M94: 0 | N94: 0 | O94: 0 | P94: 0 | Q94: 0 | R94: 0
D95: ABその他の生活支援サービス（見守り／定率） | F95: =SUM(G95:R95) -> 0 | G95: 0 | H95: 0 | I95: 0 | J95: 0 | K95: 0 | L95: 0 | M95: 0 | N95: 0 | O95: 0 | P95: 0 | Q95: 0 | R95: 0
D96: ACその他の生活支援サービス（見守り／定額） | F96: =SUM(G96:R96) -> 0 | G96: 0 | H96: 0 | I96: 0 | J96: 0 | K96: 0 | L96: 0 | M96: 0 | N96: 0 | O96: 0 | P96: 0 | Q96: 0 | R96: 0
D97: ADその他の生活支援サービス（その他／定率） | F97: =SUM(G97:R97) -> 0 | G97: 0 | H97: 0 | I97: 0 | J97: 0 | K97: 0 | L97: 0 | M97: 0 | N97: 0 | O97: 0 | P97: 0 | Q97: 0 | R97: 0
D98: AEその他の生活支援サービス（その他／定額） | F98: =SUM(G98:R98) -> 0 | G98: 0 | H98: 0 | I98: 0 | J98: 0 | K98: 0 | L98: 0 | M98: 0 | N98: 0 | O98: 0 | P98: 0 | Q98: 0 | R98: 0
D99: AF介護予防ケアマネジメント | F99: =SUM(G99:R99) -> 2503120 | G99: 218400 | H99: 200800 | I99: 196500 | J99: 187900 | K99: 212400 | L99: 212400 | M99: 209400 | N99: 222800 | O99: 221500 | P99: 209880 | Q99: 202570 | R99: 208570
E101: 小規模多機能型居宅介護 | F101: =SUM(F57:F58) -> 48696597 | G101: =SUM(G57:G58) -> 3926691 | H101: =SUM(H57:H58) -> 4340241 | I101: =SUM(I57:I58) -> 4338711 | J101: =SUM(J57:J58) -> 4251285 | K101: =SUM(K57:K58) -> 4235391 | L101: =SUM(L57:L58) -> 3897711 | M101: =SUM(M57:M58) -> 4047192 | ... R101: =SUM(R57:R58) -> 3783888
E102: 認知症対応型共同生活介護 | F102: =SUM(F59:F60) -> 120351105 | G102: =SUM(G59:G60) -> 9868302 | H102: =SUM(H59:H60) -> 9455841 | I102: =SUM(I59:I60) -> 9506043 | J102: =SUM(J59:J60) -> 9075573 | K102: =SUM(K59:K60) -> 10216238 | L102: =SUM(L59:L60) -> 5450463 | M102: =SUM(M59:M60) -> 13876729 | ... R102: =SUM(R59:R60) -> 10643548
E103: 地域密着型特定施設入居者生活介護 | F103: =SUM(F61:F62) -> 0 | G103: =SUM(G61:G62) -> 0 | H103: =SUM(H61:H62) -> 0 | I103: =SUM(I61:I62) -> 0 | J103: =SUM(J61:J62) -> 0 | K103: =SUM(K61:K62) -> 0 | L103: =SUM(L61:L62) -> 0 | M103: =SUM(M61:M62) -> 0 | ... R103: =SUM(R61:R62) -> 0
E104: 複合型サービス | F104: =SUM(F64:F65) -> 0 | G104: =SUM(G64:G65) -> 0 | H104: =SUM(H64:H65) -> 0 | I104: =SUM(I64:I65) -> 0 | J104: =SUM(J64:J65) -> 0 | K104: =SUM(K64:K65) -> 0 | L104: =SUM(L64:L65) -> 0 | M104: =SUM(M64:M65) -> 0 | ... R104: =SUM(R64:R65) -> 0
E105: 介護予防小規模多機能型居宅介護 | F105: =SUM(F67:F68) -> 4779288 | G105: =SUM(G67:G68) -> 291924 | H105: =SUM(H67:H68) -> 291924 | I105: =SUM(I67:I68) -> 376407 | J105: =SUM(J67:J68) -> 374112 | K105: =SUM(K67:K68) -> 373518 | L105: =SUM(L67:L68) -> 373518 | M105: =SUM(M67:M68) -> 373518 | ... R105: =SUM(R67:R68) -> 435555
E106: 介護予防認知症対応型共同生活介護 | F106: =SUM(F69:F70) -> 0 | G106: =SUM(G69:G70) -> 0 | H106: =SUM(H69:H70) -> 0 | I106: =SUM(I69:I70) -> 0 | J106: =SUM(J69:J70) -> 0 | K106: =SUM(K69:K70) -> 0 | L106: =SUM(L69:L70) -> 0 | M106: =SUM(M69:M70) -> 0 | ... R106: =SUM(R69:R70) -> 0

Sheet 特定入所
B2: 保険者別 国保連合会業務統計表（確定給付統計）
B3: 特定入所者介護サービス費の給付状況その３
B4: 保険者番号：075226 保険者名：小野町
B6: 種別 | G6: 計 | H6: 4月審査分 | I6: 5月審査分 | J6: 6月審査分 | K6: 7月審査分 | L6: 8月審査分 | M6: 9月審査分 | N6: 10月審査分 | O6: 11月審査分 | P6: 12月審査分 | Q6: 1月審査分 | R6: 2月審査分 | S6: 3月審査分
B7: 保険給付額 | C7: 合計 | G7: =SUM(H7:S7) -> 51692990 | H7: 4486470 | I7: 4220930 | J7: 4415340 | K7: 4296680 | L7: 4272100 | M7: 4081620 | N7: 4130930 | O7: 4556263 | P7: 4308169 | Q7: 4737010 | R7: 4191331 | S7: 3996147
F8: 食費 | G8: =SUM(H8:S8) -> 34073911 | H8: 3024140 | I8: 2845510 | J8: 2908960 | K8: 2836630 | L8: 2828720 | M8: 2746120 | N8: 2758360 | O8: 2966885 | P8: 2793063 | Q8: 3048257 | R8: 2739222 | S8: 2578044
F9: 居住費 | G9: =SUM(H9:S9) -> 17619079 | H9: 1462330 | I9: 1375420 | J9: 1506380 | K9: 1460050 | L9: 1443380 | M9: 1335500 | N9: 1372570 | O9: 1589378 | P9: 1515106 | Q9: 1688753 | R9: 1452109 | S9: 1418103
C10: 短期入所サービス計 | G10: =SUM(H10:S10) -> 2352168 | H10: 249180 | I10: 171630 | J10: 215920 | K10: 165780 | L10: 135700 | M10: 178010 | N10: 190900 | O10: 196063 | P10: 184140 | Q10: 274829 | R10: 204489 | S10: 185527
F11: 食費 | G11: =SUM(H11:S11) -> 1361581 | H11: 137420 | I11: 95680 | J11: 124520 | K11: 92280 | L11: 71970 | M11: 128890 | N11: 108850 | O11: 116965 | P11: 98121 | Q11: 158143 | R11: 124104 | S11: 104638
F12: 滞在費 | G12: =SUM(H12:S12) -> 990587 | H12: 111760 | I12: 75950 | J12: 91400 | K12: 73500 | L12: 63730 | M12: 49120 | N12: 82050 | O12: 79098 | P12: 86019 | Q12: 116686 | R12: 80385 | S12: 80889
D13: 21短期入所生活介護 | G13: =SUM(H13:S13) -> 2157259 | H13: 236300 | I13: 148170 | J13: 178790 | K13: 146460 | L13: 118990 | M13: 178010 | N13: 174980 | O13: 164384 | P13: 176598 | Q13: 258399 | R13: 190651 | S13: 185527
F14: 食費 | G14: =SUM(H14:S14) -> 1197085 | H14: 124540 | I14: 78970 | J14: 98220 | K14: 78140 | L14: 58890 | M14: 128890 | N14: 94250 | O14: 86999 | P14: 91569 | Q14: 141713 | R14: 110266 | S14: 104638
F15: 滞在費 | G15: =SUM(H15:S15) -> 960174 | H15: 111760 | I15: 69200 | J15: 80570 | K15: 68320 | L15: 60100 | M15: 49120 | N15: 80730 | O15: 77385 | P15: 85029 | Q15: 116686 | R15: 80385 | S15: 80889
D16: 22短期入所療養介護（老健） | G16: =SUM(H16:S16) -> 194909 | H16: 12880 | I16: 23460 | J16: 37130 | K16: 19320 | L16: 16710 | M16: 0 | N16: 15920 | O16: 31679 | P16: 7542 | Q16: 16430 | R16: 13838 | S16: 0
F17: 食費 | G17: =SUM(H17:S17) -> 164496 | H17: 12880 | I17: 16710 | J17: 26300 | K17: 14140 | L17: 13080 | M17: 0 | N17: 14600 | O17: 29966 | P17: 6552 | Q17: 16430 | R17: 13838 | S17: 0
F18: 滞在費 | G18: =SUM(H18:S18) -> 30413 | H18: 0 | I18: 6750 | J18: 10830 | K18: 5180 | L18: 3630 | M18: 0 | N18: 1320 | O18: 1713 | P18: 990 | Q18: 0 | R18: 0 | S18: 0
D19: 2A短期入所療養介護（介護医療院） | G19: =SUM(H19:S19) -> 0 | H19: 0 | I19: 0 | J19: 0 | K19: 0 | L19: 0 | M19: 0 | N19: 0 | O19: 0 | P19: 0 | Q19: 0 | R19: 0 | S19: 0
F20: 食費 | G20: =SUM(H20:S20) -> 0 | H20: 0 | I20: 0 | J20: 0 | K20: 0 | L20: 0 | M20: 0 | N20: 0 | O20: 0 | P20: 0 | Q20: 0 | R20: 0 | S20: 0
F21: 滞在費 | G21: =SUM(H21:S21) -> 0 | H21: 0 | I21: 0 | J21: 0 | K21: 0 | L21: 0 | M21: 0 | N21: 0 | O21: 0 | P21: 0 | Q21: 0 | R21: 0 | S21: 0
D22: 23短期入所療養介護（病院等） | G22: =SUM(H22:S22) -> 0 | H22: 0 | I22: 0 | J22: 0 | K22: 0 | L22: 0 | M22: 0 | N22: 0 | O22: 0 | P22: 0 | Q22: 0 | R22: 0 | S22: 0
F23: 食費 | G23: =SUM(H23:S23) -> 0 | H23: 0 | I23: 0 | J23: 0 | K23: 0 | L23: 0 | M23: 0 | N23: 0 | O23: 0 | P23: 0 | Q23: 0 | R23: 0 | S23: 0
F24: 滞在費 | G24: =SUM(H24:S24) -> 0 | H24: 0 | I24: 0 | J24: 0 | K24: 0 | L24: 0 | M24: 0 | N24: 0 | O24: 0 | P24: 0 | Q24: 0 | R24: 0 | S24: 0
D25: 24介護予防短期入所生活介護 | G25: =SUM(H25:S25) -> 0 | H25: 0 | I25: 0 | J25: 0 | K25: 0 | L25: 0 | M25: 0 | N25: 0 | O25: 0 | P25: 0 | Q25: 0 | R25: 0 | S25: 0
F26: 食費 | G26: =SUM(H26:S26) -> 0 | H26: 0 | I26: 0 | J26: 0 | K26: 0 | L26: 0 | M26: 0 | N26: 0 | O26: 0 | P26: 0 | Q26: 0 | R26: 0 | S26: 0
F27: 滞在費 | G27: =SUM(H27:S27) -> 0 | H27: 0 | I27: 0 | J27: 0 | K27: 0 | L27: 0 | M27: 0 | N27: 0 | O27: 0 | P27: 0 | Q27: 0 | R27: 0 | S27: 0
D28: 25介護予防短期入所療養介護（老健） | G28: =SUM(H28:S28) -> 0 | H28: 0 | I28: 0 | J28: 0 | K28: 0 | L28: 0 | M28: 0 | N28: 0 | O28: 0 | P28: 0 | Q28: 0 | R28: 0 | S28: 0
F29: 食費 | G29: =SUM(H29:S29) -> 0 | H29: 0 | I29: 0 | J29: 0 | K29: 0 | L29: 0 | M29: 0 | N29: 0 | O29: 0 | P29: 0 | Q29: 0 | R29: 0 | S29: 0
F30: 滞在費 | G30: =SUM(H30:S30) -> 0 | H30: 0 | I30: 0 | J30: 0 | K30: 0 | L30: 0 | M30: 0 | N30: 0 | O30: 0 | P30: 0 | Q30: 0 | R30: 0 | S30: 0
D31: 2B介護予防短期入所療養介護（介護医療院） | G31: =SUM(H31:S31) -> 0 | H31: 0 | I31: 0 | J31: 0 | K31: 0 | L31: 0 | M31: 0 | N31: 0 | O31: 0 | P31: 0 | Q31: 0 | R31: 0 | S31: 0
F32: 食費 | G32: =SUM(H32:S32) -> 0 | H32: 0 | I32: 0 | J32: 0 | K32: 0 | L32: 0 | M32: 0 | N32: 0 | O32: 0 | P32: 0 | Q32: 0 | R32: 0 | S32: 0
F33: 滞在費 | G33: =SUM(H33:S33) -> 0 | H33: 0 | I33: 0 | J33: 0 | K33: 0 | L33: 0 | M33: 0 | N33: 0 | O33: 0 | P33: 0 | Q33: 0 | R33: 0 | S33: 0
D34: 26介護予防短期入所療養介護（病院等） | G34: =SUM(H34:S34) -> 0 | H34: 0 | I34: 0 | J34: 0 | K34: 0 | L34: 0 | M34: 0 | N34: 0 | O34: 0 | P34: 0 | Q34: 0 | R34: 0 | S34: 0
F35: 食費 | G35: =SUM(H35:S35) -> 0 | H35: 0 | I35: 0 | J35: 0 | K35: 0 | L35: 0 | M35: 0 | N35: 0 | O35: 0 | P35: 0 | Q35: 0 | R35: 0 | S35: 0
F36: 滞在費 | G36: =SUM(H36:S36) -> 0 | H36: 0 | I36: 0 | J36: 0 | K36: 0 | L36: 0 | M36: 0 | N36: 0 | O36: 0 | P36: 0 | Q36: 0 | R36: 0 | S36: 0
C37: 地域密着型サービス計 | G37: =SUM(H37:S37) -> 11525498 | H37: 858490 | I37: 777000 | J37: 885980 | K37: 876330 | L37: 823710 | M37: 762330 | N37: 801220 | O37: 1086640 | P37: 1107934 | Q37: 1331313 | R37: 1078083 | S37: 1136468
F38: 食費 | G38: =SUM(H38:S38) -> 7169386 | H38: 552200 | I38: 504870 | J38: 580010 | K38: 570830 | L38: 535600 | M38: 493960 | N38: 522980 | O38: 670828 | P38: 665394 | Q38: 771198 | R38: 632950 | S38: 668566
F39: 居住費 | G39: =SUM(H39:S39) -> 4356112 | H39: 306290 | I39: 272130 | J39: 305970 | K39: 305500 | L39: 288110 | M39: 268370 | N39: 278240 | O39: 415812 | P39: 442540 | Q39: 560115 | R39: 445133 | S39: 467902
D40: 54地域密着型介護老人福祉施設入所者生活介護 | G40: =SUM(H40:S40) -> 11525498 | H40: 858490 | I40: 777000 | J40: 885980 | K40: 876330 | L40: 823710 | M40: 762330 | N40: 801220 | O40: 1086640 | P40: 1107934 | Q40: 1331313 | R40: 1078083 | S40: 1136468
F41: 食費 | G41: =SUM(H41:S41) -> 7169386 | H41: 552200 | I41: 504870 | J41: 580010 | K41: 570830 | L41: 535600 | M41: 493960 | N41: 522980 | O41: 670828 | P41: 665394 | Q41: 771198 | R41: 632950 | S41: 668566
F42: 居住費 | G42: =SUM(H42:S42) -> 4356112 | H42: 306290 | I42: 272130 | J42: 305970 | K42: 305500 | L42: 288110 | M42: 268370 | N42: 278240 | O42: 415812 | P42: 442540 | Q42: 560115 | R42: 445133 | S42: 467902
C43: 施設サービス計 | G43: =SUM(H43:S43) -> 37815324 | H43: 3378800 | I43: 3272300 | J43: 3313440 | K43: 3254570 | L43: 3312690 | M43: 3141280 | N43: 3138810 | O43: 3273560 | P43: 3016095 | Q43: 3130868 | R43: 2908759 | S43: 2674152
F44: 食費 | G44: =SUM(H44:S44) -> 25542944 | H44: 2334520 | I44: 2244960 | J44: 2204430 | K44: 2173520 | L44: 2221150 | M44: 2123270 | N44: 2126530 | O44: 2179092 | P44: 2029548 | Q44: 2118916 | R44: 1982168 | S44: 1804840
F45: 居住費 | G45: =SUM(H45:S45) -> 12272380 | H45: 1044280 | I45: 1027340 | J45: 1109010 | K45: 1081050 | L45: 1091540 | M45: 1018010 | N45: 1012280 | O45: 1094468 | P45: 986547 | Q45: 1011952 | R45: 926591 | S45: 869312
D46: 51介護福祉施設サービス | G46: =SUM(H46:S46) -> 29742643 | H46: 2583310 | I46: 2527780 | J46: 2700550 | K46: 2573980 | L46: 2610220 | M46: 2443230 | N46: 2356260 | O46: 2565277 | P46: 2341995 | Q46: 2477377 | R46: 2369211 | S46: 2193453
F47: 食費 | G47: =SUM(H47:S47) -> 18317310 | H47: 1606610 | I47: 1569290 | J47: 1653570 | K47: 1580900 | L47: 1602540 | M47: 1514620 | N47: 1454980 | O47: 1569786 | P47: 1435888 | Q47: 1529342 | R47: 1463296 | S47: 1336488
F48: 居住費 | G48: =SUM(H48:S48) -> 11425333 | H48: 976700 | I48: 958490 | J48: 1046980 | K48: 993080 | L48: 1007680 | M48: 928610 | N48: 901280 | O48: 995491 | P48: 906107 | Q48: 948035 | R48: 905915 | S48: 856965
D49: 52介護保健施設サービス | G49: =SUM(H49:S49) -> 7290875 | H49: 764800 | I49: 685120 | J49: 551510 | K49: 622180 | L49: 641090 | M49: 625720 | N49: 701250 | O49: 624273 | P49: 591720 | Q49: 583205 | R49: 477424 | S49: 422583
F50: 食費 | G50: =SUM(H50:S50) -> 6443828 | H50: 697220 | I50: 616270 | J50: 489480 | K50: 534210 | L50: 557230 | M50: 536320 | N50: 590250 | O50: 525296 | P50: 511280 | Q50: 519288 | R50: 456748 | S50: 410236
F51: 居住費 | G51: =SUM(H51:S51) -> 847047 | H51: 67580 | I51: 68850 | J51: 62030 | K51: 87970 | L51: 83860 | M51: 89400 | N51: 111000 | O51: 98977 | P51: 80440 | Q51: 63917 | R51: 20676 | S51: 12347
D52: 55介護医療院サービス | G52: =SUM(H52:S52) -> 0 | H52: 0 | I52: 0 | J52: 0 | K52: 0 | L52: 0 | M52: 0 | N52: 0 | O52: 0 | P52: 0 | Q52: 0 | R52: 0 | S52: 0
F53: 食費 | G53: =SUM(H53:S53) -> 0 | H53: 0 | I53: 0 | J53: 0 | K53: 0 | L53: 0 | M53: 0 | N53: 0 | O53: 0 | P53: 0 | Q53: 0 | R53: 0 | S53: 0
F54: 居住費 | G54: =SUM(H54:S54) -> 0 | H54: 0 | I54: 0 | J54: 0 | K54: 0 | L54: 0 | M54: 0 | N54: 0 | O54: 0 | P54: 0 | Q54: 0 | R54: 0 | S54: 0
D55: 53介護療養施設サービス | G55: =SUM(H55:S55) -> 781806 | H55: 30690 | I55: 59400 | J55: 61380 | K55: 58410 | L55: 61380 | M55: 72330 | N55: 81300 | O55: 84010 | P55: 82380 | Q55: 70286 | R55: 62124 | S55: 58116
F56: 食費 | G56: =SUM(H56:S56) -> 781806 | H56: 30690 | I56: 59400 | J56: 61380 | K56: 58410 | L56: 61380 | M56: 72330 | N56: 81300 | O56: 84010 | P56: 82380 | Q56: 70286 | R56: 62124 | S56: 58116
F57: 居住費 | G57: =SUM(H57:S57) -> 0 | H57: 0 | I57: 0 | J57: 0 | K57: 0 | L57: 0 | M57: 0 | N57: 0 | O57: 0 | P57: 0 | Q57: 0 | R57: 0 | S57: 0
E59: 特定入所者介護（食費） | G59: =SUM(G14,G17,G20,G23) -> 1361581 | H59: =SUM(H14,H17,H20,H23) -> 137420 | I59: =SUM(I14,I17,I20,I23) -> 95680 | J59: =SUM(J14,J17,J20,J23) -> 124520 | K59: =SUM(K14,K17,K20,K23) -> 92280 | L59: =SUM(L14,L17,L20,L23) -> 71970 | M59: =SUM(M14,M17,M20,M23) -> 128890 | N59: =SUM(N14,N17,N20,N23) -> 108850 | ... S59: =SUM(S14,S17,S20,S23) -> 104638
E60: 特定入所者介護（居住費） | G60: =SUM(G15,G18,G21,G24) -> 990587 | H60: =SUM(H15,H18,H21,H24) -> 111760 | I60: =SUM(I15,I18,I21,I24) -> 75950 | J60: =SUM(J15,J18,J21,J24) -> 91400 | K60: =SUM(K15,K18,K21,K24) -> 73500 | L60: =SUM(L15,L18,L21,L24) -> 63730 | M60: =SUM(M15,M18,M21,M24) -> 49120 | N60: =SUM(N15,N18,N21,N24) -> 82050 | ... S60: =SUM(S15,S18,S21,S24) -> 80889
E61: 介護老人福祉施設 | G61: =給付集計表!F72-特定入所!G46 -> 198898804 | H61: =給付集計表!G72-特定入所!H46 -> 17889631 | I61: =給付集計表!H72-特定入所!I46 -> 17266270 | J61: =給付集計表!I72-特定入所!J46 -> 17971225 | K61: =給付集計表!J72-特定入所!K46 -> 16950649 | L61: =給付集計表!K72-特定入所!L46 -> 17135251 | M61: =給付集計表!L72-特定入所!M46 -> 16830358 | N61: =給付集計表!M72-特定入所!N46 -> 15605886 | ... S61: =給付集計表!R72-特定入所!S46 -> 14354225
E62: 介護老人保健施設（特定治療、特別療養費含む） | G62: =給付集計表!F73-特定入所!G49 -> 112885110 | H62: =給付集計表!G73-特定入所!H49 -> 12228878 | I62: =給付集計表!H73-特定入所!I49 -> 10626525 | J62: =給付集計表!I73-特定入所!J49 -> 10180499 | K62: =給付集計表!J73-特定入所!K49 -> 9871880 | L62: =給付集計表!K73-特定入所!L49 -> 9895269 | M62: =給付集計表!L73-特定入所!M49 -> 10039956 | N62: =給付集計表!M73-特定入所!N49 -> 10203276 | ... S62: =給付集計表!R73-特定入所!S49 -> 7243681
E63: 介護療養型医療施設（特定診療費含む） | G63: =給付集計表!F75-特定入所!G55 -> 12060985 | H63: =給付集計表!G75-特定入所!H55 -> 768588 | I63: =給付集計表!H75-特定入所!I55 -> 1086893 | J63: =給付集計表!I75-特定入所!J55 -> 1583475 | K63: =給付集計表!J75-特定入所!K55 -> 1082168 | L63: =給付集計表!K75-特定入所!L55 -> 1138102 | M63: =給付集計表!L75-特定入所!M55 -> 1000733 | N63: =給付集計表!M75-特定入所!N55 -> 1068354 | ... S63: =給付集計表!R75-特定入所!S55 -> 641664
E64: 介護予防短期入所生活介護 | G64: =給付集計表!F30-特定入所!G25 -> 29520 | H64: =給付集計表!G30-特定入所!H25 -> 14760 | I64: =給付集計表!H30-特定入所!I25 -> 0 | J64: =給付集計表!I30-特定入所!J25 -> 0 | K64: =給付集計表!J30-特定入所!K25 -> 14760 | L64: =給付集計表!K30-特定入所!L25 -> 0 | M64: =給付集計表!L30-特定入所!M25 -> 0 | N64: =給付集計表!M30-特定入所!N25 -> 0 | ... S64: =給付集計表!R30-特定入所!S25 -> 0
E65: 介護予防短期入所療養介護（特別療養費、特定診療費含む） | G65: =給付集計表!F31+給付集計表!F32+給付集計表!F33-特定入所!G28-特定入所!G31-特定入所!G34 -> 0 | H65: =給付集計表!G31+給付集計表!G32+給付集計表!G33-特定入所!H28-特定入所!H31-特定入所!H34 -> 0 | I65: =給付集計表!H31+給付集計表!H32+給付集計表!H33-特定入所!I28-特定入所!I31-特定入所!I34 -> 0 | J65: =給付集計表!I31+給付集計表!I32+給付集計表!I33-特定入所!J28-特定入所!J31-特定入所!J34 -> 0 | K65: =給付集計表!J31+給付集計表!J32+給付集計表!J33-特定入所!K28-特定入所!K31-特定入所!K34 -> 0 | L65: =給付集計表!K31+給付集計表!K32+給付集計表!K33-特定入所!L28-特定入所!L31-特定入所!L34 -> 0 | M65: =給付集計表!L31+給付集計表!L32+給付集計表!L33-特定入所!M28-特定入所!M31-特定入所!M34 -> 0 | N65: =給付集計表!M31+給付集計表!M32+給付集計表!M33-特定入所!N28-特定入所!N31-特定入所!N34 -> 0 | ... S65: =給付集計表!R31+給付集計表!R32+給付集計表!R33-特定入所!S28-特定入所!S31-特定入所!S34 -> 0
E66: 特定入所者介護予防（食費） | G66: =SUM(G26,G29,G32,G35) -> 0 | H66: =SUM(H26,H29,H32,H35) -> 0 | I66: =SUM(I26,I29,I32,I35) -> 0 | J66: =SUM(J26,J29,J32,J35) -> 0 | K66: =SUM(K26,K29,K32,K35) -> 0 | L66: =SUM(L26,L29,L32,L35) -> 0 | M66: =SUM(M26,M29,M32,M35) -> 0 | N66: =SUM(N26,N29,N32,N35) -> 0 | ... S66: =SUM(S26,S29,S32,S35) -> 0
E67: 特定入所者介護予防（居住費） | G67: =SUM(G27,G30,G33,G36) -> 0 | H67: =SUM(H27,H30,H33,H36) -> 0 | I67: =SUM(I27,I30,I33,I36) -> 0 | J67: =SUM(J27,J30,J33,J36) -> 0 | K67: =SUM(K27,K30,K33,K36) -> 0 | L67: =SUM(L27,L30,L33,L36) -> 0 | M67: =SUM(M27,M30,M33,M36) -> 0 | N67: =SUM(N27,N30,N33,N36) -> 0 | ... S67: =SUM(S27,S30,S33,S36) -> 0
H69: 4月 | I69: 5月 | J69: 6月 | K69: 7月 | L69: 8月 | M69: 9月 | N69: 10月 | O69: 11月 | P69: 12月 | Q69: 1月 | R69: 2月 | S69: 3月
E70: 22短期入所療養介護（老健） | G70: =給付集計表!F27 -> 2438060 | H70: =給付集計表!G27 -> 149329 | I70: =給付集計表!H27 -> 220947 | J70: =給付集計表!I27 -> 318560 | K70: =給付集計表!J27 -> 145653 | L70: =給付集計表!K27 -> 235842 | M70: =給付集計表!L27 -> 126747 | N70: =給付集計表!M27 -> 172394 | ... S70: =給付集計表!R27 -> 32112
E71: 2A短期入所療養介護（介護医療院） | G71: =給付集計表!F28 -> 0 | H71: =給付集計表!G28 -> 0 | I71: =給付集計表!H28 -> 0 | J71: =給付集計表!I28 -> 0 | K71: =給付集計表!J28 -> 0 | L71: =給付集計表!K28 -> 0 | M71: =給付集計表!L28 -> 0 | N71: =給付集計表!M28 -> 0 | ... S71: =給付集計表!R28 -> 0
E72: 23短期入所療養介護（病院等） | G72: =給付集計表!F29 -> 0 | H72: =給付集計表!G29 -> 0 | I72: =給付集計表!H29 -> 0 | J72: =給付集計表!I29 -> 0 | K72: =給付集計表!J29 -> 0 | L72: =給付集計表!K29 -> 0 | M72: =給付集計表!L29 -> 0 | N72: =給付集計表!M29 -> 0 | ... S72: =給付集計表!R29 -> 0
E73: 22短期入所療養介護（老健） | G73: =特定入所!G16 -> 194909 | H73: =特定入所!H16 -> 12880 | I73: =特定入所!I16 -> 23460 | J73: =特定入所!J16 -> 37130 | K73: =特定入所!K16 -> 19320 | L73: =特定入所!L16 -> 16710 | M73: =特定入所!M16 -> 0 | N73: =特定入所!N16 -> 15920 | ... S73: =特定入所!S16 -> 0
E74: 2A短期入所療養介護（介護医療院） | G74: =特定入所!G19 -> 0 | H74: =特定入所!H19 -> 0 | I74: =特定入所!I19 -> 0 | J74: =特定入所!J19 -> 0 | K74: =特定入所!K19 -> 0 | L74: =特定入所!L19 -> 0 | M74: =特定入所!M19 -> 0 | N74: =特定入所!N19 -> 0 | ... S74: =特定入所!S19 -> 0
E75: 23短期入所療養介護（病院等） | G75: =特定入所!G22 -> 0 | H75: =特定入所!H22 -> 0 | I75: =特定入所!I22 -> 0 | J75: =特定入所!J22 -> 0 | K75: =特定入所!K22 -> 0 | L75: =特定入所!L22 -> 0 | M75: =特定入所!M22 -> 0 | N75: =特定入所!N22 -> 0 | ... S75: =特定入所!S22 -> 0
E76: 転記＝短期入所療養介護 | G76: =G70+G71+G72-G73-G74-G75 -> 2243151 | H76: =H70+H71+H72-H73-H74-H75 -> 136449 | I76: =I70+I71+I72-I73-I74-I75 -> 197487 | J76: =J70+J71+J72-J73-J74-J75 -> 281430 | K76: =K70+K71+K72-K73-K74-K75 -> 126333 | L76: =L70+L71+L72-L73-L74-L75 -> 219132 | M76: =M70+M71+M72-M73-M74-M75 -> 126747 | N76: =N70+N71+N72-N73-N74-N75 -> 156474 | ... S76: =S70+S71+S72-S73-S74-S75 -> 32112
