Workbook

Sheet 00_概要
A1: 北塩原村 財源構成案 管理ブック（国・県・村の負担内訳）
A2: 第8期北塩原村障がい福祉計画・第4期北塩原村障がい児福祉計画／令和8年7月7日打合せ「国・県・村の財政負担（自立支援給付等の内訳）の推移を計画に盛り込み可視化する」に対応。
A4: 確認項目 | B4: 現在値（自動計算） | C4: 参照先 | D4: 状態 | E4: 備考
A5: 令和7年度 自立支援給付費 総額 | B5: ='04_財源構成試算'!D11 | C5: 04_財源構成試算 | D5: 確定 | E5: 介護給付費＋障害児給付費。受領データ（令和2〜7年度）による
A6: うち 国庫負担（1/2） | B6: ='04_財源構成試算'!E11 | C6: 04_財源構成試算 | D6: 暫定 | E6: 法定負担割合による試算。村の決算額との突合が必要
A7: うち 県負担（1/4） | B7: ='04_財源構成試算'!F11 | C7: 04_財源構成試算 | D7: 暫定 | E7: 同上
A8: うち 村負担（1/4） | B8: ='04_財源構成試算'!G11 | C8: 04_財源構成試算 | D8: 暫定 | E8: 同上
A9: 令和2年度からの増加率（総額） | B9: ='04_財源構成試算'!I11 | C9: 04_財源構成試算 | D9: 確定 | E9: 令和2年度 36,748千円 → 令和7年度 55,513千円
A10: 地域生活支援事業費（令和7年度） | B10: ='06_地域生活支援事業'!C16 | C10: 06_地域生活支援事業 | D10: 村資料待ち | E10: 補助基準額の範囲内補助のため、村負担・超過負担の把握には村決算が必要
A11: 村単独事業費（令和7年度） | B11: ='07_村単独事業'!D11 | C11: 07_村単独事業 | D11: 村資料待ち | E11: 重度心身障害者医療費助成、人工透析患者通院交通費助成等
A12: 令和11年度 給付費推計（積上げ） | B12: ='08_R9R11推計'!H29 | C12: 08_R9R11推計 | D12: 村資料待ち | E12: サービス見込量ブックの個別積上げ×単価。見込量と単価の入力後に確定する
A14: 本ブックの使い方と留意点
A15: 1. 02・03シートの給付実績は受領データ（令和2〜7年度）の確定値です。原則として変更しません。
A16: 2. 財源構成（04・05）は、01_負担区分マスタの負担割合を掛けた法定ベースの試算です。国庫負担基準額を超えた分は村負担となるため、実際の決算額とは一致しません。
A17: 3. 村の歳入歳出決算（障害者自立支援給付費負担金・障害児施設給付費負担金等）を受領したら、09_村確認事項の該当行を更新し、試算値と決算額の差を確認してください。
A18: 4. 地域生活支援事業（06）は国1/2以内・県1/4以内の統合補助金です。補助基準額を超える部分は全額村負担となるため、事業費・交付額・村負担を分けて把握する必要があります。
A19: 5. 令和9〜11年度の給付費は、伸び率ではなく「北塩原村_サービス見込量.xlsx」の個別積上げ×単価で算定します。08シートに見込量と単価を入力してください。
A20: 6. 計画書への掲載は、金額の羅列ではなく「総額の推移」「財源別構成比の推移」「サービス別の構成」の3点に絞ると読みやすくなります。

Sheet 01_負担区分マスタ
A1: 財源の負担区分
A2: 障害者総合支援法・児童福祉法に基づく法定負担割合。04・05・08シートはこの表の負担割合（C6:E6）を参照して計算します。実際の交付額・村負担は村の決算で確認してください。
A5: 費目 | B5: 国 | C5: 県 | D5: 村 | E5: 計 | F5: 性格 | G5: 根拠・留意点
A6: 介護給付費・訓練等給付費（自立支援給付） | B6: 0.5 | C6: 0.25 | D6: 0.25 | E6: =SUM(B6:D6) | F6: 義務的経費 | G6: 障害者総合支援法第92条〜第95条。国庫負担基準額の範囲内。
A7: 計画相談支援給付費 | B7: 0.5 | C7: 0.25 | D7: 0.25 | E7: =SUM(B7:D7) | F7: 義務的経費 | G7: 障害者総合支援法に基づく自立支援給付。
A8: 障害児通所給付費 | B8: 0.5 | C8: 0.25 | D8: 0.25 | E8: =SUM(B8:D8) | F8: 義務的経費 | G8: 児童福祉法第57条の2等。
A9: 障害児相談支援給付費 | B9: 0.5 | C9: 0.25 | D9: 0.25 | E9: =SUM(B9:D9) | F9: 義務的経費 | G9: 児童福祉法に基づく給付。
A10: 自立支援医療（更生医療・育成医療） | B10: 0.5 | C10: 0.25 | D10: 0.25 | E10: =SUM(B10:D10) | F10: 義務的経費 | G10: 精神通院医療は都道府県の実施事務のため村負担なし。
A11: 補装具費 | B11: 0.5 | C11: 0.25 | D11: 0.25 | E11: =SUM(B11:D11) | F11: 義務的経費 | G11: 障害者総合支援法第76条。
A12: 地域生活支援事業 | B12: 0.5 | C12: 0.25 | D12: 0.25 | E12: =SUM(B12:D12) | F12: 裁量的経費 | G12: 国1/2以内・県1/4以内の統合補助金。補助基準額を超える分は村単独負担となる。
A13: 村単独事業（重度心身障害者医療費助成等） | B13: － | C13: 事業ごと | D13: 残額 | F13: 村単独 | G13: 一部に県補助金あり。県補助率は事業ごとに確認が必要。
A15: ※ 黄色セル（B6:D6）が04・05・08シートの計算に使われる負担割合です。制度改正等で割合が変わった場合はここを直すと全シートに反映されます。
A17: 計画書に記載する際の整理
A18: ・自立支援給付（介護給付費・訓練等給付費・計画相談支援給付費）と障害児通所給付費は義務的経費であり、利用があれば国・県の負担が伴います。村の裁量で増減させるものではありません。
A19: ・これに対し地域生活支援事業は裁量的経費（統合補助金）で、国1/2以内・県1/4以内の「以内補助」です。補助基準額を超えた分は村の一般財源で賄うことになります。
A20: ・したがって「実施の有無」だけで施策を評価せず、事業費・国県補助額・村負担額・超過負担の有無を分けて評価する必要があります（計画書 現行計画評価の章）。
A21: ・村単独事業（重度心身障害者医療費助成、在宅重度障害者対策事業、人工透析患者通院交通費助成等）は、生活継続を支える基盤であるため、対象者数と村負担額を継続して把握します。

Sheet 02_給付実績_介護給付費
A1: 介護給付費・訓練等給付費 実績（サービス別）
A2: 受領データ「【北塩原村】障がいサービス給付実績.xlsx」の整理版による確定値（令和2〜7年度）。空欄は当該年度に実績がないことを示します。原則として変更しません。
A5: サービス | B5: 区分 | C5: 令和2年度 | D5: 令和3年度 | E5: 令和4年度 | F5: 令和5年度 | G5: 令和6年度 | H5: 令和7年度 | I5: 令和2年度比 | J5: 備考
A6: 居宅介護 | B6: 金額 | C6: 1387313 | D6: 1294783 | E6: 1016801 | F6: 1095062 | G6: 1155018 | H6: 1713336 | I6: =IF(OR(C6="",C6=0,H6=""),"",H6/C6-1)
A7: 生活介護 | B7: 金額 | C7: 9144480 | D7: 10414930 | E7: 11977750 | F7: 12373933 | G7: 13040653 | H7: 13209810 | I7: =IF(OR(C7="",C7=0,H7=""),"",H7/C7-1)
A8: 生活介護（基準該当） | B8: 金額 | G8: 99627 | H8: 55760 | I8: =IF(OR(C8="",C8=0,H8=""),"",H8/C8-1)
A9: 短期入所 | B9: 金額 | G9: 26000 | H9: 54630 | I9: =IF(OR(C9="",C9=0,H9=""),"",H9/C9-1) | J9: 令和6年度から実績あり。拠点の緊急受入と接続
A10: 自立訓練（生活訓練） | B10: 金額 | C10: 2615274 | D10: 3023251 | E10: 1973204 | F10: 1183986 | G10: 0 | H10: 382238 | I10: =IF(OR(C10="",C10=0,H10=""),"",H10/C10-1)
A11: 宿泊型自立訓練 | B11: 金額 | C11: 689860 | D11: 0 | E11: 0 | F11: 0 | I11: =IF(OR(C11="",C11=0,H11=""),"",H11/C11-1)
A12: 就労移行支援 | B12: 金額 | E12: 40690 | F12: 744891 | I12: =IF(OR(C12="",C12=0,H12=""),"",H12/C12-1)
A13: 就労定着支援 | B13: 金額 | C13: 295250 | D13: 53230 | I13: =IF(OR(C13="",C13=0,H13=""),"",H13/C13-1)
A14: 就労継続支援（B型） | B14: 金額 | C14: 9458880 | D14: 10911480 | E14: 12180133 | F14: 14141251 | G14: 19829973 | H14: 19707121 | I14: =IF(OR(C14="",C14=0,H14=""),"",H14/C14-1) | J14: 金額最大。日中活動・就労支援の見込量根拠
A15: 共同生活援助 | B15: 金額 | C15: 6413031 | D15: 13103695 | E15: 9680695 | F15: 8186883 | G15: 9927798 | H15: 9663491 | I15: =IF(OR(C15="",C15=0,H15=""),"",H15/C15-1)
A16: 共同生活援助（特定障害者特別給付費） | B16: 金額 | G16: 810000 | H16: 1026928 | I16: =IF(OR(C16="",C16=0,H16=""),"",H16/C16-1)
A17: 施設入所支援 | B17: 金額 | C17: 4993225 | D17: 5747691 | E17: 5829436 | F17: 5696159 | G17: 5845600 | H17: 5993690 | I17: =IF(OR(C17="",C17=0,H17=""),"",H17/C17-1)
A18: 施設入所支援（特定障害者特別給付費） | B18: 金額 | G18: 269576 | H18: 206084 | I18: =IF(OR(C18="",C18=0,H18=""),"",H18/C18-1)
A19: 計画相談支援 | B19: 金額 | C19: 1004961 | D19: 1442575 | E19: 1535312 | F19: 997809 | G19: 1694563 | H19: 1863988 | I19: =IF(OR(C19="",C19=0,H19=""),"",H19/C19-1)
A20: 介護給付費 合計 | B20: 金額 | C20: =SUM(C6:C19) | D20: =SUM(D6:D19) | E20: =SUM(E6:E19) | F20: =SUM(F6:F19) | G20: =SUM(G6:G19) | H20: =SUM(H6:H19) | I20: =H20/C20-1 | J20: 内訳の合計＝原票の年度合計と一致
A22: 参考：件数
A23: サービス | B23: 区分 | C23: 令和2年度 | D23: 令和3年度 | E23: 令和4年度 | F23: 令和5年度 | G23: 令和6年度 | H23: 令和7年度 | I23: 令和2年度比 | J23: 備考
A24: 居宅介護 | B24: 件数 | C24: 27 | D24: 24 | E24: 24 | F24: 27 | G24: 43 | H24: 44
A25: 生活介護 | B25: 件数 | C25: 58 | D25: 64 | E25: 83 | F25: 84 | G25: 84 | H25: 79
A26: 生活介護（基準該当） | B26: 件数 | G26: 11 | H26: 7
A27: 短期入所 | B27: 件数 | G27: 2 | H27: 3
A28: 自立訓練（生活訓練） | B28: 件数 | C28: 23 | D28: 21 | E28: 11 | F28: 7 | G28: 0 | H28: 2
A29: 宿泊型自立訓練 | B29: 件数 | C29: 11 | D29: 0 | E29: 0 | F29: 0
A30: 就労移行支援 | B30: 件数 | E30: 2 | F30: 5
A31: 就労定着支援 | B31: 件数 | C31: 12 | D31: 2
A32: 就労継続支援（B型） | B32: 件数 | C32: 74 | D32: 89 | E32: 106 | F32: 114 | G32: 140 | H32: 143
A33: 共同生活援助 | B33: 件数 | C33: 64 | D33: 108 | E33: 83 | F33: 75 | G33: 82 | H33: 105
A34: 共同生活援助（特定障害者特別給付費） | B34: 件数 | G34: 81 | H34: 105
A35: 施設入所支援 | B35: 件数 | C35: 46 | D35: 50 | E35: 48 | F35: 48 | G35: 48 | H35: 48
A36: 施設入所支援（特定障害者特別給付費） | B36: 件数 | G36: 43 | H36: 12
A37: 計画相談支援 | B37: 件数 | C37: 61 | D37: 81 | E37: 83 | F37: 55 | G37: 71 | H37: 76
A38: 介護給付費 合計 | B38: 件数 | C38: =SUM(C24:C37) | D38: =SUM(D24:D37) | E38: =SUM(E24:E37) | F38: =SUM(F24:F37) | G38: =SUM(G24:G37) | H38: =SUM(H24:H37)

Sheet 03_給付実績_障害児給付費
A1: 障害児通所給付費・障害児相談支援給付費 実績（サービス別）
A2: 受領データの整理版による確定値（令和2〜7年度）。障害児給付費は令和4年度をピークに減少し、令和7年度は放課後等デイサービスが中心となっています。
A5: サービス | B5: 区分 | C5: 令和2年度 | D5: 令和3年度 | E5: 令和4年度 | F5: 令和5年度 | G5: 令和6年度 | H5: 令和7年度 | I5: 令和2年度比 | J5: 備考
A6: 児童発達支援 | B6: 金額 | C6: 308236 | D6: 3032590 | E6: 3715790 | F6: 3338200 | G6: 1452980 | H6: 124060 | I6: =IF(OR(C6="",C6=0,H6=""),"",H6/C6-1)
A7: 放課後等デイサービス | B7: 金額 | C7: 161658 | D7: 174771 | E7: 176913 | F7: 128322 | G7: 111195 | H7: 1075951 | I7: =IF(OR(C7="",C7=0,H7=""),"",H7/C7-1) | J7: 令和7年度に件数・金額とも大幅増
A8: 保育所等訪問支援 | B8: 金額 | H8: 105232 | I8: =IF(OR(C8="",C8=0,H8=""),"",H8/C8-1) | J8: 令和7年度に初めて実績が発生
A9: 障害児相談支援 | B9: 金額 | C9: 276170 | D9: 47260 | E9: 137720 | F9: 111310 | G9: 77100 | H9: 330460 | I9: =IF(OR(C9="",C9=0,H9=""),"",H9/C9-1)
A10: 障害児給付費 合計 | B10: 金額 | C10: =SUM(C6:C9) | D10: =SUM(D6:D9) | E10: =SUM(E6:E9) | F10: =SUM(F6:F9) | G10: =SUM(G6:G9) | H10: =SUM(H6:H9) | I10: =H10/C10-1 | J10: 内訳の合計＝原票の年度合計と一致
A12: 参考：件数
A13: サービス | B13: 区分 | C13: 令和2年度 | D13: 令和3年度 | E13: 令和4年度 | F13: 令和5年度 | G13: 令和6年度 | H13: 令和7年度 | I13: 令和2年度比 | J13: 備考
A14: 児童発達支援 | B14: 件数 | C14: 7 | D14: 22 | E14: 24 | F14: 23 | G14: 13 | H14: 1
A15: 放課後等デイサービス | B15: 件数 | C15: 11 | D15: 11 | E15: 12 | F15: 12 | G15: 12 | H15: 27
A16: 保育所等訪問支援 | B16: 件数 | H16: 3
A17: 障害児相談支援 | B17: 件数 | C17: 11 | D17: 3 | E17: 6 | F17: 5 | G17: 3 | H17: 8
A18: 障害児給付費 合計 | B18: 件数 | C18: =SUM(C14:C17) | D18: =SUM(D14:D17) | E18: =SUM(E14:E17) | F18: =SUM(F14:F17) | G18: =SUM(G14:G17) | H18: =SUM(H14:H17)

Sheet 04_財源構成試算
A1: 財源構成試算（国・県・村の負担内訳の推移）
A2: 自立支援給付費・障害児給付費に法定負担割合を掛けた試算です。国庫負担基準額を超えた分は村負担となるため、実際の決算額とは一致しません。村の決算受領後に突合してください。単位：円。
A5: 年度 | B5: 介護給付費 | C5: 障害児給付費 | D5: 自立支援給付計 | E5: 国庫負担 | F5: 県負担 | G5: 村負担 | H5: 前年度比 | I5: 令和2年度比 | J5: 備考
A6: 令和2年度 | B6: ='02_給付実績_介護給付費'!C20 | C6: ='03_給付実績_障害児給付費'!C10 | D6: =B6+C6 | E6: =ROUND(D6*'01_負担区分マスタ'!$C$6,0) | F6: =ROUND(D6*'01_負担区分マスタ'!$D$6,0) | G6: =D6-E6-F6 | J6: 基準年度
A7: 令和3年度 | B7: ='02_給付実績_介護給付費'!D20 | C7: ='03_給付実績_障害児給付費'!D10 | D7: =B7+C7 | E7: =ROUND(D7*'01_負担区分マスタ'!$C$6,0) | F7: =ROUND(D7*'01_負担区分マスタ'!$D$6,0) | G7: =D7-E7-F7 | H7: =D7/D6-1 | I7: =D7/D$6-1 | J7: 共同生活援助・就労継続支援B型の増
A8: 令和4年度 | B8: ='02_給付実績_介護給付費'!E20 | C8: ='03_給付実績_障害児給付費'!E10 | D8: =B8+C8 | E8: =ROUND(D8*'01_負担区分マスタ'!$C$6,0) | F8: =ROUND(D8*'01_負担区分マスタ'!$D$6,0) | G8: =D8-E8-F8 | H8: =D8/D7-1 | I8: =D8/D$6-1
A9: 令和5年度 | B9: ='02_給付実績_介護給付費'!F20 | C9: ='03_給付実績_障害児給付費'!F10 | D9: =B9+C9 | E9: =ROUND(D9*'01_負担区分マスタ'!$C$6,0) | F9: =ROUND(D9*'01_負担区分マスタ'!$D$6,0) | G9: =D9-E9-F9 | H9: =D9/D8-1 | I9: =D9/D$6-1
A10: 令和6年度 | B10: ='02_給付実績_介護給付費'!G20 | C10: ='03_給付実績_障害児給付費'!G10 | D10: =B10+C10 | E10: =ROUND(D10*'01_負担区分マスタ'!$C$6,0) | F10: =ROUND(D10*'01_負担区分マスタ'!$D$6,0) | G10: =D10-E10-F10 | H10: =D10/D9-1 | I10: =D10/D$6-1 | J10: 件数が605件へ増加。特定障害者特別給付費を計上
A11: 令和7年度 | B11: ='02_給付実績_介護給付費'!H20 | C11: ='03_給付実績_障害児給付費'!H10 | D11: =B11+C11 | E11: =ROUND(D11*'01_負担区分マスタ'!$C$6,0) | F11: =ROUND(D11*'01_負担区分マスタ'!$D$6,0) | G11: =D11-E11-F11 | H11: =D11/D10-1 | I11: =D11/D$6-1 | J11: 直近年度。伸びは鈍化
A13: 財源別構成比（計画書掲載用）
A14: 年度 | B14: 自立支援給付計 | C14: 国庫負担 | D14: 県負担 | E14: 村負担 | F14: 国 構成比 | G14: 県 構成比 | H14: 村 構成比
A15: 令和2年度 | B15: =D6 | C15: =E6 | D15: =F6 | E15: =G6 | F15: =E6/D6 | G15: =F6/D6 | H15: =G6/D6
A16: 令和3年度 | B16: =D7 | C16: =E7 | D16: =F7 | E16: =G7 | F16: =E7/D7 | G16: =F7/D7 | H16: =G7/D7
A17: 令和4年度 | B17: =D8 | C17: =E8 | D17: =F8 | E17: =G8 | F17: =E8/D8 | G17: =F8/D8 | H17: =G8/D8
A18: 令和5年度 | B18: =D9 | C18: =E9 | D18: =F9 | E18: =G9 | F18: =E9/D9 | G18: =F9/D9 | H18: =G9/D9
A19: 令和6年度 | B19: =D10 | C19: =E10 | D19: =F10 | E19: =G10 | F19: =E10/D10 | G19: =F10/D10 | H19: =G10/D10
A20: 令和7年度 | B20: =D11 | C20: =E11 | D20: =F11 | E20: =G11 | F20: =E11/D11 | G20: =F11/D11 | H20: =G11/D11
A22: 読み取り：介護給付費は令和2年度36,002千円から令和7年度53,877千円へ約49.6％増加しています。一方、障害児給付費は令和4年度4,030千円をピークに令和7年度1,636千円まで減少しています。村負担（1/4相当）は総額の増加に比例して増えるため、計画書では総額の推移とあわせて村負担の推移を示してください。

Sheet 05_サービス別財源構成
A1: 令和7年度 サービス別の財源構成
A2: 直近年度（令和7年度）のサービス別給付費に法定負担割合を掛けたものです。計画書では上位サービスに絞って掲載し、見込量の根拠と結び付けて説明します。単位：円。
A5: サービス | B5: 令和7年度 給付費 | C5: 構成比 | D5: 国庫負担 | E5: 県負担 | F5: 村負担 | G5: 計画上の位置付け
A6: 就労継続支援（B型） | B6: 19707121 | C6: =B6/$B$21 | D6: =ROUND(B6*'01_負担区分マスタ'!$C$6,0) | E6: =ROUND(B6*'01_負担区分マスタ'!$D$6,0) | F6: =B6-D6-E6 | G6: 村内に事業所なし。喜多方市・会津若松市等の圏域事業所を利用。令和2年度比2.08倍
A7: 生活介護 | B7: 13209810 | C7: =B7/$B$21 | D7: =ROUND(B7*'01_負担区分マスタ'!$C$6,0) | E7: =ROUND(B7*'01_負担区分マスタ'!$D$6,0) | F7: =B7-D7-E7 | G7: 重度者の日中活動。特別支援学校卒業予定者の進路と接続
A8: 共同生活援助 | B8: 9663491 | C8: =B8/$B$21 | D8: =ROUND(B8*'01_負担区分マスタ'!$C$6,0) | E8: =ROUND(B8*'01_負担区分マスタ'!$D$6,0) | F8: =B8-D8-E8 | G8: 居住系の中心。地域移行・親亡き後支援と接続
A9: 施設入所支援 | B9: 5993690 | C9: =B9/$B$21 | D9: =ROUND(B9*'01_負担区分マスタ'!$C$6,0) | E9: =ROUND(B9*'01_負担区分マスタ'!$D$6,0) | F9: =B9-D9-E9 | G9: 4人で横ばい。成果目標「施設入所者の地域生活移行」の対象
A10: 計画相談支援 | B10: 1863988 | C10: =B10/$B$21 | D10: =ROUND(B10*'01_負担区分マスタ'!$C$6,0) | E10: =ROUND(B10*'01_負担区分マスタ'!$D$6,0) | F10: =B10-D10-E10 | G10: 圏域の相談支援事業所が実施。基幹相談支援センター広域設置と接続
A11: 居宅介護 | B11: 1713336 | C11: =B11/$B$21 | D11: =ROUND(B11*'01_負担区分マスタ'!$C$6,0) | E11: =ROUND(B11*'01_負担区分マスタ'!$D$6,0) | F11: =B11-D11-E11 | G11: 訪問可能地区・冬季提供体制の制約を確認
A12: 放課後等デイサービス | B12: 1075951 | C12: =B12/$B$21 | D12: =ROUND(B12*'01_負担区分マスタ'!$C$6,0) | E12: =ROUND(B12*'01_負担区分マスタ'!$D$6,0) | F12: =B12-D12-E12 | G12: 障がい児支援。教育・保育・相談支援ニーズと接続
A13: 共同生活援助（特定障害者特別給付費） | B13: 1026928 | C13: =B13/$B$21 | D13: =ROUND(B13*'01_負担区分マスタ'!$C$6,0) | E13: =ROUND(B13*'01_負担区分マスタ'!$D$6,0) | F13: =B13-D13-E13 | G13: 家賃補助分
A14: 自立訓練（生活訓練） | B14: 382238 | C14: =B14/$B$21 | D14: =ROUND(B14*'01_負担区分マスタ'!$C$6,0) | E14: =ROUND(B14*'01_負担区分マスタ'!$D$6,0) | F14: =B14-D14-E14 | G14: 利用の増減が大きい。個別ケース確認が必要
A15: 障害児相談支援 | B15: 330460 | C15: =B15/$B$21 | D15: =ROUND(B15*'01_負担区分マスタ'!$C$6,0) | E15: =ROUND(B15*'01_負担区分マスタ'!$D$6,0) | F15: =B15-D15-E15 | G15: 障がい児支援。教育・保育・相談支援ニーズと接続
A16: 施設入所支援（特定障害者特別給付費） | B16: 206084 | C16: =B16/$B$21 | D16: =ROUND(B16*'01_負担区分マスタ'!$C$6,0) | E16: =ROUND(B16*'01_負担区分マスタ'!$D$6,0) | F16: =B16-D16-E16 | G16: 食費・光熱水費の補足給付分
A17: 児童発達支援 | B17: 124060 | C17: =B17/$B$21 | D17: =ROUND(B17*'01_負担区分マスタ'!$C$6,0) | E17: =ROUND(B17*'01_負担区分マスタ'!$D$6,0) | F17: =B17-D17-E17 | G17: 障がい児支援。教育・保育・相談支援ニーズと接続
... A20: 短期入所 | B20: 54630 | C20: =B20/$B$21 | D20: =ROUND(B20*'01_負担区分マスタ'!$C$6,0) | E20: =ROUND(B20*'01_負担区分マスタ'!$D$6,0) | F20: =B20-D20-E20 | G20: 令和6年度から実績。地域生活支援拠点の緊急受入機能と一体で検討
A21: 合計 | B21: =SUM(B6:B20) | C21: =B21/B21 | D21: =SUM(D6:D20) | E21: =SUM(E6:E20) | F21: =SUM(F6:F20) | G21: 介護給付費53,877,076円＋障害児給付費1,635,703円

Sheet 06_地域生活支援事業
A1: 地域生活支援事業の財源構成（入力欄）
A2: 地域生活支援事業は国1/2以内・県1/4以内の統合補助金です。補助基準額を超えた分は全額村負担となるため、事業費・交付額・村負担を分けて把握する必要があります。黄色セルに村の決算値を入力してください。単位：円。
A5: 事業 | B5: 令和6年度 事業費 | C5: 令和7年度 事業費 | D5: 令和8年度 事業費（見込） | E5: 国補助額 | F5: 県補助額 | G5: 村負担額 | H5: 確認事項
A6: 障がい者相談支援事業 | G6: =IF(COUNT(C6,E6,F6)=0,"",C6-E6-F6) | H6: 村住民課・地域生活支援センターいなわしろの2か所。基本相談部分を委託
A7: 成年後見制度利用支援事業 | G7: =IF(COUNT(C7,E7,F7)=0,"",C7-E7-F7) | H7: 現行計画見込5人に対し令和5年度実績1人。乖離要因を確認
A8: 意思疎通支援事業 | G8: =IF(COUNT(C8,E8,F8)=0,"",C8-E8-F8) | H8: 実績0人。手話通訳者派遣の需要の有無を確認
A9: 日常生活用具給付等事業 | G9: =IF(COUNT(C9,E9,F9)=0,"",C9-E9-F9) | H9: 令和5年度実績69件。排泄管理支援用具が大半
A10: 移動支援事業 | G10: =IF(COUNT(C10,E10,F10)=0,"",C10-E10-F10) | H10: 令和3〜8年度の全期間で見込量0人・実績0人。制度未周知／代替手段／ニーズ不在の切り分けが必要
A11: 日中一時支援事業 | G11: =IF(COUNT(C11,E11,F11)=0,"",C11-E11-F11) | H11: 令和5年度実績2人（増加傾向）。家族レスパイト・障がい児と接続
A12: 地域活動支援センター機能強化事業 | G12: =IF(COUNT(C12,E12,F12)=0,"",C12-E12-F12) | H12: 令和5年度実績3人が見込量2人を上回っている。次期見込量に実績を反映
A13: 訪問入浴サービス事業 | G13: =IF(COUNT(C13,E13,F13)=0,"",C13-E13-F13) | H13: 実績0人
A14: 理解促進研修・啓発事業 | G14: =IF(COUNT(C14,E14,F14)=0,"",C14-E14-F14) | H14: 実績0件。実施方法と財源を確認
A15: 自発的活動支援事業 | G15: =IF(COUNT(C15,E15,F15)=0,"",C15-E15-F15) | H15: 実績0件。障がい者団体・家族会の活動支援と接続
A16: 合計 | B16: =SUM(B6:B15) | C16: =SUM(C6:C15) | D16: =SUM(D6:D15) | E16: =SUM(E6:E15) | F16: =SUM(F6:F15) | G16: =SUM(G6:G15) | H16: 村負担＝事業費－国補助－県補助（補助基準額超過分を含む）
A18: 留意：移動支援事業が令和3年度から令和8年度まで一貫して0人であることは、地区分散・冬季移動が中心的な地域課題である本村の実態と整合しません。実績ゼロをニーズ不在と即断せず、制度未周知・家族送迎等での代替・ニーズ自体の不在のいずれに該当するかを、アンケート結果と個別ケースで確認したうえで次期見込量を確定してください（令和8年7月7日打合せの決定事項）。

Sheet 07_村単独事業
A1: 村単独事業の財源構成（入力欄）
A2: 村が単独で実施する助成事業です。一部に県補助金があります。障がいのある方の生活継続を支える基盤であるため、対象者数と村負担額を継続して把握します。黄色セルに村の決算値を入力してください。単位：円。
A5: 事業 | B5: 対象者数 | C5: 令和6年度 事業費 | D5: 令和7年度 事業費 | E5: 県補助額 | F5: 村負担額 | G5: 内容・確認事項
A6: 重度心身障害者医療費助成 | F6: =IF(COUNT(D6,E6)=0,"",D6-E6) | G6: 重度障がい者の医療費自己負担分を助成。対象者数と一人当たり額を確認
A7: 在宅重度障害者対策事業 | F7: =IF(COUNT(D7,E7)=0,"",D7-E7) | G7: 在宅の重度障がい者への助成。対象要件と実績を確認
A8: 人工透析患者通院交通費助成 | F8: =IF(COUNT(D8,E8)=0,"",D8-E8) | G8: 通院交通費の助成。地区分散・冬季移動の課題と直結する事業
A9: 障がい者団体等への補助 | F9: =IF(COUNT(D9,E9)=0,"",D9-E9) | G9: 障がい者団体・家族会の活動支援。自発的活動支援事業との関係を確認
A10: その他（ ） | F10: =IF(COUNT(D10,E10)=0,"",D10-E10) | G10: 村単独で実施している事業があれば追記
A11: 合計 | B11: =SUM(B6:B10) | C11: =SUM(C6:C10) | D11: =SUM(D6:D10) | E11: =SUM(E6:E10) | F11: =SUM(F6:F10) | G11: 村負担＝事業費－県補助

Sheet 08_R9R11推計
A1: 次期計画期間（令和9〜11年度）の給付費・財源構成 推計
A2: 給付費は「サービス見込量ブック（北塩原村_サービス見込量.xlsx）の個別積上げ × 単価」で算定します。伸び率による推計は、未特定の潜在需要（第3層）を補正する場合に限って用います。本村では利用者1人の増減が生活介護で16.7%、居宅介護・施設入所支援で25%を占め、年率2〜8%の伸び率を大きく上回るためです。単位：円。
A5: 1. 報酬改定の前提（単価の補正率）
A6: 区分 | B6: 改定率 | C6: 施行 | D6: 内容
A7: 令和8年度報酬改定 | B7: 1 | C7: 令和8年6月1日 | D7: ①福祉・介護職員等処遇改善加算の拡充（対象を障害福祉従事者へ拡大。月1.0万円＝3.3％の賃上げ、生産性向上・協働化に取り組む事業者は月0.3万円＝1.0％を上乗せ。計画相談支援・障害児相談支援・地域相談支援に新設）②就労継続支援B型の基本報酬区分の基準見直し ③新規指定事業所に限る応急的な報酬単価（B型 所定単位数の984/1000、共同生活援助（介護サービス包括型・日中サービス支援型）972/1000 ほか児童発達支援・放課後等デイサービス）
A8: 令和9年度報酬改定 | B8: 1 | C8: 令和9年4月（予定） | D8: 次期計画期間の初年度に当たる。令和8年度改定の応急的単価が「令和9年度報酬改定までの間」とされていることから実施が見込まれる。内容確定後に改定率を入力する
A9: 適用倍率（合計） | B9: =B7*B8 | C9: ― | D9: 下表の令和11年度年間給付費に乗じます。改定率が確定するまでは1.000（改定なし）として計算します。離島・中山間地域（特別地域加算の対象地域）の事業所や重度障がい者に係る基本報酬には従前単価が適用される配慮措置があるため、圏域事業所の該当状況を確認してください。
A11: 2. サービス別の積上げ（見込量×単価）
A12: サービス | B12: 単位 | C12: 月額単価 | D12: 令和8年度 見込量 | E12: 令和9年度 見込量 | F12: 令和10年度 見込量 | G12: 令和11年度 見込量 | H12: 令和11年度 年間給付費 | I12: 備考
A13: 生活介護 | B13: 人日／月 | H13: =IFERROR(ROUND(C13*G13*12*$B$9,0),"") | I13: 令和7年度 給付費13,209,810円。特別支援学校卒業者の主な移行先
A14: 就労継続支援（B型） | B14: 人日／月 | H14: =IFERROR(ROUND(C14*G14*12*$B$9,0),"") | I14: 令和7年度 給付費19,707,121円。令和2年度比2.08倍の要因分析が必要
A15: 共同生活援助 | B15: 人／月 | H15: =IFERROR(ROUND(C15*G15*12*$B$9,0),"") | I15: 介護保険に相当サービスがなく、65歳以降も継続する
A16: 施設入所支援 | B16: 人／月 | H16: =IFERROR(ROUND(C16*G16*12*$B$9,0),"") | I16: 介護保険に相当サービスなし。成果目標（１）と整合させる
A17: 居宅介護 | B17: 時間／月 | H17: =IFERROR(ROUND(C17*G17*12*$B$9,0),"") | I17: 介護保険の訪問介護に相当。65歳到達者は個別に判定する
A18: 計画相談支援 | B18: 人／月 | H18: =IFERROR(ROUND(C18*G18*12*$B$9,0),"") | I18: 請求は計画作成・モニタリング時のみ。実利用者数と請求件数は異なる
A19: 短期入所 | B19: 人日／月 | H19: =IFERROR(ROUND(C19*G19*12*$B$9,0),"") | I19: 令和6年度2件・令和7年度3件の実績。令和9年度からの計上を検討
A20: 自立訓練（生活訓練） | B20: 人日／月 | H20: =IFERROR(ROUND(C20*G20*12*$B$9,0),"") | I20: 令和7年度 給付費382,238円
A21: 就労移行支援 | B21: 人日／月 | H21: =IFERROR(ROUND(C21*G21*12*$B$9,0),"") | I21: 一般就労移行の成果目標と連動
A22: 就労継続支援（A型） | B22: 人日／月 | H22: =IFERROR(ROUND(C22*G22*12*$B$9,0),"") | I22: 現利用者への継続提供
A23: 就労定着支援 | B23: 人／月 | H23: =IFERROR(ROUND(C23*G23*12*$B$9,0),"") | I23: 一般就労移行者数と連動
A24: 就労選択支援 | B24: 人／月 | H24: =IFERROR(ROUND(C24*G24*12*$B$9,0),"") | I24: 令和7年10月開始。圏域事業所の有無を確認
... A28: 障がい児相談支援 | B28: 人／月 | H28: =IFERROR(ROUND(C28*G28*12*$B$9,0),"") | I28: 令和7年度 給付費330,460円
A29: 合計 | B29: ― | C29: ― | D29: ― | E29: ― | F29: ― | G29: ― | H29: =SUM(H13:H28) | I29: 積上げによる令和11年度の年間給付費
A30: 見込量は「北塩原村_サービス見込量.xlsx」の03・04シートの『月間サービス量』を転記します。単価は直近の実績単価（令和7年度の給付費÷利用量）を基本とし、報酬改定による補正は上表1の適用倍率で一括して行います（単価欄には改定前の実績単価を入力してください）。外部リンクにするとファイル移動時に壊れるため、転記は手作業としています。
A32: 3. 財源構成
A33: 年度 | D33: 自立支援給付計 | E33: 国庫負担 | F33: 県負担 | G33: 村負担 | H33: 対令和7年度 | I33: 区分・備考
A34: 令和7年度 | D34: ='04_財源構成試算'!D11 | E34: =IFERROR(ROUND(D34*'01_負担区分マスタ'!$C$6,0),"") | F34: =IFERROR(ROUND(D34*'01_負担区分マスタ'!$D$6,0),"") | G34: =IFERROR(D34-E34-F34,"") | H34: =IFERROR(D34/D$34-1,"") | I34: 実績／受領データによる確定値
A35: 令和8年度 | E35: =IFERROR(ROUND(D35*'01_負担区分マスタ'!$C$6,0),"") | F35: =IFERROR(ROUND(D35*'01_負担区分マスタ'!$D$6,0),"") | G35: =IFERROR(D35-E35-F35,"") | H35: =IFERROR(D35/D$34-1,"") | I35: 見込／村の最新見込を受領して入力する
A36: 令和9年度 | E36: =IFERROR(ROUND(D36*'01_負担区分マスタ'!$C$6,0),"") | F36: =IFERROR(ROUND(D36*'01_負担区分マスタ'!$D$6,0),"") | G36: =IFERROR(D36-E36-F36,"") | H36: =IFERROR(D36/D$34-1,"") | I36: 推計／積上げ結果を入力する（次期計画1年目）
A37: 令和10年度 | E37: =IFERROR(ROUND(D37*'01_負担区分マスタ'!$C$6,0),"") | F37: =IFERROR(ROUND(D37*'01_負担区分マスタ'!$D$6,0),"") | G37: =IFERROR(D37-E37-F37,"") | H37: =IFERROR(D37/D$34-1,"") | I37: 推計／積上げ結果を入力する（次期計画2年目）
A38: 令和11年度 | D38: =H29 | E38: =IFERROR(ROUND(D38*'01_負担区分マスタ'!$C$6,0),"") | F38: =IFERROR(ROUND(D38*'01_負担区分マスタ'!$D$6,0),"") | G38: =IFERROR(D38-E38-F38,"") | H38: =IFERROR(D38/D$34-1,"") | I38: 推計／上表の積上げ合計を自動参照（目標年度）
A40: 4. 参考：伸び率による推計（第3層の補正にのみ用いる）
A41: 年度 | B41: 介護給付費 | C41: 前年度比 | D41: 障害児給付費 | E41: 前年度比 | I41: 備考
A42: 令和2年度 | B42: 36002274 | D42: 746064 | I42: 基準年度
A43: 令和3年度 | B43: 45991635 | C43: 0.277 | D43: 3254621 | E43: 3.362 | I43: 共同生活援助・就労継続支援B型の増
A44: 令和4年度 | B44: 44234021 | C44: -0.038 | D44: 4030423 | E44: 0.238 | I44: 障害児給付費のピーク
A45: 令和5年度 | B45: 44419974 | C45: 0.004 | D45: 3577832 | E45: -0.112 | I45: ほぼ横ばい
A46: 令和6年度 | B46: 52698808 | C46: 0.186 | D46: 1641275 | E46: -0.541 | I46: 介護は大幅増。障害児の減は就学移行の可能性
A47: 令和7年度 | B47: 53877076 | C47: 0.022 | D47: 1635703 | E47: -0.003 | I47: 介護の伸びは鈍化
A48: 介護給付費の前年度比は＋27.7％から−3.8％まで振れており、令和2〜7年度のCAGRは＋8.4％、直近1年は＋2.2％です。いずれも単一値として将来4年に当てはめる根拠は弱く、本表は伸び率の不安定さを示す参考資料として置いています。障害児給付費の減少は、令和6・7年度に児童発達支援が減り放課後等デイサービスが増えていることから、対象児童の就学に伴う移行である可能性があります（受給者単位の確認が必要）。ニーズの減少と断定しないでください。前回計画課題整理でも「1人の利用開始・終了で実績が大きく動くため、機械的な伸び率推計を避ける」ことを方針としています。

Sheet 09_村確認事項
A1: 村への確認・依頼事項（財源関係）
A2: 受領・確認が済んだものは「状態」を更新し、該当シートに入力してください。
A5: 確認事項 | B5: 確認したい内容 | C5: 使途・反映先 | D5: 優先度 | E5: 状態
A6: 障がい福祉関係の歳入歳出決算 | B6: 障害者自立支援給付費負担金（国・県）、障害児施設給付費負担金、地域生活支援事業費補助金の令和6・7年度交付額と、村の一般財源負担額。 | C6: 04_財源構成試算との突合 | D6: 高 | E6: 村資料待ち
A7: 地域生活支援事業の事業費・交付額 | B7: 事業別の事業費、補助基準額、国・県補助額、村負担額。補助基準額を超過している事業の有無。 | C7: 06_地域生活支援事業 | D7: 高 | E7: 村資料待ち
A8: 国庫負担基準額の超過の有無 | B8: 訪問系サービス等で国庫負担基準額を超過し、村の超過負担が生じているかどうか。 | C8: 04_財源構成試算の注記 | D8: 高 | E8: 村資料待ち
A9: 令和8年度の給付費見込 | B9: 現行計画最終年度の給付費見込額。次期推計の起点となる。 | C9: 08_R9R11推計 | D9: 高 | E9: 村資料待ち
A10: 村単独事業の実績 | B10: 重度心身障害者医療費助成、在宅重度障害者対策事業、人工透析患者通院交通費助成等の対象者数・事業費・県補助額。 | C10: 07_村単独事業 | D10: 中 | E10: 村資料待ち
A11: 就労継続支援B型の増加要因 | B11: 令和2年度9,458,880円から令和7年度19,707,121円へ約2.08倍に増加した要因。利用者数の増、利用日数の増、報酬改定、重度化のいずれによるものか。 | C11: 05_サービス別財源構成／08_R9R11推計 | D11: 高 | E11: 村資料待ち
A12: 障害児給付費の減少要因 | B12: 令和4年度4,030,423円から令和6・7年度1,600千円台へ減少した要因。対象児童の就学・転出・サービス終了等の個別事情を確認する。 | C12: 03_給付実績_障害児給付費 | D12: 高 | E12: 村資料待ち
A13: 短期入所の利用状況 | B13: 令和6年度2件・令和7年度3件の実績の内容（利用者、利用目的、受入先）。地域生活支援拠点の緊急受入機能との関係。 | C13: 05_サービス別財源構成／08_R9R11推計 | D13: 中 | E13: 村資料待ち
A14: マイナス計上の確認 | B14: 受領原票で一部にマイナス値が見られる。返戻・過誤調整によるものかを確認する。 | C14: 02・03給付実績 | D14: 中 | E14: 村資料待ち
A15: 令和7年度実績の確定状況 | B15: 令和7年度は12か月分の値が入っているが、確定実績か、見込・調整後データを含むか。 | C15: 全シート | D15: 中 | E15: 村資料待ち
