Workbook

Sheet 00_概要
A1: 北塩原村 将来推計 管理ブック（人口・障がい者手帳所持者数）
A2: 第8期北塩原村障がい福祉計画・第4期北塩原村障がい児福祉計画（令和9〜11年度）／業務仕様書4-Ⅱ(3)①・4-Ⅱ(5)③「障がい者手帳所持者数の将来推計」に対応。
A4: 確認項目 | B4: 現在値（自動計算） | C4: 参照先 | D4: 状態 | E4: 備考
A5: 令和11年度 総人口 | B5: ='01_人口推計'!D16 | C5: 01_人口推計 | D5: 確定 | E5: こども・子育て計画のコーホート変化率法による村公式推計
A6: 令和11年度 高齢化率 | B6: ='01_人口推計'!H16 | C6: 01_人口推計 | D6: 確定 | E6: 老年人口÷総人口
A7: 令和9年 手帳所持者数（中位推計） | B7: ='03_手帳将来推計'!C16 | C7: 03_手帳将来推計 | D7: 暫定 | E7: 平成31〜令和5年の5か年実績に基づく暫定値。R6〜R8実績の入力で自動更新／次期計画1年目
A8: 令和10年 手帳所持者数（中位推計） | B8: ='03_手帳将来推計'!D16 | C8: 03_手帳将来推計 | D8: 暫定 | E8: 次期計画2年目
A9: 令和11年 手帳所持者数（中位推計） | B9: ='03_手帳将来推計'!E16 | C9: 03_手帳将来推計 | D9: 暫定 | E9: 次期計画目標年度
A10: 推計の基準年 | B10: ='03_手帳将来推計'!C4 | C10: 03_手帳将来推計 | D10: 暫定 | E10: 所持率法の基準年。R8実績受領後は2026に変更する
A11: トレンド延長法の対象年数 | B11: =COUNT('02_手帳実績'!C6:J6) | C11: 02_手帳実績 | D11: 暫定 | E11: 実績を入力すると自動的に対象年数が増える
A13: 【注意（令和8年10月13日 改訂）】本ブックの手帳所持者数の中位推計（令和11年度 合計145人）は、平成31年〜令和5年の減少傾向を延ばしたものです。他メンバー版の正本 第2章2は令和8年4月を181人（身体127・療育16・精神38）と記述していますが、他メンバー版のワークシートの注記は「総数はR2〜R5が第7期計画（4月1日）、R6〜R8は推計」であり、村の台帳による確定値ではありません（北塩原村_他メンバー素案_網羅性点検.xlsx）。したがって、減少を前提とした推計が成り立つかどうかを現時点では確かめられません。令和8年10月10日の本注記は「実績181人により減少の前提が崩れた」と書いていましたが、仮置き値を実績として扱っていたため改めました。令和6年・令和7年・令和8年の実数を村の手帳台帳から受領したうえで（Ｍ-113）、第2次算定で推計をやり直してください。令和11年の合計は仮説の置き方により139人から206人まで67人の幅があります（北塩原村_レビュー対応_第3回.xlsx 02_手帳推計）。それまで令和11年度の推計値を計画書・概要版に載せないこと。
A15: 本ブックの使い方
A16: 1. 黄色のセル（入力欄）に村から受領した令和6〜8年度の実績を入力します。他のセルは数式のため触りません。
A17: 2. 手帳所持者数の実績を入力すると、トレンド延長法の回帰対象年数が自動的に増え、推計値が更新されます。
A18: 3. 所持率法の基準年（03_手帳将来推計 C4）は、最新実績が揃った年度に変更します。基準年の総人口は01_人口推計から自動参照します。
A19: 4. 令和2〜4年及び令和7〜10年の人口実績が判明した場合は、01_人口推計の該当行に入力します（補間推計を実績で上書き）。
A20: 5. 推計結果は計画書 第2章に転記します。単一値ではなく方法A・方法Bの幅を併記してください。

Sheet 01_人口推計
A1: 人口推計
A2: 住民基本台帳（各年4月1日現在）。令和11年は北塩原村こども・子育て計画のコーホート変化率法による村公式推計。令和7〜10年は令和6年実績と令和11年公式推計の線形補間（数式）。空欄は村資料待ちの入力欄。
A5: 年度 | B5: 西暦 | C5: 区分 | D5: 総人口 | E5: 年少人口 (0〜14歳) | F5: 生産年齢人口 (15〜64歳) | G5: 老年人口 (65歳〜) | H5: 高齢化率 | I5: 出典・備考
A6: 平成31年 | B6: 2019 | C6: 実績 | D6: 2743 | E6: 284 | F6: 1495 | G6: 964 | H6: =IFERROR(G6/D6,"") | I6: 現行計画本編 第2章1
A7: 令和2年 | B7: 2020 | C7: 実績 | D7: 2697 | E7: 276 | F7: 1437 | G7: 984 | H7: =IFERROR(G7/D7,"") | I7: 現行計画本編 第2章1
A8: 令和3年 | B8: 2021 | C8: 実績 | D8: 2630 | E8: 255 | F8: 1369 | G8: 1006 | H8: =IFERROR(G8/D8,"") | I8: 現行計画本編 第2章1。老年人口はこの年（1,006人）をピークに減少に転じている
A9: 令和4年 | B9: 2022 | C9: 実績 | D9: 2535 | E9: 231 | F9: 1301 | G9: 1003 | H9: =IFERROR(G9/D9,"") | I9: 現行計画本編 第2章1
A10: 令和5年 | B10: 2023 | C10: 実績 | D10: 2443 | E10: 205 | F10: 1241 | G10: 997 | H10: =IFERROR(G10/D10,"") | I10: 現行計画本編 第2章1。手帳所持率の基準年
A11: 令和6年 | B11: 2024 | C11: 実績 | D11: 2394 | E11: 180 | F11: 1223 | G11: 991 | H11: =IFERROR(G11/D11,"") | I11: こども・子育て計画 第2章
A12: 令和7年 | B12: 2025 | C12: 補間推計 | D12: =ROUND($D$11+($D$16-$D$11)*1/5,0) | E12: =ROUND($E$11+($E$16-$E$11)*1/5,0) | F12: =ROUND($F$11+($F$16-$F$11)*1/5,0) | G12: =ROUND($G$11+($G$16-$G$11)*1/5,0) | H12: =IFERROR(G12/D12,"") | I12: 令和6年実績と令和11年公式推計の線形補間
A13: 令和8年 | B13: 2026 | C13: 補間推計 | D13: =ROUND($D$11+($D$16-$D$11)*2/5,0) | E13: =ROUND($E$11+($E$16-$E$11)*2/5,0) | F13: =ROUND($F$11+($F$16-$F$11)*2/5,0) | G13: =ROUND($G$11+($G$16-$G$11)*2/5,0) | H13: =IFERROR(G13/D13,"") | I13: 同上
A14: 令和9年 | B14: 2027 | C14: 補間推計 | D14: =ROUND($D$11+($D$16-$D$11)*3/5,0) | E14: =ROUND($E$11+($E$16-$E$11)*3/5,0) | F14: =ROUND($F$11+($F$16-$F$11)*3/5,0) | G14: =ROUND($G$11+($G$16-$G$11)*3/5,0) | H14: =IFERROR(G14/D14,"") | I14: 同上／次期計画1年目
A15: 令和10年 | B15: 2028 | C15: 補間推計 | D15: =ROUND($D$11+($D$16-$D$11)*4/5,0) | E15: =ROUND($E$11+($E$16-$E$11)*4/5,0) | F15: =ROUND($F$11+($F$16-$F$11)*4/5,0) | G15: =ROUND($G$11+($G$16-$G$11)*4/5,0) | H15: =IFERROR(G15/D15,"") | I15: 同上／次期計画2年目
A16: 令和11年 | B16: 2029 | C16: 公式推計 | D16: 2185 | E16: 111 | F16: 1023 | G16: 1051 | H16: =IFERROR(G16/D16,"") | I16: こども・子育て計画 コーホート変化率法／次期計画目標年度
A18: 検算：年少人口＋生産年齢人口＋老年人口＝総人口（令和11年 111＋1,023＋1,051＝2,185）。補間推計は四捨五入のため、合計が総人口と1人程度ずれる場合があります。

Sheet 02_手帳実績
A1: 障がい者手帳所持者数 実績
A2: 各年4月1日現在。平成31年〜令和5年は現行計画本編（第4次障がい者計画・第7期障がい福祉計画）による。令和6〜8年は村資料待ちの入力欄（黄色）。入力すると03_手帳将来推計の回帰対象年数が自動的に増えます。
A4: 西暦（数式参照用） | C4: 2019 | D4: 2020 | E4: 2021 | F4: 2022 | G4: 2023 | H4: 2024 | I4: 2025 | J4: 2026
A5: 区分 | B5: 単位 | C5: 平成31年 (2019) | D5: 令和2年 (2020) | E5: 令和3年 (2021) | F5: 令和4年 (2022) | G5: 令和5年 (2023) | H5: 令和6年 (2024) | I5: 令和7年 (2025) | J5: 令和8年 (2026) | K5: 傾向
A6: 身体障害者手帳 | B6: 人 | C6: 126 | D6: 121 | E6: 128 | F6: 122 | G6: 114 | K6: 緩やかな減少傾向（高齢化に伴う死亡等の影響を含む）
A7: 療育手帳 | B7: 人 | C7: 13 | D7: 13 | E7: 14 | F7: 12 | G7: 12 | K7: 横ばい
A8: 精神障害者保健福祉手帳 | B8: 人 | C8: 24 | D8: 28 | E8: 27 | F8: 26 | G8: 30 | K8: 緩やかな増加傾向
A9: 合計 | B9: 人 | C9: =IF(COUNT(C6:C8)=0,"",SUM(C6:C8)) | D9: =IF(COUNT(D6:D8)=0,"",SUM(D6:D8)) | E9: =IF(COUNT(E6:E8)=0,"",SUM(E6:E8)) | F9: =IF(COUNT(F6:F8)=0,"",SUM(F6:F8)) | G9: =IF(COUNT(G6:G8)=0,"",SUM(G6:G8)) | H9: =IF(COUNT(H6:H8)=0,"",SUM(H6:H8)) | I9: =IF(COUNT(I6:I8)=0,"",SUM(I6:I8)) | J9: =IF(COUNT(J6:J8)=0,"",SUM(J6:J8)) | K9: 令和5年156人（人口の約6.4％）
A11: 参考：総人口と手帳所持率
A12: 総人口 | B12: 人 | C12: ='01_人口推計'!D6 | D12: ='01_人口推計'!D7 | E12: ='01_人口推計'!D8 | F12: ='01_人口推計'!D9 | G12: ='01_人口推計'!D10 | H12: ='01_人口推計'!D11 | I12: ='01_人口推計'!D12 | J12: ='01_人口推計'!D13 | K12: 01_人口推計から自動参照
A13: 手帳所持率（合計） | B13: ％ | C13: =IFERROR(IF(OR(C9="",C12=""),"",C9/C12),"") | D13: =IFERROR(IF(OR(D9="",D12=""),"",D9/D12),"") | E13: =IFERROR(IF(OR(E9="",E12=""),"",E9/E12),"") | F13: =IFERROR(IF(OR(F9="",F12=""),"",F9/F12),"") | G13: =IFERROR(IF(OR(G9="",G12=""),"",G9/G12),"") | H13: =IFERROR(IF(OR(H9="",H12=""),"",H9/H12),"") | I13: =IFERROR(IF(OR(I9="",I12=""),"",I9/I12),"") | J13: =IFERROR(IF(OR(J9="",J12=""),"",J9/J12),"") | K13: 合計手帳所持者数÷総人口
A15: 留意：仕様書に記載されたアンケート調査対象者数（身体約130人・精神約40人・療育約20人＝計約190人）は、本表の令和5年時点156人と差があります。年数経過による自然増か、集計基準・対象年齢・サービス利用者の重複計上の違いによるものかを村に確認し、確認結果を05_村確認事項に記録してください。

Sheet 03_手帳将来推計
A1: 障がい者手帳所持者数 将来推計
A2: 性質の異なる2つの方法を併用し、幅を持たせて提示します。方法A・方法Bの差が推計の不確実性の幅です。推計の時点は実績と同じ「各年4月1日現在」です（実績が4月1日現在のため、年度末で予測すると1年ずれます）。計画書には単一値ではなく幅を併記してください。不確実性の定量評価は04_推計の不確実性を参照。
A4: 所持率法の基準年（西暦） | C4: 2023 | D4: 基準年総人口 | E4: =INDEX('01_人口推計'!$D$6:$D$16,MATCH($C$4,'01_人口推計'!$B$6:$B$16,0)) | F4: R6〜R8実績の受領後は基準年を2026（令和8年）に変更してください。
A6: 区分 | B6: 手法 | C6: 令和9年 (2027.4.1) | D6: 令和10年 (2028.4.1) | E6: 令和11年 (2029.4.1) | F6: 基準年所持率 | G6: 考え方・特性
A7: 身体障害者手帳 | B7: 方法A トレンド延長法 | C7: =IFERROR(ROUND(FORECAST.LINEAR(2027,OFFSET('02_手帳実績'!$C$6,0,0,1,COUNT('02_手帳実績'!$C$6:$J$6)),OFFSET('02_手帳実績'!$C$4,0,0,1,COUNT('02_手帳実績'!$C$6:$J$6))),0),"") | D7: =IFERROR(ROUND(FORECAST.LINEAR(2028,OFFSET('02_手帳実績'!$C$6,0,0,1,COUNT('02_手帳実績'!$C$6:$J$6)),OFFSET('02_手帳実績'!$C$4,0,0,1,COUNT('02_手帳実績'!$C$6:$J$6))),0),"") | E7: =IFERROR(ROUND(FORECAST.LINEAR(2029,OFFSET('02_手帳実績'!$C$6,0,0,1,COUNT('02_手帳実績'!$C$6:$J$6)),OFFSET('02_手帳実績'!$C$4,0,0,1,COUNT('02_手帳実績'!$C$6:$J$6))),0),"") | G7: 実績の推移を直線回帰して延長。直近の動き（精神の増加・身体の減少）をそのまま反映するが、単年の変動に引きずられやすい。
B8: 方法B 所持率法 | C8: =IFERROR(ROUND($F8*'01_人口推計'!$D$14,0),"") | D8: =IFERROR(ROUND($F8*'01_人口推計'!$D$15,0),"") | E8: =IFERROR(ROUND($F8*'01_人口推計'!$D$16,0),"") | F8: =IFERROR(INDEX('02_手帳実績'!$C$6:$J$6,MATCH($C$4,'02_手帳実績'!$C$4:$J$4,0))/$E$4,"") | G8: 基準年の人口に対する所持率が一定と仮定し、村公式の将来人口推計に乗じる。人口減少の影響を反映するが、所持率自体の変化は捉えない。
B9: 中位（A・Bの単純平均） | C9: =IFERROR(ROUND(AVERAGE(C7,C8),0),"") | D9: =IFERROR(ROUND(AVERAGE(D7,D8),0),"") | E9: =IFERROR(ROUND(AVERAGE(E7,E8),0),"") | G9: 前提の異なる2手法の平均であり、それ自体に理論的裏付けはない。計画書ではA〜Bの幅を主に示し、中位は参考値として扱う。
A10: 療育手帳 | B10: 方法A トレンド延長法 | C10: =IFERROR(ROUND(FORECAST.LINEAR(2027,OFFSET('02_手帳実績'!$C$7,0,0,1,COUNT('02_手帳実績'!$C$7:$J$7)),OFFSET('02_手帳実績'!$C$4,0,0,1,COUNT('02_手帳実績'!$C$7:$J$7))),0),"") | D10: =IFERROR(ROUND(FORECAST.LINEAR(2028,OFFSET('02_手帳実績'!$C$7,0,0,1,COUNT('02_手帳実績'!$C$7:$J$7)),OFFSET('02_手帳実績'!$C$4,0,0,1,COUNT('02_手帳実績'!$C$7:$J$7))),0),"") | E10: =IFERROR(ROUND(FORECAST.LINEAR(2029,OFFSET('02_手帳実績'!$C$7,0,0,1,COUNT('02_手帳実績'!$C$7:$J$7)),OFFSET('02_手帳実績'!$C$4,0,0,1,COUNT('02_手帳実績'!$C$7:$J$7))),0),"") | G10: 実績の推移を直線回帰して延長。直近の動き（精神の増加・身体の減少）をそのまま反映するが、単年の変動に引きずられやすい。
B11: 方法B 所持率法 | C11: =IFERROR(ROUND($F11*'01_人口推計'!$D$14,0),"") | D11: =IFERROR(ROUND($F11*'01_人口推計'!$D$15,0),"") | E11: =IFERROR(ROUND($F11*'01_人口推計'!$D$16,0),"") | F11: =IFERROR(INDEX('02_手帳実績'!$C$7:$J$7,MATCH($C$4,'02_手帳実績'!$C$4:$J$4,0))/$E$4,"") | G11: 基準年の人口に対する所持率が一定と仮定し、村公式の将来人口推計に乗じる。人口減少の影響を反映するが、所持率自体の変化は捉えない。
B12: 中位（A・Bの単純平均） | C12: =IFERROR(ROUND(AVERAGE(C10,C11),0),"") | D12: =IFERROR(ROUND(AVERAGE(D10,D11),0),"") | E12: =IFERROR(ROUND(AVERAGE(E10,E11),0),"") | G12: 前提の異なる2手法の平均であり、それ自体に理論的裏付けはない。計画書ではA〜Bの幅を主に示し、中位は参考値として扱う。
A13: 精神障害者保健福祉手帳 | B13: 方法A トレンド延長法 | C13: =IFERROR(ROUND(FORECAST.LINEAR(2027,OFFSET('02_手帳実績'!$C$8,0,0,1,COUNT('02_手帳実績'!$C$8:$J$8)),OFFSET('02_手帳実績'!$C$4,0,0,1,COUNT('02_手帳実績'!$C$8:$J$8))),0),"") | D13: =IFERROR(ROUND(FORECAST.LINEAR(2028,OFFSET('02_手帳実績'!$C$8,0,0,1,COUNT('02_手帳実績'!$C$8:$J$8)),OFFSET('02_手帳実績'!$C$4,0,0,1,COUNT('02_手帳実績'!$C$8:$J$8))),0),"") | E13: =IFERROR(ROUND(FORECAST.LINEAR(2029,OFFSET('02_手帳実績'!$C$8,0,0,1,COUNT('02_手帳実績'!$C$8:$J$8)),OFFSET('02_手帳実績'!$C$4,0,0,1,COUNT('02_手帳実績'!$C$8:$J$8))),0),"") | G13: 実績の推移を直線回帰して延長。直近の動き（精神の増加・身体の減少）をそのまま反映するが、単年の変動に引きずられやすい。
B14: 方法B 所持率法 | C14: =IFERROR(ROUND($F14*'01_人口推計'!$D$14,0),"") | D14: =IFERROR(ROUND($F14*'01_人口推計'!$D$15,0),"") | E14: =IFERROR(ROUND($F14*'01_人口推計'!$D$16,0),"") | F14: =IFERROR(INDEX('02_手帳実績'!$C$8:$J$8,MATCH($C$4,'02_手帳実績'!$C$4:$J$4,0))/$E$4,"") | G14: 基準年の人口に対する所持率が一定と仮定し、村公式の将来人口推計に乗じる。人口減少の影響を反映するが、所持率自体の変化は捉えない。
B15: 中位（A・Bの単純平均） | C15: =IFERROR(ROUND(AVERAGE(C13,C14),0),"") | D15: =IFERROR(ROUND(AVERAGE(D13,D14),0),"") | E15: =IFERROR(ROUND(AVERAGE(E13,E14),0),"") | G15: 前提の異なる2手法の平均であり、それ自体に理論的裏付けはない。計画書ではA〜Bの幅を主に示し、中位は参考値として扱う。
A16: 合計 | B16: 中位推計 | C16: =IFERROR(SUM(C9,C12,C15),"") | D16: =IFERROR(SUM(D9,D12,D15),"") | E16: =IFERROR(SUM(E9,E12,E15),"") | G16: 次期計画での暫定基礎値。令和5年実績156人との比較で読む。
A18: 読み取りのポイント・留意点
A19: ・中位推計では、手帳所持者数の合計は令和5年の156人から令和11年度末には145人程度まで緩やかに減少する見通しです。
A20: ・方法Aと方法Bの差（身体障害者手帳は令和11年度末で102〜104人）が推計の幅です。単一の数値として計画に確定表記することは避けてください。
A21: ・老年人口は令和3年の1,006人をピークに減少に転じている一方、身体障害者手帳所持者数は平成31年126人から令和5年114人へ減少しています。手帳更新時期・制度改正・転出入の影響である可能性があるため、令和6〜8年実績で継続的な傾向か一時的な変動かを確認します。
A22: ・精神障害者保健福祉手帳は、人口減少が続く中でも所持者数・所持率とも増加傾向にあります。相談・受診機会の広がりを踏まえると次期計画期間も同様の傾向が続く可能性があり、相談支援体制の強化と整合させて記載します。
A23: ・方法Bは基準年の所持率を将来にわたり一定と置くため、精神のように所持率自体が動いている区分では方法Aとの差が大きくなります。この差は誤差ではなく、想定の違いとして計画本文に注記してください。
A25: 参考：平成31〜令和5年の5か年実績に基づく計算値（静的・検証用）
A26: 区分 | B26: 手法 | C26: 令和9年 | D26: 令和10年 | E26: 令和11年
A27: 身体障害者手帳 | B27: 方法A | C27: 108 | D27: 106 | E27: 104
B28: 方法B | C28: 106 | D28: 104 | E28: 102
B29: 中位 | C29: 107 | D29: 105 | E29: 103
A30: 療育手帳 | B30: 方法A | C30: 11 | D30: 11 | E30: 10
B31: 方法B | C31: 11 | D31: 11 | E31: 11
B32: 中位 | C32: 11 | D32: 11 | E32: 11
A33: 精神障害者保健福祉手帳 | B33: 方法A | C33: 33 | D33: 34 | E33: 35
B34: 方法B | C34: 28 | D34: 27 | E34: 27
B35: 中位 | C35: 31 | D35: 31 | E35: 31
A36: 合計 | B36: 中位 | C36: 149 | D36: 147 | E36: 145
A37: ※ 上表は計画素案第9稿の記載値（合計 令和11年度末139人）ではなく、村公式の将来人口推計（こども・子育て計画）を用いた再計算値です。第9稿は簡易人口推計を用いていたため差が生じています。計画書には本表の値を用いてください。

Sheet 04_推計の不確実性
A1: 推計の不確実性（レッドチーム検証）
A2: 本ブックの推計値をそのまま計画書の確定値として用いてよいかを検証したものです。結論として、現時点の推計は「方向性の目安」であり、令和6〜8年度実績の受領前に確定値として記載することは避けてください。
A5: 1. 方法A（トレンド延長法）の統計的信頼性
A6: 区分 | B6: 傾き (人/年) | C6: 決定係数 r² | D6: 残差 標準誤差 | E6: 令和9年 点推計 | F6: 令和9年 95%予測区間 | G6: 評価
A7: 身体障害者手帳 | B7: -2.3 | C7: 0.453 | D7: 4.62 | E7: 108人 | F7: 76〜141人 | G7: r²が0.45で、実績の変動の半分以上を直線では説明できない。予測区間が実測値の幅を大きく超える。
A8: 療育手帳 | B8: -0.3 | C8: 0.321 | D8: 0.8 | E8: 11人 | F8: 5〜17人 | G8: 母数12〜14人に対し傾き−0.3人/年。実質的にノイズであり、10人と11人を区別する意味はない。
A9: 精神障害者保健福祉手帳 | B9: 1 | C9: 0.5 | D9: 1.83 | E9: 33人 | F9: 20〜46人 | G9: 増加傾向自体は一貫しているが、予測区間は20〜46人と広く、点推計を目標値の根拠にはできない。
A10: 令和11年（目標年度）ではさらに広がり、身体障害者手帳の95%予測区間は63〜144人、精神障害者保健福祉手帳は19〜51人、療育手帳は3〜17人となります。標本が5か年しかなく、そこから3〜6年先を外挿しているためです。点推計（104人・35人・10人）は中心値にすぎず、統計的な確からしさを主張できる数値ではありません。
A12: 2. 方法B（所持率法）の分母による感度（令和11年）
A13: 区分 | B13: 総人口 ベース | C13: 老年人口 ベース | D13: 生産年齢 人口ベース | E13: 方法A （参考） | F13: 最大−最小 | G13: 考え方
A14: 身体障害者手帳 | B14: 102 | C14: 120 | D14: 94 | E14: 104 | F14: 26 | G14: 所持者は高齢層に集中するため、総人口ではなく老年人口を分母にすると120人となり、18人増える。仕様書の約130人に近づく。
A15: 療育手帳 | B15: 11 | C15: 13 | D15: 10 | E15: 10 | F15: 3 | G15: 分母によらず11〜13人。母数が小さく差も小さいが、そもそも推計の意味が薄い。
A16: 精神障害者保健福祉手帳 | B16: 27 | C16: 32 | D16: 25 | E16: 35 | F16: 7 | G16: 所持者は生産年齢層が中心とみられ、分母の選択で25〜32人と振れる。方法Aの35人とも乖離する。
A17: 本ブックの方法Bは総人口を分母としています。北塩原村は総人口が減る一方で老年人口は増えるため、高齢層に偏る身体障害者手帳では総人口ベースの所持率法が推計を実態と逆方向に働かせます。ただしこれは所持率法そのものの欠陥ではなく、分母の取り方の問題です。年齢階級別の所持率を用いれば所持率法は有効に使えるため、村から年齢階級別の手帳所持者数を受領した時点で05_年齢階級別推計（方法C）へ切り替えます。
A19: 3. 仕様書の調査対象者数との突合（最重要）
A20: 区分 | B20: 令和5年 実績 | C20: 仕様書 （約） | D20: 差 | E20: 増減率 | F20: 本ブックの推計方向 | G20: 評価
A21: 身体障害者手帳 | B21: 114 | C21: 130 | D21: 16 | E21: 0.14035088 | F21: 減少（令和11年 102〜104人） | G21: 仕様書の数値が令和8年時点の実数であれば、推計の方向と矛盾する
A22: 療育手帳 | B22: 12 | C22: 20 | D22: 8 | E22: 0.66666667 | F22: 横ばい〜減少（10〜11人） | G22: 仕様書の数値が令和8年時点の実数であれば、推計の方向と矛盾する
A23: 精神障害者保健福祉手帳 | B23: 30 | C23: 40 | D23: 10 | E23: 0.33333333 | F23: 増加（27〜35人） | G23: 仕様書の数値が令和8年時点の実数であれば、推計の方向と矛盾する
A24: 合計 | B24: 156 | C24: 190 | D24: 34 | E24: 0.21794872 | F24: 減少（145人） | G24: 同期間の総人口は約5%減。手帳所持者だけが22%増える説明が必要
A25: これは確認事項ではなく、推計を確定できない前提条件です。仕様書の約190人が（a）発送数に余裕を見た概数なのか、（b）集計基準・対象年齢が異なるのか、（c）実際に令和6〜8年で増加しているのか、のいずれであるかによって、推計の方向（減少か増加か）そのものが変わります。村への確認が済むまで、手帳所持者数の将来推計を計画書の確定値として記載しないでください。
A27: 4. 手帳所持率の推移と方法D（所持率トレンド法）
A28: 現行計画本編（令和6年3月）の受領により、平成31年から令和5年までの年齢3区分別人口が判明したため、各年の手帳所持率を算定できるようになりました。方法Bは令和5年の所持率が将来も一定と仮定していますが、実際には所持率が上昇しています。
A29: 区分 | B29: 平成31年 | C29: 令和2年 | D29: 令和3年 | E29: 令和4年 | F29: 令和5年 | G29: 傾向
A30: 身体障害者手帳 | B30: 0.04594 | C30: 0.04486 | D30: 0.04867 | E30: 0.04813 | F30: 0.04666 | G30: 横ばい（4.49〜4.87％）
A31: 療育手帳 | B31: 0.00474 | C31: 0.00482 | D31: 0.00532 | E31: 0.00473 | F31: 0.00491 | G31: 横ばい
A32: 精神障害者保健福祉手帳 | B32: 0.00875 | C32: 0.01038 | D32: 0.01027 | E32: 0.01026 | F32: 0.01228 | G32: 明確な上昇（平成31年比＋40％）
A33: 合計 | B33: 0.05942 | C33: 0.06007 | D33: 0.06426 | E33: 0.06312 | F33: 0.06386 | G33: 上昇（5.94％→6.39％）
A35: 区分 | B35: 方法A トレンド延長 | C35: 方法B 所持率一定 | D35: 方法D 所持率トレンド | E35: 中位 （A・B平均） | G35: 評価
A36: 身体障害者手帳 | B36: 104 | C36: 102 | D36: 111 | E36: 103 | G36: 実数は減少しているが所持率は横ばい。方法Dは所持率のわずかな上昇を拾って高めに出る
A37: 療育手帳 | B37: 10 | C37: 11 | D37: 11 | E37: 11 | G37: いずれの方法でも10〜11人。差に意味はない
A38: 精神障害者保健福祉手帳 | B38: 35 | C38: 27 | D38: 35 | E38: 31 | G38: 方法Dが方法Aと一致。方法Bの27人は所持率一定の仮定による過小推計
A39: 合計 | B39: 149 | C39: 140 | D39: 157 | E39: 145 | G39: 方法Dは中位より12人多い
A40: 精神障害者保健福祉手帳では、所持率トレンドを延長した方法Dが35人となり、実数のトレンドを延長した方法Aの35人と一致します。所持率一定を仮定する方法Bの27人は、所持率が上昇している実態を反映できていません。一方で身体障害者手帳は、方法Dが111人と方法A（104人）・方法B（102人）を上回ります。母数が小さく所持率の年次変動が大きいため、方法Dも単独では確定値になりません。村から年齢階級別の手帳所持者数を受領し、05_年齢階級別推計（方法C）へ移行することが本筋です。
A42: 5. 過去稿との数値の異同
A43: 版 | B43: 方法Bの人口基礎 | C43: 令和11年 総人口 | D43: 身体 | E43: 療育 | F43: 精神 | G43: 合計（中位）
A44: 計画素案 第4〜9稿 | B44: 令和5年から75人/年の定数減（線形） | C44: 1993 | D44: 93人 | E44: 10人 | F44: 25人 | G44: 139人
A45: 将来推計ワークブック(20260707) | B45: こども・子育て計画の公式推計 | C45: 2185 | D45: 102人 | E45: 11人 | F45: 27人 | G45: 145人
A46: 本ブック | B46: こども・子育て計画の公式推計 | C46: 2185 | D46: 102人 | E46: 11人 | F46: 27人 | G46: 145人
A47: 計画素案第4〜9稿の方法Bは、本文では「人口減少率をそのまま延長した簡易推計」と説明していますが、実際の計算は率ではなく定数人数減（平成31年→令和5年の300人減÷4年＝75人/年）です。記載と計算が一致していません。また、第8稿で村公式推計を「第2章2-2の基礎として明記した」と整理していますが、2-2の数値は第7稿から変更されておらず、実際には反映されていません。本ブックは公式推計に統一しているため、第4〜9稿及び前回計画評価表（20260703、身体104→99等）の記載とは一致しません。計画書への転記時は本ブックの値に揃えてください。

Sheet 05_年齢階級別推計
A1: 年齢階級別所持率法（方法C・村資料受領後に使用）
A2: 手帳の所持は年齢構成に強く左右されます。総人口を分母とする方法Bは簡便法であり、年齢階級別人口と年齢階級別所持率が揃った時点で本シートの方法Cへ切り替えてください。算式は「年齢区分別人口 × 年齢区分別手帳所持率」です。
A5: 1. 身体障害者手帳（5区分）
A6: 年齢区分 | B6: 令和8年 人口 | C6: 令和8年 所持者数 | D6: 所持率 | E6: 令和11年 人口 | F6: 令和11年 推計 | H6: 備考
A7: 0〜17歳 | D7: =IFERROR(C7/B7,"") | F7: =IFERROR(ROUND(D7*E7,0),"") | H7: 障がい児支援の対象年齢。就学状況とあわせて確認する
A8: 18〜39歳 | D8: =IFERROR(C8/B8,"") | F8: =IFERROR(ROUND(D8*E8,0),"") | H8: 就労・日中活動の中心層
A9: 40〜64歳 | D9: =IFERROR(C9/B9,"") | F9: =IFERROR(ROUND(D9*E9,0),"") | H9: 特定疾病により介護保険第2号被保険者となる可能性がある層
A10: 65〜74歳 | D10: =IFERROR(C10/B10,"") | F10: =IFERROR(ROUND(D10*E10,0),"") | H10: 介護保険優先原則の対象。前期高齢者
A11: 75歳以上 | D11: =IFERROR(C11/B11,"") | F11: =IFERROR(ROUND(D11*E11,0),"") | H11: 後期高齢者。人口が増えるため所持者数も増える可能性が高い
A12: 合計 | B12: =SUM(B7:B11) | C12: =SUM(C7:C11) | D12: =IFERROR(C12/B12,"") | E12: =SUM(E7:E11) | F12: =SUM(F7:F11) | H12: 方法A・方法B（03_手帳将来推計）と突合する
A14: 2. 療育手帳（3区分・コーホート移行）
A15: 年齢区分 | B15: 令和8年 人口 | C15: 令和8年 所持者数 | D15: 所持率 | E15: 令和11年 人口 | F15: 令和11年 推計 | H15: 備考
A16: 18歳未満 | D16: =IFERROR(C16/B16,"") | F16: =IFERROR(ROUND(D16*E16,0),"")
A17: 18〜64歳 | D17: =IFERROR(C17/B17,"") | F17: =IFERROR(ROUND(D17*E17,0),"")
A18: 65歳以上 | D18: =IFERROR(C18/B18,"") | F18: =IFERROR(ROUND(D18*E18,0),"")
A19: 合計 | B19: =SUM(B16:B18) | C19: =SUM(C16:C18) | D19: =IFERROR(C19/B19,"") | E19: =SUM(E16:E18) | F19: =SUM(F16:F18)
A20: 18歳未満から18〜64歳、64歳から65歳以上への移動をコーホートとして追跡します。母数が小さいため、推計値は1人単位で丸めてください。
A22: 3. 精神障害者保健福祉手帳（3区分）
A23: 年齢区分 | B23: 令和8年 人口 | C23: 令和8年 所持者数 | D23: 所持率 | E23: 令和11年 人口 | F23: 令和11年 推計 | H23: 備考
A24: 18歳未満 | D24: =IFERROR(C24/B24,"") | F24: =IFERROR(ROUND(D24*E24,0),"")
A25: 18〜64歳 | D25: =IFERROR(C25/B25,"") | F25: =IFERROR(ROUND(D25*E25,0),"")
A26: 65歳以上 | D26: =IFERROR(C26/B26,"") | F26: =IFERROR(ROUND(D26*E26,0),"")
A27: 合計 | B27: =SUM(B24:B26) | C27: =SUM(C24:C26) | D27: =IFERROR(C27/B27,"") | E27: =SUM(E24:E26) | F27: =SUM(F24:F26)
A28: 人口比だけでなく、過去3〜5年の交付数・新規交付・更新・返還・死亡・転出、及び自立支援医療受給者数を併用して補正します。
A30: 4. 手帳推計とサービス見込量の関係
A31: ・手帳所持者数の推計と、障害福祉サービス見込量の推計は分離します。手帳所持者数が増減しても、サービス利用者数が同じ割合で増減するとは限りません。
A32: ・サービス見込量は「北塩原村_サービス見込量.xlsx」の個別積上げによります。手帳推計はサービス見込量の直接の根拠ではなく、計画の基礎データ及び相談支援体制・権利擁護等の施策規模を考える材料として用います。
A33: ・北塩原村は母数が小さいため、推計値は1人単位で丸めます。小数点以下の統計値をそのまま計画値にしないでください。

Sheet 06_推計方法
A1: 推計方法と前提
A2: 計画書 第2章及びアンケート調査報告書に転記するための、推計方法の説明です。
A5: 方法 | B5: 考え方 | C5: 特性・留意点
A6: 方法A トレンド延長法 | B6: 手帳所持者数（実数）の推移を直線回帰し、令和9〜11年度まで延長する。回帰の対象期間は実績が入力されている年数（現在は平成31〜令和5年の5か年）に自動的に追随する。 | C6: 直近の実数の動きをそのまま反映するが、単年の変動に引きずられやすい。北塩原村のように母数が小さい場合、1〜2人の増減が傾きに影響する。
A7: 方法B 所持率法 | B7: 基準年（現在は令和5年）の人口に対する手帳所持率が今後も一定と仮定し、村公式の将来人口推計（こども・子育て計画のコーホート変化率法）に乗じる。 | C7: 人口減少の影響を反映するが、所持率自体の変化（精神の増加傾向等）は捉えない。人口推計が村公式値であるため、村の他計画と整合が取りやすい。
A8: 中位推計 | B8: 方法Aと方法Bの単純平均。 | C8: 前提の異なる2手法の平均であり、それ自体に理論的裏付けはない。計画書ではA〜Bの幅を主に示し、中位は参考値とする。
A9: 方法C 年齢階級別所持率法 （村資料受領後の正式版） | B9: 年齢区分別人口 × 年齢区分別手帳所持率。身体障害者手帳は0〜17歳／18〜39歳／40〜64歳／65〜74歳／75歳以上の5区分、療育手帳・精神障害者保健福祉手帳は18歳未満／18〜64歳／65歳以上の3区分。 | C9: 年齢構成の変化を織り込めるため、総人口を分母とする方法Bの欠点を解消する。療育手帳はコーホート移行（18歳未満→18〜64歳→65歳以上）を反映する。精神障害者保健福祉手帳は人口比だけでなく交付数・新規交付・更新・返還等の実績を併用する。村から年齢階級別の手帳所持者数を受領した時点で、本方法を正式版とする（05_年齢階級別推計）。
A11: 人口推計の前提
A12: ・令和11年の人口は、北塩原村こども・子育て計画（令和7年3月策定）が示すコーホート変化率法による村公式推計を用いています（総人口2,185人、年少111人、生産年齢1,023人、老年1,051人、高齢化率48.1％）。
A13: ・令和7〜10年は、令和6年実績（2,394人）と令和11年公式推計（2,185人）の線形補間です。村独自の人口ビジョンや社人研推計がある場合は、そちらに置き換えて再計算してください。
A14: ・計画素案第9稿では、平成31〜令和5年の人口減少率をそのまま延長した簡易推計を方法Bに用いていました。本ブックでは村公式推計に統一しています。

Sheet 07_村確認事項
A1: 村への確認・依頼事項（将来推計関係）
A2: 受領・確認が済んだものは「状態」を更新し、反映先シートに入力してください。
A5: 確認事項 | B5: 確認したい内容 | C5: 使途・反映先 | D5: 優先度 | E5: 状態・回答
A6: 令和6・7・8年度の手帳所持者数（Ｍ-113） | B6: 身体・療育・精神の各年4月1日現在の所持者数と、その出所。正本（第2章2）の令和8年4月の値（身体127人・療育16人・精神38人＝181人）は、他メンバー版のワークシートでは「R6〜R8は推計」と注記された仮置き値であり、村の台帳による確定値ではない。令和8年も含めて照会する。平成31年〜令和5年（現行計画本編）と同じ数え方であるかもあわせて確かめる（村外の施設に入所している方等の取扱い）。 | C6: 02_手帳実績／03_手帳将来推計 | D6: 最優先 | E6: 村資料待ち
A7: 年齢階級別の手帳所持者数 | B7: 身体は0〜17歳／18〜39歳／40〜64歳／65〜74歳／75歳以上、療育・精神は18歳未満／18〜64歳／65歳以上の区分。方法C（年齢階級別所持率法）へ切り替えるために必須。 | C7: 05_年齢階級別推計 | D7: 最優先 | E7: 村資料待ち
A8: 年齢階級別の人口 | B8: 令和8年及び令和11年の年齢階級別人口。上記と同じ区分。こども・子育て計画の推計に年齢階級別の内訳があればそれを用いる。 | C8: 05_年齢階級別推計 | D8: 最優先 | E8: 村資料待ち
A9: 令和2〜4年、令和7〜8年の人口 | B9: 総人口・年少人口・生産年齢人口・老年人口（各年4月1日現在）。 | C9: 01_人口推計 | D9: 高 | E9: 村資料待ち
A10: 【解消を取り消し】調査対象者数と手帳所持者数の差異 | B10: 令和8年10月10日に、仕様書の約190人（身体約130・精神約40・療育約20）は正本 第2章2 の181人とほぼ一致するので実数であったと考えられる、として解消していた。しかし正本の181人は、他メンバー版のワークシートでは令和6〜8年が推計と注記されており、その推計の目安が仕様書の約190人そのものである。約190人で作った値を根拠に約190人を実数と結論しており循環していた。令和8年10月13日に解消を取り消す。 | C10: 02_手帳実績 | D10: 最優先 | E10: 未解消（Ｍ-113で照会）
A11: 令和11年度の中位推計のやり直し | B11: 本ブックの中位推計（合計145人）は平成31年〜令和5年の減少を延ばしたものである。正本 第2章2 の181人は仮置き値であるため、減少を前提とした推計が成り立つかどうかを確かめられない。令和6・7・8年の実数を村の手帳台帳から受領したうえで、第2次算定で推計をやり直す。令和11年の合計は仮説の置き方により139人から206人まで67人の幅がある（レビュー対応_第3回 02_手帳推計）。概要版は令和11年度の見通しを載せず、やり直す旨を注記した。 | C11: 03_手帳将来推計／概要版 第5節 | D11: 最優先 | E11: Ｍ-113の回答待ち
A12: 村独自の人口ビジョン・将来推計 | B12: 総合振興計画の人口ビジョン、社人研推計等がある場合はその数値。 | C12: 01_人口推計／06_推計方法 | D12: 中 | E12: 村資料待ち
A13: 身体障害者手帳の減少要因 | B13: 老年人口が横ばい〜微減である一方、身体障害者手帳所持者数が減少している要因。手帳更新時期・制度改正・転出入・死亡等の影響を確認する。 | C13: 03_手帳将来推計／04_推計の不確実性 | D13: 中 | E13: 村資料待ち
A14: 精神障害者保健福祉手帳の増加要因 | B14: 所持者数・所持率とも増加傾向にある背景（受診機会の広がり、相談体制、新規申請の動向等）。 | C14: 03_手帳将来推計／相談支援施策 | D14: 中 | E14: 村資料待ち
A15: 障がい児の就学状況 | B15: 特別支援学校・特別支援学級の在籍者数（令和8年4月1日現在）、卒業予定年度。 | C15: 計画書 第2章／障がい児福祉計画 | D15: 中 | E15: 村資料待ち

Sheet 08_県との比較
A1: 福島県の精神障害者保健福祉手帳所持者数との比較
A2: 精神保健福祉資料（630調査）自治体票による福島県の所持者数。本村の精神障害者保健福祉手帳所持者数が5年間で約40%増加していることが県全体の傾向と比べてどうかを確認する。
A5: 1. 福島県の所持者数（630調査 自治体票）
A6: 年度 | B6: 所持者数 | C6: 1級 | D6: 2級 | E6: 3級 | F6: 備考
A7: 令和5年度 | B7: 18002 | C7: 1469 | D7: 9443 | E7: 7090
A8: 令和7年度 | B8: 19107 | C8: 1399 | D8: 9879 | E8: 7829
A9: 2年間の増減率 | B9: =IFERROR(B8/B7-1,"") | C9: =IFERROR(C8/C7-1,"") | D9: =IFERROR(D8/D7-1,"") | E9: =IFERROR(E8/E7-1,"") | F9: 令和5年度から令和7年度への変化
A11: 2. 本村との比較
A12: 区分 | B12: 起点 | C12: 直近 | D12: 増減率 | E12: 年平均 | F12: 評価
A13: 福島県（精神手帳所持者数） | B13: 18002 | C13: 19107 | D13: =IFERROR(C13/B13-1,"") | E13: =IFERROR((C13/B13)^(1/2)-1,"") | F13: 令和5年度→令和7年度の2年間
A14: 本村（精神手帳所持者数） | B14: 24 | C14: 30 | D14: =IFERROR(C14/B14-1,"") | E14: =IFERROR((C14/B14)^(1/4)-1,"") | F14: 平成31年→令和5年の4年間。母数が小さく1人の増減が3〜4%に相当する
A16: ※ 県・村とも精神障害者保健福祉手帳の所持者数は増加しており、方法B（所持率一定）が精神で成り立たないという本ブック03・04の判断と方向が一致する。
A17: ※ 期間が異なる（県は2年、村は4年）ため直接比較はできない。年平均で比較する。
A18: ※【検討したが採用しなかった方法】630調査 自治体票には手帳の「交付件数」の性年齢階級別内訳があるが（福島県 令和7年度1,016件）、これは所持者数19,107人の約5%にすぎず、2年更新の制度であることを踏まえると新規交付のみと考えられる。新規交付は40歳以上65歳未満が約48%を占め、所持者全体の年齢構成とは異なる。このため、県の交付件数の年齢構成を本村の所持者に当てはめる方法は採らない。年齢階級別の推計（方法C）には、引き続き村の年齢階級別所持者数が必要である。
