Workbook

Sheet 目次
A1: 大雪地区広域連合 第10期介護保険事業計画素案 修正指示書（令和8年7月）
A2: 令和8（2026）年7月28日作成／第1回介護保険事業計画策定委員会前の修正管理用
A4: 本書は、計画素案（第9期目次準拠）を第9期介護保険事業計画・3町高齢者福祉計画の原典及び「第9期計画の目次踏襲・流用／修正切分け」「委員会確認事項メモ」の方針に突合した結果に基づく修正指示書です。区分Aは第1回委員会前の必須修正、区分Bは原稿整備段階の修正、区分Cは前回精査からの継続確認事項です。
A6: No. | B6: シート | C6: 用途
A7: 1 | B7: 修正指示一覧 | C7: 66件の修正指示。区分・優先度・該当箇所・現行記載・修正案・根拠と、計画素案への反映状況を記載します。
A8: 2 | B8: 進捗管理 | C8: 区分別・優先度別に、計画素案への反映状況の件数を自動集計します（修正指示一覧の状態欄と連動）。
A9: 3 | B9: 数値照合結果 | C9: 計画素案の主要数値と第9期計画等の原典との照合結果。一致・不一致・要確認の別と原典ページを記載します。
A10: 4 | B10: 凡例・参照資料 | C10: 区分・優先度・状態の定義、セル色の凡例、参照した原典資料の一覧。
A12: 入力欄は淡黄色、確認済み又は一致は淡緑色、要協議・不一致事項は淡橙色で表示します。

Sheet 修正指示一覧
A1: 修正指示一覧（全66件・令和8年7月）
A2: 区分A：委員会前必須（20件）／区分B：原稿整備（25件）／区分C：継続確認（21件） ※「状態」は計画素案への反映状況（淡緑＝反映済／淡黄＝反映済だが照会継続／淡橙＝照会・資料待ち／灰＝図表集・工程表で対応）
A4: No. | B4: 区分 | C4: 優先度 | D4: 該当箇所 | E4: 該当表・見出し | F4: 指摘内容 | G4: 現行の記載 | H4: 修正案 | I4: 根拠・出典 | J4: 確認要否 | K4: 対応者 | L4: 状態
A5: A-1 | B5: A | C5: 最優先 | D5: 第6章第3節 | E5: 表36「介護サービス給付費・介護予防サービス給付費」／表39「自然体推計による給付費の概算」 | F5: 同一の総額9,267.4百万円を2通りの区分で内訳表示しているが、区分定義の注記がないため「施設サービス」が表ごとに2,691.5と3,416.0（1.27倍）と食い違って見える。 | G5: 表36（5区分）：居宅3,292.5／地域密着型2,523.5／施設2,691.5／予防383.0／居宅介護支援377.0。表39（3区分）：居宅4,686.9／居住系1,164.5／施設3,416.0。 | H5: 両表に区分定義の注を追加する。注案：「表36はサービス類型別、表39は見える化の3区分（居宅・居住系・施設）による内訳である。表39の『施設』には地域密着型介護老人福祉施設（第10期計724.5百万円）を、『居住系』には認知症対応型共同生活介護（同1,164.5百万円）を含み、特定施設入居者生活介護は『居宅』に計上している。」 | I5: 突合検算：634.4＋724.5＋1,164.6＝2,523.5（表36の地域密着型サービス給付費と一致） | J5: 要（原票で区分定義を確認） | L5: 反映済
A6: A-2 | B6: A | C6: 最優先 | D6: 第6章第2節 | E6: 表30「サービス種類別・中長期見込量（記載様式）」 | F6: R8列とR9以降列で出典が異なるため、481→474が7人の減少に見える。加えて表30の注記（「R8サービス別利用者は自然体推計確認シートの月平均基準値」）は表32〜35に対応するもので、表30の実数値と食い違っている。 | G6: R8実績：居宅1,020人／月、施設・居住系481人／月（＝見える化R8年1月の在宅1,020・施設336・居住系145）。R9：施設・居住系474人（自然体推計値）。 | H6: R8列を自然体推計基準値に統一し（施設・居住系474人相当）、見える化実績は別欄に併記する。統一しない場合は表30に個別注「R8列は見える化R8年1月の受給者実績、R9以降は自然体推計値であり、基準・出典が異なるため増減として読まない」を付す。 | I6: 素案第2章第1節（見える化R8年1月値）／表30注記 | J6: 不要（編集判断） | L6: 反映済
A7: A-3 | B7: A | C7: 最優先 | D7: 第4章第2節 | E7: 表18「2040年を見据えた基本戦略と5つの基本目標」 | F7: 第4章第2節は第10期の基本目標名案のみを掲げ、第5章の見出しは第9期の基本目標名を用いているため、同一計画内で基本目標名が二重になっている。第4章と第5章が別体系に見える。 | G7: 表18：基本目標1「地域包括ケア・相談・医療介護連携」〜基本目標5「保険運営・レジリエンス・PDCA」。第5章見出し：基本目標1「地域包括ケアシステムの深化・推進」〜基本目標5「災害や感染症対策に係る体制整備」。 | H7: 表18を「第9期の基本目標／第10期の基本目標（案）／主な変更点・変更理由」の3列による新旧対照表に改める。あわせて「第5章の見出しは委員会決定まで第9期名称を維持する」旨を注記する。 | I7: 切分けメモ 5.「第9期の基本目標名と順序を正本とする」／確認事項メモ No.6 | J7: 要（委員会で名称を決定） | L7: 反映済
A8: A-4 | B8: A | C8: 最優先 | D8: 第4章第3節 | E8: 表19「施策の体系と成果指標」 | F8: 本文にKPI16項目を全て掲載しており、「計画本文12項目＋補完4項目」の二層構造と矛盾する。切分けメモの「直ちに修正できる部分」5（KPI詳細を資料編へ移す）が未完了。 | G8: 表19にH01〜H16の16項目を掲載。R11目標はH01のみ「適正水準（参考基準18.4％）」、他は「―」。（資料編 資料1では正しく12項目＋4項目に分離済み） | H8: 表19を本文KPI12項目（H01・H02・H04・H05・H06・H07・H09・H10・H12・H13・H15・H16）に限定する。補完4項目（H03・H08・H11・H14）は資料編 資料1（2）に集約し、本文には「補完4項目は資料編に掲載」と1行を残す。 | I8: 切分けメモ 4.／第4章「第8稿第4節 成果KPI」区分C／確認事項メモ No.7 | J8: 不要（本文と資料編の分担の整理であり、内容の変更を伴わない） | L8: 反映済
A9: A-5 | B9: A | C9: 高 | D9: 第5章 基本目標1／基本目標2 | E9: 表21「地域ケア会議」／表22「地域ケア会議・包括的支援」 | F9: 同一施策が2箇所に重複掲載されている。主な取組・管理指標・主体まで完全に同一の行。 | G9: 表21・表22ともに、取組「個別課題から地域課題・資源開発・施策化へ接続」、管理指標「地域課題化率、施策反映件数」、主体「3町」。 | H9: 第9期体系では地域ケア会議は基本目標2に属するため、表22に一本化し表21から削除する。基本目標1では、地域ケア会議で抽出された地域課題の施策反映を医療介護連携・権利擁護の後段で参照する形とする。 | I9: 第9期計画 第5章 基本目標2「5 地域ケア会議の推進」 | J9: 不要（編集判断） | L9: 反映済
A10: A-6 | B10: A | C10: 高 | D10: 第5章 基本目標1／基本目標2 | E10: 表21「包括相談」／表22「地域共生・包括相談」 | F10: 相談支援施策が2箇所に実質重複して掲載されている。 | G10: 表21「包括相談」：取組「初動基準、複合課題の連携、相談終結・引継ぎの標準化」／指標「標準日数内初動率、終結・引継ぎ率」。表22「地域共生・包括相談」：取組「複合課題の連携、相談支援、参加支援」／指標「初動率、支援接続率」。 | H10: 相談支援の実施主体・成果指標は基本目標1「包括相談」に集約する。基本目標2は「地域共生社会に向けた参加支援・重層的支援体制の整備」に限定し、指標は参加支援・多機関協働に絞る。 | I10: 第9期計画 第5章 基本目標2「6 包括的な支援体制の整備」との対応 | J10: 不要（編集判断） | L10: 反映済
A11: B-1 | B11: B | C11: 高 | D11: 第5章 基本目標4 | E11: 【介護給付適正化計画（第10期計画期間）】 | F11: 給付適正化計画は介護保険事業計画とは別の期数を持つが、期数が記載されていない。 | G11: 「【介護給付適正化計画（第10期計画期間）】」 | H11: 「【第7期介護給付適正化計画（令和9〜11年度）】」に改める。期数は北海道・国の給付適正化計画の期別に照らして確定する。 | I11: 第9期計画 第5章 基本目標4「3 介護給付費の適正化【主要3事業】（第6期給付適正化計画）」 | J11: 要（広域連合に期数を確認） | L11: 反映済
A12: B-2 | B12: B | C12: 中 | D12: 第3章第4節 | E12: 「2 前期計画から引き継ぐ主要課題」の直前 | F12: 項番号「1」が欠落している。「2」「3」「4」のみが存在する。 | G12: 第4節の本文・表13（19施策の構造評価）に見出しが付されておらず、次の見出しが「2 前期計画から引き継ぐ主要課題」となっている。 | H12: 表13の前に見出し「1 施策別の構造評価」を追加する。 | I12: 計画素案 第3章第4節の見出し構成 | J12: 不要 | L12: 反映済
A13: B-3 | B13: B | C13: 最優先 | D13: 第6章第2節 | E13: 表35「介護予防給付サービス」 | F13: 利用者数が全項目「―」だが、受領した推計ワークシートに介護予防の内訳（人数・回数・給付費）が揃っており表を確定できる。「現行出力で内訳が確定できない」という注記は事実と異なる。 | G13: 表35は16項目すべて「―」。注記は「見える化の最終推計出力で分割する」。 | H13: ワークシート『介護サービス給付費(推計値)(2)』の値で表35を確定する。R9／R10／R11／R17／R22の順に、訪問看護25/25/26/27/27、訪問リハ23/23/24/25/25、居宅療養管理指導16/16/16/17/17、通所リハ79/79/80/83/83、短期入所生活介護1/1/1/1/1、福祉用具貸与236/239/239/251/250、特定福祉用具購入7/7/7/8/8、住宅改修4/4/4/4/4、特定施設14/14/14/15/15、小規模多機能13/13/13/14/14。訪問入浴・短期入所療養介護3種・認知症対応型通所・認知症GHは全期間0。あわせて注記を削除する。 | I13: 自然体推計の計算過程確認シート『介護サービス給付費(推計値)(2)』（介護予防給付費の合計127.1百万円は素案表36と一致） | J13: 不要（数値確定済み） | L13: 反映済
A14: B-4 | B14: B | C14: 中 | D14: 計画全体 | E14: 章別・節別のページ配分 | F14: 第2章第2〜6節が方針記述1〜2段落のみで、資料受領後の増補量が確保されていない。成果品仕様（本文約100頁）に対する分量設計が未定。 | G14: 第9期計画では第2章第3節にニーズ調査結果8頁、第4節に在宅介護実態14頁の実データを掲載していたが、第9稿の同節はいずれも1〜2段落。 | H14: 章別・節別のページ配分表を作成し、資料受領後の増補量を事前に確保する。11月の計画素案更新前までに確定する。 | I14: 第9期計画 第2章／業務仕様（本文約100頁・200部） | J14: 要（広域連合と分量方針を協議） | L14: 別成果物で対応
A15: B-5 | B15: B | C15: 低 | D15: 第1章第9節／資料編 | E15: 本文中の出典URL | F15: 厚生労働省の資料URLが本文中に直書きされている。印刷物としては脚注または資料編への集約が通例。 | G15: 第1章第9節に基本指針案・介護保険最新情報Vol.1525のURL、資料編末尾に7件のURLを本文段落として記載。 | H15: 本文中のURLは脚注又は資料編「資料5 主な参照資料」へ集約し、本文には資料名と公表日のみを記載する。 | I15: 計画素案 第1章第9節・資料編 | J15: 不要 | L15: 別成果物で対応
A16: B-6 | B16: B | C16: 低 | D16: 資料編 末尾 | E16: 「第7稿追加参照データ」 | F16: 版ラベル（作業用表示）が資料編に残存している。第8稿にあった作業用表示121件は第9稿でほぼ分離済みだが、この1件が残る。 | G16: 「第7稿追加参照データ」という見出しの下に見える化D25〜D48の取得データを記載。 | H16: 版ラベルを削除し、直前の「令和8年7月22日反映データ」に統合する。 | I16: 確認事項メモ 1.「版ごとの更新履歴は計画本文から分離する」 | J16: 不要 | L16: 反映済
... A70: C-21 | B70: C | C70: 中 | D70: 第5章 認知症施策の節 | E70: 認知症の受け皿の減少と実態把握の手薄さ | F70: 認知症の通所・居住の受け皿が10年間で減少しているが、素案に記載がない。また見える化の認知症関連指標（J1〜J18）は大雪についてデータ登録がなく提供できないことが確定した。 | G70: 見える化K3o：認知症対応型通所介護は平成26年度まで2事業所あったが平成27年度に消滅。見える化K2c：認知症対応型共同生活介護は令和4年度に6→5事業所（定員117人→99人）。見える化W135：交付金評価の支援Ⅱ（認知症総合支援）は36.3点で全国54.5点の66.6％。うち認知症地域支援推進員の業務の状況2.0点（全国5.9点の33.9％）、認知症サポーター数2.0点（同4.8点の41.7％）、認知症サポーターステップアップ講座0点。 | H70: 第5章の認知症施策の節に、受け皿の減少と交付金評価の状況を現状として記載する。第10期基本指針の別表十一への対応は、J系列が使えないため3町への直接照会に切り替える。照会項目は、認知症初期集中支援チームの訪問実績、認知症地域支援推進員の配置人数と業務内容、認知症カフェの箇所数と参加者数、認知症サポーター数、チームオレンジの有無とする。あわせて認知症の人の数の推計値を算定して掲載する（第9期計画は掲載していない）。 | I70: 見える化K2c・K3o・W135／第10期基本指針案 別表 十一 | J70: 要（3町への照会） | L70: 反映済
A72: 注1）「現行の記載」は計画素案（第9期目次準拠・令和8年7月）の記載内容。注2）「根拠・出典」の第9期計画は大雪地区広域連合『第9期介護保険事業計画』（令和6年3月）。注3）区分Aは第1回委員会前に修正、区分Bは原稿整備段階で修正、区分Cは前回精査からの継続確認事項。

Sheet 進捗管理
A1: 修正指示の進捗管理
A2: 修正指示一覧の「状態」欄（計画素案への反映状況）を自動集計します。状態は 反映済／反映済（照会継続）／照会・資料待ち／別成果物で対応 の4区分です。反映済率は「反映済」と「反映済（照会継続）」の合計です。
A4: 区分 | B4: 反映済 | C4: 反映済（照会継続） | D4: 照会・資料待ち | E4: 別成果物で対応 | F4: 合計 | G4: 反映済率
A5: A 委員会前必須 | B5: =COUNTIFS(修正指示一覧!$B$5:$B$70,"A",修正指示一覧!$L$5:$L$70,"反映済") | C5: =COUNTIFS(修正指示一覧!$B$5:$B$70,"A",修正指示一覧!$L$5:$L$70,"反映済（照会継続）") | D5: =COUNTIFS(修正指示一覧!$B$5:$B$70,"A",修正指示一覧!$L$5:$L$70,"照会・資料待ち") | E5: =COUNTIFS(修正指示一覧!$B$5:$B$70,"A",修正指示一覧!$L$5:$L$70,"別成果物で対応") | F5: =SUM(B5:E5) | G5: =IF(F5=0,"-",(B5+C5)/F5)
A6: B 原稿整備 | B6: =COUNTIFS(修正指示一覧!$B$5:$B$70,"B",修正指示一覧!$L$5:$L$70,"反映済") | C6: =COUNTIFS(修正指示一覧!$B$5:$B$70,"B",修正指示一覧!$L$5:$L$70,"反映済（照会継続）") | D6: =COUNTIFS(修正指示一覧!$B$5:$B$70,"B",修正指示一覧!$L$5:$L$70,"照会・資料待ち") | E6: =COUNTIFS(修正指示一覧!$B$5:$B$70,"B",修正指示一覧!$L$5:$L$70,"別成果物で対応") | F6: =SUM(B6:E6) | G6: =IF(F6=0,"-",(B6+C6)/F6)
A7: C 継続確認 | B7: =COUNTIFS(修正指示一覧!$B$5:$B$70,"C",修正指示一覧!$L$5:$L$70,"反映済") | C7: =COUNTIFS(修正指示一覧!$B$5:$B$70,"C",修正指示一覧!$L$5:$L$70,"反映済（照会継続）") | D7: =COUNTIFS(修正指示一覧!$B$5:$B$70,"C",修正指示一覧!$L$5:$L$70,"照会・資料待ち") | E7: =COUNTIFS(修正指示一覧!$B$5:$B$70,"C",修正指示一覧!$L$5:$L$70,"別成果物で対応") | F7: =SUM(B7:E7) | G7: =IF(F7=0,"-",(B7+C7)/F7)
A8: 合計 | B8: =SUM(B5:B7) | C8: =SUM(C5:C7) | D8: =SUM(D5:D7) | E8: =SUM(E5:E7) | F8: =SUM(F5:F7) | G8: =IF(F8=0,"-",(B8+C8)/F8)
A10: 優先度別
A11: 優先度 | B11: 反映済 | C11: 反映済（照会継続） | D11: 照会・資料待ち | E11: 別成果物で対応 | F11: 合計 | G11: 反映済率
A12: 最優先 | B12: =COUNTIFS(修正指示一覧!$C$5:$C$70,"最優先",修正指示一覧!$L$5:$L$70,"反映済") | C12: =COUNTIFS(修正指示一覧!$C$5:$C$70,"最優先",修正指示一覧!$L$5:$L$70,"反映済（照会継続）") | D12: =COUNTIFS(修正指示一覧!$C$5:$C$70,"最優先",修正指示一覧!$L$5:$L$70,"照会・資料待ち") | E12: =COUNTIFS(修正指示一覧!$C$5:$C$70,"最優先",修正指示一覧!$L$5:$L$70,"別成果物で対応") | F12: =SUM(B12:E12) | G12: =IF(F12=0,"-",(B12+C12)/F12)
A13: 高 | B13: =COUNTIFS(修正指示一覧!$C$5:$C$70,"高",修正指示一覧!$L$5:$L$70,"反映済") | C13: =COUNTIFS(修正指示一覧!$C$5:$C$70,"高",修正指示一覧!$L$5:$L$70,"反映済（照会継続）") | D13: =COUNTIFS(修正指示一覧!$C$5:$C$70,"高",修正指示一覧!$L$5:$L$70,"照会・資料待ち") | E13: =COUNTIFS(修正指示一覧!$C$5:$C$70,"高",修正指示一覧!$L$5:$L$70,"別成果物で対応") | F13: =SUM(B13:E13) | G13: =IF(F13=0,"-",(B13+C13)/F13)
A14: 中 | B14: =COUNTIFS(修正指示一覧!$C$5:$C$70,"中",修正指示一覧!$L$5:$L$70,"反映済") | C14: =COUNTIFS(修正指示一覧!$C$5:$C$70,"中",修正指示一覧!$L$5:$L$70,"反映済（照会継続）") | D14: =COUNTIFS(修正指示一覧!$C$5:$C$70,"中",修正指示一覧!$L$5:$L$70,"照会・資料待ち") | E14: =COUNTIFS(修正指示一覧!$C$5:$C$70,"中",修正指示一覧!$L$5:$L$70,"別成果物で対応") | F14: =SUM(B14:E14) | G14: =IF(F14=0,"-",(B14+C14)/F14)
A15: 低 | B15: =COUNTIFS(修正指示一覧!$C$5:$C$70,"低",修正指示一覧!$L$5:$L$70,"反映済") | C15: =COUNTIFS(修正指示一覧!$C$5:$C$70,"低",修正指示一覧!$L$5:$L$70,"反映済（照会継続）") | D15: =COUNTIFS(修正指示一覧!$C$5:$C$70,"低",修正指示一覧!$L$5:$L$70,"照会・資料待ち") | E15: =COUNTIFS(修正指示一覧!$C$5:$C$70,"低",修正指示一覧!$L$5:$L$70,"別成果物で対応") | F15: =SUM(B15:E15) | G15: =IF(F15=0,"-",(B15+C15)/F15)
A17: 要確認事項（広域連合・3町への照会が必要な件数）
A18: 照会が必要 | B18: =COUNTIF(修正指示一覧!$J$5:$J$70,"要*") | C18: 件（修正指示一覧の「確認要否」列が『要』の件数）

Sheet 数値照合結果
A1: 計画素案の主要数値と原典との照合結果
A2: 第9期介護保険事業計画・3町高齢者福祉計画・見える化公表値との突合結果。判定が「不一致」「要確認」の項目は修正指示一覧の区分Cに対応。
A4: No. | B4: 照合項目 | C4: 計画素案の記載 | D4: 原典・検算 | E4: 原典の該当箇所 | F4: 判定 | G4: 対応No.
A5: 1 | B5: 第9期 標準給付費見込額 | C5: 9,519,211,524円 | D5: 9,519,211,524円 | E5: 第9期計画 第6章第6節 | F5: 一致
A6: 2 | B6: 第9期 地域支援事業費 | C6: 593,658,000円 | D6: 593,658,000円 | E6: 第9期計画 第6章第6節 | F6: 一致
A7: 3 | B7: 第9期 財政調整基金取崩額 | C7: 40,000,000円 | D7: 40,000,000円 | E7: 第9期計画 第6章第6節 | F7: 一致
A8: 4 | B8: 第9期 保険料基準額 | C8: 算定上6,428円→基準額6,400円 | D8: 算定上6,428円→基準額6,400円（百円未満四捨五入） | E8: 第9期計画 第6章第6節2 | F8: 一致
A9: 5 | B9: 第9期 所得段階数 | C9: 16段階 | D9: 16段階 | E9: 第9期計画 第6章第6節3 | F9: 一致
A10: 6 | B10: 第8期→第9期の保険料増減 | C10: 6,300円→6,400円（＋100円・＋1.6％） | D10: 第9期計画に第8期基準額の記載なし。北海道公表資料が出典 | E10: 北海道『第9期介護保険料』 | F10: 要確認
A11: 7 | B11: 上川管内の保険者数 | C11: 21保険者 | D11: 掲載21件を検算＝21 | E11: 素案 表45を検算 | F11: 一致
A12: 8 | B12: 上川管内 単純平均保険料 | C12: 約5,830円 | D12: 合計122,421円÷21＝5,829.6円 | E12: 素案 表45を検算 | F12: 一致
A13: 9 | B13: 上川管内 中央値 | C13: 6,000円 | D13: 11番目の値＝6,000円 | E13: 素案 表45を検算 | F13: 一致
A14: 10 | B14: 大雪地区の順位 | C14: 高い方から5番目 | D14: 6,800／6,706／6,700／6,550／6,400＝5位 | E14: 素案 表45を検算 | F14: 一致
A15: 11 | B15: 平均との差 | C15: 約570円・約9.8％ | D15: 6,400－5,829.6＝570.4円、570.4÷5,829.6＝9.79％ | E15: 素案 表45を検算 | F15: 一致
A16: 12 | B16: R5.10.1 総人口・高齢者人口 | C16: 総人口27,887人／65歳以上9,191人／高齢化率33.0％ | D16: 総人口27,887人／65歳以上9,191人／33.0％ | E16: 第9期計画 第2章第1節1 | F16: 一致
... A18: 14 | B18: R8 認定者数・認定率 | C18: 1,984人・21.8％ | D18: 1,984÷9,090＝21.83％ | E18: 見える化R8年3月末を検算 | F18: 一致
A19: 15 | B19: 第9期 介護人材実態調査の回答 | C19: 27施設・該当職員405人 | D19: 回答27施設（該当者405人）。※対象は35事業所＝回収率77.1％ | E19: 第9期計画 第2章第5節1 | F19: 一致（回収率の追記要） | G19: C-5
A20: 16 | B20: 30代以下の正規職員入職割合 | C20: 63.5％ | D20: 63.5％ | E20: 第9期計画 第2章第6節4 | F20: 一致
A21: 17 | B21: 第9期の代表KPI4項目 | C21: 認定率20.8％／重度6.7→6.4％／フレイル18.5→18.0％／通いの場7.3→10.0％ | D21: 同左 | E21: 第9期計画 第1章第6節1 | F21: 一致
A22: 18 | B22: 第9期の施策数 | C22: 19施策（部分評価6・指標不足13） | D22: 第4章第2節の項目数＝19、第5章本文＝18＋基本目標5。ただし第4章第3節の施策体系図は15施策 | E22: 第9期計画 第4章第2・3節、第5章 | F22: 一致（母数の注記要）
A23: 19 | B23: 施設定員（特養・老健・GH） | C23: 160人／240人／99人 | D23: 160人／240人／99人 | E23: 第9期計画 第6章第4節1・2 | F23: 一致
A24: 20 | B24: 地域密着型介護老人福祉施設の定員 | C24: R7公開定員62人 | D24: 第9期計画の掲載定員は63人（美瑛43＋東神楽20） | E24: 第9期計画 第6章第4節1（1） | F24: 不一致 | G24: C-1
A25: 21 | B25: 特定施設入居者生活介護の定員 | C25: R7公開定員156人 | D25: 第9期計画に整備表なし。介護付有料老人ホームは158人 | E25: 第9期計画 第6章第4節3① | F25: 要確認 | G25: C-2
A26: 22 | B26: 介護医療院 | C26: 定員「－」・利用者7人・算定不可 | D26: 「※介護医療院 該当なし」（圏域内定員0） | E26: 第9期計画 第6章第4節2 | F26: 一致
A27: 23 | B27: 表39 給付費内訳の合計 | C27: R9 3,056.7／第10期計 9,267.4百万円 | D27: 1,537.4＋380.6＋1,138.7＝3,056.7、4,686.9＋1,164.5＋3,416.0＝9,267.4 | E27: 素案 表39を検算 | F27: 一致 | G27: A-1
A28: 24 | B28: 表30 施設・居住系 R9 | C28: 474人／月 | D28: 特養146＋老健111＋医療院7＋地密特養65＋GH79＋特定施設66＝474 | E28: 素案 表33・34を検算 | F28: 一致 | G28: A-2
A29: 25 | B29: 第9期 総給付費（3年計） | C29: 記載なし | D29: 2,924,324＋2,979,919＋3,000,991＝8,905,234千円（89.05億円） | E29: 第9期計画 第6章第3節3（3） | F29: 未記載 | G29: C-3

Sheet 凡例・参照資料
A1: 凡例・参照資料
A2: 区分・優先度・状態の定義と、照合に用いた原典資料
A4: 項目 | B4: 値 | C4: 定義・内容
A5: 区分 | B5: A 委員会前必須 | C5: 第1回介護保険事業計画策定委員会に提出する前に修正が必要な事項。計画の構成・数値定義に関わる。
B6: B 原稿整備 | C6: 原稿整備段階（10〜11月の計画素案更新まで）に修正する事項。体裁・記載の整合に関わる。
B7: C 継続確認 | C7: 前回の資料精査で指摘し、第9稿で未反映のまま残る事項。原典との照合又は広域連合への確認を要する。
A8: 優先度 | B8: 最優先 | C8: 委員会での指摘リスクが高く、他の記載へ波及する事項。
B9: 高 | C9: 委員会前又は素案更新前に確実に処理する事項。
B10: 中 | C10: 原稿整備段階で処理する事項。
B11: 低 | C11: 組版・校正段階で処理する事項。
A12: 状態 | B12: 未着手／対応中／対応済／要協議 | C12: 修正指示一覧の「状態」欄に記入する。進捗管理シートで自動集計される。
A13: セル色 | B13: 淡黄色 | C13: 入力欄（対応者・状態）。
B14: 淡緑色 | C14: 原典との照合が一致した項目。
B15: 淡橙色 | C15: 不一致・要確認・照会が必要な項目。
A17: 参照した原典資料
A18: No. | B18: 資料名 | C18: 本書での用途
A19: 1 | B19: 大雪地区広域連合『第10期介護保険事業計画 素案（第9稿・第9期目次準拠）』令和8年7月 | C19: 修正対象。「現行の記載」の出所。
A20: 2 | B20: 『第9期計画の目次踏襲・流用／修正切分け』令和8年7月28日 | C20: 第9稿の構成方針。実装状況の確認に使用。
A21: 3 | B21: 『委員会確認事項メモ』令和8年7月28日 | C21: 本文から分離した協議事項の管理台帳。方針の確認に使用。
A22: 4 | B22: 大雪地区広域連合『第9期介護保険事業計画』令和6年3月（131頁） | C22: 数値・施設定員・保険料算定・施策体系の原典。
A23: 5 | B23: 東川町高齢者福祉計画 第9期（令和6年4月） | C23: 3町計画の重点領域の確認。
A24: 6 | B24: 第9期東神楽町高齢者福祉計画（令和6年3月） | C24: 3町計画の重点領域・高齢化率の確認。
A25: 7 | B25: 美瑛町高齢者福祉計画（令和6〜8年度） | C25: 3町計画の重点領域・基盤整備目標の確認。
A26: 8 | B26: 北海道『第9期介護保険料（第1号被保険者分）各保険者の保険料等』 | C26: 上川管内保険料比較（素案 表45）の出典。要照合。
