Workbook

Sheet グラフ

Sheet 表
E2: 2010 | F2: 2015 | G2: 2020 | H2: 2025 | I2: 2030 | J2: 2035 | K2: 2040 | L2: 2045 | M2: 2050
B3: 人口 | D3: ="（"&設定!$F$3&")" -> （人) | E3: 3185 | F3: 2831 | G3: 2556 | H3: 2315 | I3: 2075 | J3: 1863 | K3: 1654 | L3: 1447 | M3: 1259
C4: 15歳未満 | D4: ="（"&設定!$F$3&")" -> （人) | E4: 415 | F4: 324 | G4: 258 | H4: 186 | I4: 156 | J4: 132 | K4: 119 | L4: 104 | M4: 86
C5: 15歳～40歳未満 | D5: ="（"&設定!$F$3&")" -> （人) | E5: 713 | F5: 588 | G5: 511 | H5: 451 | I5: 395 | J5: 345 | K5: 280 | L5: 224 | M5: 176
C6: 40歳～65歳未満 | D6: ="（"&設定!$F$3&")" -> （人) | E6: 1166 | F6: 1020 | G6: 838 | H6: 741 | I6: 613 | J6: 543 | K6: 490 | L6: 427 | M6: 378
C7: 65歳～75歳未満 | D7: ="（"&設定!$F$3&")" -> （人) | E7: 345 | F7: 399 | G7: 507 | H7: 457 | I7: 360 | J7: 302 | K7: 246 | L7: 235 | M7: 221
C8: 75歳以上 | D8: ="（"&設定!$F$3&")" -> （人) | E8: 546 | F8: 500 | G8: 441 | H8: 480 | I8: 551 | J8: 541 | K8: 519 | L8: 457 | M8: 398
C9: 生産年齢人口 | D9: ="（"&設定!$F$3&")" -> （人) | E9: 1879 | F9: 1608 | G9: 1349 | H9: 1192 | I9: 1008 | J9: 888 | K9: 770 | L9: 651 | M9: 554
C10: 高齢者人口 | D10: ="（"&設定!$F$3&")" -> （人) | E10: 891 | F10: 899 | G10: 948 | H10: 937 | I10: 911 | J10: 843 | K10: 765 | L10: 692 | M10: 619
B11: 生産年齢人口割合 | D11: ="（"&設定!$F$4&"）" -> （%） | E11: 59 | F11: 56.8 | G11: 52.8 | H11: 51.5 | I11: 48.6 | J11: 47.7 | K11: 46.6 | L11: 45 | M11: 44
B12: 高齢化率 | D12: ="（"&設定!$F$4&"）" -> （%） | E12: 28 | F12: 31.8 | G12: 37.1 | H12: 40.5 | I12: 43.9 | J12: 45.2 | K12: 46.3 | L12: 47.8 | M12: 49.2
B13: ="高齢化率（"&設定!G3&"）" -> 高齢化率（福島県） | D13: ="（"&設定!$F$4&"）" -> （%） | E13: 24.9 | F13: 28.3 | G13: 31.2 | H13: 34.2 | I13: 36.1 | J13: 37.7 | K13: 40.3 | L13: 42.5 | M13: 44.2
B14: 高齢化率（全国） | D14: ="（"&設定!$F$4&"）" -> （%） | E14: 22.8 | F14: 26.3 | G14: 28 | H14: 29.6 | I14: 30.8 | J14: 32.3 | K14: 34.8 | L14: 36.3 | M14: 37.1
B15: （出典）2000年～2020年まで：総務省「国勢調査」 2025年以降：国立社会保障・人口問題研究所「日本の地域別将来推計人口（令和5（2023）年推計）」
C32: グラフ表示用セル
C33: 15歳未満 | E33: =E4*-1 -> -415 | F33: =F4*-1 -> -324 | G33: =G4*-1 -> -258 | H33: =H4*-1 -> -186 | I33: =I4*-1 -> -156 | J33: =J4*-1 -> -132 | K33: =K4*-1 -> -119 | L33: =L4*-1 -> -104 | M33: =M4*-1 -> -86
C34: 15歳～40歳 | E34: =E5*-1 -> -713 | F34: =F5*-1 -> -588 | G34: =G5*-1 -> -511 | H34: =H5*-1 -> -451 | I34: =I5*-1 -> -395 | J34: =J5*-1 -> -345 | K34: =K5*-1 -> -280 | L34: =L5*-1 -> -224 | M34: =M5*-1 -> -176
C35: 40歳～65歳 | E35: =E6*-1 -> -1166 | F35: =F6*-1 -> -1020 | G35: =G6*-1 -> -838 | H35: =H6*-1 -> -741 | I35: =I6*-1 -> -613 | J35: =J6*-1 -> -543 | K35: =K6*-1 -> -490 | L35: =L6*-1 -> -427 | M35: =M6*-1 -> -378

Sheet 順位
B2: =設定!C3&"の高齢化率の降順" -> 北塩原村の高齢化率の降順
B3: （2020年10月時点）
B4: =設定!I3&"内" -> 福島県内 | C4: =IF(設定!J3="-","-",TEXT(設定!J3,"#,##0"))&設定!H3 -> 24番目 | D4: =IF(設定!K3="-","-",TEXT(設定!K3,"#,##0"))&設定!H4 -> 58保険者
B5: =設定!I4 -> 全国 | C5: =IF(設定!J4="-","-",TEXT(設定!J4,"#,##0"))&設定!H3 -> 593番目 | D5: =IF(設定!K4="-","-",TEXT(設定!K4,"#,##0"))&設定!H4 -> 1,570保険者
B6: （2025年の推計値）
B7: =設定!I3&"内" -> 福島県内 | C7: =IF(設定!J6="-","-",TEXT(設定!J6,"#,##0"))&設定!H3 -> 22番目 | D7: =IF(設定!K6="-","-",TEXT(設定!K6,"#,##0"))&設定!H4 -> 46保険者
B8: =設定!I4 -> 全国 | C8: =IF(設定!J7="-","-",TEXT(設定!J7,"#,##0"))&設定!H3 -> 538番目 | D8: =IF(設定!K7="-","-",TEXT(設定!K7,"#,##0"))&設定!H4 -> 1,558保険者
B9: （2040年の推計値）
B10: =設定!I3&"内" -> 福島県内 | C10: =IF(設定!J9="-","-",TEXT(設定!J9,"#,##0"))&設定!H3 -> 22番目 | D10: =IF(設定!K9="-","-",TEXT(設定!K9,"#,##0"))&設定!H4 -> 46保険者
B11: =設定!I4 -> 全国 | C11: =IF(設定!J10="-","-",TEXT(設定!J10,"#,##0"))&設定!H3 -> 533番目 | D11: =IF(設定!K10="-","-",TEXT(設定!K10,"#,##0"))&設定!H4 -> 1,558保険者

Sheet 設定
A2: 表示用 | B2: タイトル | C2: サブタイトル | D2: 表示用 | E2: 軸ラベル | F2: 単位 | G2: 都道府県 | H2: 順位単位 | I2: 順位地域 | J2: 順位情報（2020年）
A3: =C3&"の"&B3 -> 北塩原村の人口の推移 | B3: 人口の推移 | C3: 北塩原村 | D3: =E3&"("&F3&")" -> 人口(人) | E3: 人口 | F3: 人 | G3: 福島県 | H3: 番目 | I3: 福島県 | J3: 24 | K3: 58
D4: =E4&"("&F4&")" -> 人口割合(%) | E4: 人口割合 | F4: % | H4: 保険者 | I4: 全国 | J4: 593 | K4: 1570
J5: 順位情報（2025年）
J6: 22 | K6: 46
J7: 538 | K7: 1558
J8: 順位情報（2040年）
J9: 22 | K9: 46
J10: 533 | K10: 1558
