Workbook

Sheet グラフ

Sheet 表
E2: 第7期 | H2: 第8期 | K2: 第9期
E3: 平成30年度 | F3: 令和元年度 | G3: 令和2年度 | H3: 令和3年度 | I3: 令和4年度 | J3: 令和5年度 | K3: 令和6年度 (R7/2月 サービス 提供分まで) | L3: 令和7年度 (R8/2月 サービス 提供分まで) | M3: 令和8年度 (R8/3月 サービス 提供分まで)
B4: 必要保険料額（合計） | D4: （円） | E4: 6012 | F4: 6011 | G4: 5830 | H4: 5451 | I4: 6007 | J4: 6335 | K4: 5991 | L4: 6501 | M4: 6530
C5: 必要保険料額（在宅サービス） | D5: （円） | E5: 1492 | F5: 1362 | G5: 1409 | H5: 1459 | I5: 1337 | J5: 1399 | K5: 1504 | L5: 1752 | M5: 1572
C6: 必要保険料額（居住系サービス） | D6: （円） | E6: 975 | F6: 1146 | G6: 1206 | H6: 1057 | I6: 1221 | J6: 1384 | K6: 1423 | L6: 1652 | M6: 1929
C7: 必要保険料額（施設サービス） | D7: （円） | E7: 2338 | F7: 2274 | G7: 2033 | H7: 1943 | I7: 2296 | J7: 2456 | K7: 2120 | L7: 2180 | M7: 2157
C8: 必要保険料額（その他） | D8: （円） | E8: 1207 | F8: 1229 | G8: 1182 | H8: 992 | I8: 1153 | J8: 1096 | K8: 944 | L8: 917 | M8: 872
B9: 保険料基準額 | D9: （円） | E9: 5900 | F9: 5900 | G9: 5900 | H9: 6300 | I9: 6300 | J9: 6300 | K9: 6700 | L9: 6700 | M9: 6700
B10: ="保険料基準額（"&設定!G3&"）" -> 保険料基準額（福島県） | D10: （円） | E10: 6061 | F10: 6061 | G10: 6061 | H10: 6108 | I10: 6108 | J10: 6108 | K10: 6340 | L10: 6340 | M10: 6340
B11: 保険料基準額（全国） | D11: （円） | E11: 5784 | F11: 5784 | G11: 5784 | H11: 6014 | I11: 6014 | J11: 6014 | K11: 6225 | L11: 6225 | M11: 6225
B12: （出典）【必要保険料額】平成30年度から令和5年度：厚生労働省「介護保険事業状況報告（年報）」、令和6年度から令和7年度：「介護保険事業状況報告（月報）」の１２か月累計および介護保険事業計画に係る保険者からの報告値、令和8年度：直近月までの「介護保険事業状況報告（月報）」の累計および介護保険事業計画に係る保険者からの報告値 【保険料基準額】介護保険事業計画に係る保険者からの報告値
C23: グラフ表示用
C24: =C5 -> 必要保険料額（在宅サービス） | E24: =IF(E5>0,E5,0) -> 1492 | F24: =IF(F5>0,F5,0) -> 1362 | G24: =IF(G5>0,G5,0) -> 1409 | H24: =IF(H5>0,H5,0) -> 1459 | I24: =IF(I5>0,I5,0) -> 1337 | J24: =IF(J5>0,J5,0) -> 1399 | K24: =IF(K5>0,K5,0) -> 1504 | L24: =IF(L5>0,L5,0) -> 1752 | M24: =IF(M5>0,M5,0) -> 1572
C25: =C6 -> 必要保険料額（居住系サービス） | E25: =IF(E6>0,E6,0) -> 975 | F25: =IF(F6>0,F6,0) -> 1146 | G25: =IF(G6>0,G6,0) -> 1206 | H25: =IF(H6>0,H6,0) -> 1057 | I25: =IF(I6>0,I6,0) -> 1221 | J25: =IF(J6>0,J6,0) -> 1384 | K25: =IF(K6>0,K6,0) -> 1423 | L25: =IF(L6>0,L6,0) -> 1652 | M25: =IF(M6>0,M6,0) -> 1929
C26: =C7 -> 必要保険料額（施設サービス） | E26: =IF(E7>0,E7,0) -> 2338 | F26: =IF(F7>0,F7,0) -> 2274 | G26: =IF(G7>0,G7,0) -> 2033 | H26: =IF(H7>0,H7,0) -> 1943 | I26: =IF(I7>0,I7,0) -> 2296 | J26: =IF(J7>0,J7,0) -> 2456 | K26: =IF(K7>0,K7,0) -> 2120 | L26: =IF(L7>0,L7,0) -> 2180 | M26: =IF(M7>0,M7,0) -> 2157
C27: =C8 -> 必要保険料額（その他） | E27: =IF(E8>0,E8,0) -> 1207 | F27: =IF(F8>0,F8,0) -> 1229 | G27: =IF(G8>0,G8,0) -> 1182 | H27: =IF(H8>0,H8,0) -> 992 | I27: =IF(I8>0,I8,0) -> 1153 | J27: =IF(J8>0,J8,0) -> 1096 | K27: =IF(K8>0,K8,0) -> 944 | L27: =IF(L8>0,L8,0) -> 917 | M27: =IF(M8>0,M8,0) -> 872

Sheet 順位
B2: =設定!C3&"の必要保険料額の降順" -> 北塩原村の必要保険料額の降順
B3: ="（令和"&設定!L3&"年"&設定!M3&"月末時点）" -> （令和 8年 3月末時点）
B4: =設定!I3&"内" -> 福島県内 | C4: =IF(設定!J3="-","-",TEXT(設定!J3,"#,##0"))&設定!H3 -> 33番目 | D4: =IF(設定!K3="-","-",TEXT(設定!K3,"#,##0"))&設定!H4 -> 59保険者
B5: =設定!I4 -> 全国 | C5: =IF(設定!J4="-","-",TEXT(設定!J4,"#,##0"))&設定!H3 -> 605番目 | D5: =IF(設定!K4="-","-",TEXT(設定!K4,"#,##0"))&設定!H4 -> 1,571保険者

Sheet 設定
A2: 表示用 | B2: タイトル | C2: サブタイトル | D2: 表示用 | E2: 軸ラベル | F2: 単位 | G2: 都道府県 | H2: 順位単位 | I2: 順位地域 | J2: 順位情報 | L2: 順位表示時点：年次 | M2: 順位表示時点：月次
A3: =#REF!&"（"&#REF!&"）" -> #REF! | B3: 保険料額の推移 | C3: 北塩原村 | D3: =E3&"("&F3&")" -> 金額(円) | E3: 金額 | F3: 円 | G3: 福島県 | H3: 番目 | I3: 福島県 | J3: 33 | K3: 59 | L3: 8 | M3: 3
A4: =C3&"の"&B3 -> 北塩原村の保険料額の推移 | H4: 保険者 | I4: 全国 | J4: 605 | K4: 1571
