Workbook
Name グラフ選択: #REF!
Name グラフ選択: #REF!
Name サービス: #REF!
Name サービス: #REF!
Name サービス選択: #REF!
Name サービス選択: #REF!
Name サービス名: #REF!
Name サービス名: #REF!
Name 在宅サービス: #REF!
Name 在宅サービス: #REF!
Name 施設・居住系サービス: #REF!
Name 施設・居住系サービス: #REF!
Name 推計パターン名: '1_推計値サマリ'!$S$5
Name 選択肢: #REF!
Name 選択肢: #REF!
Name 年度選択: #REF!
Name 年度選択: #REF!
Name 年度選択: #REF!
Name 保険者番号: '1_推計値サマリ'!$S$4
Name 保険者名: '1_推計値サマリ'!$S$3

Sheet 1_推計値サマリ
A1: 第9期介護保険事業（支援）計画策定に向けたワークシート 【総括表】
S2: 出力日： | T2: 2023/10/05
Q3: 保険者名 | S3: 川崎町
Q4: 保険者番号 | S4: 04324
Q5: 推計パターン名 | S5: 第9期川崎町介護保険（R5.8.12）
A6: （１）推計値サマリ
A8: １．被保険者数（年度別）
T9: 単位：人
D10: 令和3年度 | E10: 令和4年度 | F10: 令和5年度 | G10: 令和6年度 | H10: 令和7年度 | I10: 令和8年度 | J10: 伸び率① ※１ | K10: 令和12年度 | L10: 伸び率① ※２ | M10: 令和17年度 | N10: 伸び率① ※２ | O10: 令和22年度 | P10: 伸び率① ※２ | Q10: 令和27年度 | R10: 伸び率① ※２ | S10: 令和32年度 | T10: 伸び率① ※２
A11: 総数 | D11: =SUM(D12:D13) -> 5946 | E11: =SUM(E12:E13) -> 5902 | F11: =SUM(F12:F13) -> 5856 | G11: =SUM(G12:G13) -> 5811 | H11: =SUM(H12:H13) -> 5766 | I11: =SUM(I12:I13) -> 5707 | J11: =IFERROR((SUM(G11:I11)/3)/F11,"－") -> 0.98383424 | K11: =SUM(K12:K13) -> 5460 | L11: =IFERROR(K11/F11,"－") -> 0.93237705 | M11: =SUM(M12:M13) -> 5073 | N11: =IFERROR(M11/F11,"－") -> 0.86629098 | O11: =SUM(O12:O13) -> 4635 | P11: =IFERROR(O11/F11,"－") -> 0.7914959 | Q11: =SUM(Q12:Q13) -> 4090 | R11: =IFERROR(Q11/F11,"－") -> 0.69842896 | S11: =SUM(S12:S13) -> 3686 | T11: =IFERROR(S11/F11,"－") -> 0.62943989
B12: 第1号被保険者数 | D12: 3261 | E12: 3273 | F12: 3281 | G12: 3292 | H12: 3302 | I12: 3281 | J12: =IFERROR((SUM(G12:I12)/3)/F12,"－") -> 1.003251 | K12: 3186 | L12: =IFERROR(K12/F12,"－") -> 0.97104541 | M12: 3032 | N12: =IFERROR(M12/F12,"－") -> 0.9241085 | O12: 2904 | P12: =IFERROR(O12/F12,"－") -> 0.88509601 | Q12: 2658 | R12: =IFERROR(Q12/F12,"－") -> 0.81011887 | S12: 2501 | T12: =IFERROR(S12/F12,"－") -> 0.7622676
B13: 第2号被保険者数 | D13: 2685 | E13: 2629 | F13: 2575 | G13: 2519 | H13: 2464 | I13: 2426 | J13: =IFERROR((SUM(G13:I13)/3)/F13,"－") -> 0.95909385 | K13: 2274 | L13: =IFERROR(K13/F13,"－") -> 0.8831068 | M13: 2041 | N13: =IFERROR(M13/F13,"－") -> 0.79262136 | O13: 1731 | P13: =IFERROR(O13/F13,"－") -> 0.67223301 | Q13: 1432 | R13: =IFERROR(Q13/F13,"－") -> 0.5561165 | S13: 1185 | T13: =IFERROR(S13/F13,"－") -> 0.46019417
G14: ※１：第9期平均値/令和5年度の値*100 | K14: ※２：令和12（17,22,27,30）年度の値/令和5年度の値*100
A16: ２．要介護（支援）認定者数
T17: 単位：人
D18: 令和3年度 | E18: 令和4年度 | F18: 令和5年度 | G18: 令和6年度 | H18: 令和7年度 | I18: 令和8年度 | J18: 伸び率① ※１ | K18: 令和12年度 | L18: 伸び率① ※２ | M18: 令和17年度 | N18: 伸び率① ※２ | O18: 令和22年度 | P18: 伸び率① ※２ | Q18: 令和27年度 | R18: 伸び率① ※２ | S18: 令和32年度 | T18: 伸び率① ※２
A19: 総数 | D19: =SUM(D20:D26) -> 568 | E19: =SUM(E20:E26) -> 575 | F19: =SUM(F20:F26) -> 578 | G19: =SUM(G20:G26) -> 578 | H19: =SUM(H20:H26) -> 579 | I19: =SUM(I20:I26) -> 582 | J19: =IFERROR((SUM(G19:I19)/3)/F19,"－") -> 1.0028835 | K19: =SUM(K20:K26) -> 618 | L19: =IFERROR(K19/F19,"－") -> 1.0692042 | M19: =SUM(M20:M26) -> 675 | N19: =IFERROR(M19/F19,"－") -> 1.1678201 | O19: =SUM(O20:O26) -> 710 | P19: =IFERROR(O19/F19,"－") -> 1.2283737 | Q19: =SUM(Q20:Q26) -> 663 | R19: =IFERROR(Q19/F19,"－") -> 1.1470588 | S19: =SUM(S20:S26) -> 643 | T19: =IFERROR(S19/F19,"－") -> 1.1124567
C20: 要支援1 | D20: 19 | E20: 26 | F20: 31 | G20: 31 | H20: 32 | I20: 33 | J20: =IFERROR((SUM(G20:I20)/3)/F20,"－") -> 1.0322581 | K20: 36 | L20: =IFERROR(K20/F20,"－") -> 1.1612903 | M20: 38 | N20: =IFERROR(M20/F20,"－") -> 1.2258065 | O20: 37 | P20: =IFERROR(O20/F20,"－") -> 1.1935484 | Q20: 35 | R20: =IFERROR(Q20/F20,"－") -> 1.1290323 | S20: 31 | T20: =IFERROR(S20/F20,"－") -> 1
C21: 要支援2 | D21: 93 | E21: 90 | F21: 92 | G21: 91 | H21: 91 | I21: 91 | J21: =IFERROR((SUM(G21:I21)/3)/F21,"－") -> 0.98913043 | K21: 101 | L21: =IFERROR(K21/F21,"－") -> 1.0978261 | M21: 108 | N21: =IFERROR(M21/F21,"－") -> 1.173913 | O21: 108 | P21: =IFERROR(O21/F21,"－") -> 1.173913 | Q21: 94 | R21: =IFERROR(Q21/F21,"－") -> 1.0217391 | S21: 91 | T21: =IFERROR(S21/F21,"－") -> 0.98913043
C22: 要介護1 | D22: 43 | E22: 61 | F22: 59 | G22: 63 | H22: 61 | I22: 60 | J22: =IFERROR((SUM(G22:I22)/3)/F22,"－") -> 1.039548 | K22: 65 | L22: =IFERROR(K22/F22,"－") -> 1.1016949 | M22: 77 | N22: =IFERROR(M22/F22,"－") -> 1.3050847 | O22: 82 | P22: =IFERROR(O22/F22,"－") -> 1.3898305 | Q22: 74 | R22: =IFERROR(Q22/F22,"－") -> 1.2542373 | S22: 70 | T22: =IFERROR(S22/F22,"－") -> 1.1864407
C23: 要介護2 | D23: 145 | E23: 142 | F23: 140 | G23: 140 | H23: 141 | I23: 143 | J23: =IFERROR((SUM(G23:I23)/3)/F23,"－") -> 1.0095238 | K23: 146 | L23: =IFERROR(K23/F23,"－") -> 1.0428571 | M23: 166 | N23: =IFERROR(M23/F23,"－") -> 1.1857143 | O23: 171 | P23: =IFERROR(O23/F23,"－") -> 1.2214286 | Q23: 158 | R23: =IFERROR(Q23/F23,"－") -> 1.1285714 | S23: 150 | T23: =IFERROR(S23/F23,"－") -> 1.0714286
C24: 要介護3 | D24: 128 | E24: 98 | F24: 96 | G24: 90 | H24: 91 | I24: 91 | J24: =IFERROR((SUM(G24:I24)/3)/F24,"－") -> 0.94444444 | K24: 95 | L24: =IFERROR(K24/F24,"－") -> 0.98958333 | M24: 101 | N24: =IFERROR(M24/F24,"－") -> 1.0520833 | O24: 109 | P24: =IFERROR(O24/F24,"－") -> 1.1354167 | Q24: 105 | R24: =IFERROR(Q24/F24,"－") -> 1.09375 | S24: 103 | T24: =IFERROR(S24/F24,"－") -> 1.0729167
C25: 要介護4 | D25: 82 | E25: 95 | F25: 96 | G25: 99 | H25: 99 | I25: 100 | J25: =IFERROR((SUM(G25:I25)/3)/F25,"－") -> 1.0347222 | K25: 109 | L25: =IFERROR(K25/F25,"－") -> 1.1354167 | M25: 112 | N25: =IFERROR(M25/F25,"－") -> 1.1666667 | O25: 123 | P25: =IFERROR(O25/F25,"－") -> 1.28125 | Q25: 122 | R25: =IFERROR(Q25/F25,"－") -> 1.2708333 | S25: 123 | T25: =IFERROR(S25/F25,"－") -> 1.28125
C26: 要介護5 | D26: 58 | E26: 63 | F26: 64 | G26: 64 | H26: 64 | I26: 64 | J26: =IFERROR((SUM(G26:I26)/3)/F26,"－") -> 1 | K26: 66 | L26: =IFERROR(K26/F26,"－") -> 1.03125 | M26: 73 | N26: =IFERROR(M26/F26,"－") -> 1.140625 | O26: 80 | P26: =IFERROR(O26/F26,"－") -> 1.25 | Q26: 75 | R26: =IFERROR(Q26/F26,"－") -> 1.171875 | S26: 75 | T26: =IFERROR(S26/F26,"－") -> 1.171875
B27: うち第1号被保険者数 | D27: =SUM(D28:D34) -> 561 | E27: =SUM(E28:E34) -> 568 | F27: =SUM(F28:F34) -> 570 | G27: =SUM(G28:G34) -> 570 | H27: =SUM(H28:H34) -> 571 | I27: =SUM(I28:I34) -> 574 | J27: =IFERROR((SUM(G27:I27)/3)/F27,"－") -> 1.002924 | K27: =SUM(K28:K34) -> 610 | L27: =IFERROR(K27/F27,"－") -> 1.0701754 | M27: =SUM(M28:M34) -> 668 | N27: =IFERROR(M27/F27,"－") -> 1.1719298 | O27: =SUM(O28:O34) -> 704 | P27: =IFERROR(O27/F27,"－") -> 1.2350877 | Q27: =SUM(Q28:Q34) -> 658 | R27: =IFERROR(Q27/F27,"－") -> 1.154386 | S27: =SUM(S28:S34) -> 639 | T27: =IFERROR(S27/F27,"－") -> 1.1210526
C28: 要支援1 | D28: 19 | E28: 25 | F28: 30 | G28: 30 | H28: 31 | I28: 32 | J28: =IFERROR((SUM(G28:I28)/3)/F28,"－") -> 1.0333333 | K28: 35 | L28: =IFERROR(K28/F28,"－") -> 1.1666667 | M28: 37 | N28: =IFERROR(M28/F28,"－") -> 1.2333333 | O28: 36 | P28: =IFERROR(O28/F28,"－") -> 1.2 | Q28: 34 | R28: =IFERROR(Q28/F28,"－") -> 1.1333333 | S28: 30 | T28: =IFERROR(S28/F28,"－") -> 1
C29: 要支援2 | D29: 91 | E29: 87 | F29: 90 | G29: 89 | H29: 89 | I29: 89 | J29: =IFERROR((SUM(G29:I29)/3)/F29,"－") -> 0.98888889 | K29: 99 | L29: =IFERROR(K29/F29,"－") -> 1.1 | M29: 106 | N29: =IFERROR(M29/F29,"－") -> 1.1777778 | O29: 107 | P29: =IFERROR(O29/F29,"－") -> 1.1888889 | Q29: 93 | R29: =IFERROR(Q29/F29,"－") -> 1.0333333 | S29: 90 | T29: =IFERROR(S29/F29,"－") -> 1
C30: 要介護1 | D30: 43 | E30: 61 | F30: 59 | G30: 63 | H30: 61 | I30: 60 | J30: =IFERROR((SUM(G30:I30)/3)/F30,"－") -> 1.039548 | K30: 65 | L30: =IFERROR(K30/F30,"－") -> 1.1016949 | M30: 77 | N30: =IFERROR(M30/F30,"－") -> 1.3050847 | O30: 82 | P30: =IFERROR(O30/F30,"－") -> 1.3898305 | Q30: 74 | R30: =IFERROR(Q30/F30,"－") -> 1.2542373 | S30: 70 | T30: =IFERROR(S30/F30,"－") -> 1.1864407
C31: 要介護2 | D31: 143 | E31: 141 | F31: 137 | G31: 137 | H31: 138 | I31: 140 | J31: =IFERROR((SUM(G31:I31)/3)/F31,"－") -> 1.0097324 | K31: 143 | L31: =IFERROR(K31/F31,"－") -> 1.0437956 | M31: 164 | N31: =IFERROR(M31/F31,"－") -> 1.1970803 | O31: 169 | P31: =IFERROR(O31/F31,"－") -> 1.2335766 | Q31: 156 | R31: =IFERROR(Q31/F31,"－") -> 1.1386861 | S31: 149 | T31: =IFERROR(S31/F31,"－") -> 1.0875912
C32: 要介護3 | D32: 127 | E32: 98 | F32: 96 | G32: 90 | H32: 91 | I32: 91 | J32: =IFERROR((SUM(G32:I32)/3)/F32,"－") -> 0.94444444 | K32: 95 | L32: =IFERROR(K32/F32,"－") -> 0.98958333 | M32: 101 | N32: =IFERROR(M32/F32,"－") -> 1.0520833 | O32: 109 | P32: =IFERROR(O32/F32,"－") -> 1.1354167 | Q32: 105 | R32: =IFERROR(Q32/F32,"－") -> 1.09375 | S32: 103 | T32: =IFERROR(S32/F32,"－") -> 1.0729167
C33: 要介護4 | D33: 81 | E33: 95 | F33: 96 | G33: 99 | H33: 99 | I33: 100 | J33: =IFERROR((SUM(G33:I33)/3)/F33,"－") -> 1.0347222 | K33: 109 | L33: =IFERROR(K33/F33,"－") -> 1.1354167 | M33: 112 | N33: =IFERROR(M33/F33,"－") -> 1.1666667 | O33: 123 | P33: =IFERROR(O33/F33,"－") -> 1.28125 | Q33: 122 | R33: =IFERROR(Q33/F33,"－") -> 1.2708333 | S33: 123 | T33: =IFERROR(S33/F33,"－") -> 1.28125
C34: 要介護5 | D34: 57 | E34: 61 | F34: 62 | G34: 62 | H34: 62 | I34: 62 | J34: =IFERROR((SUM(G34:I34)/3)/F34,"－") -> 1 | K34: 64 | L34: =IFERROR(K34/F34,"－") -> 1.0322581 | M34: 71 | N34: =IFERROR(M34/F34,"－") -> 1.1451613 | O34: 78 | P34: =IFERROR(O34/F34,"－") -> 1.2580645 | Q34: 74 | R34: =IFERROR(Q34/F34,"－") -> 1.1935484 | S34: 74 | T34: =IFERROR(S34/F34,"－") -> 1.1935484
G35: ※１：第9期平均値/令和5年度の値*100 | K35: ※２：令和12（17,22,27,30）年度の値/令和5年度の値*100
A37: ３．介護予防サービス見込量
T38: 単位：千円
D39: 令和3年度 | E39: 令和4年度 | F39: 令和5年度 | G39: 令和6年度 | H39: 令和7年度 | I39: 令和8年度 | J39: 伸び率① ※１ | K39: 令和12年度 | L39: 伸び率① ※２ | M39: 令和17年度 | N39: 伸び率① ※２ | O39: 令和22年度 | P39: 伸び率① ※２ | Q39: 令和27年度 | R39: 伸び率① ※２ | S39: 令和32年度 | T39: 伸び率① ※２
A40: （１）在宅サービス | D40: =('2_サービス別給付費'!D12+'2_サービス別給付費'!D14+'2_サービス別給付費'!D17+'2_サービス別給付費'!D20+'2_サービス別給付費'!D23+'2_サービス別給付費'!D25+'2_サービス別給付費'!D27+'2_サービス別給付費'!D29+'2_サービス別給付費'!D32+'2_サービス別給付費'!D35+'2_サービス別給付費'!D38+'2_サービス別給付費'!D41+'2_サービス別給付費'!D43+'2_サービス別給付費'!D45+'2_サービス別給付費'!D50+'2_サービス別給付費'!D53+'2_サービス別給付費'!D57) -> 26821.834 | E40: =('2_サービス別給付費'!E12+'2_サービス別給付費'!E14+'2_サービス別給付費'!E17+'2_サービス別給付費'!E20+'2_サービス別給付費'!E23+'2_サービス別給付費'!E25+'2_サービス別給付費'!E27+'2_サービス別給付費'!E29+'2_サービス別給付費'!E32+'2_サービス別給付費'!E35+'2_サービス別給付費'!E38+'2_サービス別給付費'!E41+'2_サービス別給付費'!E43+'2_サービス別給付費'!E45+'2_サービス別給付費'!E50+'2_サービス別給付費'!E53+'2_サービス別給付費'!E57) -> 28327.08 | F40: =('2_サービス別給付費'!F12+'2_サービス別給付費'!F14+'2_サービス別給付費'!F17+'2_サービス別給付費'!F20+'2_サービス別給付費'!F23+'2_サービス別給付費'!F25+'2_サービス別給付費'!F27+'2_サービス別給付費'!F29+'2_サービス別給付費'!F32+'2_サービス別給付費'!F35+'2_サービス別給付費'!F38+'2_サービス別給付費'!F41+'2_サービス別給付費'!F43+'2_サービス別給付費'!F45+'2_サービス別給付費'!F50+'2_サービス別給付費'!F53+'2_サービス別給付費'!F57) -> 28263.688 | G40: =('2_サービス別給付費'!G12+'2_サービス別給付費'!G14+'2_サービス別給付費'!G17+'2_サービス別給付費'!G20+'2_サービス別給付費'!G23+'2_サービス別給付費'!G25+'2_サービス別給付費'!G27+'2_サービス別給付費'!G29+'2_サービス別給付費'!G32+'2_サービス別給付費'!G35+'2_サービス別給付費'!G38+'2_サービス別給付費'!G41+'2_サービス別給付費'!G43+'2_サービス別給付費'!G45+'2_サービス別給付費'!G50+'2_サービス別給付費'!G53+'2_サービス別給付費'!G57) -> 28209 | H40: =('2_サービス別給付費'!H12+'2_サービス別給付費'!H14+'2_サービス別給付費'!H17+'2_サービス別給付費'!H20+'2_サービス別給付費'!H23+'2_サービス別給付費'!H25+'2_サービス別給付費'!H27+'2_サービス別給付費'!H29+'2_サービス別給付費'!H32+'2_サービス別給付費'!H35+'2_サービス別給付費'!H38+'2_サービス別給付費'!H41+'2_サービス別給付費'!H43+'2_サービス別給付費'!H45+'2_サービス別給付費'!H50+'2_サービス別給付費'!H53+'2_サービス別給付費'!H57) -> 28209 | I40: =('2_サービス別給付費'!I12+'2_サービス別給付費'!I14+'2_サービス別給付費'!I17+'2_サービス別給付費'!I20+'2_サービス別給付費'!I23+'2_サービス別給付費'!I25+'2_サービス別給付費'!I27+'2_サービス別給付費'!I29+'2_サービス別給付費'!I32+'2_サービス別給付費'!I35+'2_サービス別給付費'!I38+'2_サービス別給付費'!I41+'2_サービス別給付費'!I43+'2_サービス別給付費'!I45+'2_サービス別給付費'!I50+'2_サービス別給付費'!I53+'2_サービス別給付費'!I57) -> 29004 | J40: =IFERROR((SUM(G40:I40)/3)/F40,"－") -> 1.0074411 | K40: =('2_サービス別給付費'!K12+'2_サービス別給付費'!K14+'2_サービス別給付費'!K17+'2_サービス別給付費'!K20+'2_サービス別給付費'!K23+'2_サービス別給付費'!K25+'2_サービス別給付費'!K27+'2_サービス別給付費'!K29+'2_サービス別給付費'!K32+'2_サービス別給付費'!K35+'2_サービス別給付費'!K38+'2_サービス別給付費'!K41+'2_サービス別給付費'!K43+'2_サービス別給付費'!K45+'2_サービス別給付費'!K50+'2_サービス別給付費'!K53+'2_サービス別給付費'!K57) -> 30614 | L40: =IFERROR(K40/F40,"－") -> 1.0831566 | M40: =('2_サービス別給付費'!M12+'2_サービス別給付費'!M14+'2_サービス別給付費'!M17+'2_サービス別給付費'!M20+'2_サービス別給付費'!M23+'2_サービス別給付費'!M25+'2_サービス別給付費'!M27+'2_サービス別給付費'!M29+'2_サービス別給付費'!M32+'2_サービス別給付費'!M35+'2_サービス別給付費'!M38+'2_サービス別給付費'!M41+'2_サービス別給付費'!M43+'2_サービス別給付費'!M45+'2_サービス別給付費'!M50+'2_サービス別給付費'!M53+'2_サービス別給付費'!M57) -> 33850 | N40: =IFERROR(M40/F40,"－") -> 1.1976498 | O40: =('2_サービス別給付費'!O12+'2_サービス別給付費'!O14+'2_サービス別給付費'!O17+'2_サービス別給付費'!O20+'2_サービス別給付費'!O23+'2_サービス別給付費'!O25+'2_サービス別給付費'!O27+'2_サービス別給付費'!O29+'2_サービス別給付費'!O32+'2_サービス別給付費'!O35+'2_サービス別給付費'!O38+'2_サービス別給付費'!O41+'2_サービス別給付費'!O43+'2_サービス別給付費'!O45+'2_サービス別給付費'!O50+'2_サービス別給付費'!O53+'2_サービス別給付費'!O57) -> 33850 | P40: =IFERROR(O40/F40,"－") -> 1.1976498 | Q40: =('2_サービス別給付費'!Q12+'2_サービス別給付費'!Q14+'2_サービス別給付費'!Q17+'2_サービス別給付費'!Q20+'2_サービス別給付費'!Q23+'2_サービス別給付費'!Q25+'2_サービス別給付費'!Q27+'2_サービス別給付費'!Q29+'2_サービス別給付費'!Q32+'2_サービス別給付費'!Q35+'2_サービス別給付費'!Q38+'2_サービス別給付費'!Q41+'2_サービス別給付費'!Q43+'2_サービス別給付費'!Q45+'2_サービス別給付費'!Q50+'2_サービス別給付費'!Q53+'2_サービス別給付費'!Q57) -> 29162 | R40: =IFERROR(Q40/F40,"－") -> 1.0317833 | S40: =('2_サービス別給付費'!S12+'2_サービス別給付費'!S14+'2_サービス別給付費'!S17+'2_サービス別給付費'!S20+'2_サービス別給付費'!S23+'2_サービス別給付費'!S25+'2_サービス別給付費'!S27+'2_サービス別給付費'!S29+'2_サービス別給付費'!S32+'2_サービス別給付費'!S35+'2_サービス別給付費'!S38+'2_サービス別給付費'!S41+'2_サービス別給付費'!S43+'2_サービス別給付費'!S45+'2_サービス別給付費'!S50+'2_サービス別給付費'!S53+'2_サービス別給付費'!S57) -> 28209 | T40: =IFERROR(S40/F40,"－") -> 0.99806509
A41: （２）居住系サービス | D41: =('2_サービス別給付費'!D47+'2_サービス別給付費'!D55) -> 0 | E41: =('2_サービス別給付費'!E47+'2_サービス別給付費'!E55) -> 0 | F41: =('2_サービス別給付費'!F47+'2_サービス別給付費'!F55) -> 0 | G41: =('2_サービス別給付費'!G47+'2_サービス別給付費'!G55) -> 0 | H41: =('2_サービス別給付費'!H47+'2_サービス別給付費'!H55) -> 0 | I41: =('2_サービス別給付費'!I47+'2_サービス別給付費'!I55) -> 0 | J41: =IFERROR((SUM(G41:I41)/3)/F41,"－") -> － | K41: =('2_サービス別給付費'!K47+'2_サービス別給付費'!K55) -> 0 | L41: =IFERROR(K41/F41,"－") -> － | M41: =('2_サービス別給付費'!M47+'2_サービス別給付費'!M55) -> 0 | N41: =IFERROR(M41/F41,"－") -> － | O41: =('2_サービス別給付費'!O47+'2_サービス別給付費'!O55) -> 0 | P41: =IFERROR(O41/F41,"－") -> － | Q41: =('2_サービス別給付費'!Q47+'2_サービス別給付費'!Q55) -> 0 | R41: =IFERROR(Q41/F41,"－") -> － | S41: =('2_サービス別給付費'!S47+'2_サービス別給付費'!S55) -> 0 | T41: =IFERROR(S41/F41,"－") -> －
A42: 合計 | D42: =SUM(D40:D41) -> 26821.834 | E42: =SUM(E40:E41) -> 28327.08 | F42: =SUM(F40:F41) -> 28263.688 | G42: =SUM(G40:G41) -> 28209 | H42: =SUM(H40:H41) -> 28209 | I42: =SUM(I40:I41) -> 29004 | J42: =IFERROR((SUM(G42:I42)/3)/F42,"－") -> 1.0074411 | K42: =SUM(K40:K41) -> 30614 | L42: =IFERROR(K42/F42,"－") -> 1.0831566 | M42: =SUM(M40:M41) -> 33850 | N42: =IFERROR(M42/F42,"－") -> 1.1976498 | O42: =SUM(O40:O41) -> 33850 | P42: =IFERROR(O42/F42,"－") -> 1.1976498 | Q42: =SUM(Q40:Q41) -> 29162 | R42: =IFERROR(Q42/F42,"－") -> 1.0317833 | S42: =SUM(S40:S41) -> 28209 | T42: =IFERROR(S42/F42,"－") -> 0.99806509
G43: ※１：第9期平均値/令和5年度の値*100 | K43: ※２：令和12（17,22,27,30）年度の値/令和5年度の値*100
A59: ４．介護サービス見込量
T60: 単位：千円
D61: 令和3年度 | E61: 令和4年度 | F61: 令和5年度 | G61: 令和6年度 | H61: 令和7年度 | I61: 令和8年度 | J61: 伸び率① ※１ | K61: 令和12年度 | L61: 伸び率① ※２ | M61: 令和17年度 | N61: 伸び率① ※２ | O61: 令和22年度 | P61: 伸び率① ※２ | Q61: 令和27年度 | R61: 伸び率① ※２ | S61: 令和32年度 | T61: 伸び率① ※２
A62: （１）在宅サービス | D62: =('2_サービス別給付費'!D66+'2_サービス別給付費'!D69+'2_サービス別給付費'!D72+'2_サービス別給付費'!D75+'2_サービス別給付費'!D78+ '2_サービス別給付費'!D80+'2_サービス別給付費'!D83+'2_サービス別給付費'!D86+'2_サービス別給付費'!D89+'2_サービス別給付費'!D92+ '2_サービス別給付費'!D95+'2_サービス別給付費'!D98+'2_サービス別給付費'!D100+'2_サービス別給付費'!D102+'2_サービス別給付費'!D107+ '2_サービス別給付費'!D109+'2_サービス別給付費'!D114+'2_サービス別給付費'!D117+'2_サービス別給付費'!D125+'2_サービス別給付費'!D111+'2_サービス別給付費'!D138) -> 339235.55 | E62: =('2_サービス別給付費'!E66+'2_サービス別給付費'!E69+'2_サービス別給付費'!E72+'2_サービス別給付費'!E75+'2_サービス別給付費'!E78+ '2_サービス別給付費'!E80+'2_サービス別給付費'!E83+'2_サービス別給付費'!E86+'2_サービス別給付費'!E89+'2_サービス別給付費'!E92+ '2_サービス別給付費'!E95+'2_サービス別給付費'!E98+'2_サービス別給付費'!E100+'2_サービス別給付費'!E102+'2_サービス別給付費'!E107+ '2_サービス別給付費'!E109+'2_サービス別給付費'!E114+'2_サービス別給付費'!E117+'2_サービス別給付費'!E125+'2_サービス別給付費'!E111+'2_サービス別給付費'!E138) -> 311215.09 | F62: =('2_サービス別給付費'!F66+'2_サービス別給付費'!F69+'2_サービス別給付費'!F72+'2_サービス別給付費'!F75+'2_サービス別給付費'!F78+ '2_サービス別給付費'!F80+'2_サービス別給付費'!F83+'2_サービス別給付費'!F86+'2_サービス別給付費'!F89+'2_サービス別給付費'!F92+ '2_サービス別給付費'!F95+'2_サービス別給付費'!F98+'2_サービス別給付費'!F100+'2_サービス別給付費'!F102+'2_サービス別給付費'!F107+ '2_サービス別給付費'!F109+'2_サービス別給付費'!F114+'2_サービス別給付費'!F117+'2_サービス別給付費'!F125+'2_サービス別給付費'!F111+'2_サービス別給付費'!F138) -> 336001.05 | G62: =('2_サービス別給付費'!G66+'2_サービス別給付費'!G69+'2_サービス別給付費'!G72+'2_サービス別給付費'!G75+'2_サービス別給付費'!G78+ '2_サービス別給付費'!G80+'2_サービス別給付費'!G83+'2_サービス別給付費'!G86+'2_サービス別給付費'!G89+'2_サービス別給付費'!G92+ '2_サービス別給付費'!G95+'2_サービス別給付費'!G98+'2_サービス別給付費'!G100+'2_サービス別給付費'!G102+'2_サービス別給付費'!G107+ '2_サービス別給付費'!G109+'2_サービス別給付費'!G114+'2_サービス別給付費'!G117+'2_サービス別給付費'!G125+'2_サービス別給付費'!G111+'2_サービス別給付費'!G138+'2_サービス別給付費'!G127) -> 335957 | H62: =('2_サービス別給付費'!H66+'2_サービス別給付費'!H69+'2_サービス別給付費'!H72+'2_サービス別給付費'!H75+'2_サービス別給付費'!H78+ '2_サービス別給付費'!H80+'2_サービス別給付費'!H83+'2_サービス別給付費'!H86+'2_サービス別給付費'!H89+'2_サービス別給付費'!H92+ '2_サービス別給付費'!H95+'2_サービス別給付費'!H98+'2_サービス別給付費'!H100+'2_サービス別給付費'!H102+'2_サービス別給付費'!H107+ '2_サービス別給付費'!H109+'2_サービス別給付費'!H114+'2_サービス別給付費'!H117+'2_サービス別給付費'!H125+'2_サービス別給付費'!H111+'2_サービス別給付費'!H138+'2_サービス別給付費'!H127) -> 337434 | I62: =('2_サービス別給付費'!I66+'2_サービス別給付費'!I69+'2_サービス別給付費'!I72+'2_サービス別給付費'!I75+'2_サービス別給付費'!I78+ '2_サービス別給付費'!I80+'2_サービス別給付費'!I83+'2_サービス別給付費'!I86+'2_サービス別給付費'!I89+'2_サービス別給付費'!I92+ '2_サービス別給付費'!I95+'2_サービス別給付費'!I98+'2_サービス別給付費'!I100+'2_サービス別給付費'!I102+'2_サービス別給付費'!I107+ '2_サービス別給付費'!I109+'2_サービス別給付費'!I114+'2_サービス別給付費'!I117+'2_サービス別給付費'!I125+'2_サービス別給付費'!I111+'2_サービス別給付費'!I138+'2_サービス別給付費'!I127) -> 343626 | J62: =IFERROR((SUM(G62:I62)/3)/F62,"－") -> 1.0089423 | K62: =('2_サービス別給付費'!K66+'2_サービス別給付費'!K69+'2_サービス別給付費'!K72+'2_サービス別給付費'!K75+'2_サービス別給付費'!K78+ '2_サービス別給付費'!K80+'2_サービス別給付費'!K83+'2_サービス別給付費'!K86+'2_サービス別給付費'!K89+'2_サービス別給付費'!K92+ '2_サービス別給付費'!K95+'2_サービス別給付費'!K98+'2_サービス別給付費'!K100+'2_サービス別給付費'!K102+'2_サービス別給付費'!K107+ '2_サービス別給付費'!K109+'2_サービス別給付費'!K114+'2_サービス別給付費'!K117+'2_サービス別給付費'!K125+'2_サービス別給付費'!K111+'2_サービス別給付費'!K138+'2_サービス別給付費'!K127) -> 349740 | L62: =IFERROR(K62/F62,"－") -> 1.0408896 | M62: =('2_サービス別給付費'!M66+'2_サービス別給付費'!M69+'2_サービス別給付費'!M72+'2_サービス別給付費'!M75+'2_サービス別給付費'!M78+ '2_サービス別給付費'!M80+'2_サービス別給付費'!M83+'2_サービス別給付費'!M86+'2_サービス別給付費'!M89+'2_サービス別給付費'!M92+ '2_サービス別給付費'!M95+'2_サービス別給付費'!M98+'2_サービス別給付費'!M100+'2_サービス別給付費'!M102+'2_サービス別給付費'!M107+ '2_サービス別給付費'!M109+'2_サービス別給付費'!M114+'2_サービス別給付費'!M117+'2_サービス別給付費'!M125+'2_サービス別給付費'!M111+'2_サービス別給付費'!M138+'2_サービス別給付費'!M127) -> 380636 | N62: =IFERROR(M62/F62,"－") -> 1.1328417 | O62: =('2_サービス別給付費'!O66+'2_サービス別給付費'!O69+'2_サービス別給付費'!O72+'2_サービス別給付費'!O75+'2_サービス別給付費'!O78+ '2_サービス別給付費'!O80+'2_サービス別給付費'!O83+'2_サービス別給付費'!O86+'2_サービス別給付費'!O89+'2_サービス別給付費'!O92+ '2_サービス別給付費'!O95+'2_サービス別給付費'!O98+'2_サービス別給付費'!O100+'2_サービス別給付費'!O102+'2_サービス別給付費'!O107+ '2_サービス別給付費'!O109+'2_サービス別給付費'!O114+'2_サービス別給付費'!O117+'2_サービス別給付費'!O125+'2_サービス別給付費'!O111+'2_サービス別給付費'!O138+'2_サービス別給付費'!O127) -> 405309 | P62: =IFERROR(O62/F62,"－") -> 1.206273 | Q62: =('2_サービス別給付費'!Q66+'2_サービス別給付費'!Q69+'2_サービス別給付費'!Q72+'2_サービス別給付費'!Q75+'2_サービス別給付費'!Q78+ '2_サービス別給付費'!Q80+'2_サービス別給付費'!Q83+'2_サービス別給付費'!Q86+'2_サービス別給付費'!Q89+'2_サービス別給付費'!Q92+ '2_サービス別給付費'!Q95+'2_サービス別給付費'!Q98+'2_サービス別給付費'!Q100+'2_サービス別給付費'!Q102+'2_サービス別給付費'!Q107+ '2_サービス別給付費'!Q109+'2_サービス別給付費'!Q114+'2_サービス別給付費'!Q117+'2_サービス別給付費'!Q125+'2_サービス別給付費'!Q111+'2_サービス別給付費'!Q138+'2_サービス別給付費'!Q127) -> 385627 | R62: =IFERROR(Q62/F62,"－") -> 1.1476958 | S62: =('2_サービス別給付費'!S66+'2_サービス別給付費'!S69+'2_サービス別給付費'!S72+'2_サービス別給付費'!S75+'2_サービス別給付費'!S78+ '2_サービス別給付費'!S80+'2_サービス別給付費'!S83+'2_サービス別給付費'!S86+'2_サービス別給付費'!S89+'2_サービス別給付費'!S92+ '2_サービス別給付費'!S95+'2_サービス別給付費'!S98+'2_サービス別給付費'!S100+'2_サービス別給付費'!S102+'2_サービス別給付費'!S107+ '2_サービス別給付費'!S109+'2_サービス別給付費'!S114+'2_サービス別給付費'!S117+'2_サービス別給付費'!S125+'2_サービス別給付費'!S111+'2_サービス別給付費'!S138+'2_サービス別給付費'!S127) -> 373616 | T62: =IFERROR(S62/F62,"－") -> 1.1119489
A63: （２）居住系サービス | D63: =('2_サービス別給付費'!D104+'2_サービス別給付費'!D119+'2_サービス別給付費'!D121) -> 82494.476 | E63: =('2_サービス別給付費'!E104+'2_サービス別給付費'!E119+'2_サービス別給付費'!E121) -> 85194.085 | F63: =('2_サービス別給付費'!F104+'2_サービス別給付費'!F119+'2_サービス別給付費'!F121) -> 85519.68 | G63: =('2_サービス別給付費'!G104+'2_サービス別給付費'!G119+'2_サービス別給付費'!G121) -> 85520 | H63: =('2_サービス別給付費'!H104+'2_サービス別給付費'!H119+'2_サービス別給付費'!H121) -> 85520 | I63: =('2_サービス別給付費'!I104+'2_サービス別給付費'!I119+'2_サービス別給付費'!I121) -> 85520 | J63: =IFERROR((SUM(G63:I63)/3)/F63,"－") -> 1.0000037 | K63: =('2_サービス別給付費'!K104+'2_サービス別給付費'!K119+'2_サービス別給付費'!K121) -> 95280 | L63: =IFERROR(K63/F63,"－") -> 1.1141295 | M63: =('2_サービス別給付費'!M104+'2_サービス別給付費'!M119+'2_サービス別給付費'!M121) -> 101565 | N63: =IFERROR(M63/F63,"－") -> 1.1876214 | O63: =('2_サービス別給付費'!O104+'2_サービス別給付費'!O119+'2_サービス別給付費'!O121) -> 110378 | P63: =IFERROR(O63/F63,"－") -> 1.2906737 | Q63: =('2_サービス別給付費'!Q104+'2_サービス別給付費'!Q119+'2_サービス別給付費'!Q121) -> 98445 | R63: =IFERROR(Q63/F63,"－") -> 1.1511385 | S63: =('2_サービス別給付費'!S104+'2_サービス別給付費'!S119+'2_サービス別給付費'!S121) -> 95280 | T63: =IFERROR(S63/F63,"－") -> 1.1141295
A64: （３）施設サービス | D64: =('2_サービス別給付費'!D123+'2_サービス別給付費'!D130+'2_サービス別給付費'!D132+'2_サービス別給付費'!D134+'2_サービス別給付費'!D136) -> 511948.93 | E64: =('2_サービス別給付費'!E123+'2_サービス別給付費'!E130+'2_サービス別給付費'!E132+'2_サービス別給付費'!E134+'2_サービス別給付費'!E136) -> 537161.01 | F64: =('2_サービス別給付費'!F123+'2_サービス別給付費'!F130+'2_サービス別給付費'!F132+'2_サービス別給付費'!F134+'2_サービス別給付費'!F136) -> 610276.45 | G64: =('2_サービス別給付費'!G123+'2_サービス別給付費'!G130+'2_サービス別給付費'!G132+'2_サービス別給付費'!G134+'2_サービス別給付費'!G136) -> 610277 | H64: =('2_サービス別給付費'!H123+'2_サービス別給付費'!H130+'2_サービス別給付費'!H132+'2_サービス別給付費'!H134+'2_サービス別給付費'!H136) -> 610277 | I64: =('2_サービス別給付費'!I123+'2_サービス別給付費'!I130+'2_サービス別給付費'!I132+'2_サービス別給付費'!I134+'2_サービス別給付費'!I136) -> 610277 | J64: =IFERROR((SUM(G64:I64)/3)/F64,"－") -> 1.0000009 | K64: =('2_サービス別給付費'!K123+'2_サービス別給付費'!K130+'2_サービス別給付費'!K132+'2_サービス別給付費'!K134+'2_サービス別給付費'!K136) -> 646146 | L64: =IFERROR(K64/F64,"－") -> 1.0587759 | M64: =('2_サービス別給付費'!M123+'2_サービス別給付費'!M130+'2_サービス別給付費'!M132+'2_サービス別給付費'!M134+'2_サービス別給付費'!M136) -> 697035 | N64: =IFERROR(M64/F64,"－") -> 1.1421627 | O64: =('2_サービス別給付費'!O123+'2_サービス別給付費'!O130+'2_サービス別給付費'!O132+'2_サービス別給付費'!O134+'2_サービス別給付費'!O136) -> 755064 | P64: =IFERROR(O64/F64,"－") -> 1.2372491 | Q64: =('2_サービス別給付費'!Q123+'2_サービス別給付費'!Q130+'2_サービス別給付費'!Q132+'2_サービス別給付費'!Q134+'2_サービス別給付費'!Q136) -> 730047 | R64: =IFERROR(Q64/F64,"－") -> 1.1962562 | S64: =('2_サービス別給付費'!S123+'2_サービス別給付費'!S130+'2_サービス別給付費'!S132+'2_サービス別給付費'!S134+'2_サービス別給付費'!S136) -> 724679 | T64: =IFERROR(S64/F64,"－") -> 1.1874602
A65: 合計 | D65: =SUM(D62:D64) -> 933678.96 | E65: =SUM(E62:E64) -> 933570.19 | F65: =SUM(F62:F64) -> 1031797.2 | G65: =SUM(G62:G64) -> 1031754 | H65: =SUM(H62:H64) -> 1033231 | I65: =SUM(I62:I64) -> 1039423 | J65: =IFERROR((SUM(G65:I65)/3)/F65,"－") -> 1.0029129 | K65: =SUM(K62:K64) -> 1091166 | L65: =IFERROR(K65/F65,"－") -> 1.0575392 | M65: =SUM(M62:M64) -> 1179236 | N65: =IFERROR(M65/F65,"－") -> 1.1428952 | O65: =SUM(O62:O64) -> 1270751 | P65: =IFERROR(O65/F65,"－") -> 1.2315899 | Q65: =SUM(Q62:Q64) -> 1214119 | R65: =IFERROR(Q65/F65,"－") -> 1.1767032 | S65: =SUM(S62:S64) -> 1193575 | T65: =IFERROR(S65/F65,"－") -> 1.1567923
G66: ※１：第9期平均値/令和5年度の値*100 | K66: ※２：令和12（17,22,27,30）年度の値/令和5年度の値*100
A82: ５．総給付費 （３．＋４．）
T83: 単位：千円
D84: 令和3年度 | E84: 令和4年度 | F84: 令和5年度 | G84: 令和6年度 | H84: 令和7年度 | I84: 令和8年度 | J84: 伸び率① ※１ | K84: 令和12年度 | L84: 伸び率① ※２ | M84: 令和17年度 | N84: 伸び率① ※２ | O84: 令和22年度 | P84: 伸び率① ※２ | Q84: 令和27年度 | R84: 伸び率① ※２ | S84: 令和32年度 | T84: 伸び率① ※２
A85: 総給付費 | D85: =D42+D65 -> 960500.79 | E85: =E65+E42 -> 961897.27 | F85: =F65+F42 -> 1060060.9 | G85: =G65+G42 -> 1059963 | H85: =H65+H42 -> 1061440 | I85: =I65+I42 -> 1068427 | J85: =IFERROR((SUM(G85:I85)/3)/F85,"－") -> 1.0030336 | K85: =K65+K42 -> 1121780 | L85: =IFERROR(K85/F85,"－") -> 1.0582223 | M85: =M65+M42 -> 1213086 | N85: =IFERROR(M85/F85,"－") -> 1.144355 | O85: =O65+O42 -> 1304601 | P85: =IFERROR(O85/F85,"－") -> 1.230685 | Q85: =Q65+Q42 -> 1243281 | R85: =IFERROR(Q85/F85,"－") -> 1.1728393 | S85: =S65+S42 -> 1221784 | T85: =IFERROR(S85/F85,"－") -> 1.1525602
A86: ※給付費は年間累計の金額 | G86: ※１：第9期平均値/令和5年度の値*100 | K86: ※２：令和12（17,22,27,30）年度の値/令和5年度の値*100
A88: 補足．在宅サービス・施設サービスのバランス（第1号被保険者1人あたりの給付月額）
I89: 単位：千円
D90: 令和3年度 | E90: 令和4年度 | F90: 令和5年度 | G90: 令和6年度 | H90: 令和7年度 | I90: 令和8年度
A91: 在宅サービス | D91: =IFERROR((D62+D40)/D12,"－") -> 112.25311 | E91: =IFERROR((E62+E40)/E12,"－") -> 103.74035 | F91: =IFERROR((F62+F40)/F12,"－") -> 111.02247 | G91: =IFERROR((G62+G40)/G12,"－") -> 110.62151 | H91: =IFERROR((H62+H40)/H12,"－") -> 110.7338 | I91: =IFERROR((I62+I40)/I12,"－") -> 113.57208
A92: 施設サービス | D92: =IFERROR(D64/D12,"－") -> 156.99139 | E92: =IFERROR(E64/E12,"－") -> 164.11885 | F92: =IFERROR(F64/F12,"－") -> 186.00319 | G92: =IFERROR(G64/G12,"－") -> 185.38183 | H92: =IFERROR(H64/H12,"－") -> 184.82041 | I92: =IFERROR(I64/I12,"－") -> 186.00335
H106: ※左記グラフでは、在宅サービスおよび施設サービスの第1号被保険者1人あたりの給付月額のバランスについて、令和3年度～令和8年度の時系列推移を確認できます。
A113: ６．受給率
D115: 令和3年度 | E115: 令和4年度 | F115: 令和5年度 | G115: 令和6年度 | H115: 令和7年度 | I115: 令和8年度
A116: 在宅サービス受給率 | D116: =IFERROR(('2_サービス別給付費'!D54+'2_サービス別給付費'!D58+'2_サービス別給付費'!D118+'2_サービス別給付費'!D126+'2_サービス別給付費'!D139)/D12,"－") -> 0.085224369 | E116: =IFERROR(('2_サービス別給付費'!E54+'2_サービス別給付費'!E58+'2_サービス別給付費'!E118+'2_サービス別給付費'!E126+'2_サービス別給付費'!E139)/E12,"－") -> 0.084402689 | F116: =IFERROR(('2_サービス別給付費'!F54+'2_サービス別給付費'!F58+'2_サービス別給付費'!F118+'2_サービス別給付費'!F126+'2_サービス別給付費'!F139)/F12,"－") -> 0.078939348 | G116: =IFERROR(('2_サービス別給付費'!G54+'2_サービス別給付費'!G58+'2_サービス別給付費'!G118+'2_サービス別給付費'!G126+'2_サービス別給付費'!G139)/G12,"－") -> 0.078675577 | H116: =IFERROR(('2_サービス別給付費'!H54+'2_サービス別給付費'!H58+'2_サービス別給付費'!H118+'2_サービス別給付費'!H126+'2_サービス別給付費'!H139)/H12,"－") -> 0.078437311 | I116: =IFERROR(('2_サービス別給付費'!I54+'2_サービス別給付費'!I58+'2_サービス別給付費'!I118+'2_サービス別給付費'!I126+'2_サービス別給付費'!I139)/I12,"－") -> 0.079853703
A117: 施設・居住系サービス受給率 | D117: =IFERROR(('2_サービス別給付費'!D48+'2_サービス別給付費'!D56+'2_サービス別給付費'!D105+'2_サービス別給付費'!D120+'2_サービス別給付費'!D122+'2_サービス別給付費'!D124+'2_サービス別給付費'!D131+'2_サービス別給付費'!D133+'2_サービス別給付費'!D135+'2_サービス別給付費'!D137)/D12,"－") -> 0.052361239 | E117: =IFERROR(('2_サービス別給付費'!E48+'2_サービス別給付費'!E56+'2_サービス別給付費'!E105+'2_サービス別給付費'!E120+'2_サービス別給付費'!E122+'2_サービス別給付費'!E124+'2_サービス別給付費'!E131+'2_サービス別給付費'!E133+'2_サービス別給付費'!E135+'2_サービス別給付費'!E137)/E12,"－") -> 0.053849679 | F117: =IFERROR(('2_サービス別給付費'!F48+'2_サービス別給付費'!F56+'2_サービス別給付費'!F105+'2_サービス別給付費'!F120+'2_サービス別給付費'!F122+'2_サービス別給付費'!F124+'2_サービス別給付費'!F131+'2_サービス別給付費'!F133+'2_サービス別給付費'!F135+'2_サービス別給付費'!F137)/F12,"－") -> 0.0594331 | G117: =IFERROR(('2_サービス別給付費'!G48+'2_サービス別給付費'!G56+'2_サービス別給付費'!G105+'2_サービス別給付費'!G120+'2_サービス別給付費'!G122+'2_サービス別給付費'!G124+'2_サービス別給付費'!G131+'2_サービス別給付費'!G133+'2_サービス別給付費'!G135+'2_サービス別給付費'!G137)/G12,"－") -> 0.059234508 | H117: =IFERROR(('2_サービス別給付費'!H48+'2_サービス別給付費'!H56+'2_サービス別給付費'!H105+'2_サービス別給付費'!H120+'2_サービス別給付費'!H122+'2_サービス別給付費'!H124+'2_サービス別給付費'!H131+'2_サービス別給付費'!H133+'2_サービス別給付費'!H135+'2_サービス別給付費'!H137)/H12,"－") -> 0.059055118 | I117: =IFERROR(('2_サービス別給付費'!I48+'2_サービス別給付費'!I56+'2_サービス別給付費'!I105+'2_サービス別給付費'!I120+'2_サービス別給付費'!I122+'2_サービス別給付費'!I124+'2_サービス別給付費'!I131+'2_サービス別給付費'!I133+'2_サービス別給付費'!I135+'2_サービス別給付費'!I137)/I12,"－") -> 0.0594331
H131: ※左記グラフでは、在宅サービスおよび施設・居住系サービス受給率のバランスについて、令和3年度～令和8年度の時系列推移を確認できます。
B137: （補足） 在宅サービス受給率＝在宅サービス利用者数÷第1号被保険者数
B138: 施設・居住系サービス受給率＝施設・居住系サービス利用者数÷第1号被保険者数
A140: ７．介護保険料基準額（月額）
L141: 単位：円
F142: 第8期 | G142: 第9期 | H142: 令和12年度 | I142: 令和17年度 | J142: 令和22年度 | K142: 令和27年度 | L142: 令和32年度
A143: 保険料基準額（月額） | F143: 6382.5283 | G143: 7644.2121 | H143: 8737.5221 | I143: 9342.0415 | J143: 9651.9332 | K143: 9870.8316 | L143: 10722.786
A144: 保険料基準額の伸び率（％） （※当該保険料基準額/第8期保険料*100） | G144: =IFERROR(G143/F143,"－") -> 1.1976777 | H144: =IFERROR(H143/F143,"－") -> 1.3689751 | I144: =IFERROR(I143/F143,"－") -> 1.4636898 | J144: =IFERROR(J143/F143,"－") -> 1.5122429 | K144: =IFERROR(K143/F143,"－") -> 1.5465394 | L144: =IFERROR(L143/F143,"－") -> 1.6800217
A147: ８．介護保険料基準額（月額）の内訳
Q148: 単位：円
D149: 第8期 | F149: 第9期 | H149: 令和12年度 | J149: 令和17年度 | L149: 令和22年度 | N149: 令和27年度 | P149: 令和32年度
D150: 金額 | E150: 構成比(%) | F150: 金額 | G150: 構成比(%) | H150: 金額 | I150: 構成比(%) | J150: 金額 | K150: 構成比(%) | L150: 金額 | M150: 構成比(%) | N150: 金額 | O150: 構成比(%) | P150: 金額 | Q150: 構成比(%)
A151: 総給付費 | D151: 6187.2928 | E151: =IFERROR(D151/D$159,"－") -> 0.89948551 | F151: 6919.9114 | G151: =IFERROR(F151/F$159,"－") -> 0.90524848 | H151: 7933.2624 | I151: =IFERROR(H151/H$159,"－") -> 0.90795334 | J151: 8406.188 | K151: =IFERROR(J151/J$159,"－") -> 0.89982344 | L151: 8604.8957 | M151: =IFERROR(L151/L$159,"－") -> 0.89152044 | N151: 8761.2297 | O151: =IFERROR(N151/N$159,"－") -> 0.88758779 | P151: 9541.6212 | Q151: =IFERROR(P151/P$159,"－") -> 0.88984533
B152: 在宅サービス | D152: 2383.009 | E152: =IFERROR(D152/D$159,"－") -> 0.34643295 | F152: 2391.5946 | G152: =IFERROR(F152/F$159,"－") -> 0.31286345 | H152: 2689.8751 | I152: =IFERROR(H152/H$159,"－") -> 0.30785331 | J152: 2872.2178 | K152: =IFERROR(J152/J$159,"－") -> 0.30745077 | L152: 2896.6078 | M152: =IFERROR(L152/L$159,"－") -> 0.30010649 | N152: 2922.9609 | O152: =IFERROR(N152/N$159,"－") -> 0.29612103 | P152: 3138.0849 | Q152: =IFERROR(P152/P$159,"－") -> 0.29265574
B153: 居住系サービス | D153: 519.03579 | E153: =IFERROR(D153/D$159,"－") -> 0.075455484 | F153: 556.57276 | G153: =IFERROR(F153/F$159,"－") -> 0.072809695 | H153: 673.82307 | I153: =IFERROR(H153/H$159,"－") -> 0.077118325 | J153: 703.80376 | K153: =IFERROR(J153/J$159,"－") -> 0.075337254 | L153: 728.03193 | M153: =IFERROR(L153/L$159,"－") -> 0.075428612 | N153: 693.72833 | O153: =IFERROR(N153/N$159,"－") -> 0.070280637 | P153: 744.09688 | Q153: =IFERROR(P153/P$159,"－") -> 0.069393987
B154: 施設サービス | D154: 3285.2479 | E154: =IFERROR(D154/D$159,"－") -> 0.47759708 | F154: 3971.7441 | G154: =IFERROR(F154/F$159,"－") -> 0.51957533 | H154: 4569.5642 | I154: =IFERROR(H154/H$159,"－") -> 0.52298171 | J154: 4830.1664 | K154: =IFERROR(J154/J$159,"－") -> 0.51703542 | L154: 4980.256 | M154: =IFERROR(L154/L$159,"－") -> 0.51598534 | N154: 5144.5405 | O154: =IFERROR(N154/N$159,"－") -> 0.52118612 | P154: 5659.4394 | Q154: =IFERROR(P154/P$159,"－") -> 0.52779561
A155: その他給付費 | D155: 521.66068 | E155: =IFERROR(D155/D$159,"－") -> 0.075837081 | F155: 532.8067 | G155: =IFERROR(F155/F$159,"－") -> 0.069700669 | H155: 600.49296 | I155: =IFERROR(H155/H$159,"－") -> 0.068725773 | J155: 718.20406 | K155: =IFERROR(J155/J$159,"－") -> 0.076878705 | L155: 819.99665 | M155: =IFERROR(L155/L$159,"－") -> 0.084956726 | N155: 869.1688 | O155: =IFERROR(N155/N$159,"－") -> 0.088054263 | P155: 929.05558 | Q155: =IFERROR(P155/P$159,"－") -> 0.086643114
A156: 地域支援事業費 | D156: 283.00239 | E156: =IFERROR(D156/D$159,"－") -> 0.04114183 | F156: 191.494 | G156: =IFERROR(F156/F$159,"－") -> 0.025050848 | H156: 203.76673 | I156: =IFERROR(H156/H$159,"－") -> 0.023320883 | J156: 217.6495 | K156: =IFERROR(J156/J$159,"－") -> 0.023297851 | L156: 227.04086 | M156: =IFERROR(L156/L$159,"－") -> 0.023522838 | N156: 240.43318 | O156: =IFERROR(N156/N$159,"－") -> 0.024357945 | P156: 252.10936 | Q156: =IFERROR(P156/P$159,"－") -> 0.023511553
A157: 財政安定化基金（拠出金見込額＋償還金） | D157: 0 | E157: =IFERROR(D157/D$159,"－") -> 0 | F157: 0 | G157: =IFERROR(F157/F$159,"－") -> 0 | H157: 0 | I157: =IFERROR(H157/H$159,"－") -> 0 | J157: 0 | K157: =IFERROR(J157/J$159,"－") -> 0 | L157: 0 | M157: =IFERROR(L157/L$159,"－") -> 0 | N157: 0 | O157: =IFERROR(N157/N$159,"－") -> 0 | P157: 0 | Q157: =IFERROR(P157/P$159,"－") -> 0
A158: 市町村特別給付費等 | D158: -113.25388 | E158: =IFERROR(D158/D$159,"－") -> -0.016464426 | F158: 0 | G158: =IFERROR(F158/F$159,"－") -> 0 | H158: 0 | I158: =IFERROR(H158/H$159,"－") -> 0 | J158: 0 | K158: =IFERROR(J158/J$159,"－") -> 0 | L158: 0 | M158: =IFERROR(L158/L$159,"－") -> 0 | N158: 0 | O158: =IFERROR(N158/N$159,"－") -> 0 | P158: 0 | Q158: =IFERROR(P158/P$159,"－") -> 0
A159: 保険料収納必要額（月額） | D159: 6878.7019 | E159: =IFERROR(D159/D$159,"－") -> 1 | F159: 7644.2121 | G159: =IFERROR(F159/F$159,"－") -> 1 | H159: 8737.5221 | I159: =IFERROR(H159/H$159,"－") -> 1 | J159: 9342.0415 | K159: =IFERROR(J159/J$159,"－") -> 1 | L159: 9651.9332 | M159: =IFERROR(L159/L$159,"－") -> 1 | N159: 9870.8316 | O159: =IFERROR(N159/N$159,"－") -> 1 | P159: 10722.786 | Q159: =IFERROR(P159/P$159,"－") -> 1
A160: 準備基金取崩額 | D160: 496.17359 | E160: =IFERROR(D160/D$159,"－") -> 0.072131864 | F160: 0 | G160: =IFERROR(F160/F$159,"－") -> 0 | H160: 0 | I160: =IFERROR(H160/H$159,"－") -> 0 | J160: 0 | K160: =IFERROR(J160/J$159,"－") -> 0 | L160: 0 | M160: =IFERROR(L160/L$159,"－") -> 0 | N160: 0 | O160: =IFERROR(N160/N$159,"－") -> 0 | P160: 0 | Q160: =IFERROR(P160/P$159,"－") -> 0
A161: 保険料基準額（月額） | D161: 6382.5283 | E161: =IFERROR(D161/D$159,"－") -> 0.92786814 | F161: 7644.2121 | G161: =IFERROR(F161/F$159,"－") -> 1 | H161: 8737.5221 | I161: =IFERROR(H161/H$159,"－") -> 1 | J161: 9342.0415 | K161: =IFERROR(J161/J$159,"－") -> 1 | L161: 9651.9332 | M161: =IFERROR(L161/L$159,"－") -> 1 | N161: 9870.8316 | O161: =IFERROR(N161/N$159,"－") -> 1 | P161: 10722.786 | Q161: =IFERROR(P161/P$159,"－") -> 1

Sheet 2_サービス別給付費
A1: （２）サービス別給付費
S2: 出力日： | T2: ='1_推計値サマリ'!T2 -> 2023/10/05
Q3: 保険者名 | S3: =保険者名 -> 川崎町
Q4: 保険者番号 | S4: =保険者番号 -> 04324
Q5: 推計パターン名 | S5: =推計パターン名 -> 第9期川崎町介護保険（R5.8.12）
A8: １．介護予防サービス見込量
T9: 単位：各項目の（）内
D10: 令和3年度 | E10: 令和4年度 | F10: 令和5年度 | G10: 令和6年度 | H10: 令和7年度 | I10: 令和8年度 | J10: 伸び率① ※１ | K10: 令和12年度 | L10: 伸び率① ※２ | M10: 令和17年度 | N10: 伸び率① ※２ | O10: 令和22年度 | P10: 伸び率① ※２ | Q10: 令和27年度 | R10: 伸び率① ※２ | S10: 令和32年度 | T10: 伸び率① ※２
A11: （１）介護予防サービス
B12: 未使用 | C12: 給付費（千円）
C13: 人数（人）
B14: 介護予防訪問入浴介護 | C14: 給付費（千円） | D14: 0 | E14: 0 | F14: 0 | G14: 0 | H14: 0 | I14: 0 | J14: =IFERROR(SUM(G14:I14)/3/F14,"－") -> － | K14: 0 | L14: =IFERROR(K14/F14,"－") -> － | M14: 0 | N14: =IFERROR(M14/F14,"－") -> － | O14: 0 | P14: =IFERROR(O14/F14,"－") -> － | Q14: 0 | R14: =IFERROR(Q14/F14,"－") -> － | S14: 0 | T14: =IFERROR(S14/F14,"－") -> －
C15: 回数（回） | D15: 0 | E15: 0 | F15: 0 | G15: 0 | H15: 0 | I15: 0 | J15: =IFERROR(SUM(G15:I15)/3/F15,"－") -> － | K15: 0 | L15: =IFERROR(K15/F15,"－") -> － | M15: 0 | N15: =IFERROR(M15/F15,"－") -> － | O15: 0 | P15: =IFERROR(O15/F15,"－") -> － | Q15: 0 | R15: =IFERROR(Q15/F15,"－") -> － | S15: 0 | T15: =IFERROR(S15/F15,"－") -> －
C16: 人数（人） | D16: 0 | E16: 0 | F16: 0 | G16: 0 | H16: 0 | I16: 0 | J16: =IFERROR(SUM(G16:I16)/3/F16,"－") -> － | K16: 0 | L16: =IFERROR(K16/F16,"－") -> － | M16: 0 | N16: =IFERROR(M16/F16,"－") -> － | O16: 0 | P16: =IFERROR(O16/F16,"－") -> － | Q16: 0 | R16: =IFERROR(Q16/F16,"－") -> － | S16: 0 | T16: =IFERROR(S16/F16,"－") -> －
B17: 介護予防訪問看護 | C17: 給付費（千円） | D17: 0 | E17: 102.87 | F17: 0 | G17: 0 | H17: 0 | I17: 0 | J17: =IFERROR(SUM(G17:I17)/3/F17,"－") -> － | K17: 0 | L17: =IFERROR(K17/F17,"－") -> － | M17: 0 | N17: =IFERROR(M17/F17,"－") -> － | O17: 0 | P17: =IFERROR(O17/F17,"－") -> － | Q17: 0 | R17: =IFERROR(Q17/F17,"－") -> － | S17: 0 | T17: =IFERROR(S17/F17,"－") -> －
C18: 回数（回） | D18: 0 | E18: 2.5 | F18: 0 | G18: 0 | H18: 0 | I18: 0 | J18: =IFERROR(SUM(G18:I18)/3/F18,"－") -> － | K18: 0 | L18: =IFERROR(K18/F18,"－") -> － | M18: 0 | N18: =IFERROR(M18/F18,"－") -> － | O18: 0 | P18: =IFERROR(O18/F18,"－") -> － | Q18: 0 | R18: =IFERROR(Q18/F18,"－") -> － | S18: 0 | T18: =IFERROR(S18/F18,"－") -> －
C19: 人数（人） | D19: 0 | E19: 0.83333333 | F19: 0 | G19: 0 | H19: 0 | I19: 0 | J19: =IFERROR(SUM(G19:I19)/3/F19,"－") -> － | K19: 0 | L19: =IFERROR(K19/F19,"－") -> － | M19: 0 | N19: =IFERROR(M19/F19,"－") -> － | O19: 0 | P19: =IFERROR(O19/F19,"－") -> － | Q19: 0 | R19: =IFERROR(Q19/F19,"－") -> － | S19: 0 | T19: =IFERROR(S19/F19,"－") -> －
B20: 介護予防訪問リハビリテーション | C20: 給付費（千円） | D20: 2490.88 | E20: 2495.085 | F20: 2768.3796 | G20: 2768 | H20: 2768 | I20: 2768 | J20: =IFERROR(SUM(G20:I20)/3/F20,"－") -> 0.99986288 | K20: 2768 | L20: =IFERROR(K20/F20,"－") -> 0.99986288 | M20: 3562 | N20: =IFERROR(M20/F20,"－") -> 1.2866733 | O20: 3562 | P20: =IFERROR(O20/F20,"－") -> 1.2866733 | Q20: 2768 | R20: =IFERROR(Q20/F20,"－") -> 0.99986288 | S20: 2768 | T20: =IFERROR(S20/F20,"－") -> 0.99986288
C21: 回数（回） | D21: 67.083333 | E21: 75.416667 | F21: 84.1 | G21: 84.1 | H21: 84.1 | I21: 84.1 | J21: =IFERROR(SUM(G21:I21)/3/F21,"－") -> 1 | K21: 84.1 | L21: =IFERROR(K21/F21,"－") -> 1 | M21: 108.2 | N21: =IFERROR(M21/F21,"－") -> 1.2865636 | O21: 108.2 | P21: =IFERROR(O21/F21,"－") -> 1.2865636 | Q21: 84.1 | R21: =IFERROR(Q21/F21,"－") -> 1 | S21: 84.1 | T21: =IFERROR(S21/F21,"－") -> 1
C22: 人数（人） | D22: 5.1666667 | E22: 6 | F22: 7 | G22: 7 | H22: 7 | I22: 7 | J22: =IFERROR(SUM(G22:I22)/3/F22,"－") -> 1 | K22: 7 | L22: =IFERROR(K22/F22,"－") -> 1 | M22: 9 | N22: =IFERROR(M22/F22,"－") -> 1.2857143 | O22: 9 | P22: =IFERROR(O22/F22,"－") -> 1.2857143 | Q22: 7 | R22: =IFERROR(Q22/F22,"－") -> 1 | S22: 7 | T22: =IFERROR(S22/F22,"－") -> 1
B23: 介護予防居宅療養管理指導 | C23: 給付費（千円） | D23: 0 | E23: 0 | F23: 0 | G23: 0 | H23: 0 | I23: 0 | J23: =IFERROR(SUM(G23:I23)/3/F23,"－") -> － | K23: 0 | L23: =IFERROR(K23/F23,"－") -> － | M23: 0 | N23: =IFERROR(M23/F23,"－") -> － | O23: 0 | P23: =IFERROR(O23/F23,"－") -> － | Q23: 0 | R23: =IFERROR(Q23/F23,"－") -> － | S23: 0 | T23: =IFERROR(S23/F23,"－") -> －
C24: 人数（人） | D24: 0 | E24: 0 | F24: 0 | G24: 0 | H24: 0 | I24: 0 | J24: =IFERROR(SUM(G24:I24)/3/F24,"－") -> － | K24: 0 | L24: =IFERROR(K24/F24,"－") -> － | M24: 0 | N24: =IFERROR(M24/F24,"－") -> － | O24: 0 | P24: =IFERROR(O24/F24,"－") -> － | Q24: 0 | R24: =IFERROR(Q24/F24,"－") -> － | S24: 0 | T24: =IFERROR(S24/F24,"－") -> －
B25: 未使用 | C25: 給付費（千円） | N25: =IFERROR(M25/F25,"－") -> － | P25: =IFERROR(O25/F25,"－") -> － | R25: =IFERROR(Q25/F25,"－") -> － | T25: =IFERROR(S25/F25,"－") -> －
C26: 人数（人） | N26: =IFERROR(M26/F26,"－") -> － | P26: =IFERROR(O26/F26,"－") -> － | R26: =IFERROR(Q26/F26,"－") -> － | T26: =IFERROR(S26/F26,"－") -> －
B27: 介護予防通所リハビリテーション | C27: 給付費（千円） | D27: 16765.704 | E27: 18497.483 | F27: 18474.588 | G27: 18475 | H27: 18475 | I27: 19007 | J27: =IFERROR(SUM(G27:I27)/3/F27,"－") -> 1.0096211 | K27: 20073 | L27: =IFERROR(K27/F27,"－") -> 1.0865195 | M27: 21969 | N27: =IFERROR(M27/F27,"－") -> 1.189147 | O27: 21969 | P27: =IFERROR(O27/F27,"－") -> 1.189147 | Q27: 19007 | R27: =IFERROR(Q27/F27,"－") -> 1.0288186 | S27: 18475 | T27: =IFERROR(S27/F27,"－") -> 1.0000223
C28: 人数（人） | D28: 33.416667 | E28: 38.083333 | F28: 36 | G28: 36 | H28: 36 | I28: 37 | J28: =IFERROR(SUM(G28:I28)/3/F28,"－") -> 1.0092593 | K28: 39 | L28: =IFERROR(K28/F28,"－") -> 1.0833333 | M28: 43 | N28: =IFERROR(M28/F28,"－") -> 1.1944444 | O28: 43 | P28: =IFERROR(O28/F28,"－") -> 1.1944444 | Q28: 37 | R28: =IFERROR(Q28/F28,"－") -> 1.0277778 | S28: 36 | T28: =IFERROR(S28/F28,"－") -> 1
B29: 介護予防短期入所生活介護 | C29: 給付費（千円） | D29: 336.656 | E29: 34.93 | F29: 0 | G29: 0 | H29: 0 | I29: 0 | J29: =IFERROR(SUM(G29:I29)/3/F29,"－") -> － | K29: 0 | L29: =IFERROR(K29/F29,"－") -> － | M29: 0 | N29: =IFERROR(M29/F29,"－") -> － | O29: 0 | P29: =IFERROR(O29/F29,"－") -> － | Q29: 0 | R29: =IFERROR(Q29/F29,"－") -> － | S29: 0 | T29: =IFERROR(S29/F29,"－") -> －
C30: 日数（日） | D30: 4.4166667 | E30: 0.41666667 | F30: 0 | G30: 0 | H30: 0 | I30: 0 | J30: =IFERROR(SUM(G30:I30)/3/F30,"－") -> － | K30: 0 | L30: =IFERROR(K30/F30,"－") -> － | M30: 0 | N30: =IFERROR(M30/F30,"－") -> － | O30: 0 | P30: =IFERROR(O30/F30,"－") -> － | Q30: 0 | R30: =IFERROR(Q30/F30,"－") -> － | S30: 0 | T30: =IFERROR(S30/F30,"－") -> －
C31: 人数（人） | D31: 0.75 | E31: 0.16666667 | F31: 0 | G31: 0 | H31: 0 | I31: 0 | J31: =IFERROR(SUM(G31:I31)/3/F31,"－") -> － | K31: 0 | L31: =IFERROR(K31/F31,"－") -> － | M31: 0 | N31: =IFERROR(M31/F31,"－") -> － | O31: 0 | P31: =IFERROR(O31/F31,"－") -> － | Q31: 0 | R31: =IFERROR(Q31/F31,"－") -> － | S31: 0 | T31: =IFERROR(S31/F31,"－") -> －
B32: 介護予防短期入所療養介護（老健） | C32: 給付費（千円） | D32: 57.132 | E32: 0 | F32: 0 | G32: 0 | H32: 0 | I32: 0 | J32: =IFERROR(SUM(G32:I32)/3/F32,"－") -> － | K32: 0 | L32: =IFERROR(K32/F32,"－") -> － | M32: 0 | N32: =IFERROR(M32/F32,"－") -> － | O32: 0 | P32: =IFERROR(O32/F32,"－") -> － | Q32: 0 | R32: =IFERROR(Q32/F32,"－") -> － | S32: 0 | T32: =IFERROR(S32/F32,"－") -> －
C33: 日数（日） | D33: 0.66666667 | E33: 0 | F33: 0 | G33: 0 | H33: 0 | I33: 0 | J33: =IFERROR(SUM(G33:I33)/3/F33,"－") -> － | K33: 0 | L33: =IFERROR(K33/F33,"－") -> － | M33: 0 | N33: =IFERROR(M33/F33,"－") -> － | O33: 0 | P33: =IFERROR(O33/F33,"－") -> － | Q33: 0 | R33: =IFERROR(Q33/F33,"－") -> － | S33: 0 | T33: =IFERROR(S33/F33,"－") -> －
C34: 人数（人） | D34: 0.25 | E34: 0 | F34: 0 | G34: 0 | H34: 0 | I34: 0 | J34: =IFERROR(SUM(G34:I34)/3/F34,"－") -> － | K34: 0 | L34: =IFERROR(K34/F34,"－") -> － | M34: 0 | N34: =IFERROR(M34/F34,"－") -> － | O34: 0 | P34: =IFERROR(O34/F34,"－") -> － | Q34: 0 | R34: =IFERROR(Q34/F34,"－") -> － | S34: 0 | T34: =IFERROR(S34/F34,"－") -> －
B35: 介護予防短期入所療養介護（病院等） | C35: 給付費（千円） | D35: 0 | E35: 0 | F35: 0 | G35: 0 | H35: 0 | I35: 0 | J35: =IFERROR(SUM(G35:I35)/3/F35,"－") -> － | K35: 0 | L35: =IFERROR(K35/F35,"－") -> － | M35: 0 | N35: =IFERROR(M35/F35,"－") -> － | O35: 0 | P35: =IFERROR(O35/F35,"－") -> － | Q35: 0 | R35: =IFERROR(Q35/F35,"－") -> － | S35: 0 | T35: =IFERROR(S35/F35,"－") -> －
C36: 日数（日） | D36: 0 | E36: 0 | F36: 0 | G36: 0 | H36: 0 | I36: 0 | J36: =IFERROR(SUM(G36:I36)/3/F36,"－") -> － | K36: 0 | L36: =IFERROR(K36/F36,"－") -> － | M36: 0 | N36: =IFERROR(M36/F36,"－") -> － | O36: 0 | P36: =IFERROR(O36/F36,"－") -> － | Q36: 0 | R36: =IFERROR(Q36/F36,"－") -> － | S36: 0 | T36: =IFERROR(S36/F36,"－") -> －
C37: 人数（人） | D37: 0 | E37: 0 | F37: 0 | G37: 0 | H37: 0 | I37: 0 | J37: =IFERROR(SUM(G37:I37)/3/F37,"－") -> － | K37: 0 | L37: =IFERROR(K37/F37,"－") -> － | M37: 0 | N37: =IFERROR(M37/F37,"－") -> － | O37: 0 | P37: =IFERROR(O37/F37,"－") -> － | Q37: 0 | R37: =IFERROR(Q37/F37,"－") -> － | S37: 0 | T37: =IFERROR(S37/F37,"－") -> －
B38: 介護予防短期入所療養介護(介護医療院) | C38: 給付費（千円） | D38: 0 | E38: 0 | F38: 0 | G38: 0 | H38: 0 | I38: 0 | J38: =IFERROR(SUM(G38:I38)/3/F38,"－") -> － | K38: 0 | L38: =IFERROR(K38/F38,"－") -> － | M38: 0 | N38: =IFERROR(M38/F38,"－") -> － | O38: 0 | P38: =IFERROR(O38/F38,"－") -> － | Q38: 0 | R38: =IFERROR(Q38/F38,"－") -> － | S38: 0 | T38: =IFERROR(S38/F38,"－") -> －
C39: 日数（日） | D39: 0 | E39: 0 | F39: 0 | G39: 0 | H39: 0 | I39: 0 | J39: =IFERROR(SUM(G39:I39)/3/F39,"－") -> － | K39: 0 | L39: =IFERROR(K39/F39,"－") -> － | M39: 0 | N39: =IFERROR(M39/F39,"－") -> － | O39: 0 | P39: =IFERROR(O39/F39,"－") -> － | Q39: 0 | R39: =IFERROR(Q39/F39,"－") -> － | S39: 0 | T39: =IFERROR(S39/F39,"－") -> －
C40: 人数（人） | D40: 0 | E40: 0 | F40: 0 | G40: 0 | H40: 0 | I40: 0 | J40: =IFERROR(SUM(G40:I40)/3/F40,"－") -> － | K40: 0 | L40: =IFERROR(K40/F40,"－") -> － | M40: 0 | N40: =IFERROR(M40/F40,"－") -> － | O40: 0 | P40: =IFERROR(O40/F40,"－") -> － | Q40: 0 | R40: =IFERROR(Q40/F40,"－") -> － | S40: 0 | T40: =IFERROR(S40/F40,"－") -> －
B41: 介護予防福祉用具貸与 | C41: 給付費（千円） | D41: 2939.475 | E41: 3180.388 | F41: 3122.856 | G41: 3123 | H41: 3123 | I41: 3200 | J41: =IFERROR(SUM(G41:I41)/3/F41,"－") -> 1.0082651 | K41: 3449 | L41: =IFERROR(K41/F41,"－") -> 1.1044377 | M41: 3699 | N41: =IFERROR(M41/F41,"－") -> 1.1844927 | O41: 3699 | P41: =IFERROR(O41/F41,"－") -> 1.1844927 | Q41: 3283 | R41: =IFERROR(Q41/F41,"－") -> 1.0512813 | S41: 3123 | T41: =IFERROR(S41/F41,"－") -> 1.0000461
C42: 人数（人） | D42: 37.166667 | E42: 36.916667 | F42: 38 | G42: 38 | H42: 38 | I42: 39 | J42: =IFERROR(SUM(G42:I42)/3/F42,"－") -> 1.0087719 | K42: 42 | L42: =IFERROR(K42/F42,"－") -> 1.1052632 | M42: 45 | N42: =IFERROR(M42/F42,"－") -> 1.1842105 | O42: 45 | P42: =IFERROR(O42/F42,"－") -> 1.1842105 | Q42: 40 | R42: =IFERROR(Q42/F42,"－") -> 1.0526316 | S42: 38 | T42: =IFERROR(S42/F42,"－") -> 1
B43: 特定介護予防福祉用具購入費 | C43: 給付費（千円） | D43: 169.482 | E43: 57.51 | F43: 0 | G43: 0 | H43: 0 | I43: 0 | J43: =IFERROR(SUM(G43:I43)/3/F43,"－") -> － | K43: 0 | L43: =IFERROR(K43/F43,"－") -> － | M43: 0 | N43: =IFERROR(M43/F43,"－") -> － | O43: 0 | P43: =IFERROR(O43/F43,"－") -> － | Q43: 0 | R43: =IFERROR(Q43/F43,"－") -> － | S43: 0 | T43: =IFERROR(S43/F43,"－") -> －
C44: 人数（人） | D44: 0.58333333 | E44: 0.25 | F44: 0 | G44: 0 | H44: 0 | I44: 0 | J44: =IFERROR(SUM(G44:I44)/3/F44,"－") -> － | K44: 0 | L44: =IFERROR(K44/F44,"－") -> － | M44: 0 | N44: =IFERROR(M44/F44,"－") -> － | O44: 0 | P44: =IFERROR(O44/F44,"－") -> － | Q44: 0 | R44: =IFERROR(Q44/F44,"－") -> － | S44: 0 | T44: =IFERROR(S44/F44,"－") -> －
B45: 介護予防住宅改修 | C45: 給付費（千円） | D45: 741.87 | E45: 429.39 | F45: 0 | G45: 0 | H45: 0 | I45: 0 | J45: =IFERROR(SUM(G45:I45)/3/F45,"－") -> － | K45: 0 | L45: =IFERROR(K45/F45,"－") -> － | M45: 0 | N45: =IFERROR(M45/F45,"－") -> － | O45: 0 | P45: =IFERROR(O45/F45,"－") -> － | Q45: 0 | R45: =IFERROR(Q45/F45,"－") -> － | S45: 0 | T45: =IFERROR(S45/F45,"－") -> －
C46: 人数（人） | D46: 0.58333333 | E46: 0.25 | F46: 0 | G46: 0 | H46: 0 | I46: 0 | J46: =IFERROR(SUM(G46:I46)/3/F46,"－") -> － | K46: 0 | L46: =IFERROR(K46/F46,"－") -> － | M46: 0 | N46: =IFERROR(M46/F46,"－") -> － | O46: 0 | P46: =IFERROR(O46/F46,"－") -> － | Q46: 0 | R46: =IFERROR(Q46/F46,"－") -> － | S46: 0 | T46: =IFERROR(S46/F46,"－") -> －
B47: 介護予防特定施設入居者生活介護 | C47: 給付費（千円） | D47: 0 | E47: 0 | F47: 0 | G47: 0 | H47: 0 | I47: 0 | J47: =IFERROR(SUM(G47:I47)/3/F47,"－") -> － | K47: 0 | L47: =IFERROR(K47/F47,"－") -> － | M47: 0 | N47: =IFERROR(M47/F47,"－") -> － | O47: 0 | P47: =IFERROR(O47/F47,"－") -> － | Q47: 0 | R47: =IFERROR(Q47/F47,"－") -> － | S47: 0 | T47: =IFERROR(S47/F47,"－") -> －
C48: 人数（人） | D48: 0 | E48: 0 | F48: 0 | G48: 0 | H48: 0 | I48: 0 | J48: =IFERROR(SUM(G48:I48)/3/F48,"－") -> － | K48: 0 | L48: =IFERROR(K48/F48,"－") -> － | M48: 0 | N48: =IFERROR(M48/F48,"－") -> － | O48: 0 | P48: =IFERROR(O48/F48,"－") -> － | Q48: 0 | R48: =IFERROR(Q48/F48,"－") -> － | S48: 0 | T48: =IFERROR(S48/F48,"－") -> －
A49: （２）地域密着型介護予防サービス
B50: 介護予防認知症対応型通所介護 | C50: 給付費（千円） | D50: 0 | E50: 0 | F50: 0 | G50: 0 | H50: 0 | I50: 0 | J50: =IFERROR(SUM(G50:I50)/3/F50,"－") -> － | K50: 0 | L50: =IFERROR(K50/F50,"－") -> － | M50: 0 | N50: =IFERROR(M50/F50,"－") -> － | O50: 0 | P50: =IFERROR(O50/F50,"－") -> － | Q50: 0 | R50: =IFERROR(Q50/F50,"－") -> － | S50: 0 | T50: =IFERROR(S50/F50,"－") -> －
C51: 回数（回） | D51: 0 | E51: 0 | F51: 0 | G51: 0 | H51: 0 | I51: 0 | J51: =IFERROR(SUM(G51:I51)/3/F51,"－") -> － | K51: 0 | L51: =IFERROR(K51/F51,"－") -> － | M51: 0 | N51: =IFERROR(M51/F51,"－") -> － | O51: 0 | P51: =IFERROR(O51/F51,"－") -> － | Q51: 0 | R51: =IFERROR(Q51/F51,"－") -> － | S51: 0 | T51: =IFERROR(S51/F51,"－") -> －
C52: 人数（人） | D52: 0 | E52: 0 | F52: 0 | G52: 0 | H52: 0 | I52: 0 | J52: =IFERROR(SUM(G52:I52)/3/F52,"－") -> － | K52: 0 | L52: =IFERROR(K52/F52,"－") -> － | M52: 0 | N52: =IFERROR(M52/F52,"－") -> － | O52: 0 | P52: =IFERROR(O52/F52,"－") -> － | Q52: 0 | R52: =IFERROR(Q52/F52,"－") -> － | S52: 0 | T52: =IFERROR(S52/F52,"－") -> －
B53: 介護予防小規模多機能型居宅介護 | C53: 給付費（千円） | D53: 0 | E53: 0 | F53: 0 | G53: 0 | H53: 0 | I53: 0 | J53: =IFERROR(SUM(G53:I53)/3/F53,"－") -> － | K53: 0 | L53: =IFERROR(K53/F53,"－") -> － | M53: 0 | N53: =IFERROR(M53/F53,"－") -> － | O53: 0 | P53: =IFERROR(O53/F53,"－") -> － | Q53: 0 | R53: =IFERROR(Q53/F53,"－") -> － | S53: 0 | T53: =IFERROR(S53/F53,"－") -> －
C54: 人数（人） | D54: 0 | E54: 0 | F54: 0 | G54: 0 | H54: 0 | I54: 0 | J54: =IFERROR(SUM(G54:I54)/3/F54,"－") -> － | K54: 0 | L54: =IFERROR(K54/F54,"－") -> － | M54: 0 | N54: =IFERROR(M54/F54,"－") -> － | O54: 0 | P54: =IFERROR(O54/F54,"－") -> － | Q54: 0 | R54: =IFERROR(Q54/F54,"－") -> － | S54: 0 | T54: =IFERROR(S54/F54,"－") -> －
B55: 介護予防認知症対応型共同生活介護 | C55: 給付費（千円） | D55: 0 | E55: 0 | F55: 0 | G55: 0 | H55: 0 | I55: 0 | J55: =IFERROR(SUM(G55:I55)/3/F55,"－") -> － | K55: 0 | L55: =IFERROR(K55/F55,"－") -> － | M55: 0 | N55: =IFERROR(M55/F55,"－") -> － | O55: 0 | P55: =IFERROR(O55/F55,"－") -> － | Q55: 0 | R55: =IFERROR(Q55/F55,"－") -> － | S55: 0 | T55: =IFERROR(S55/F55,"－") -> －
C56: 人数（人） | D56: 0 | E56: 0 | F56: 0 | G56: 0 | H56: 0 | I56: 0 | J56: =IFERROR(SUM(G56:I56)/3/F56,"－") -> － | K56: 0 | L56: =IFERROR(K56/F56,"－") -> － | M56: 0 | N56: =IFERROR(M56/F56,"－") -> － | O56: 0 | P56: =IFERROR(O56/F56,"－") -> － | Q56: 0 | R56: =IFERROR(Q56/F56,"－") -> － | S56: 0 | T56: =IFERROR(S56/F56,"－") -> －
A57: （３）介護予防支援 | C57: 給付費（千円） | D57: 3320.635 | E57: 3529.424 | F57: 3897.864 | G57: 3843 | H57: 3843 | I57: 4029 | J57: =IFERROR(SUM(G57:I57)/3/F57,"－") -> 1.0018307 | K57: 4324 | L57: =IFERROR(K57/F57,"－") -> 1.1093255 | M57: 4620 | N57: =IFERROR(M57/F57,"－") -> 1.1852645 | O57: 4620 | P57: =IFERROR(O57/F57,"－") -> 1.1852645 | Q57: 4104 | R57: =IFERROR(Q57/F57,"－") -> 1.0528843 | S57: 3843 | T57: =IFERROR(S57/F57,"－") -> 0.9859246
C58: 人数（人） | D58: 59.75 | E58: 64 | F58: 66 | G58: 65 | H58: 65 | I58: 68 | J58: =IFERROR(SUM(G58:I58)/3/F58,"－") -> 1 | K58: 73 | L58: =IFERROR(K58/F58,"－") -> 1.1060606 | M58: 78 | N58: =IFERROR(M58/F58,"－") -> 1.1818182 | O58: 78 | P58: =IFERROR(O58/F58,"－") -> 1.1818182 | Q58: 69 | R58: =IFERROR(Q58/F58,"－") -> 1.0454545 | S58: 65 | T58: =IFERROR(S58/F58,"－") -> 0.98484848
A59: 合計 | C59: 給付費（千円） | D59: =IF(ISERROR(SUM(D12,D14,D17,D20,D23,D25,D27,D29,D32,D35,D38,D41,D43,D45,D47,D50,D53,D55,D57)),0,(SUM(D12,D14,D17,D20,D23,D25,D27,D29,D32,D35,D38,D41,D43,D45,D47,D50,D53,D55,D57))) -> 26821.834 | E59: =IF(ISERROR(SUM(E12,E14,E17,E20,E23,E25,E27,E29,E32,E35,E38,E41,E43,E45,E47,E50,E53,E55,E57)),0,(SUM(E12,E14,E17,E20,E23,E25,E27,E29,E32,E35,E38,E41,E43,E45,E47,E50,E53,E55,E57))) -> 28327.08 | F59: =IF(ISERROR(SUM(F12,F14,F17,F20,F23,F25,F27,F29,F32,F35,F38,F41,F43,F45,F47,F50,F53,F55,F57)),0,(SUM(F12,F14,F17,F20,F23,F25,F27,F29,F32,F35,F38,F41,F43,F45,F47,F50,F53,F55,F57))) -> 28263.688 | G59: =IF(ISERROR(SUM(G12,G14,G17,G20,G23,G25,G27,G29,G32,G35,G38,G41,G43,G45,G47,G50,G53,G55,G57)),0,(SUM(G12,G14,G17,G20,G23,G25,G27,G29,G32,G35,G38,G41,G43,G45,G47,G50,G53,G55,G57))) -> 28209 | H59: =IF(ISERROR(SUM(H12,H14,H17,H20,H23,H25,H27,H29,H32,H35,H38,H41,H43,H45,H47,H50,H53,H55,H57)),0,(SUM(H12,H14,H17,H20,H23,H25,H27,H29,H32,H35,H38,H41,H43,H45,H47,H50,H53,H55,H57))) -> 28209 | I59: =IF(ISERROR(SUM(I12,I14,I17,I20,I23,I25,I27,I29,I32,I35,I38,I41,I43,I45,I47,I50,I53,I55,I57)),0,(SUM(I12,I14,I17,I20,I23,I25,I27,I29,I32,I35,I38,I41,I43,I45,I47,I50,I53,I55,I57))) -> 29004 | J59: =IFERROR(SUM(G59:I59)/3/F59,"－") -> 1.0074411 | K59: =IF(ISERROR(SUM(K12,K14,K17,K20,K23,K25,K27,K29,K32,K35,K38,K41,K43,K45,K47,K50,K53,K55,K57)),0,(SUM(K12,K14,K17,K20,K23,K25,K27,K29,K32,K35,K38,K41,K43,K45,K47,K50,K53,K55,K57))) -> 30614 | L59: =IFERROR(K59/F59,"－") -> 1.0831566 | M59: =IF(ISERROR(SUM(M12,M14,M17,M20,M23,M25,M27,M29,M32,M35,M38,M41,M43,M45,M47,M50,M53,M55,M57)),0,(SUM(M12,M14,M17,M20,M23,M25,M27,M29,M32,M35,M38,M41,M43,M45,M47,M50,M53,M55,M57))) -> 33850 | N59: =IFERROR(M59/F59,"－") -> 1.1976498 | O59: =IF(ISERROR(SUM(O12,O14,O17,O20,O23,O25,O27,O29,O32,O35,O38,O41,O43,O45,O47,O50,O53,O55,O57)),0,(SUM(O12,O14,O17,O20,O23,O25,O27,O29,O32,O35,O38,O41,O43,O45,O47,O50,O53,O55,O57))) -> 33850 | P59: =IFERROR(O59/F59,"－") -> 1.1976498 | Q59: =IF(ISERROR(SUM(Q12,Q14,Q17,Q20,Q23,Q25,Q27,Q29,Q32,Q35,Q38,Q41,Q43,Q45,Q47,Q50,Q53,Q55,Q57)),0,(SUM(Q12,Q14,Q17,Q20,Q23,Q25,Q27,Q29,Q32,Q35,Q38,Q41,Q43,Q45,Q47,Q50,Q53,Q55,Q57))) -> 29162 | R59: =IFERROR(Q59/F59,"－") -> 1.0317833 | S59: =IF(ISERROR(SUM(S12,S14,S17,S20,S23,S25,S27,S29,S32,S35,S38,S41,S43,S45,S47,S50,S53,S55,S57)),0,(SUM(S12,S14,S17,S20,S23,S25,S27,S29,S32,S35,S38,S41,S43,S45,S47,S50,S53,S55,S57))) -> 28209 | T59: =IFERROR(S59/F59,"－") -> 0.99806509
A60: ※給付費は年間累計の金額、回（日）数は１月当たりの数、人数は１月当たりの利用者数。 | G60: ※１：第9期平均値/令和5年度の値*100 | K60: ※２：令和12（17,22,27,30）年度の値/令和5年度の値*100
A62: ２．介護サービス見込量
T63: 単位：各項目の（）内
D64: 令和3年度 | E64: 令和4年度 | F64: 令和5年度 | G64: 令和6年度 | H64: 令和7年度 | I64: 令和8年度 | J64: 伸び率① ※１ | K64: 令和12年度 | L64: 伸び率① ※２ | M64: 令和17年度 | N64: 伸び率① ※２ | O64: 令和22年度 | P64: 伸び率① ※２ | Q64: 令和27年度 | R64: 伸び率① ※２ | S64: 令和32年度 | T64: 伸び率① ※２
A65: （１）居宅サービス
B66: 訪問介護 | C66: 給付費（千円） | D66: 38010.191 | E66: 35804.962 | F66: 35237.188 | G66: 33900 | H66: 34867 | I66: 36988 | J66: =IFERROR(SUM(G66:I66)/3/F66,"－") -> 1.0004109 | K66: 37171 | L66: =IFERROR(K66/F66,"－") -> 1.0548799 | M66: 40213 | N66: =IFERROR(M66/F66,"－") -> 1.1412091 | O66: 43639 | P66: =IFERROR(O66/F66,"－") -> 1.238436 | Q66: 41751 | R66: =IFERROR(Q66/F66,"－") -> 1.1848562 | S66: 41751 | T66: =IFERROR(S66/F66,"－") -> 1.1848562
C67: 回数（回） | D67: 1047 | E67: 960.16667 | F67: 971.1 | G67: 942.6 | H67: 968.8 | I67: 1045.4 | J67: =IFERROR(SUM(G67:I67)/3/F67,"－") -> 1.0149315 | K67: 1023.5 | L67: =IFERROR(K67/F67,"－") -> 1.0539594 | M67: 1117.2 | N67: =IFERROR(M67/F67,"－") -> 1.1504479 | O67: 1197.6 | P67: =IFERROR(O67/F67,"－") -> 1.2332407 | Q67: 1154.3 | R67: =IFERROR(Q67/F67,"－") -> 1.188652 | S67: 1154.3 | T67: =IFERROR(S67/F67,"－") -> 1.188652
C68: 人数（人） | D68: 38.25 | E68: 36.083333 | F68: 28 | G68: 27 | H68: 28 | I68: 29 | J68: =IFERROR(SUM(G68:I68)/3/F68,"－") -> 1 | K68: 30 | L68: =IFERROR(K68/F68,"－") -> 1.0714286 | M68: 32 | N68: =IFERROR(M68/F68,"－") -> 1.1428571 | O68: 35 | P68: =IFERROR(O68/F68,"－") -> 1.25 | Q68: 33 | R68: =IFERROR(Q68/F68,"－") -> 1.1785714 | S68: 33 | T68: =IFERROR(S68/F68,"－") -> 1.1785714
B69: 訪問入浴介護 | C69: 給付費（千円） | D69: 5830.634 | E69: 5433.985 | F69: 5868.5472 | G69: 6911 | H69: 6911 | I69: 6911 | J69: =IFERROR(SUM(G69:I69)/3/F69,"－") -> 1.1776339 | K69: 6911 | L69: =IFERROR(K69/F69,"－") -> 1.1776339 | M69: 7477 | N69: =IFERROR(M69/F69,"－") -> 1.2740802 | O69: 7477 | P69: =IFERROR(O69/F69,"－") -> 1.2740802 | Q69: 6911 | R69: =IFERROR(Q69/F69,"－") -> 1.1776339 | S69: 6911 | T69: =IFERROR(S69/F69,"－") -> 1.1776339
C70: 回数（回） | D70: 33.833333 | E70: 31.416667 | F70: 33.2 | G70: 39.1 | H70: 39.1 | I70: 39.1 | J70: =IFERROR(SUM(G70:I70)/3/F70,"－") -> 1.1777108 | K70: 39.1 | L70: =IFERROR(K70/F70,"－") -> 1.1777108 | M70: 42.3 | N70: =IFERROR(M70/F70,"－") -> 1.2740964 | O70: 42.3 | P70: =IFERROR(O70/F70,"－") -> 1.2740964 | Q70: 39.1 | R70: =IFERROR(Q70/F70,"－") -> 1.1777108 | S70: 39.1 | T70: =IFERROR(S70/F70,"－") -> 1.1777108
C71: 人数（人） | D71: 6.3333333 | E71: 6.5 | F71: 7 | G71: 8 | H71: 8 | I71: 8 | J71: =IFERROR(SUM(G71:I71)/3/F71,"－") -> 1.1428571 | K71: 8 | L71: =IFERROR(K71/F71,"－") -> 1.1428571 | M71: 9 | N71: =IFERROR(M71/F71,"－") -> 1.2857143 | O71: 9 | P71: =IFERROR(O71/F71,"－") -> 1.2857143 | Q71: 8 | R71: =IFERROR(Q71/F71,"－") -> 1.1428571 | S71: 8 | T71: =IFERROR(S71/F71,"－") -> 1.1428571
B72: 訪問看護 | C72: 給付費（千円） | D72: 3180.145 | E72: 2297.455 | F72: 1658.82 | G72: 1659 | H72: 1659 | I72: 1659 | J72: =IFERROR(SUM(G72:I72)/3/F72,"－") -> 1.0001085 | K72: 1659 | L72: =IFERROR(K72/F72,"－") -> 1.0001085 | M72: 1659 | N72: =IFERROR(M72/F72,"－") -> 1.0001085 | O72: 1659 | P72: =IFERROR(O72/F72,"－") -> 1.0001085 | Q72: 1659 | R72: =IFERROR(Q72/F72,"－") -> 1.0001085 | S72: 1659 | T72: =IFERROR(S72/F72,"－") -> 1.0001085
C73: 回数（回） | D73: 59.416667 | E73: 35.75 | F73: 31.2 | G73: 31.2 | H73: 31.2 | I73: 31.2 | J73: =IFERROR(SUM(G73:I73)/3/F73,"－") -> 1 | K73: 31.2 | L73: =IFERROR(K73/F73,"－") -> 1 | M73: 31.2 | N73: =IFERROR(M73/F73,"－") -> 1 | O73: 31.2 | P73: =IFERROR(O73/F73,"－") -> 1 | Q73: 31.2 | R73: =IFERROR(Q73/F73,"－") -> 1 | S73: 31.2 | T73: =IFERROR(S73/F73,"－") -> 1
C74: 人数（人） | D74: 6.3333333 | E74: 6.0833333 | F74: 5 | G74: 5 | H74: 5 | I74: 5 | J74: =IFERROR(SUM(G74:I74)/3/F74,"－") -> 1 | K74: 5 | L74: =IFERROR(K74/F74,"－") -> 1 | M74: 5 | N74: =IFERROR(M74/F74,"－") -> 1 | O74: 5 | P74: =IFERROR(O74/F74,"－") -> 1 | Q74: 5 | R74: =IFERROR(Q74/F74,"－") -> 1 | S74: 5 | T74: =IFERROR(S74/F74,"－") -> 1
B75: 訪問リハビリテーション | C75: 給付費（千円） | D75: 6738.495 | E75: 6460.743 | F75: 9688.5576 | G75: 8515 | H75: 8515 | I75: 9102 | J75: =IFERROR(SUM(G75:I75)/3/F75,"－") -> 0.89906744 | K75: 9689 | L75: =IFERROR(K75/F75,"－") -> 1.0000457 | M75: 10982 | N75: =IFERROR(M75/F75,"－") -> 1.1335021 | O75: 11569 | P75: =IFERROR(O75/F75,"－") -> 1.194089 | Q75: 10276 | R75: =IFERROR(Q75/F75,"－") -> 1.0606326 | S75: 10276 | T75: =IFERROR(S75/F75,"－") -> 1.0606326
C76: 回数（回） | D76: 162 | E76: 168.83333 | F76: 250.5 | G76: 220.5 | H76: 220.5 | I76: 235.5 | J76: =IFERROR(SUM(G76:I76)/3/F76,"－") -> 0.9001996 | K76: 250.5 | L76: =IFERROR(K76/F76,"－") -> 1 | M76: 284.8 | N76: =IFERROR(M76/F76,"－") -> 1.1369261 | O76: 299.8 | P76: =IFERROR(O76/F76,"－") -> 1.1968064 | Q76: 265.5 | R76: =IFERROR(Q76/F76,"－") -> 1.0598802 | S76: 265.5 | T76: =IFERROR(S76/F76,"－") -> 1.0598802
C77: 人数（人） | D77: 13.916667 | E77: 13.25 | F77: 17 | G77: 15 | H77: 15 | I77: 16 | J77: =IFERROR(SUM(G77:I77)/3/F77,"－") -> 0.90196078 | K77: 17 | L77: =IFERROR(K77/F77,"－") -> 1 | M77: 19 | N77: =IFERROR(M77/F77,"－") -> 1.1176471 | O77: 20 | P77: =IFERROR(O77/F77,"－") -> 1.1764706 | Q77: 18 | R77: =IFERROR(Q77/F77,"－") -> 1.0588235 | S77: 18 | T77: =IFERROR(S77/F77,"－") -> 1.0588235
B78: 居宅療養管理指導 | C78: 給付費（千円） | D78: 847.98 | E78: 657.4 | F78: 576.252 | G78: 576 | H78: 576 | I78: 576 | J78: =IFERROR(SUM(G78:I78)/3/F78,"－") -> 0.99956269 | K78: 576 | L78: =IFERROR(K78/F78,"－") -> 0.99956269 | M78: 576 | N78: =IFERROR(M78/F78,"－") -> 0.99956269 | O78: 768 | P78: =IFERROR(O78/F78,"－") -> 1.3327503 | Q78: 576 | R78: =IFERROR(Q78/F78,"－") -> 0.99956269 | S78: 576 | T78: =IFERROR(S78/F78,"－") -> 0.99956269
C79: 人数（人） | D79: 5.25 | E79: 5.1666667 | F79: 3 | G79: 3 | H79: 4 | I79: 4 | J79: =IFERROR(SUM(G79:I79)/3/F79,"－") -> 1.2222222 | K79: 4 | L79: =IFERROR(K79/F79,"－") -> 1.3333333 | M79: 3 | N79: =IFERROR(M79/F79,"－") -> 1 | O79: 4 | P79: =IFERROR(O79/F79,"－") -> 1.3333333 | Q79: 3 | R79: =IFERROR(Q79/F79,"－") -> 1 | S79: 3 | T79: =IFERROR(S79/F79,"－") -> 1
B80: 通所介護 | C80: 給付費（千円） | D80: 65206.45 | E80: 58437.283 | F80: 56860.007 | G80: 56614 | H80: 57907 | I80: 59523 | J80: =IFERROR(SUM(G80:I80)/3/F80,"－") -> 1.0203071 | K80: 59523 | L80: =IFERROR(K80/F80,"－") -> 1.0468342 | M80: 64510 | N80: =IFERROR(M80/F80,"－") -> 1.1345408 | O80: 70548 | P80: =IFERROR(O80/F80,"－") -> 1.2407315 | Q80: 65972 | R80: =IFERROR(Q80/F80,"－") -> 1.1602531 | S80: 63479 | T80: =IFERROR(S80/F80,"－") -> 1.1164086
C81: 回数（回） | D81: 620.16667 | E81: 566.25 | F81: 545.5 | G81: 542.5 | H81: 554 | I81: 571.6 | J81: =IFERROR(SUM(G81:I81)/3/F81,"－") -> 1.0193095 | K81: 571.6 | L81: =IFERROR(K81/F81,"－") -> 1.047846 | M81: 624.8 | N81: =IFERROR(M81/F81,"－") -> 1.1453712 | O81: 677.2 | P81: =IFERROR(O81/F81,"－") -> 1.2414299 | Q81: 635.8 | R81: =IFERROR(Q81/F81,"－") -> 1.1655362 | S81: 609.2 | T81: =IFERROR(S81/F81,"－") -> 1.1167736
C82: 人数（人） | D82: 58.75 | E82: 57.25 | F82: 57 | G82: 57 | H82: 58 | I82: 60 | J82: =IFERROR(SUM(G82:I82)/3/F82,"－") -> 1.0233918 | K82: 60 | L82: =IFERROR(K82/F82,"－") -> 1.0526316 | M82: 66 | N82: =IFERROR(M82/F82,"－") -> 1.1578947 | O82: 71 | P82: =IFERROR(O82/F82,"－") -> 1.245614 | Q82: 67 | R82: =IFERROR(Q82/F82,"－") -> 1.1754386 | S82: 64 | T82: =IFERROR(S82/F82,"－") -> 1.122807
B83: 通所リハビリテーション | C83: 給付費（千円） | D83: 108503.5 | E83: 100809.93 | F83: 112394.56 | G83: 112370 | H83: 113885 | I83: 115215 | J83: =IFERROR(SUM(G83:I83)/3/F83,"－") -> 1.0127122 | K83: 120014 | L83: =IFERROR(K83/F83,"－") -> 1.0677919 | M83: 131420 | N83: =IFERROR(M83/F83,"－") -> 1.1692737 | O83: 137481 | P83: =IFERROR(O83/F83,"－") -> 1.2231998 | Q83: 130764 | R83: =IFERROR(Q83/F83,"－") -> 1.1634371 | S83: 126483 | T83: =IFERROR(S83/F83,"－") -> 1.1253481
C84: 回数（回） | D84: 886.25 | E84: 831.66667 | F84: 957.5 | G84: 958.9 | H84: 970.9 | I84: 981.4 | J84: =IFERROR(SUM(G84:I84)/3/F84,"－") -> 1.0134726 | K84: 1022.5 | L84: =IFERROR(K84/F84,"－") -> 1.0678851 | M84: 1125.4 | N84: =IFERROR(M84/F84,"－") -> 1.1753525 | O84: 1177.8 | P84: =IFERROR(O84/F84,"－") -> 1.2300783 | Q84: 1116.2 | R84: =IFERROR(Q84/F84,"－") -> 1.1657441 | S84: 1076 | T84: =IFERROR(S84/F84,"－") -> 1.1237598
C85: 人数（人） | D85: 100 | E85: 93.25 | F85: 90 | G85: 90 | H85: 91 | I85: 92 | J85: =IFERROR(SUM(G85:I85)/3/F85,"－") -> 1.0111111 | K85: 96 | L85: =IFERROR(K85/F85,"－") -> 1.0666667 | M85: 106 | N85: =IFERROR(M85/F85,"－") -> 1.1777778 | O85: 111 | P85: =IFERROR(O85/F85,"－") -> 1.2333333 | Q85: 105 | R85: =IFERROR(Q85/F85,"－") -> 1.1666667 | S85: 101 | T85: =IFERROR(S85/F85,"－") -> 1.1222222
B86: 短期入所生活介護 | C86: 給付費（千円） | D86: 30501.752 | E86: 25410.346 | F86: 37965.317 | G86: 37648 | H86: 35363 | I86: 35363 | J86: =IFERROR(SUM(G86:I86)/3/F86,"－") -> 0.95151759 | K86: 35363 | L86: =IFERROR(K86/F86,"－") -> 0.93145542 | M86: 35900 | N86: =IFERROR(M86/F86,"－") -> 0.94559991 | O86: 40452 | P86: =IFERROR(O86/F86,"－") -> 1.0654988 | Q86: 39915 | R86: =IFERROR(Q86/F86,"－") -> 1.0513543 | S86: 38781 | T86: =IFERROR(S86/F86,"－") -> 1.021485
C87: 日数（日） | D87: 286.41667 | E87: 247.33333 | F87: 348.4 | G87: 344.9 | H87: 324.8 | I87: 324.8 | J87: =IFERROR(SUM(G87:I87)/3/F87,"－") -> 0.95149254 | K87: 324.8 | L87: =IFERROR(K87/F87,"－") -> 0.93226177 | M87: 330 | N87: =IFERROR(M87/F87,"－") -> 0.94718714 | O87: 371.9 | P87: =IFERROR(O87/F87,"－") -> 1.0674512 | Q87: 366.7 | R87: =IFERROR(Q87/F87,"－") -> 1.0525258 | S87: 355.8 | T87: =IFERROR(S87/F87,"－") -> 1.02124
C88: 人数（人） | D88: 18.25 | E88: 14 | F88: 17 | G88: 18 | H88: 18 | I88: 18 | J88: =IFERROR(SUM(G88:I88)/3/F88,"－") -> 1.0588235 | K88: 18 | L88: =IFERROR(K88/F88,"－") -> 1.0588235 | M88: 19 | N88: =IFERROR(M88/F88,"－") -> 1.1176471 | O88: 21 | P88: =IFERROR(O88/F88,"－") -> 1.2352941 | Q88: 20 | R88: =IFERROR(Q88/F88,"－") -> 1.1764706 | S88: 19 | T88: =IFERROR(S88/F88,"－") -> 1.1176471
B89: 短期入所療養介護（老健） | C89: 給付費（千円） | D89: 11357.255 | E89: 9729.571 | F89: 14985.871 | G89: 14986 | H89: 14986 | I89: 14986 | J89: =IFERROR(SUM(G89:I89)/3/F89,"－") -> 1.0000086 | K89: 15430 | L89: =IFERROR(K89/F89,"－") -> 1.0296365 | M89: 17771 | N89: =IFERROR(M89/F89,"－") -> 1.1858503 | O89: 17771 | P89: =IFERROR(O89/F89,"－") -> 1.1858503 | Q89: 17771 | R89: =IFERROR(Q89/F89,"－") -> 1.1858503 | S89: 15430 | T89: =IFERROR(S89/F89,"－") -> 1.0296365
C90: 日数（日） | D90: 83.916667 | E90: 70.166667 | F90: 113.3 | G90: 113.3 | H90: 113.3 | I90: 113.3 | J90: =IFERROR(SUM(G90:I90)/3/F90,"－") -> 1 | K90: 116.3 | L90: =IFERROR(K90/F90,"－") -> 1.0264784 | M90: 134.5 | N90: =IFERROR(M90/F90,"－") -> 1.1871139 | O90: 134.5 | P90: =IFERROR(O90/F90,"－") -> 1.1871139 | Q90: 134.5 | R90: =IFERROR(Q90/F90,"－") -> 1.1871139 | S90: 116.3 | T90: =IFERROR(S90/F90,"－") -> 1.0264784
C91: 人数（人） | D91: 10.416667 | E91: 9.4166667 | F91: 12 | G91: 12 | H91: 12 | I91: 12 | J91: =IFERROR(SUM(G91:I91)/3/F91,"－") -> 1 | K91: 13 | L91: =IFERROR(K91/F91,"－") -> 1.0833333 | M91: 14 | N91: =IFERROR(M91/F91,"－") -> 1.1666667 | O91: 14 | P91: =IFERROR(O91/F91,"－") -> 1.1666667 | Q91: 14 | R91: =IFERROR(Q91/F91,"－") -> 1.1666667 | S91: 13 | T91: =IFERROR(S91/F91,"－") -> 1.0833333
B92: 短期入所療養介護（病院等） | C92: 給付費（千円） | D92: 0 | E92: 0 | F92: 0 | G92: 0 | H92: 0 | I92: 0 | J92: =IFERROR(SUM(G92:I92)/3/F92,"－") -> － | K92: 0 | L92: =IFERROR(K92/F92,"－") -> － | M92: 0 | N92: =IFERROR(M92/F92,"－") -> － | O92: 0 | P92: =IFERROR(O92/F92,"－") -> － | Q92: 0 | R92: =IFERROR(Q92/F92,"－") -> － | S92: 0 | T92: =IFERROR(S92/F92,"－") -> －
C93: 日数（日） | D93: 0 | E93: 0 | F93: 0 | G93: 0 | H93: 0 | I93: 0 | J93: =IFERROR(SUM(G93:I93)/3/F93,"－") -> － | K93: 0 | L93: =IFERROR(K93/F93,"－") -> － | M93: 0 | N93: =IFERROR(M93/F93,"－") -> － | O93: 0 | P93: =IFERROR(O93/F93,"－") -> － | Q93: 0 | R93: =IFERROR(Q93/F93,"－") -> － | S93: 0 | T93: =IFERROR(S93/F93,"－") -> －
C94: 人数（人） | D94: 0 | E94: 0 | F94: 0 | G94: 0 | H94: 0 | I94: 0 | J94: =IFERROR(SUM(G94:I94)/3/F94,"－") -> － | K94: 0 | L94: =IFERROR(K94/F94,"－") -> － | M94: 0 | N94: =IFERROR(M94/F94,"－") -> － | O94: 0 | P94: =IFERROR(O94/F94,"－") -> － | Q94: 0 | R94: =IFERROR(Q94/F94,"－") -> － | S94: 0 | T94: =IFERROR(S94/F94,"－") -> －
B95: 短期入所療養介護(介護医療院) | C95: 給付費（千円） | D95: 0 | E95: 0 | F95: 0 | G95: 0 | H95: 0 | I95: 0 | J95: =IFERROR(SUM(G95:I95)/3/F95,"－") -> － | K95: 0 | L95: =IFERROR(K95/F95,"－") -> － | M95: 0 | N95: =IFERROR(M95/F95,"－") -> － | O95: 0 | P95: =IFERROR(O95/F95,"－") -> － | Q95: 0 | R95: =IFERROR(Q95/F95,"－") -> － | S95: 0 | T95: =IFERROR(S95/F95,"－") -> －
C96: 日数（日） | D96: 0 | E96: 0 | F96: 0 | G96: 0 | H96: 0 | I96: 0 | J96: =IFERROR(SUM(G96:I96)/3/F96,"－") -> － | K96: 0 | L96: =IFERROR(K96/F96,"－") -> － | M96: 0 | N96: =IFERROR(M96/F96,"－") -> － | O96: 0 | P96: =IFERROR(O96/F96,"－") -> － | Q96: 0 | R96: =IFERROR(Q96/F96,"－") -> － | S96: 0 | T96: =IFERROR(S96/F96,"－") -> －
C97: 人数（人） | D97: 0 | E97: 0 | F97: 0 | G97: 0 | H97: 0 | I97: 0 | J97: =IFERROR(SUM(G97:I97)/3/F97,"－") -> － | K97: 0 | L97: =IFERROR(K97/F97,"－") -> － | M97: 0 | N97: =IFERROR(M97/F97,"－") -> － | O97: 0 | P97: =IFERROR(O97/F97,"－") -> － | Q97: 0 | R97: =IFERROR(Q97/F97,"－") -> － | S97: 0 | T97: =IFERROR(S97/F97,"－") -> －
B98: 福祉用具貸与 | C98: 給付費（千円） | D98: 23227.066 | E98: 22563.878 | F98: 21992.892 | G98: 22129 | H98: 22066 | I98: 22682 | J98: =IFERROR(SUM(G98:I98)/3/F98,"－") -> 1.0136154 | K98: 23147 | L98: =IFERROR(K98/F98,"－") -> 1.0524764 | M98: 25308 | N98: =IFERROR(M98/F98,"－") -> 1.1507354 | O98: 26606 | P98: =IFERROR(O98/F98,"－") -> 1.2097545 | Q98: 25494 | R98: =IFERROR(Q98/F98,"－") -> 1.1591927 | S98: 25009 | T98: =IFERROR(S98/F98,"－") -> 1.1371401
C99: 人数（人） | D99: 142.08333 | E99: 132.91667 | F99: 121 | G99: 122 | H99: 121 | I99: 123 | J99: =IFERROR(SUM(G99:I99)/3/F99,"－") -> 1.0082645 | K99: 127 | L99: =IFERROR(K99/F99,"－") -> 1.0495868 | M99: 140 | N99: =IFERROR(M99/F99,"－") -> 1.1570248 | O99: 147 | P99: =IFERROR(O99/F99,"－") -> 1.214876 | Q99: 140 | R99: =IFERROR(Q99/F99,"－") -> 1.1570248 | S99: 137 | T99: =IFERROR(S99/F99,"－") -> 1.1322314
B100: 特定福祉用具購入費 | C100: 給付費（千円） | D100: 457.883 | E100: 646.462 | F100: 0 | G100: 0 | H100: 0 | I100: 0 | J100: =IFERROR(SUM(G100:I100)/3/F100,"－") -> － | K100: 0 | L100: =IFERROR(K100/F100,"－") -> － | M100: 0 | N100: =IFERROR(M100/F100,"－") -> － | O100: 0 | P100: =IFERROR(O100/F100,"－") -> － | Q100: 0 | R100: =IFERROR(Q100/F100,"－") -> － | S100: 0 | T100: =IFERROR(S100/F100,"－") -> －
C101: 人数（人） | D101: 1.4166667 | E101: 1.75 | F101: 0 | G101: 1 | H101: 1 | I101: 1 | J101: =IFERROR(SUM(G101:I101)/3/F101,"－") -> － | K101: 0 | L101: =IFERROR(K101/F101,"－") -> － | M101: 0 | N101: =IFERROR(M101/F101,"－") -> － | O101: 0 | P101: =IFERROR(O101/F101,"－") -> － | Q101: 0 | R101: =IFERROR(Q101/F101,"－") -> － | S101: 0 | T101: =IFERROR(S101/F101,"－") -> －
B102: 住宅改修費 | C102: 給付費（千円） | D102: 1038.915 | E102: 854.328 | F102: 0 | G102: 1782 | H102: 1782 | I102: 1782 | J102: =IFERROR(SUM(G102:I102)/3/F102,"－") -> － | K102: 0 | L102: =IFERROR(K102/F102,"－") -> － | M102: 0 | N102: =IFERROR(M102/F102,"－") -> － | O102: 0 | P102: =IFERROR(O102/F102,"－") -> － | Q102: 0 | R102: =IFERROR(Q102/F102,"－") -> － | S102: 0 | T102: =IFERROR(S102/F102,"－") -> －
C103: 人数（人） | D103: 0.83333333 | E103: 0.66666667 | F103: 0 | G103: 1 | H103: 1 | I103: 1 | J103: =IFERROR(SUM(G103:I103)/3/F103,"－") -> － | K103: 0 | L103: =IFERROR(K103/F103,"－") -> － | M103: 0 | N103: =IFERROR(M103/F103,"－") -> － | O103: 0 | P103: =IFERROR(O103/F103,"－") -> － | Q103: 0 | R103: =IFERROR(Q103/F103,"－") -> － | S103: 0 | T103: =IFERROR(S103/F103,"－") -> －
...

Sheet 3_地域支援事業費
A1: （３）地域支援事業費
K3: 保険者名 | L3: =保険者名 -> 川崎町
K4: 保険者番号 | L4: =保険者番号 -> 04324
K5: 推計パターン名 | L5: =推計パターン名 -> 第9期川崎町介護保険（R5.8.12）
A7: １．介護予防・日常生活支援総合事業 | L7: 単位：円(括弧書きの数値を除く)
A8: サービス種別・項目 | B8: R3 | C8: R4 | D8: R5 | E8: R6 | F8: R7 | G8: R8 | H8: R12 | I8: R17 | J8: R22 | K8: R27 | L8: R32
A9: 訪問介護相当サービス | B9: 2104145 | C9: 1788840 | D9: 1800000 | E9: 1800000 | F9: 1800000 | G9: 1800000 | H9: 1678279 | I9: 1559324 | J9: 1424693 | K9: 1257172 | L9: 1132992
A10: (利用者数：人) | B10: 2 | C10: 2 | D10: 2 | E10: 2 | F10: 2 | G10: 2 | H10: 2 | I10: 2 | J10: 2 | K10: 1 | L10: 1
A11: 訪問型サービスA | B11: 0 | C11: 0 | D11: 0 | E11: 0 | F11: 0 | G11: 0 | H11: 0 | I11: 0 | J11: 0 | K11: 0 | L11: 0
A12: (利用者数：人) | B12: 4 | C12: 7 | D12: 8 | E12: 8 | F12: 8 | G12: 8 | H12: 7 | I12: 7 | J12: 6 | K12: 6 | L12: 5
A13: 訪問型サービスB | B13: 308345 | C13: 336900 | D13: 340000 | E13: 350000 | F13: 350000 | G13: 350000 | H13: 407568 | I13: 430235 | J13: 403467 | K13: 356406 | L13: 324025
A14: 訪問型サービスC | B14: 0 | C14: 0 | D14: 0 | E14: 0 | F14: 0 | G14: 0 | H14: 0 | I14: 0 | J14: 0 | K14: 0 | L14: 0
A15: 訪問型サービスD | B15: 0 | C15: 0 | D15: 0 | E15: 0 | F15: 0 | G15: 0 | H15: 0 | I15: 0 | J15: 0 | K15: 0 | L15: 0
A16: 訪問型サービス(その他) | B16: 0 | C16: 0 | D16: 0 | E16: 0 | F16: 0 | G16: 0 | H16: 0 | I16: 0 | J16: 0 | K16: 0 | L16: 0
A17: 通所介護相当サービス | B17: 2665843 | C17: 3494201 | D17: 3500000 | E17: 3500000 | F17: 3500000 | G17: 3500000 | H17: 3263320 | I17: 3032018 | J17: 2770236 | K17: 2444501 | L17: 2203040
A18: (利用者数：人) | B18: 43 | C18: 43 | D18: 43 | E18: 43 | F18: 43 | G18: 43 | H18: 40 | I18: 37 | J18: 34 | K18: 30 | L18: 27
A19: 通所型サービスA | B19: 0 | C19: 0 | D19: 0 | E19: 0 | F19: 0 | G19: 0 | H19: 0 | I19: 0 | J19: 0 | K19: 0 | L19: 0
A20: (利用者数：人) | B20: 26 | C20: 18 | D20: 30 | E20: 30 | F20: 30 | G20: 30 | H20: 28 | I20: 26 | J20: 24 | K20: 21 | L20: 19
... A33: 上記以外の介護予防・日常生活総合事業 | B33: 0 | C33: 0 | D33: 0 | E33: 0 | F33: 0 | G33: 0 | H33: 0 | I33: 0 | J33: 0 | K33: 0 | L33: 0
A35: ２．包括的支援事業（地域包括支援センターの運営）及び任意事業 | L35: 単位：円
A36: サービス種別・項目 | B36: R3 | C36: R4 | D36: R5 | E36: R6 | F36: R7 | G36: R8 | H36: R12 | I36: R17 | J36: R22 | K36: R27 | L36: R32
A37: 包括的支援事業(地域包括支援センターの運営) | B37: 8123899 | C37: 8770489 | D37: 9000000 | E37: 9000000 | F37: 9000000 | G37: 9000000 | H37: 8739409 | I37: 8316977 | J37: 7965864 | K37: 7291070 | L37: 6860408
A38: 任意事業 | B38: 3947457 | C38: 3999998 | D38: 4000000 | E38: 4000000 | F38: 4000000 | G38: 4000000 | H38: 3884182 | I38: 3696434 | J38: 3540384 | K38: 3240475 | L38: 3049070
A40: ３．包括的支援事業（社会保障充実分） | L40: 単位：円
A41: サービス種別・項目 | B41: R3 | C41: R4 | D41: R5 | E41: R6 | F41: R7 | G41: R8 | H41: R12 | I41: R17 | J41: R22 | K41: R27 | L41: R32
A42: 在宅医療・介護連携推進事業 | B42: 2057834 | C42: 2242541 | D42: 2300000 | E42: 2300000 | F42: 2300000 | G42: 2300000 | H42: 2300000 | I42: 2300000 | J42: 2300000 | K42: 2300000 | L42: 2300000
A43: 生活支援体制整備事業 | B43: 2035101 | C43: 2293128 | D43: 2300000 | E43: 2300000 | F43: 2300000 | G43: 2300000 | H43: 2300000 | I43: 2300000 | J43: 2300000 | K43: 2300000 | L43: 2300000
A44: 認知症初期集中支援推進事業 | B44: 1330775 | C44: 1386948 | D44: 1500000 | E44: 1500000 | F44: 1500000 | G44: 1500000 | H44: 1500000 | I44: 1500000 | J44: 1500000 | K44: 1500000 | L44: 1500000
A45: 認知症地域支援・ケア向上事業 | B45: 1549450 | C45: 1704000 | D45: 1800000 | E45: 1800000 | F45: 1800000 | G45: 1800000 | H45: 1800000 | I45: 1800000 | J45: 1800000 | K45: 1800000 | L45: 1800000
A46: 認知症サポーター活動促進・地域づくり推進事業 | B46: 0 | C46: 0 | D46: 0 | E46: 0 | F46: 0 | G46: 0 | H46: 0 | I46: 0 | J46: 0 | K46: 0 | L46: 0
A47: 地域ケア会議推進事業 | B47: 1005933 | C47: 1062621 | D47: 1100000 | E47: 1100000 | F47: 1100000 | G47: 1100000 | H47: 1100000 | I47: 1100000 | J47: 1100000 | K47: 1100000 | L47: 1100000
A49: ４．地域支援事業費計 | L49: 単位：円
B50: R3 | C50: R4 | D50: R5 | E50: R6 | F50: R7 | G50: R8 | H50: R12 | I50: R17 | J50: R22 | K50: R27 | L50: R32
A51: 介護予防・日常生活支援総合事業費 | B51: =SUM(B9,B11,B13:B17,B19,B21:B33) -> 7314288 | C51: =SUM(C9,C11,C13:C17,C19,C21:C33) -> 8373793 | D51: =SUM(D9,D11,D13:D17,D19,D21:D33) -> 8504240 | E51: =SUM(E9,E11,E13:E17,E19,E21:E33) -> 8520000 | F51: =SUM(F9,F11,F13:F17,F19,F21:F33) -> 8520000 | G51: =SUM(G9,G11,G13:G17,G19,G21:G33) -> 8520000 | H51: =SUM(H9,H11,H13:H17,H19,H21:H33) -> 8782618 | I51: =SUM(I9,I11,I13:I17,I19,I21:I33) -> 8645978 | ... L51: =SUM(L9,L11,L13:L17,L19,L21:L33) -> 6389722
A52: 包括的支援事業（地域包括支援センターの運営）及び任意事業費 | B52: =SUM(B37:B38) -> 12071356 | C52: =SUM(C37:C38) -> 12770487 | D52: =SUM(D37:D38) -> 13000000 | E52: =SUM(E37:E38) -> 13000000 | F52: =SUM(F37:F38) -> 13000000 | G52: =SUM(G37:G38) -> 13000000 | H52: =SUM(H37:H38) -> 12623591 | I52: =SUM(I37:I38) -> 12013411 | ... L52: =SUM(L37:L38) -> 9909478
A53: 包括的支援事業（社会保障充実分） | B53: =SUM(B42:B47) -> 7979093 | C53: =SUM(C42:C47) -> 8689238 | D53: =SUM(D42:D47) -> 9000000 | E53: =SUM(E42:E47) -> 9000000 | F53: =SUM(F42:F47) -> 9000000 | G53: =SUM(G42:G47) -> 9000000 | H53: =SUM(H42:H47) -> 9000000 | I53: =SUM(I42:I47) -> 9000000 | ... L53: =SUM(L42:L47) -> 9000000
A54: 地域支援事業費 | B54: =SUM(B51:B53) -> 27364737 | C54: =SUM(C51:C53) -> 29833518 | D54: =SUM(D51:D53) -> 30504240 | E54: =SUM(E51:E53) -> 30520000 | F54: =SUM(F51:F53) -> 30520000 | G54: =SUM(G51:G53) -> 30520000 | H54: =SUM(H51:H53) -> 30406209 | I54: =SUM(I51:I53) -> 29659389 | ... L54: =SUM(L51:L53) -> 25299200
A56: ※事業費は年間累計の金額。人数は１月当たりの利用者数。

Sheet 4_施策反映の解説
A1: （４）施策反映の内容
K2: 出力日： | L2: ='1_推計値サマリ'!T2 -> 2023/10/05
I3: 保険者名 | K3: =保険者名 -> 川崎町
I4: 保険者番号 | K4: =保険者番号 -> 04324
I5: 推計パターン名 | K5: =推計パターン名 -> 第9期川崎町介護保険（R5.8.12）
A7: 施策反映の全体方針
A8: 出力後に入力
A9: １．自然体推計手法
A10: 認定者数の自然体推計手法 | B10: 性別／年齢５歳階級別／要介護度別に推計する ※初期値
A11: 介護サービス利用者数の自然体推計手法 | B11: サービス別／要介護度別に推計する ※初期値
A12: ２．要介護(支援)認定者数
A13: 推計に用いた認定率の伸び | B13: 令和3年度→令和4年度 ※初期値
B14: 認定者数の設定内容
A15: 認定者数
B17: 施策反映内容
A18: 認定者数
A19: ３．施設・居住系サービス利用者数
A20: 推計に用いた利用率の伸び | B20: ０（ゼロ）※初期値
A21: 推計に用いた1人1月あたりの給付費の実績値 | B21: 令和5年度
B22: 給付費の設定内容
A23: 1人1月あたり給付費
B24: 利用者数の設定内容
A25: 施設・居住系サービス利用者数
B26: 施策反映内容
A27: （１）居宅サービス | B27: 実績値を反映
A28: （２）地域密着型サービス | B28: 実績値を反映
A29: （３）施設サービス | B29: 実績値を反映
A30: ４．在宅サービス利用者数
A31: 推計に用いた利用率の伸び | B31: ０（ゼロ）※初期値
A32: 推計に用いた1人1月あたり利用回（日）数の伸び | B32: ０（ゼロ）※初期値
A33: 推計に用いた1人1月あたりの給付費の実績値 | B33: 令和5年度
B34: 利用者数の設定内容
A35: 在宅サービス利用者数
B36: 利用回(日)数の設定内容
A37: 在宅サービス利用回(日)数
B38: 給付費の設定内容
A39: 1人1月あたり給付費
B40: 施策反映内容
A41: 在宅サービス利用者数(利用率) | B41: 実績値を反映
A42: 在宅サービス利用回(日)数
A43: ５．地域支援事業の見込み量推計
B44: 施策反映内容
A45: 地域支援事業の施策反映の経緯
A46: ６．調整交付金見込額
A47: 調整交付金見込額の調整理由

Sheet 5_保険料推計
A1: （５）第１号被保険者の保険料推計
P3: 保険者名 | Q3: =保険者名 -> 川崎町
P4: 保険者番号 | Q4: =保険者番号 -> 04324
P5: 推計パターン名 | Q5: =推計パターン名 -> 第9期川崎町介護保険（R5.8.12）
A7: １．８期保険料基準額
A8: 第８期保険料の基準額（月額） | F8: 6382.5283
A10: ２．保険料基準額の指標
F11: 第9期 | G11: 令和12年度 | H11: 令和17年度 | I11: 令和22年度 | J11: 令和27年度 | K11: 令和32年度
A12: 保険料基準額（月額） | F12: =F101/F102/F200/12 -> 7644.2121 | G12: =J101/J102/J200/12 -> 8737.5221 | H12: =K101/K102/K200/12 -> 9342.0415 | I12: =L101/L102/L200/12 -> 9651.9332 | J12: =M101/M102/M200/12 -> 9870.8316 | K12: =N101/N102/N200/12 -> 10722.786
A13: 準備基金取崩額の影響額 | F13: =(F101+F15)/F102/F200/12-F12 -> 0 | G13: =(J101+G15)/J102/J200/12-G12 -> 0 | H13: =(K101+H15)/K102/K200/12-H12 -> 0 | I13: =(L101+I15)/L102/L200/12-I12 -> 0 | J13: =(M101+J15)/M102/M200/12-J12 -> 0 | K13: =(N101+K15)/N102/N200/12-K12 -> 0
B14: 準備基金の残高（前年度末の見込額） | F14: 0 | G14: 0 | H14: 0 | I14: 0 | J14: 0 | K14: 0
B15: 準備基金取崩額 | F15: 0 | G15: 0 | H15: 0 | I15: 0 | J15: 0 | K15: 0
B16: 準備基金取崩割合 | F16: =IF(F14=0,0, F15/F14) -> 0 | G16: =IF(G14=0,0,G15/G14) -> 0 | H16: =IF(H14=0,0,H15/H14) -> 0 | I16: =IF(I14=0,0,I15/I14) -> 0 | J16: =IF(J14=0,0,J15/J14) -> 0 | K16: =IF(K14=0,0,K15/K14) -> 0
A17: 財政安定化基金拠出金見込額の影響額 | F17: =F12-(F101-F18)/F102/F200/12 -> 0 | G17: =G12-(J101-G18)/J102/J200/12 -> 0 | H17: =H12-(K101-H18)/K102/K200/12 -> 0 | I17: =I12-(L101-I18)/L102/L200/12 -> 0 | J17: =J12-(M101-J18)/M102/M200/12 -> 0 | K17: =K12-(N101-K18)/N102/N200/12 -> 0
B18: 財政安定化基金拠出金見込額 | F18: =(F68+F84)*F19 -> 0 | G18: =(J68+J84)*G19 -> 0 | H18: =(K68+K84)*H19 -> 0 | I18: =(L68+L84)*I19 -> 0 | J18: =(M68+M84)*J19 -> 0 | K18: =(N68+N84)*K19 -> 0
B19: 財政安定化基金拠出率 | F19: 0 | G19: 0 | H19: 0 | I19: 0 | J19: 0 | K19: 0
A20: 財政安定化基金償還金の影響額 | F20: =F12-(F101-F21)/F102/F200/12 -> 0 | G20: =G12-(J101-G21)/J102/J200/12 -> 0 | H20: =H12-(K101-H21)/K102/K200/12 -> 0 | I20: =I12-(L101-I21)/L102/L200/12 -> 0 | J20: =J12-(M101-J21)/M102/M200/12 -> 0 | K20: =K12-(N101-K21)/N102/N200/12 -> 0
B21: 財政安定化基金償還金 | F21: 0 | G21: 0 | H21: 0 | I21: 0 | J21: 0 | K21: 0
A22: 保険料基準額の伸び率（％） （対８期保険料） | F22: =F12/$F$8-1 -> 0.19767774 | G22: =G12/$F$8-1 -> 0.36897505 | H22: =H12/$F$8-1 -> 0.46368978 | I22: =I12/$F$8-1 -> 0.51224291 | J22: =J12/$F$8-1 -> 0.54653941 | K22: =K12/$F$8-1 -> 0.6800217
A24: ３．保険料設定を弾力化した場合の保険料額の指標
F25: 第9期 | G25: 令和12年度 | H25: 令和17年度 | I25: 令和22年度 | J25: 令和27年度 | K25: 令和32年度
A26: 保険料基準額（月額） | F26: =IFERROR(F101/F102/F201/12,"－") -> － | G26: =IFERROR(J101/J102/J201/12,"－") -> － | H26: =IFERROR(K101/K102/K201/12,"－") -> － | I26: =IFERROR(L101/L102/L201/12,"－") -> － | J26: =IFERROR(M101/M102/M201/12,"－") -> － | K26: =IFERROR(N101/N102/N201/12,"－") -> －
A27: 準備基金取崩額の影響額 | F27: =IFERROR((F101+F29)/F102/F201/12-F26,"－") -> － | G27: =IFERROR((J101+G29)/J102/J201/12-G26,"－") -> － | H27: =IFERROR((K101+H29)/K102/K201/12-H26,"－") -> － | I27: =IFERROR((L101+I29)/L102/L201/12-I26,"－") -> － | J27: =IFERROR((M101+J29)/M102/M201/12-J26,"－") -> － | K27: =IFERROR((N101+K29)/N102/N201/12-K26,"－") -> －
B28: 準備基金の残高（前年度末の見込額） | F28: =IF(F26="－","－",F14) -> － | G28: =IF(G26="－","－",G14) -> － | H28: =IF(H26="－","－",H14) -> － | I28: =IF(I26="－","－",I14) -> － | J28: =IF(J26="－","－",J14) -> － | K28: =IF(K26="－","－",K14) -> －
B29: 準備基金取崩額 | F29: =IF(F26="－","－",F15) -> － | G29: =IF(G26="－","－",G15) -> － | H29: =IF(H26="－","－",H15) -> － | I29: =IF(I26="－","－",I15) -> － | J29: =IF(J26="－","－",J15) -> － | K29: =IF(K26="－","－",K15) -> －
B30: 準備基金取崩割合 | F30: =IFERROR(F29/F28,"－") -> － | G30: =IFERROR(G29/G28,"－") -> － | H30: =IFERROR(H29/H28,"－") -> － | I30: =IFERROR(I29/I28,"－") -> － | J30: =IFERROR(J29/J28,"－") -> － | K30: =IFERROR(K29/K28,"－") -> －
A31: 財政安定化基金拠出金見込額の影響額 | F31: =IFERROR(F26-(F101-F32)/F102/F201/12,"－") -> － | G31: =IFERROR(G26-(J101-G32)/J102/J201/12,"－") -> － | H31: =IFERROR(H26-(K101-H32)/K102/K201/12,"－") -> － | I31: =IFERROR(I26-(L101-I32)/L102/L201/12,"－") -> － | J31: =IFERROR(J26-(M101-J32)/M102/M201/12,"－") -> － | K31: =IFERROR(K26-(N101-K32)/N102/N201/12,"－") -> －
B32: 財政安定化基金拠出金見込額 | F32: =IF(F26="－","－",(F68+F84)*F33) -> － | G32: =IF(G26="－","－",(J68+J84)*G33) -> － | H32: =IF(H26="－","－",(K68+K84)*H33) -> － | I32: =IF(I26="－","－",(L68+L84)*I33) -> － | J32: =IF(J26="－","－",(M68+M84)*J33) -> － | K32: =IF(K26="－","－",(N68+N84)*K33) -> －
B33: 財政安定化基金拠出率 | F33: =IF(F26="－","－",F19) -> － | G33: =IF(G26="－","－",G19) -> － | H33: =IF(H26="－","－",H19) -> － | I33: =IF(I26="－","－",I19) -> － | J33: =IF(J26="－","－",J19) -> － | K33: =IF(K26="－","－",K19) -> －
A34: 財政安定化基金償還金の影響額 | F34: =IFERROR(F26-(F101-F35)/F102/F201/12,"－") -> － | G34: =IFERROR(G26-(J101-G35)/J102/J201/12,"－") -> － | H34: =IFERROR(H26-(K101-H35)/K102/K201/12,"－") -> － | I34: =IFERROR(I26-(L101-I35)/L102/L201/12,"－") -> － | J34: =IFERROR(J26-(M101-J35)/M102/M201/12,"－") -> － | K34: =IFERROR(K26-(N101-K35)/N102/N201/12,"－") -> －
B35: 財政安定化基金償還金 | F35: =IF(F26="－","－",F21) -> － | G35: =IF(G26="－","－",G21) -> － | H35: =IF(H26="－","－",H21) -> － | I35: =IF(I26="－","－",I21) -> － | J35: =IF(J26="－","－",J21) -> － | K35: =IF(K26="－","－",K21) -> －
A36: 保険料基準額の伸び率（％） （対８期保険料） | F36: =IFERROR(F26/$F$8-1,"－") -> － | G36: =IFERROR(G26/$F$8-1,"－") -> － | H36: =IFERROR(H26/$F$8-1,"－") -> － | I36: =IFERROR(I26/$F$8-1,"－") -> － | J36: =IFERROR(J26/$F$8-1,"－") -> － | K36: =IFERROR(K26/$F$8-1,"－") -> －
A38: ４ 介護保険料基準額（月額）の内訳
F39: 金額 | L39: 構成比
F40: 第9期 | G40: 令和12年度 | H40: 令和17年度 | I40: 令和22年度 | J40: 令和27年度 | K40: 令和32年度 | L40: 第9期 | M40: 令和12年度 | N40: 令和17年度 | O40: 令和22年度 | P40: 令和27年度 | Q40: 令和32年度
A41: 総給付費 | F41: =(F69*'(参考)保険料の推計に要する係数'!D5+(F89-F90))/(F200*F102*12) -> 6919.9114 | G41: =(J69*'(参考)保険料の推計に要する係数'!E5+(J89-J90))/(J200*J102*12) -> 7933.2624 | H41: =(K69*'(参考)保険料の推計に要する係数'!F5+(K89-K90))/(K200*K102*12) -> 8406.188 | I41: =(L69*'(参考)保険料の推計に要する係数'!G5+(L89-L90))/(L200*L102*12) -> 8604.8957 | J41: =(M69*'(参考)保険料の推計に要する係数'!H5+(M89-M90))/(M200*M102*12) -> 8761.2297 | K41: =(N69*'(参考)保険料の推計に要する係数'!I5+(N89-N90))/(N200*N102*12) -> 9541.6212 | L41: =F41/$F$49 -> 0.90524848 | M41: =G41/$G$49 -> 0.90795334 | N41: =H41/$H$49 -> 0.89982344 | O41: =I41/$I$49 -> 0.89152044 | P41: =J41/$J$49 -> 0.88758779 | Q41: =K41/$K$49 -> 0.88984533
B42: 在宅サービス | F42: =$F$41*SUM('2_サービス別給付費'!G147:I147)/SUM('2_サービス別給付費'!$G$146:$I$146) -> 2391.5946 | G42: =$G$41*SUM('2_サービス別給付費'!J147)/SUM('2_サービス別給付費'!$J$146) -> 2689.8751 | H42: =$H$41*SUM('2_サービス別給付費'!K147)/SUM('2_サービス別給付費'!$K$146) -> 2872.2178 | I42: =$I$41*SUM('2_サービス別給付費'!L147)/SUM('2_サービス別給付費'!$L$146) -> 2896.6078 | J42: =$J$41*SUM('2_サービス別給付費'!M147)/SUM('2_サービス別給付費'!$M$146) -> 2922.9609 | K42: =$K$41*SUM('2_サービス別給付費'!N147)/SUM('2_サービス別給付費'!$N$146) -> 3138.0849 | L42: =F42/$F$49 -> 0.31286345 | M42: =G42/$G$49 -> 0.30785331 | N42: =H42/$H$49 -> 0.30745077 | O42: =I42/$I$49 -> 0.30010649 | P42: =J42/$J$49 -> 0.29612103 | Q42: =K42/$K$49 -> 0.29265574
B43: 居住系サービス | F43: =$F$41*SUM('2_サービス別給付費'!G148:I148)/SUM('2_サービス別給付費'!$G$146:$I$146) -> 556.57276 | G43: =$G$41*SUM('2_サービス別給付費'!J148)/SUM('2_サービス別給付費'!$J$146) -> 673.82307 | H43: =$H$41*SUM('2_サービス別給付費'!K148)/SUM('2_サービス別給付費'!$K$146) -> 703.80376 | I43: =$I$41*SUM('2_サービス別給付費'!L148)/SUM('2_サービス別給付費'!$L$146) -> 728.03193 | J43: =$J$41*SUM('2_サービス別給付費'!M148)/SUM('2_サービス別給付費'!$M$146) -> 693.72833 | K43: =$K$41*SUM('2_サービス別給付費'!N148)/SUM('2_サービス別給付費'!$N$146) -> 744.09688 | L43: =F43/$F$49 -> 0.072809695 | M43: =G43/$G$49 -> 0.077118325 | N43: =H43/$H$49 -> 0.075337254 | O43: =I43/$I$49 -> 0.075428612 | P43: =J43/$J$49 -> 0.070280637 | Q43: =K43/$K$49 -> 0.069393987
B44: 施設サービス | F44: =$F$41*SUM('2_サービス別給付費'!G149:I149)/SUM('2_サービス別給付費'!$G$146:$I$146) -> 3971.7441 | G44: =$G$41*SUM('2_サービス別給付費'!J149)/SUM('2_サービス別給付費'!$J$146) -> 4569.5642 | H44: =$H$41*SUM('2_サービス別給付費'!K149)/SUM('2_サービス別給付費'!$K$146) -> 4830.1664 | I44: =$I$41*SUM('2_サービス別給付費'!L149)/SUM('2_サービス別給付費'!$L$146) -> 4980.256 | J44: =$J$41*SUM('2_サービス別給付費'!M149)/SUM('2_サービス別給付費'!$M$146) -> 5144.5405 | K44: =$K$41*SUM('2_サービス別給付費'!N149)/SUM('2_サービス別給付費'!$N$146) -> 5659.4394 | L44: =F44/$F$49 -> 0.51957533 | M44: =G44/$G$49 -> 0.52298171 | N44: =H44/$H$49 -> 0.51703542 | O44: =I44/$I$49 -> 0.51598534 | P44: =J44/$J$49 -> 0.52118612 | Q44: =K44/$K$49 -> 0.52779561
A45: その他給付費 | F45: =((F73+F76+F79+F80)*'(参考)保険料の推計に要する係数'!D5+F83)/(F200*F102*12) -> 532.8067 | G45: =((J73+J76+J79+J80)*'(参考)保険料の推計に要する係数'!E5+J83)/(J200*J102*12) -> 600.49296 | H45: =((K73+K76+K79+K80)*'(参考)保険料の推計に要する係数'!F5+K83)/(K200*K102*12) -> 718.20406 | I45: =((L73+L76+L79+L80)*'(参考)保険料の推計に要する係数'!G5+L83)/(L200*L102*12) -> 819.99665 | J45: =((M73+M76+M79+M80)*'(参考)保険料の推計に要する係数'!H5+M83)/(M200*M102*12) -> 869.1688 | K45: =((N73+N76+N79+N80)*'(参考)保険料の推計に要する係数'!I5+N83)/(N200*N102*12) -> 929.05558 | L45: =F45/$F$49 -> 0.069700669 | M45: =G45/$G$49 -> 0.068725773 | N45: =H45/$H$49 -> 0.076878705 | O45: =I45/$I$49 -> 0.084956726 | P45: =J45/$J$49 -> 0.088054263 | Q45: =K45/$K$49 -> 0.086643114
A46: 地域支援事業費 | F46: =F84*'(参考)保険料の推計に要する係数'!D5/(F200*F102*12) -> 191.494 | G46: =J84*'(参考)保険料の推計に要する係数'!E5/(J200*J102*12) -> 203.76673 | H46: =K84*'(参考)保険料の推計に要する係数'!F5/(K200*K102*12) -> 217.6495 | I46: =L84*'(参考)保険料の推計に要する係数'!G5/(L200*L102*12) -> 227.04086 | J46: =M84*'(参考)保険料の推計に要する係数'!H5/(M200*M102*12) -> 240.43318 | K46: =N84*'(参考)保険料の推計に要する係数'!I5/(N200*N102*12) -> 252.10936 | L46: =F46/$F$49 -> 0.025050848 | M46: =G46/$G$49 -> 0.023320883 | N46: =H46/$H$49 -> 0.023297851 | O46: =I46/$I$49 -> 0.023522838 | P46: =J46/$J$49 -> 0.024357945 | Q46: =K46/$K$49 -> 0.023511553
A47: 財政安定化基金（拠出金見込額＋償還金） | F47: =(F18+F21)/(F200*F102*12) -> 0 | G47: =(G18+G21)/(J200*J102*12) -> 0 | H47: =(H18+H21)/(K200*K102*12) -> 0 | I47: =(I18+I21)/(L200*L102*12) -> 0 | J47: =(J18+J21)/(M200*M102*12) -> 0 | K47: =(K18+K21)/(N200*N102*12) -> 0 | L47: =F47/$F$49 -> 0 | M47: =G47/$G$49 -> 0 | N47: =H47/$H$49 -> 0 | O47: =I47/$I$49 -> 0 | P47: =J47/$J$49 -> 0 | Q47: =K47/$K$49 -> 0
A48: 市町村特別給付費等 | F48: =(F98+F99-F100)/(F200*F102*12) -> 0 | G48: =(J98+J99-J100)/(J200*J102*12) -> 0 | H48: =(K98+K99-K100)/(K200*K102*12) -> 0 | I48: =(L98+L99-L100)/(L200*L102*12) -> 0 | J48: =(M98+M99-M100)/(M200*M102*12) -> 0 | K48: =(N98+N99-N100)/(N200*N102*12) -> 0 | L48: =F48/$F$49 -> 0 | M48: =G48/$G$49 -> 0 | N48: =H48/$H$49 -> 0 | O48: =I48/$I$49 -> 0 | P48: =J48/$J$49 -> 0 | Q48: =K48/$K$49 -> 0
A49: 保険料収納必要額（月額） | F49: =F41+SUM(F45:F48) -> 7644.2121 | G49: =G41+SUM(G45:G48) -> 8737.5221 | H49: =H41+SUM(H45:H48) -> 9342.0415 | I49: =I41+SUM(I45:I48) -> 9651.9332 | J49: =J41+SUM(J45:J48) -> 9870.8316 | K49: =K41+SUM(K45:K48) -> 10722.786 | L49: =F49/$F$49 -> 1 | M49: =G49/$G$49 -> 1 | N49: =H49/$H$49 -> 1 | O49: =I49/$I$49 -> 1 | P49: =J49/$J$49 -> 1 | Q49: =K49/$K$49 -> 1
A50: 準備基金取崩額 | F50: =F15/(F200*F102*12) -> 0 | G50: =G15/(J200*J102*12) -> 0 | H50: =H15/(K200*K102*12) -> 0 | I50: =I15/(L200*L102*12) -> 0 | J50: =J15/(M200*M102*12) -> 0 | K50: =K15/(N200*N102*12) -> 0 | L50: =F50/$F$49 -> 0 | M50: =G50/$G$49 -> 0 | N50: =H50/$H$49 -> 0 | O50: =I50/$I$49 -> 0 | P50: =J50/$J$49 -> 0 | Q50: =K50/$K$49 -> 0
A51: 基準保険料額（月額） | F51: =F49-F50 -> 7644.2121 | G51: =G49-G50 -> 8737.5221 | H51: =H49-H50 -> 9342.0415 | I51: =I49-I50 -> 9651.9332 | J51: =J49-J50 -> 9870.8316 | K51: =K49-K50 -> 10722.786 | L51: =F51/$F$49 -> 1 | M51: =G51/$G$49 -> 1 | N51: =H51/$H$49 -> 1 | O51: =I51/$I$49 -> 1 | P51: =J51/$J$49 -> 1 | Q51: =K51/$K$49 -> 1
A52: （弾力化した場合）
A53: 総給付費 | F53: =IFERROR((F69*'(参考)保険料の推計に要する係数'!D5+(F89-F90))/(F201*F102*12),"－") -> － | G53: =IFERROR((J69*'(参考)保険料の推計に要する係数'!E5+(J89-J90))/(J201*J102*12),"－") -> － | H53: =IFERROR((K69*'(参考)保険料の推計に要する係数'!F5+(K89-K90))/(K201*K102*12),"－") -> － | I53: =IFERROR((L69*'(参考)保険料の推計に要する係数'!G5+(L89-L90))/(L201*L102*12),"－") -> － | J53: =IFERROR((M69*'(参考)保険料の推計に要する係数'!H5+(M89-M90))/(M201*M102*12),"－") -> － | K53: =IFERROR((N69*'(参考)保険料の推計に要する係数'!I5+(N89-N90))/(N201*N102*12),"－") -> － | L53: =IFERROR(F53/$F$61,"－") -> － | M53: =IFERROR(G53/$G$61,"－") -> － | N53: =IFERROR(H53/$H$61,"－") -> － | O53: =IFERROR(I53/$I$61,"－") -> － | P53: =IFERROR(J53/$J$61,"－") -> － | Q53: =IFERROR(K53/$K$61,"－") -> －
B54: 在宅サービス | F54: =IFERROR($F$53*SUM('2_サービス別給付費'!G147:I147)/SUM('2_サービス別給付費'!$G$146:$I$146),"－") -> － | G54: =IFERROR(G53*SUM('2_サービス別給付費'!J147)/SUM('2_サービス別給付費'!J146),"－") -> － | H54: =IFERROR(H53*SUM('2_サービス別給付費'!K147)/SUM('2_サービス別給付費'!K146),"－") -> － | I54: =IFERROR(I53*SUM('2_サービス別給付費'!L147)/SUM('2_サービス別給付費'!L146),"－") -> － | J54: =IFERROR(J53*SUM('2_サービス別給付費'!M147)/SUM('2_サービス別給付費'!M146),"－") -> － | K54: =IFERROR(K53*SUM('2_サービス別給付費'!N147)/SUM('2_サービス別給付費'!N146),"－") -> － | L54: =IFERROR(F54/$F$61,"－") -> － | M54: =IFERROR(G54/$G$61,"－") -> － | N54: =IFERROR(H54/$H$61,"－") -> － | O54: =IFERROR(I54/$I$61,"－") -> － | P54: =IFERROR(J54/$J$61,"－") -> － | Q54: =IFERROR(K54/$K$61,"－") -> －
B55: 居住系サービス | F55: =IFERROR($F$53*SUM('2_サービス別給付費'!G148:I148)/SUM('2_サービス別給付費'!$G$146:$I$146),"－") -> － | G55: =IFERROR(G53*SUM('2_サービス別給付費'!J148)/SUM('2_サービス別給付費'!J146),"－") -> － | H55: =IFERROR(H53*SUM('2_サービス別給付費'!K148)/SUM('2_サービス別給付費'!K146),"－") -> － | I55: =IFERROR(I53*SUM('2_サービス別給付費'!L148)/SUM('2_サービス別給付費'!L146),"－") -> － | J55: =IFERROR(J53*SUM('2_サービス別給付費'!M148)/SUM('2_サービス別給付費'!M146),"－") -> － | K55: =IFERROR(K53*SUM('2_サービス別給付費'!N148)/SUM('2_サービス別給付費'!N146),"－") -> － | L55: =IFERROR(F55/$F$61,"－") -> － | M55: =IFERROR(G55/$G$61,"－") -> － | N55: =IFERROR(H55/$H$61,"－") -> － | O55: =IFERROR(I55/$I$61,"－") -> － | P55: =IFERROR(J55/$J$61,"－") -> － | Q55: =IFERROR(K55/$K$61,"－") -> －
B56: 施設サービス | F56: =IFERROR($F$53*SUM('2_サービス別給付費'!G149:I149)/SUM('2_サービス別給付費'!$G$146:$I$146),"－") -> － | G56: =IFERROR(G53*SUM('2_サービス別給付費'!J149)/SUM('2_サービス別給付費'!J146),"－") -> － | H56: =IFERROR(H53*SUM('2_サービス別給付費'!K149)/SUM('2_サービス別給付費'!K146),"－") -> － | I56: =IFERROR(I53*SUM('2_サービス別給付費'!L149)/SUM('2_サービス別給付費'!L146),"－") -> － | J56: =IFERROR(J53*SUM('2_サービス別給付費'!M149)/SUM('2_サービス別給付費'!M146),"－") -> － | K56: =IFERROR(K53*SUM('2_サービス別給付費'!N149)/SUM('2_サービス別給付費'!N146),"－") -> － | L56: =IFERROR(F56/$F$61,"－") -> － | M56: =IFERROR(G56/$G$61,"－") -> － | N56: =IFERROR(H56/$H$61,"－") -> － | O56: =IFERROR(I56/$I$61,"－") -> － | P56: =IFERROR(J56/$J$61,"－") -> － | Q56: =IFERROR(K56/$K$61,"－") -> －
A57: その他給付費 | F57: =IFERROR(((F73+F76+F79+F80)*'(参考)保険料の推計に要する係数'!D5+F83)/(F201*F102*12),"－") -> － | G57: =IFERROR(((J73+J76+J79+J80)*'(参考)保険料の推計に要する係数'!E5+J83)/(J201*J102*12),"－") -> － | H57: =IFERROR(((K73+K76+K79+K80)*'(参考)保険料の推計に要する係数'!F5+K83)/(K201*K102*12),"－") -> － | I57: =IFERROR(((L73+L76+L79+L80)*'(参考)保険料の推計に要する係数'!G5+L83)/(L201*L102*12),"－") -> － | J57: =IFERROR(((M73+M76+M79+M80)*'(参考)保険料の推計に要する係数'!H5+M83)/(M201*M102*12),"－") -> － | K57: =IFERROR(((N73+N76+N79+N80)*'(参考)保険料の推計に要する係数'!I5+N83)/(N201*N102*12),"－") -> － | L57: =IFERROR(F57/$F$61,"－") -> － | M57: =IFERROR(G57/$G$61,"－") -> － | N57: =IFERROR(H57/$H$61,"－") -> － | O57: =IFERROR(I57/$I$61,"－") -> － | P57: =IFERROR(J57/$J$61,"－") -> － | Q57: =IFERROR(K57/$K$61,"－") -> －
A58: 地域支援事業費 | F58: =IFERROR(F84*'(参考)保険料の推計に要する係数'!D5/(F201*F102*12),"－") -> － | G58: =IFERROR(J84*'(参考)保険料の推計に要する係数'!E5/(J201*J102*12),"－") -> － | H58: =IFERROR(K84*'(参考)保険料の推計に要する係数'!F5/(K201*K102*12),"－") -> － | I58: =IFERROR(L84*'(参考)保険料の推計に要する係数'!G5/(L201*L102*12),"－") -> － | J58: =IFERROR(M84*'(参考)保険料の推計に要する係数'!H5/(M201*M102*12),"－") -> － | K58: =IFERROR(N84*'(参考)保険料の推計に要する係数'!I5/(N201*N102*12),"－") -> － | L58: =IFERROR(F58/$F$61,"－") -> － | M58: =IFERROR(G58/$G$61,"－") -> － | N58: =IFERROR(H58/$H$61,"－") -> － | O58: =IFERROR(I58/$I$61,"－") -> － | P58: =IFERROR(J58/$J$61,"－") -> － | Q58: =IFERROR(K58/$K$61,"－") -> －
A59: 財政安定化基金（拠出金見込額＋償還金） | F59: =IFERROR((F18+F21)/(F201*F102*12),"－") -> － | G59: =IFERROR((G18+G21)/(J201*J102*12),"－") -> － | H59: =IFERROR((H18+H21)/(K201*K102*12),"－") -> － | I59: =IFERROR((I18+I21)/(L201*L102*12),"－") -> － | J59: =IFERROR((J18+J21)/(M201*M102*12),"－") -> － | K59: =IFERROR((K18+K21)/(N201*N102*12),"－") -> － | L59: =IFERROR(F59/$F$61,"－") -> － | M59: =IFERROR(G59/$G$61,"－") -> － | N59: =IFERROR(H59/$H$61,"－") -> － | O59: =IFERROR(I59/$I$61,"－") -> － | P59: =IFERROR(J59/$J$61,"－") -> － | Q59: =IFERROR(K59/$K$61,"－") -> －
A60: 市町村特別給付費等 | F60: =IFERROR((F98+F99-F100)/(F201*F102*12),"－") -> － | G60: =IFERROR((J98+J99-J100)/(J201*J102*12),"－") -> － | H60: =IFERROR((K98+K99-K100)/(K201*K102*12),"－") -> － | I60: =IFERROR((L98+L99-L100)/(L201*L102*12),"－") -> － | J60: =IFERROR((M98+M99-M100)/(M201*M102*12),"－") -> － | K60: =IFERROR((N98+N99-N100)/(N201*N102*12),"－") -> － | L60: =IFERROR(F60/$F$61,"－") -> － | M60: =IFERROR(G60/$G$61,"－") -> － | N60: =IFERROR(H60/$H$61,"－") -> － | O60: =IFERROR(I60/$I$61,"－") -> － | P60: =IFERROR(J60/$J$61,"－") -> － | Q60: =IFERROR(K60/$K$61,"－") -> －
A61: 保険料収納必要額（月額） | F61: =IFERROR(F53+SUM(F57:F60),"－") -> － | G61: =IFERROR(G53+SUM(G57:G60),"－") -> － | H61: =IFERROR(H53+SUM(H57:H60),"－") -> － | I61: =IFERROR(I53+SUM(I57:I60),"－") -> － | J61: =IFERROR(J53+SUM(J57:J60),"－") -> － | K61: =IFERROR(K53+SUM(K57:K60),"－") -> － | L61: =IFERROR(F61/$F$61,"－") -> － | M61: =IFERROR(G61/$G$61,"－") -> － | N61: =IFERROR(H61/$H$61,"－") -> － | O61: =IFERROR(I61/$I$61,"－") -> － | P61: =IFERROR(J61/$J$61,"－") -> － | Q61: =IFERROR(K61/$K$61,"－") -> －
A62: 準備基金取崩額 | F62: =IFERROR(F15/(F201*F102*12),"－") -> － | G62: =IFERROR(G15/(J201*J102*12),"－") -> － | H62: =IFERROR(H15/(K201*K102*12),"－") -> － | I62: =IFERROR(I15/(L201*L102*12),"－") -> － | J62: =IFERROR(J15/(M201*M102*12),"－") -> － | K62: =IFERROR(K15/(N201*N102*12),"－") -> － | L62: =IFERROR(F62/$F$61,"－") -> － | M62: =IFERROR(G62/$G$61,"－") -> － | N62: =IFERROR(H62/$H$61,"－") -> － | O62: =IFERROR(I62/$I$61,"－") -> － | P62: =IFERROR(J62/$J$61,"－") -> － | Q62: =IFERROR(K62/$K$61,"－") -> －
A63: 基準保険料額（月額） | F63: =IFERROR(F61-F62,"－") -> － | G63: =IFERROR(G61-G62,"－") -> － | H63: =IFERROR(H61-H62,"－") -> － | I63: =IFERROR(I61-I62,"－") -> － | J63: =IFERROR(J61-J62,"－") -> － | K63: =IFERROR(K61-K62,"－") -> － | L63: =IFERROR(F63/$F$61,"－") -> － | M63: =IFERROR(G63/$G$61,"－") -> － | N63: =IFERROR(H63/$H$61,"－") -> － | O63: =IFERROR(I63/$I$61,"－") -> － | P63: =IFERROR(J63/$J$61,"－") -> － | Q63: =IFERROR(K63/$K$61,"－") -> －
A65: ５．保険料収納必要額関係
F66: 第9期 | J66: 令和12年度 | K66: 令和17年度 | L66: 令和22年度 | M66: 令和27年度 | N66: 令和32年度
F67: 合計 | G67: 令和6年度 | H67: 令和7年度 | I67: 令和8年度
A68: 標準給付費見込額（A） | F68: =SUM(G68:I68) -> 3444583583 | G68: =G69+G73+G76+G79+G80 -> 1144349209 | H68: =H69+H73+H76+H79+H80 -> 1145681207 | I68: =I69+I73+I76+I79+I80 -> 1154553167 | J68: =J69+J73+J76+J79+J80 -> 1211385966 | K68: =K69+K73+K76+K79+K80 -> 1310956631 | L68: =L69+L73+L76+L79+L80 -> 1407546387 | M68: =M69+M73+M76+M79+M80 -> 1339411672 | N68: =N69+N73+N76+N79+N80 -> 1315014823
B69: 総給付費（財政影響額調整後） | F69: =SUM(G69:I69) -> 3189830000 | G69: =G70-G71 -> 1059963000 | H69: =H70-H71 -> 1061440000 | I69: =I70-I71 -> 1068427000 | J69: =J70-J71 -> 1121780000 | K69: =K70-K71 -> 1213086000 | L69: =L70-L71 -> 1304601000 | M69: =M70-M71 -> 1243281000 | N69: =N70-N71 -> 1221784000
C70: 総給付費 | F70: =SUM(G70:I70) -> 3189830000 | G70: ='2_サービス別給付費'!G146*1000 -> 1059963000 | H70: ='2_サービス別給付費'!H146*1000 -> 1061440000 | I70: ='2_サービス別給付費'!I146*1000 -> 1068427000 | J70: ='2_サービス別給付費'!J146*1000 -> 1121780000 | K70: ='2_サービス別給付費'!K146*1000 -> 1213086000 | L70: ='2_サービス別給付費'!L146*1000 -> 1304601000 | M70: ='2_サービス別給付費'!M146*1000 -> 1243281000 | N70: ='2_サービス別給付費'!N146*1000 -> 1221784000
C71: 利用者負担の見直し等に伴う財政影響額 | F71: =SUM(G71:I71) -> 0 | G71: 0 | H71: 0 | I71: 0 | J71: 0 | K71: 0 | L71: 0 | M71: 0 | N71: 0
F72: =SUM(G72:I72) -> 0 | G72: 0 | H72: 0 | I72: 0 | J72: 0 | K72: 0 | L72: 0 | M72: 0 | N72: 0
B73: 特定入所者介護サービス費等給付額（財政影響額調整後） | F73: =SUM(G73:I73) -> 162299291 | G73: =G74+G75 -> 53761063 | H73: =H74+H75 -> 53668690 | I73: =I74+I75 -> 54869538 | J73: =J74+J75 -> 57086491 | K73: =K74+K75 -> 62351749 | L73: =L74+L75 -> 65584804 | M73: =M74+M75 -> 61243273 | N73: =N74+N75 -> 59395814
C74: 特定入所者介護サービス費等給付額 | F74: =SUM(G74:I74) -> 162299291 | G74: 53761063 | H74: 53668690 | I74: 54869538 | J74: 57086491 | K74: 62351749 | L74: 65584804 | M74: 61243273 | N74: 59395814
C75: 制度改正に伴う財政影響額 | F75: =SUM(G75:I75) -> 0 | G75: 0 | H75: 0 | I75: 0 | J75: 0 | K75: 0 | L75: 0 | M75: 0 | N75: 0
B76: 高額介護サービス費等給付額（財政影響額調整後） | F76: =SUM(G76:I76) -> 82949253 | G76: =G77+G78 -> 27476645 | H76: =H77+H78 -> 27429434 | I76: =I77+I78 -> 28043174 | J76: =J77+J78 -> 29176232 | K76: =K77+K78 -> 31867243 | L76: =L77+L78 -> 33519619 | M76: =M77+M78 -> 31300714 | N76: =N77+N78 -> 30356500
C77: 高額介護サービス費等給付額 | F77: =SUM(G77:I77) -> 82949253 | G77: 27476645 | H77: 27429434 | I77: 28043174 | J77: 29176232 | K77: 31867243 | L77: 33519619 | M77: 31300714 | N77: 30356500
C78: 高額介護サービス費等の利用者負担の見直し等に伴う財政影響額 | F78: =SUM(G78:I78) -> 0 | G78: 0 | H78: 0 | I78: 0 | J78: 0 | K78: 0 | L78: 0 | M78: 0 | N78: 0
B79: 高額医療合算介護サービス費等給付額 | F79: =SUM(G79:I79) -> 7410739 | G79: 2454781 | H79: 2450563 | I79: 2505395 | J79: 2606623 | K79: 2847039 | L79: 2994664 | M79: 2796425 | N79: 2712069
B80: 算定対象審査支払手数料 | F80: =SUM(G80:I80) -> 2094300 | G80: =G81*G82-G83 -> 693720 | H80: =H81*H82-H83 -> 692520 | I80: =I81*I82-I83 -> 708060 | J80: =J81*J82-J83 -> 736620 | K80: =K81*K82-K83 -> 804600 | L80: =L81*L82-L83 -> 846300 | M80: =M81*M82-M83 -> 790260 | N80: =N81*N82-N83 -> 766440
C81: 審査支払手数料一件あたり単価 | G81: 60 | H81: 60 | I81: 60 | J81: 60 | K81: 60 | L81: 60 | M81: 60 | N81: 60
C82: 審査支払手数料支払件数 | F82: =SUM(G82:I82) -> 34905 | G82: 11562 | H82: 11542 | I82: 11801 | J82: 12277 | K82: 13410 | L82: 14105 | M82: 13171 | N82: 12774
C83: 審査支払手数料差引額（K） | F83: =SUM(G83:I83) -> 0 | G83: =IF(G81-'(参考)保険料の推計に要する係数'!$D$38>0,(G81-'(参考)保険料の推計に要する係数'!$D$38)*G82,0) -> 0 | H83: =IF(H81-'(参考)保険料の推計に要する係数'!$D$38>0,(H81-'(参考)保険料の推計に要する係数'!$D$38)*H82,0) -> 0 | I83: =IF(I81-'(参考)保険料の推計に要する係数'!$D$38>0,(I81-'(参考)保険料の推計に要する係数'!$D$38)*I82,0) -> 0 | J83: =IF(J81-'(参考)保険料の推計に要する係数'!$D$38>0,(J81-'(参考)保険料の推計に要する係数'!$D$38)*J82,0) -> 0 | K83: =IF(K81-'(参考)保険料の推計に要する係数'!$D$38>0,(K81-'(参考)保険料の推計に要する係数'!$D$38)*K82,0) -> 0 | L83: =IF(L81-'(参考)保険料の推計に要する係数'!$D$38>0,(L81-'(参考)保険料の推計に要する係数'!$D$38)*L82,0) -> 0 | M83: =IF(M81-'(参考)保険料の推計に要する係数'!$D$38>0,(M81-'(参考)保険料の推計に要する係数'!$D$38)*M82,0) -> 0 | N83: =IF(N81-'(参考)保険料の推計に要する係数'!$D$38>0,(N81-'(参考)保険料の推計に要する係数'!$D$38)*N82,0) -> 0
A84: 地域支援事業費（B) | F84: =SUM(G84:I84) -> 91560000 | G84: =SUM(G85:G87) -> 30520000 | H84: =SUM(H85:H87) -> 30520000 | I84: =SUM(I85:I87) -> 30520000 | J84: =SUM(J85:J87) -> 30406209 | K84: =SUM(K85:K87) -> 29659389 | L84: =SUM(L85:L87) -> 28503542 | M84: =SUM(M85:M87) -> 26592076 | N84: =SUM(N85:N87) -> 25299200
B85: 介護予防・日常生活支援総合事業費 | F85: =SUM(G85:I85) -> 25560000 | G85: ='3_地域支援事業費'!E51 -> 8520000 | H85: ='3_地域支援事業費'!F51 -> 8520000 | I85: ='3_地域支援事業費'!G51 -> 8520000 | J85: ='3_地域支援事業費'!H51 -> 8782618 | K85: ='3_地域支援事業費'!I51 -> 8645978 | L85: ='3_地域支援事業費'!J51 -> 7997294 | M85: ='3_地域支援事業費'!K51 -> 7060531 | N85: ='3_地域支援事業費'!L51 -> 6389722
B86: 包括的支援事業（地域包括支援センターの運営）及び任意事業費 | F86: =SUM(G86:I86) -> 39000000 | G86: ='3_地域支援事業費'!E52 -> 13000000 | H86: ='3_地域支援事業費'!F52 -> 13000000 | I86: ='3_地域支援事業費'!G52 -> 13000000 | J86: ='3_地域支援事業費'!H52 -> 12623591 | K86: ='3_地域支援事業費'!I52 -> 12013411 | L86: ='3_地域支援事業費'!J52 -> 11506248 | M86: ='3_地域支援事業費'!K52 -> 10531545 | N86: ='3_地域支援事業費'!L52 -> 9909478
B87: 包括的支援事業（社会保障充実分） | F87: =SUM(G87:I87) -> 27000000 | G87: ='3_地域支援事業費'!E53 -> 9000000 | H87: ='3_地域支援事業費'!F53 -> 9000000 | I87: ='3_地域支援事業費'!G53 -> 9000000 | J87: ='3_地域支援事業費'!H53 -> 9000000 | K87: ='3_地域支援事業費'!I53 -> 9000000 | L87: ='3_地域支援事業費'!J53 -> 9000000 | M87: ='3_地域支援事業費'!K53 -> 9000000 | N87: ='3_地域支援事業費'!L53 -> 9000000
A88: 第1号被保険者負担分相当額（D） | F88: =SUM(G88:I88) -> 8.1331302e+08 | G88: =(G68+G84)*'(参考)保険料の推計に要する係数'!$D$5 -> 2.7021992e+08 | H88: =(H68+H84)*'(参考)保険料の推計に要する係数'!$D$5 -> 2.7052628e+08 | I88: =(I68+I84)*'(参考)保険料の推計に要する係数'!$D$5 -> 2.7256683e+08 | J88: =(J68+J84)*'(参考)保険料の推計に要する係数'!$E$5 -> 298030122 | K88: =(K68+K84)*'(参考)保険料の推計に要する係数'!$F$5 -> 335154005 | L88: =(L68+L84)*'(参考)保険料の推計に要する係数'!$G$5 -> 3.7337298e+08 | M88: =(M68+M84)*'(参考)保険料の推計に要する係数'!$H$5 -> 3.6882101e+08 | N88: =(N68+N84)*'(参考)保険料の推計に要する係数'!$I$5 -> 3.7528793e+08
A89: 調整交付金相当額（E） | F89: =SUM(G89:I89) -> 1.7350718e+08 | G89: =(G68+G85)*0.05 -> 57643460 | H89: =(H68+H85)*0.05 -> 57710060 | I89: =(I68+I85)*0.05 -> 58153658 | J89: =(J68+J85)*0.05 -> 61008429 | K89: =(K68+K85)*0.05 -> 65980130 | L89: =(L68+L85)*0.05 -> 70777184 | M89: =(M68+M85)*0.05 -> 67323610 | N89: =(N68+N85)*0.05 -> 66070227
A90: 調整交付金見込額（I） | F90: =SUM(G90:I90) -> 146178000 | G90: =ROUND((G68+G85)*G93*G91,-3)+G92 -> 52571000 | H90: =ROUND((H68+H85)*H93*H91,-3)+H92 -> 48015000 | I90: =ROUND((I68+I85)*I93*I91,-3)+I92 -> 45592000 | J90: =ROUND((J68+J85)*J93*J91,-3)+J92 -> 46122000 | K90: =ROUND((K68+K85)*K93*K91,-3)+K92 -> 82871000 | L90: =ROUND((L68+L85)*L93*L91,-3)+L92 -> 129098000 | M90: =ROUND((M68+M85)*M93*M91,-3)+M92 -> 141380000 | N90: =ROUND((N68+N85)*N93*N91,-3)+N92 -> 140069000
B91: 調整率 | G91: 1 | H91: 1 | I91: 1 | J91: 1 | K91: 1 | L91: 1 | M91: 1 | N91: 1
B92: 特別調整交付金の交付見込額 | G92: 0 | H92: 0 | I92: 0 | J92: 0 | K92: 0 | L92: 0 | M92: 0 | N92: 0
A93: 調整交付金見込交付割合（H） | G93: =IF(G97<>0,IF(('(参考)保険料の推計に要する係数'!$D$5+0.05)-'(参考)保険料の推計に要する係数'!$D$5*G94*G97>0,ROUND(('(参考)保険料の推計に要する係数'!$D$5+0.05)-('(参考)保険料の推計に要する係数'!$D$5*G94*G97),4),0),0) -> 0.0456 | H93: =IF(H97<>0,IF(('(参考)保険料の推計に要する係数'!$D$5+0.05)-'(参考)保険料の推計に要する係数'!$D$5*H94*H97>0,ROUND(('(参考)保険料の推計に要する係数'!$D$5+0.05)-('(参考)保険料の推計に要する係数'!$D$5*H94*H97),4),0),0) -> 0.0416 | I93: =IF(I97<>0,IF(('(参考)保険料の推計に要する係数'!$D$5+0.05)-'(参考)保険料の推計に要する係数'!$D$5*I94*I97>0,ROUND(('(参考)保険料の推計に要する係数'!$D$5+0.05)-('(参考)保険料の推計に要する係数'!$D$5*I94*I97),4),0),0) -> 0.0392 | J93: =IF(J97<>0,IF(('(参考)保険料の推計に要する係数'!$E$5+0.05)-'(参考)保険料の推計に要する係数'!$E$5*J94*J97>0,ROUND(('(参考)保険料の推計に要する係数'!$E$5+0.05)-('(参考)保険料の推計に要する係数'!$E$5*J94*J97),4),0),0) -> 0.0378 | K93: =IF(K97<>0,IF(('(参考)保険料の推計に要する係数'!$F$5+0.05)-'(参考)保険料の推計に要する係数'!$F$5*K94*K97>0,ROUND(('(参考)保険料の推計に要する係数'!$F$5+0.05)-('(参考)保険料の推計に要する係数'!$F$5*K94*K97),4),0),0) -> 0.0628 | L93: =IF(L97<>0,IF(('(参考)保険料の推計に要する係数'!$G$5+0.05)-'(参考)保険料の推計に要する係数'!$G$5*L94*L97>0,ROUND(('(参考)保険料の推計に要する係数'!$G$5+0.05)-('(参考)保険料の推計に要する係数'!$G$5*L94*L97),4),0),0) -> 0.0912 | M93: =IF(M97<>0,IF(('(参考)保険料の推計に要する係数'!$H$5+0.05)-'(参考)保険料の推計に要する係数'!$H$5*M94*M97>0,ROUND(('(参考)保険料の推計に要する係数'!$H$5+0.05)-('(参考)保険料の推計に要する係数'!$H$5*M94*M97),4),0),0) -> 0.105 | N93: =IF(N97<>0,IF(('(参考)保険料の推計に要する係数'!$I$5+0.05)-'(参考)保険料の推計に要する係数'!$I$5*N94*N97>0,ROUND(('(参考)保険料の推計に要する係数'!$I$5+0.05)-('(参考)保険料の推計に要する係数'!$I$5*N94*N97),4),0),0) -> 0.106
B94: 後期高齢者加入割合補正係数（F） | G94: =IF(SUM(G108:G109)>0, ROUND( ( '(参考)保険料の推計に要する係数'!D9*'(参考)保険料の推計に要する係数'!D12 +'(参考)保険料の推計に要する係数'!D10*'(参考)保険料の推計に要する係数'!D13 +'(参考)保険料の推計に要する係数'!D11*'(参考)保険料の推計に要する係数'!D14 ) / ( ROUND(G108/G107,4)*'(参考)保険料の推計に要する係数'!D12 +ROUND(G110/G107,4)*'(参考)保険料の推計に要する係数'!D13 +ROUND(G111/G107,4)*'(参考)保険料の推計に要する係数'!D14 ),4),0) -> 1.0611 | H94: =IF(SUM(H108:H109)>0, ROUND( ( '(参考)保険料の推計に要する係数'!E9*'(参考)保険料の推計に要する係数'!E12 +'(参考)保険料の推計に要する係数'!E10*'(参考)保険料の推計に要する係数'!E13 +'(参考)保険料の推計に要する係数'!E11*'(参考)保険料の推計に要する係数'!E14 ) / ( ROUND(H108/H107,4)*'(参考)保険料の推計に要する係数'!E12 +ROUND(H110/H107,4)*'(参考)保険料の推計に要する係数'!E13 +ROUND(H111/H107,4)*'(参考)保険料の推計に要する係数'!E14 ),4),0) -> 1.0805 | I94: =IF(SUM(I108:I109)>0, ROUND( ( '(参考)保険料の推計に要する係数'!F9*'(参考)保険料の推計に要する係数'!F12 +'(参考)保険料の推計に要する係数'!F10*'(参考)保険料の推計に要する係数'!F13 +'(参考)保険料の推計に要する係数'!F11*'(参考)保険料の推計に要する係数'!F14 ) / ( ROUND(I108/I107,4)*'(参考)保険料の推計に要する係数'!F12 +ROUND(I110/I107,4)*'(参考)保険料の推計に要する係数'!F13 +ROUND(I111/I107,4)*'(参考)保険料の推計に要する係数'!F14 ),4),0) -> 1.0928 | J94: =IF(SUM(J108:J109)>0, ROUND( ( '(参考)保険料の推計に要する係数'!G9*'(参考)保険料の推計に要する係数'!G12 +'(参考)保険料の推計に要する係数'!G10*'(参考)保険料の推計に要する係数'!G13 +'(参考)保険料の推計に要する係数'!G11*'(参考)保険料の推計に要する係数'!G14 ) / ( ROUND(J108/J107,4)*'(参考)保険料の推計に要する係数'!G12 +ROUND(J110/J107,4)*'(参考)保険料の推計に要する係数'!G13 +ROUND(J111/J107,4)*'(参考)保険料の推計に要する係数'!G14 ),4),0) -> 1.0961 | K94: =IF(SUM(K108:K109)>0, ROUND( ( '(参考)保険料の推計に要する係数'!H9*'(参考)保険料の推計に要する係数'!H12 +'(参考)保険料の推計に要する係数'!H10*'(参考)保険料の推計に要する係数'!H13 +'(参考)保険料の推計に要する係数'!H11*'(参考)保険料の推計に要する係数'!H14 ) / ( ROUND(K108/K107,4)*'(参考)保険料の推計に要する係数'!H12 +ROUND(K110/K107,4)*'(参考)保険料の推計に要する係数'!H13 +ROUND(K111/K107,4)*'(参考)保険料の推計に要する係数'!H14 ),4),0) -> 0.9914 | L94: =IF(SUM(L108:L109)>0, ROUND( ( '(参考)保険料の推計に要する係数'!I9*'(参考)保険料の推計に要する係数'!I12 +'(参考)保険料の推計に要する係数'!I10*'(参考)保険料の推計に要する係数'!I13 +'(参考)保険料の推計に要する係数'!I11*'(参考)保険料の推計に要する係数'!I14 ) / ( ROUND(L108/L107,4)*'(参考)保険料の推計に要する係数'!I12 +ROUND(L110/L107,4)*'(参考)保険料の推計に要する係数'!I13 +ROUND(L111/L107,4)*'(参考)保険料の推計に要する係数'!I14 ),4),0) -> 0.8779 | M94: =IF(SUM(M108:M109)>0, ROUND( ( '(参考)保険料の推計に要する係数'!J9*'(参考)保険料の推計に要する係数'!J12 +'(参考)保険料の推計に要する係数'!J10*'(参考)保険料の推計に要する係数'!J13 +'(参考)保険料の推計に要する係数'!J11*'(参考)保険料の推計に要する係数'!J14 ) / ( ROUND(M108/M107,4)*'(参考)保険料の推計に要する係数'!J12 +ROUND(M110/M107,4)*'(参考)保険料の推計に要する係数'!J13 +ROUND(M111/M107,4)*'(参考)保険料の推計に要する係数'!J14 ),4),0) -> 0.8312 | N94: =IF(SUM(N108:N109)>0, ROUND( ( '(参考)保険料の推計に要する係数'!K9*'(参考)保険料の推計に要する係数'!K12 +'(参考)保険料の推計に要する係数'!K10*'(参考)保険料の推計に要する係数'!K13 +'(参考)保険料の推計に要する係数'!K11*'(参考)保険料の推計に要する係数'!K14 ) / ( ROUND(N108/N107,4)*'(参考)保険料の推計に要する係数'!K12 +ROUND(N110/N107,4)*'(参考)保険料の推計に要する係数'!K13 +ROUND(N111/N107,4)*'(参考)保険料の推計に要する係数'!K14 ),4),0) -> 0.8354
B97: 所得段階別加入割合補正係数（G） | G97: =IF(G145>0,ROUND( 1-( (1-G255)*(ROUND(G113,3)-'(参考)保険料の推計に要する係数'!$D17) +(1-G256)*(ROUND(G114,3)-'(参考)保険料の推計に要する係数'!$D18) +(1-G257)*(ROUND(G115,3)-'(参考)保険料の推計に要する係数'!$D19) +(1-G258)*(ROUND(G116,3)-'(参考)保険料の推計に要する係数'!$D20) +(1-G259)*(ROUND(G117,3)-'(参考)保険料の推計に要する係数'!$D21) +(1-G260)*(ROUND(G118,3)-'(参考)保険料の推計に要する係数'!$D22) +(1-G261)*(ROUND(G119,3)-'(参考)保険料の推計に要する係数'!$D23) +(1-G262)*(ROUND(G120,3)-'(参考)保険料の推計に要する係数'!$D24) +(1-G263)*(ROUND(G121,3)-'(参考)保険料の推計に要する係数'!$D25) +(1-G264)*(ROUND(G122,3)-'(参考)保険料の推計に要する係数'!$D26) +(1-G265)*(ROUND(G123,3)-'(参考)保険料の推計に要する係数'!$D27) +(1-G266)*(ROUND(G124,3)-'(参考)保険料の推計に要する係数'!$D28) +(1-G267)*(ROUND(G125,3)-'(参考)保険料の推計に要する係数'!$D29) +(1-G268)*(ROUND(G126,3)-'(参考)保険料の推計に要する係数'!$D30) +(1-G269)*(ROUND(G127,3)-'(参考)保険料の推計に要する係数'!$D31) ),4),0) -> 0.9606 | H97: =IF(H145>0,ROUND( 1-( (1-H255)*(ROUND(H113,3)-'(参考)保険料の推計に要する係数'!$D17) +(1-H256)*(ROUND(H114,3)-'(参考)保険料の推計に要する係数'!$D18) +(1-H257)*(ROUND(H115,3)-'(参考)保険料の推計に要する係数'!$D19) +(1-H258)*(ROUND(H116,3)-'(参考)保険料の推計に要する係数'!$D20) +(1-H259)*(ROUND(H117,3)-'(参考)保険料の推計に要する係数'!$D21) +(1-H260)*(ROUND(H118,3)-'(参考)保険料の推計に要する係数'!$D22) +(1-H261)*(ROUND(H119,3)-'(参考)保険料の推計に要する係数'!$D23) +(1-H262)*(ROUND(H120,3)-'(参考)保険料の推計に要する係数'!$D24) +(1-H263)*(ROUND(H121,3)-'(参考)保険料の推計に要する係数'!$D25) +(1-H264)*(ROUND(H122,3)-'(参考)保険料の推計に要する係数'!$D26) +(1-H265)*(ROUND(H123,3)-'(参考)保険料の推計に要する係数'!$D27) +(1-H266)*(ROUND(H124,3)-'(参考)保険料の推計に要する係数'!$D28) +(1-H267)*(ROUND(H125,3)-'(参考)保険料の推計に要する係数'!$D29) +(1-H268)*(ROUND(H126,3)-'(参考)保険料の推計に要する係数'!$D30) +(1-H269)*(ROUND(H127,3)-'(参考)保険料の推計に要する係数'!$D31) ),4),0) -> 0.9593 | I97: =IF(I145>0,ROUND( 1-( (1-I255)*(ROUND(I113,3)-'(参考)保険料の推計に要する係数'!$D17) +(1-I256)*(ROUND(I114,3)-'(参考)保険料の推計に要する係数'!$D18) +(1-I257)*(ROUND(I115,3)-'(参考)保険料の推計に要する係数'!$D19) +(1-I258)*(ROUND(I116,3)-'(参考)保険料の推計に要する係数'!$D20) +(1-I259)*(ROUND(I117,3)-'(参考)保険料の推計に要する係数'!$D21) +(1-I260)*(ROUND(I118,3)-'(参考)保険料の推計に要する係数'!$D22) +(1-I261)*(ROUND(I119,3)-'(参考)保険料の推計に要する係数'!$D23) +(1-I262)*(ROUND(I120,3)-'(参考)保険料の推計に要する係数'!$D24) +(1-I263)*(ROUND(I121,3)-'(参考)保険料の推計に要する係数'!$D25) +(1-I264)*(ROUND(I122,3)-'(参考)保険料の推計に要する係数'!$D26) +(1-I265)*(ROUND(I123,3)-'(参考)保険料の推計に要する係数'!$D27) +(1-I266)*(ROUND(I124,3)-'(参考)保険料の推計に要する係数'!$D28) +(1-I267)*(ROUND(I125,3)-'(参考)保険料の推計に要する係数'!$D29) +(1-I268)*(ROUND(I126,3)-'(参考)保険料の推計に要する係数'!$D30) +(1-I269)*(ROUND(I127,3)-'(参考)保険料の推計に要する係数'!$D31) ),4),0) -> 0.9581 | J97: =IF(J145>0,ROUND( 1-( (1-J255)*(ROUND(J113,3)-'(参考)保険料の推計に要する係数'!$D17) +(1-J256)*(ROUND(J114,3)-'(参考)保険料の推計に要する係数'!$D18) +(1-J257)*(ROUND(J115,3)-'(参考)保険料の推計に要する係数'!$D19) +(1-J258)*(ROUND(J116,3)-'(参考)保険料の推計に要する係数'!$D20) +(1-J259)*(ROUND(J117,3)-'(参考)保険料の推計に要する係数'!$D21) +(1-J260)*(ROUND(J118,3)-'(参考)保険料の推計に要する係数'!$D22) +(1-J261)*(ROUND(J119,3)-'(参考)保険料の推計に要する係数'!$D23) +(1-J262)*(ROUND(J120,3)-'(参考)保険料の推計に要する係数'!$D24) +(1-J263)*(ROUND(J121,3)-'(参考)保険料の推計に要する係数'!$D25) +(1-J264)*(ROUND(J122,3)-'(参考)保険料の推計に要する係数'!$D26) +(1-J265)*(ROUND(J123,3)-'(参考)保険料の推計に要する係数'!$D27) +(1-J266)*(ROUND(J124,3)-'(参考)保険料の推計に要する係数'!$D28) +(1-J267)*(ROUND(J125,3)-'(参考)保険料の推計に要する係数'!$D29) +(1-J268)*(ROUND(J126,3)-'(参考)保険料の推計に要する係数'!$D30) +(1-J269)*(ROUND(J127,3)-'(参考)保険料の推計に要する係数'!$D31) ),4),0) -> 0.9588 | K97: =IF(K145>0,ROUND( 1-( (1-K255)*(ROUND(K113,3)-'(参考)保険料の推計に要する係数'!$D17) +(1-K256)*(ROUND(K114,3)-'(参考)保険料の推計に要する係数'!$D18) +(1-K257)*(ROUND(K115,3)-'(参考)保険料の推計に要する係数'!$D19) +(1-K258)*(ROUND(K116,3)-'(参考)保険料の推計に要する係数'!$D20) +(1-K259)*(ROUND(K117,3)-'(参考)保険料の推計に要する係数'!$D21) +(1-K260)*(ROUND(K118,3)-'(参考)保険料の推計に要する係数'!$D22) +(1-K261)*(ROUND(K119,3)-'(参考)保険料の推計に要する係数'!$D23) +(1-K262)*(ROUND(K120,3)-'(参考)保険料の推計に要する係数'!$D24) +(1-K263)*(ROUND(K121,3)-'(参考)保険料の推計に要する係数'!$D25) +(1-K264)*(ROUND(K122,3)-'(参考)保険料の推計に要する係数'!$D26) +(1-K265)*(ROUND(K123,3)-'(参考)保険料の推計に要する係数'!$D27) +(1-K266)*(ROUND(K124,3)-'(参考)保険料の推計に要する係数'!$D28) +(1-K267)*(ROUND(K125,3)-'(参考)保険料の推計に要する係数'!$D29) +(1-K268)*(ROUND(K126,3)-'(参考)保険料の推計に要する係数'!$D30) +(1-K269)*(ROUND(K127,3)-'(参考)保険料の推計に要する係数'!$D31) ),4),0) -> 0.9572 | L97: =IF(L145>0,ROUND( 1-( (1-L255)*(ROUND(L113,3)-'(参考)保険料の推計に要する係数'!$D17) +(1-L256)*(ROUND(L114,3)-'(参考)保険料の推計に要する係数'!$D18) +(1-L257)*(ROUND(L115,3)-'(参考)保険料の推計に要する係数'!$D19) +(1-L258)*(ROUND(L116,3)-'(参考)保険料の推計に要する係数'!$D20) +(1-L259)*(ROUND(L117,3)-'(参考)保険料の推計に要する係数'!$D21) +(1-L260)*(ROUND(L118,3)-'(参考)保険料の推計に要する係数'!$D22) +(1-L261)*(ROUND(L119,3)-'(参考)保険料の推計に要する係数'!$D23) +(1-L262)*(ROUND(L120,3)-'(参考)保険料の推計に要する係数'!$D24) +(1-L263)*(ROUND(L121,3)-'(参考)保険料の推計に要する係数'!$D25) +(1-L264)*(ROUND(L122,3)-'(参考)保険料の推計に要する係数'!$D26) +(1-L265)*(ROUND(L123,3)-'(参考)保険料の推計に要する係数'!$D27) +(1-L266)*(ROUND(L124,3)-'(参考)保険料の推計に要する係数'!$D28) +(1-L267)*(ROUND(L125,3)-'(参考)保険料の推計に要する係数'!$D29) +(1-L268)*(ROUND(L126,3)-'(参考)保険料の推計に要する係数'!$D30) +(1-L269)*(ROUND(L127,3)-'(参考)保険料の推計に要する係数'!$D31) ),4),0) -> 0.9585 | M97: =IF(M145>0,ROUND( 1-( (1-M255)*(ROUND(M113,3)-'(参考)保険料の推計に要する係数'!$D17) +(1-M256)*(ROUND(M114,3)-'(参考)保険料の推計に要する係数'!$D18) +(1-M257)*(ROUND(M115,3)-'(参考)保険料の推計に要する係数'!$D19) +(1-M258)*(ROUND(M116,3)-'(参考)保険料の推計に要する係数'!$D20) +(1-M259)*(ROUND(M117,3)-'(参考)保険料の推計に要する係数'!$D21) +(1-M260)*(ROUND(M118,3)-'(参考)保険料の推計に要する係数'!$D22) +(1-M261)*(ROUND(M119,3)-'(参考)保険料の推計に要する係数'!$D23) +(1-M262)*(ROUND(M120,3)-'(参考)保険料の推計に要する係数'!$D24) +(1-M263)*(ROUND(M121,3)-'(参考)保険料の推計に要する係数'!$D25) +(1-M264)*(ROUND(M122,3)-'(参考)保険料の推計に要する係数'!$D26) +(1-M265)*(ROUND(M123,3)-'(参考)保険料の推計に要する係数'!$D27) +(1-M266)*(ROUND(M124,3)-'(参考)保険料の推計に要する係数'!$D28) +(1-M267)*(ROUND(M125,3)-'(参考)保険料の推計に要する係数'!$D29) +(1-M268)*(ROUND(M126,3)-'(参考)保険料の推計に要する係数'!$D30) +(1-M269)*(ROUND(M127,3)-'(参考)保険料の推計に要する係数'!$D31) ),4),0) -> 0.9578 | N97: =IF(N145>0,ROUND( 1-( (1-N255)*(ROUND(N113,3)-'(参考)保険料の推計に要する係数'!$D17) +(1-N256)*(ROUND(N114,3)-'(参考)保険料の推計に要する係数'!$D18) +(1-N257)*(ROUND(N115,3)-'(参考)保険料の推計に要する係数'!$D19) +(1-N258)*(ROUND(N116,3)-'(参考)保険料の推計に要する係数'!$D20) +(1-N259)*(ROUND(N117,3)-'(参考)保険料の推計に要する係数'!$D21) +(1-N260)*(ROUND(N118,3)-'(参考)保険料の推計に要する係数'!$D22) +(1-N261)*(ROUND(N119,3)-'(参考)保険料の推計に要する係数'!$D23) +(1-N262)*(ROUND(N120,3)-'(参考)保険料の推計に要する係数'!$D24) +(1-N263)*(ROUND(N121,3)-'(参考)保険料の推計に要する係数'!$D25) +(1-N264)*(ROUND(N122,3)-'(参考)保険料の推計に要する係数'!$D26) +(1-N265)*(ROUND(N123,3)-'(参考)保険料の推計に要する係数'!$D27) +(1-N266)*(ROUND(N124,3)-'(参考)保険料の推計に要する係数'!$D28) +(1-N267)*(ROUND(N125,3)-'(参考)保険料の推計に要する係数'!$D29) +(1-N268)*(ROUND(N126,3)-'(参考)保険料の推計に要する係数'!$D30) +(1-N269)*(ROUND(N127,3)-'(参考)保険料の推計に要する係数'!$D31) ),4),0) -> 0.9577
A98: 市町村特別給付費等 | F98: =SUM(G98:I98) -> 0 | G98: 0 | H98: 0 | I98: 0 | J98: 0 | K98: 0 | L98: 0 | M98: 0 | N98: 0
A99: 市町村相互財政安定化事業負担額 | F99: 0 | J99: 0 | K99: 0 | L99: 0 | M99: 0 | N99: 0
A100: 保険者機能強化推進交付金等の交付見込額 | F100: 0 | J100: 0 | K100: 0 | L100: 0 | M100: 0 | N100: 0
A101: 保険料収納必要額（L) | F101: =F88+F89-F90+F18+F21-F15+F83+F98+F99-F100 -> 8.406422e+08 | J101: =J88+J89-J90+G18+G21-G15+J83+J98+J99-J100 -> 3.1291655e+08 | K101: =K88+K89-K90+H18+H21-H15+K83+K98+K99-K100 -> 3.1826314e+08 | L101: =L88+L89-L90+I18+I21-I15+L83+L98+L99-L100 -> 3.1505217e+08 | M101: =M88+M89-M90+J18+J21-J15+M83+M98+M99-M100 -> 2.9476462e+08 | N101: =N88+N89-N90+K18+K21-K15+N83+N98+N99-N100 -> 3.0128915e+08
A102: 予定保険料収納率 | F102: 0.96 | J102: 0.97 | K102: 0.97 | L102: 0.97 | M102: 0.97 | N102: 0.97
A104: ６．第１号被保険者数関係
F105: 第9期 | J105: 令和12年度 | K105: 令和17年度 | L105: 令和22年度 | M105: 令和27年度 | N105: 令和32年度
F106: 合計 | G106: 令和6年度 | H106: 令和7年度 | I106: 令和8年度
A107: 第1号被保険者数 | F107: =SUM(G107:I107) -> 9875 | G107: ='1_推計値サマリ'!G12 -> 3292 | H107: ='1_推計値サマリ'!H12 -> 3302 | I107: ='1_推計値サマリ'!I12 -> 3281 | J107: ='1_推計値サマリ'!K12 -> 3186 | K107: ='1_推計値サマリ'!M12 -> 3032 | L107: ='1_推計値サマリ'!O12 -> 2904 | M107: ='1_推計値サマリ'!Q12 -> 2658 | N107: ='1_推計値サマリ'!S12 -> 2501
B108: 前期(65～74歳) | F108: =SUM(G108:I108) -> 4939 | G108: 1684 | H108: 1664 | I108: 1591 | J108: 1298 | K108: 1039 | L108: 1035 | M108: 1007 | N108: 1000
B109: 後期(75歳～) | F109: =SUM(F110:F111) -> 4936 | G109: =SUM(G110:G111) -> 1608 | H109: =SUM(H110:H111) -> 1638 | I109: =SUM(I110:I111) -> 1690 | J109: =SUM(J110:J111) -> 1888 | K109: =SUM(K110:K111) -> 1993 | L109: =SUM(L110:L111) -> 1869 | M109: =SUM(M110:M111) -> 1651 | N109: =SUM(N110:N111) -> 1501
...

Sheet (参考)保険料の推計に要する係数
B1: (参考)保険料の推計に要する係数
D4: R6～R8 | E4: R12 | F4: R17 | G4: R22 | H4: R27 | I4: R32
C5: 第１号被保険者負担割合（%） | D5: 0.23 | E5: 0.24 | F5: 0.25 | G5: 0.26 | H5: 0.27 | I5: 0.28
B7: 後期高齢者加入割合補正係数の算出に係る係数（全国値） （仮置値）
D8: R6 | E8: R7 | F8: R8 | G8: R12 | H8: R17 | I8: R22 | J8: R27 | K8: R32
C9: 前期高齢者加入割合 | D9: 0.4249 | E9: 0.4102 | F9: 0.3992 | G9: 0.3882 | H9: 0.4068 | I9: 0.433 | J9: 0.4228 | K9: 0.3742
C10: 85歳未満後期高齢者加入割合 | D10: 0.3867 | E10: 0.3962 | F10: 0.3997 | G10: 0.3921 | H10: 0.3332 | I10: 0.3109 | J10: 0.3343 | K10: 0.3786
C11: 85歳以上後期高齢者加入割合 | D11: 0.1884 | E11: 0.1936 | F11: 0.2011 | G11: 0.2197 | H11: 0.26 | I11: 0.2561 | J11: 0.2429 | K11: 0.2472
C12: 前期高齢者の1人あたり給付費 | D12: 4296 | E12: 4296 | F12: 4296 | G12: 4296 | H12: 4296 | I12: 4296 | J12: 4296 | K12: 4296
C13: 85歳未満後期高齢者の1人あたり給付費 | D13: 17647 | E13: 17647 | F13: 17647 | G13: 17647 | H13: 17647 | I13: 17647 | J13: 17647 | K13: 17647
C14: 85歳以上後期高齢者の1人あたり給付費 | D14: 80362 | E14: 80362 | F14: 80362 | G14: 80362 | H14: 80362 | I14: 80362 | J14: 80362 | K14: 80362
B16: 所得段階別加入割合補正係数の算出に係る係数（全国値）（％） （仮置値）
C17: 第1段階 | D17: 0.1731
C18: 第2段階 | D18: 0.0924
C19: 第3段階 | D19: 0.0839
C20: 第4段階 | D20: 0.1092
C21: 第5段階 | D21: 0.138
C22: 第6段階 | D22: 0.1245
C23: 第7段階 | D23: 0.147
C24: 第8段階 | D24: 0.0657
C25: 第9段階 | D25: 0.0231
C26: 第10段階 | D26: 0.0121
C27: 第11段階 | D27: 0.0065
C28: 第12段階 | D28: 0.0043
C29: 第13段階 | D29: 0.0204
B33: 費用負担の見直しに伴う調整に係る係数（参考値）（未定）
C34: 利用者負担の見直し等に伴う財政影響補正係数 | D34: 1
C35: 特定入所者介護サービス費等に係る制度改正に伴う財政影響補正係数 | D35: 1
C38: 国庫負担金等の算定の基準となる算定対象審査支払手数料単価（上限）（円） | D38: 95
