Workbook

Sheet 目次
B1: 北塩原村 障がい福祉に関するアンケート調査 分析報告書 図表データ集（編集用）
B3: ・このブックは、分析報告書に掲載した図表（図61点・表23点）を、Excelで編集できる形式で収録したものです。図表番号は報告書と対応しています。
B4: ・グラフはすべてExcelのグラフ機能で作成しています。色・フォント・ラベル・サイズ等を通常どおり編集でき、そのままWordに貼り付けて使用できます。
B5: ・斜体のセルが入力値（件数・回答者数）、斜体でないセルは計算式です。「集計_障がい者」「集計_障がい児」シートの件数を修正すると、各章シートの表とグラフに自動で反映されます。
B6: ・第4章のクロス集計は、各表の【件数】欄（斜体）が入力値で、【割合】欄は計算式です。
B7: ・第3章の【障がい別】の図表は、「集計_障がい別」シート（手帳の所持により身体・知的・精神に区分、重複所持は各区分に計上）の件数（斜体）を参照しています。
B8: ・割合は、各設問の回答者数（無回答を含む）を基数として算出し、表示上、小数点第2位を四捨五入しています。全ての設問に「無回答」を設けています。グラフの項目の並び順は、報告書作成時点の件数順で固定しています。
B9: ・出典：北塩原村_障がい福祉アンケート_単純集計_クロス分析.xlsx、北塩原村_障がい児福祉アンケート_単純集計_クロス分析.xlsx（いずれも単純集計・クロス分析シート）
B11: 図表番号 | C11: タイトル | D11: 収録シート | E11: 移動
B12: 表1-1 | C12: 調査の概要 | D12: 1-2章_概要・要点 | E12: → 表示
B13: 表1-2 | C13: 調査項目の構成 | D13: 1-2章_概要・要点 | E13: → 表示
B14: 表2-1 | C14: 障がい者調査の主要指標 | D14: 1-2章_概要・要点 | E14: → 表示
B15: 図3-1 | C15: 調査票の記入者（問1） | D15: 3章_1属性 | E15: → 表示
B16: 図3-2 | C16: 回答への本人意向の反映（問1-2） | D16: 3章_1属性 | E16: → 表示
B17: 図3-3 | C17: 年齢（問2） | D17: 3章_1属性 | E17: → 表示
B18: 図3-4 | C18: 年齢【障がい別】（問2） | D18: 3章_1属性 | E18: → 表示
B19: 図3-5 | C19: お住まいの地区（問3） | D19: 3章_1属性 | E19: → 表示
B20: 図3-6 | C20: 性別（問4） | D20: 3章_1属性 | E20: → 表示
B21: 図3-7 | C21: 性別【障がい別】（問4） | D21: 3章_1属性 | E21: → 表示
B22: 図3-8 | C22: 所持している手帳等（問5） | D22: 3章_1属性 | E22: → 表示
... B138: 入力データ | C138: 障がい児調査 単純集計（入力用） | D138: 集計_障がい児 | E138: → 表示

Sheet 1-2章_概要・要点
B2: 表1-1 調査の概要
B3: 項目 | C3: 障がい者調査 | G3: 障がい児調査
B4: 調査対象 | C4: 村内在住の18歳以上の障がいのある方 身体（118名）・精神（34名）・療育（8名）・入所等（12名） | G4: 村内在住の18歳未満の障がいのある児童とその保護者 身体（2名）・精神（1名）・療育（1名）・入所等（2名）
B5: 調査方法 | C5: 郵送配布・郵送回収及びWEB回答 | G5: 郵送配布・郵送回収及びWEB回答
B6: 調査期間 | C6: 令和8年8月31日～令和8年9月25日 | G6: 令和8年8月31日～令和8年9月25日
B7: 配布数 | C7: 172 | G7: 6
B8: 有効回答数 | C8: ='集計_障がい者'!$F$5 -> 40 | G8: ='集計_障がい児'!$F$5 -> 3
B9: 有効回答率 | C9: =IF(C7=0,0,C8/C7) -> 0.23255814 | G9: =IF(G7=0,0,G8/G7) -> 0.5
B11: 表1-2 調査項目の構成
B12: 分野 | C12: 障がい者調査 | F12: 障がい児調査
B13: 回答者の属性 | C13: 問1～問9 | F13: 問1～問9
B14: 日常生活と将来の暮らし | C14: 問10～問11 | F14: 問10～問11
B15: 外出・移動 | C15: 問12～問14 | F15: 問12～問14
B16: 医療・医療的ケア等 | C16: 問15～問20 | F16: 問15～問18、問26
B17: 意思決定支援・相談・情報 | C17: 問21～問26 | F17: 問19～問22
B18: 通園・通学、放課後の過ごし方 | C18: ― | F18: 問23～問25、問31
B19: 福祉サービスの利用 | C19: 問27～問30 | F19: 問27～問30
B20: 日中活動・就労 | C20: 問31～問33 | F20: ―
B21: 18歳以降の生活 | C21: ― | F21: 問32
B22: 差別解消・権利擁護 | C22: 問34～問37 | F22: 問33～問36
B23: 災害時の対応 | C23: 問38～問41 | F23: 問37～問40
... B25: 自由意見 | C25: 問10-2、問45 | F25: 問10-2、問32-1、問44
B27: 表2-1 障がい者調査の主要指標
B28: 分野 | C28: 指標 | H28: 結果 | I28: 設問
B29: 回答者 | C29: 65歳以上の割合 | H29: =IF('集計_障がい者'!$F$20=0,0,SUM('集計_障がい者'!$D$20)/'集計_障がい者'!$F$20) -> 0.65 | I29: 問2
B30: 回答者 | C30: 主たる障がいが「身体障がい」 | H30: =IF('集計_障がい者'!$F$40=0,0,SUM('集計_障がい者'!$D$40)/'集計_障がい者'!$F$40) -> 0.675 | I30: 問6
B31: 日常生活 | C31: 困っていること「将来の生活」（「特にない」を除き第1位） | H31: =IF('集計_障がい者'!$F$87=0,0,SUM('集計_障がい者'!$D$87)/'集計_障がい者'!$F$87) -> 0.3 | I31: 問10
B32: 将来の暮らし | C32: 「今の自宅で暮らしたい」 | H32: =IF('集計_障がい者'!$F$91=0,0,SUM('集計_障がい者'!$D$91)/'集計_障がい者'!$F$91) -> 0.4 | I32: 問11
B33: 外出・移動 | C33: 外出時に困ること「冬季・積雪時に外出しにくい」 | H33: =IF('集計_障がい者'!$F$119=0,0,SUM('集計_障がい者'!$D$119)/'集計_障がい者'!$F$119) -> 0.35 | I33: 問14
B34: 相談 | C34: 困ったときの相談相手「家族・親族」 | H34: =IF('集計_障がい者'!$F$184=0,0,SUM('集計_障がい者'!$D$184)/'集計_障がい者'!$F$184) -> 0.775 | I34: 問22
B35: 相談 | C35: 相談支援への期待「わかりやすい情報提供」 | H35: =IF('集計_障がい者'!$F$229=0,0,SUM('集計_障がい者'!$D$229)/'集計_障がい者'!$F$229) -> 0.35 | I35: 問26
B36: 意思決定支援 | C36: 「必要である」＋「将来的には必要になると思う」 | H36: =IF('集計_障がい者'!$F$179=0,0,SUM('集計_障がい者'!$D$179,'集計_障がい者'!$D$180)/'集計_障がい者'!$F$179) -> 0.5 | I36: 問21
B37: サービス | C37: 現在利用しているサービスは「特にない」 | H37: =IF('集計_障がい者'!$F$250=0,0,SUM('集計_障がい者'!$D$250)/'集計_障がい者'!$F$250) -> 0.45 | I37: 問27-1
B38: サービス | C38: 今後3年間で「施設入所支援」を利用したい | H38: =IF('集計_障がい者'!$F$284=0,0,SUM('集計_障がい者'!$D$284)/'集計_障がい者'!$F$284) -> 0.225 | I38: 問27-3
B39: 地域生活支援拠点 | C39: 期待する機能「緊急時の受入れ」 | H39: =IF('集計_障がい者'!$F$303=0,0,SUM('集計_障がい者'!$D$303)/'集計_障がい者'!$F$303) -> 0.35 | I39: 問29
B40: 権利擁護 | C40: 差別・偏見・不利益を感じたことがある | H40: =IF('集計_障がい者'!$F$351=0,0,SUM('集計_障がい者'!$D$351,'集計_障がい者'!$D$352,'集計_障がい者'!$D$353)/'集計_障がい者'!$F$351) -> 0.225 | I40: 問34
B41: 権利擁護 | C41: 成年後見制度等を「知らない」 | H41: =IF('集計_障がい者'!$F$383=0,0,SUM('集計_障がい者'!$D$383)/'集計_障がい者'!$F$383) -> 0.375 | I41: 問37
B42: 災害 | C42: 避難行動要支援者名簿・個別避難計画を「知らない」 | H42: =IF('集計_障がい者'!$F$398=0,0,SUM('集計_障がい者'!$D$398)/'集計_障がい者'!$F$398) -> 0.7 | I42: 問39
B43: 災害 | C43: 災害時の不安「避難先での生活」 | H43: =IF('集計_障がい者'!$F$386=0,0,SUM('集計_障がい者'!$D$386)/'集計_障がい者'!$F$386) -> 0.625 | I43: 問38
B44: 村の施策 | C44: 力を入れるべきこと「相談支援体制」 | H44: =IF('集計_障がい者'!$F$440=0,0,SUM('集計_障がい者'!$D$440)/'集計_障がい者'!$F$440) -> 0.375 | I44: 問44
B45: ※意思決定支援は問21の「必要である」と「今は必要ないが、将来的には必要になると思う」の合計、差別・偏見は問34の「週に１回程度」「月に１回程度」「年に１回程度」の合計です。

Sheet 3章_1属性
B2: 図3-1 調査票の記入者（問1）
B3: ="n="&'集計_障がい者'!$F$5&"（単一回答）" -> n=40（単一回答）
B4: 選択肢 | C4: 件数 | D4: 割合
B5: 宛名のご本人 | C5: ='集計_障がい者'!$D$5 -> 25 | D5: ='集計_障がい者'!$E$5 -> 0.625
B6: ご家族 | C6: ='集計_障がい者'!$D$6 -> 9 | D6: ='集計_障がい者'!$E$6 -> 0.225
B7: 支援者・事業所職員 | C7: ='集計_障がい者'!$D$7 -> 4 | D7: ='集計_障がい者'!$E$7 -> 0.1
B8: その他 | C8: ='集計_障がい者'!$D$8 -> 1 | D8: ='集計_障がい者'!$E$8 -> 0.025
B9: 無回答 | C9: ='集計_障がい者'!$D$9 -> 1 | D9: ='集計_障がい者'!$E$9 -> 0.025
B13: 図3-2 回答への本人意向の反映（問1-2）
B14: ="n="&'集計_障がい者'!$F$10&"（単一回答）" -> n=40（単一回答）
B15: 選択肢 | C15: 件数 | D15: 割合
B16: 本人が回答した | C16: ='集計_障がい者'!$D$10 -> 23 | D16: ='集計_障がい者'!$E$10 -> 0.575
B17: 本人に確認して代理記入した | C17: ='集計_障がい者'!$D$11 -> 8 | D17: ='集計_障がい者'!$E$11 -> 0.2
B18: 本人の様子や日頃の意向を踏まえて代理記入した | C18: ='集計_障がい者'!$D$12 -> 2 | D18: ='集計_障がい者'!$E$12 -> 0.05
B19: 本人に確認することが難しく、家族・支援者の判断で記入した | C19: ='集計_障がい者'!$D$13 -> 6 | D19: ='集計_障がい者'!$E$13 -> 0.15
B20: その他 | C20: ='集計_障がい者'!$D$14 -> 0 | D20: ='集計_障がい者'!$E$14 -> 0
B21: 無回答 | C21: ='集計_障がい者'!$D$15 -> 1 | D21: ='集計_障がい者'!$E$15 -> 0.025
B24: 図3-3 年齢（問2）
B25: ="n="&'集計_障がい者'!$F$16&"（単一回答）" -> n=40（単一回答）
B26: 選択肢 | C26: 件数 | D26: 割合
B27: 18～29歳 | C27: ='集計_障がい者'!$D$16 -> 0 | D27: ='集計_障がい者'!$E$16 -> 0
B28: 30～39歳 | C28: ='集計_障がい者'!$D$17 -> 3 | D28: ='集計_障がい者'!$E$17 -> 0.075
B29: 40～49歳 | C29: ='集計_障がい者'!$D$18 -> 2 | D29: ='集計_障がい者'!$E$18 -> 0.05
B30: 50～64歳 | C30: ='集計_障がい者'!$D$19 -> 8 | D30: ='集計_障がい者'!$E$19 -> 0.2
B31: 65歳以上 | C31: ='集計_障がい者'!$D$20 -> 26 | D31: ='集計_障がい者'!$E$20 -> 0.65
B32: 無回答 | C32: ='集計_障がい者'!$D$21 -> 1 | D32: ='集計_障がい者'!$E$21 -> 0.025
B35: 図3-4 年齢【障がい別】（問2）
B37: 区分 | C37: 18～29歳 | D37: 30～39歳 | E37: 40～49歳 | F37: 50～64歳 | G37: 65歳以上 | H37: 無回答
B38: 全体 | C38: ='集計_障がい者'!$E$16 -> 0 | D38: ='集計_障がい者'!$E$17 -> 0.075 | E38: ='集計_障がい者'!$E$18 -> 0.05 | F38: ='集計_障がい者'!$E$19 -> 0.2 | G38: ='集計_障がい者'!$E$20 -> 0.65 | H38: ='集計_障がい者'!$E$21 -> 0.025
B39: 身体障がい（n=29） | C39: ='集計_障がい別'!$G$17 -> 0 | D39: ='集計_障がい別'!$G$18 -> 0.034482759 | E39: ='集計_障がい別'!$G$19 -> 0.034482759 | F39: ='集計_障がい別'!$G$20 -> 0.17241379 | G39: ='集計_障がい別'!$G$21 -> 0.72413793 | H39: ='集計_障がい別'!$G$22 -> 0.034482759
B40: 知的障がい（n=2） | C40: ='集計_障がい別'!$H$17 -> 0 | D40: ='集計_障がい別'!$H$18 -> 0 | E40: ='集計_障がい別'!$H$19 -> 0 | F40: ='集計_障がい別'!$H$20 -> 0.5 | G40: ='集計_障がい別'!$H$21 -> 0.5 | H40: ='集計_障がい別'!$H$22 -> 0
B41: 精神障がい（n=6） | C41: ='集計_障がい別'!$I$17 -> 0 | D41: ='集計_障がい別'!$I$18 -> 0.33333333 | E41: ='集計_障がい別'!$I$19 -> 0.16666667 | F41: ='集計_障がい別'!$I$20 -> 0.33333333 | G41: ='集計_障がい別'!$I$21 -> 0.16666667 | H41: ='集計_障がい別'!$I$22 -> 0
B50: 図3-5 お住まいの地区（問3）
B51: ="n="&'集計_障がい者'!$F$22&"（単一回答）" -> n=40（単一回答）
B52: 選択肢 | C52: 件数 | D52: 割合
B53: 北山地区 | C53: ='集計_障がい者'!$D$22 -> 17 | D53: ='集計_障がい者'!$E$22 -> 0.425
B54: 大塩地区 | C54: ='集計_障がい者'!$D$23 -> 8 | D54: ='集計_障がい者'!$E$23 -> 0.2
B55: 桧原地区 | C55: ='集計_障がい者'!$D$24 -> 3 | D55: ='集計_障がい者'!$E$24 -> 0.075
B56: 裏磐梯地区 | C56: ='集計_障がい者'!$D$25 -> 11 | D56: ='集計_障がい者'!$E$25 -> 0.275
B57: その他 | C57: ='集計_障がい者'!$D$26 -> 1 | D57: ='集計_障がい者'!$E$26 -> 0.025
B58: 無回答 | C58: ='集計_障がい者'!$D$27 -> 0 | D58: ='集計_障がい者'!$E$27 -> 0
B61: 図3-6 性別（問4）
B62: ="n="&'集計_障がい者'!$F$28&"（単一回答）" -> n=40（単一回答）
B63: 選択肢 | C63: 件数 | D63: 割合
B64: 男性 | C64: ='集計_障がい者'!$D$28 -> 17 | D64: ='集計_障がい者'!$E$28 -> 0.425
B65: 女性 | C65: ='集計_障がい者'!$D$29 -> 23 | D65: ='集計_障がい者'!$E$29 -> 0.575
B66: 回答しない | C66: ='集計_障がい者'!$D$30 -> 0 | D66: ='集計_障がい者'!$E$30 -> 0
B67: 無回答 | C67: ='集計_障がい者'!$D$31 -> 0 | D67: ='集計_障がい者'!$E$31 -> 0
B72: 図3-7 性別【障がい別】（問4）
B74: 区分 | C74: 男性 | D74: 女性 | E74: 回答しない | F74: 無回答
B75: 全体 | C75: ='集計_障がい者'!$E$28 -> 0.425 | D75: ='集計_障がい者'!$E$29 -> 0.575 | E75: ='集計_障がい者'!$E$30 -> 0 | F75: ='集計_障がい者'!$E$31 -> 0
B76: 身体障がい（n=29） | C76: ='集計_障がい別'!$G$29 -> 0.34482759 | D76: ='集計_障がい別'!$G$30 -> 0.65517241 | E76: ='集計_障がい別'!$G$31 -> 0 | F76: ='集計_障がい別'!$G$32 -> 0
B77: 知的障がい（n=2） | C77: ='集計_障がい別'!$H$29 -> 0.5 | D77: ='集計_障がい別'!$H$30 -> 0.5 | E77: ='集計_障がい別'!$H$31 -> 0 | F77: ='集計_障がい別'!$H$32 -> 0
B78: 精神障がい（n=6） | C78: ='集計_障がい別'!$I$29 -> 0.83333333 | D78: ='集計_障がい別'!$I$30 -> 0.16666667 | E78: ='集計_障がい別'!$I$31 -> 0 | F78: ='集計_障がい別'!$I$32 -> 0
B87: 図3-8 所持している手帳等（問5）
B88: ="n="&'集計_障がい者'!$F$32&"（複数回答）" -> n=40（複数回答）
B89: 選択肢 | C89: 件数 | D89: 割合
B90: 身体障がい者手帳 | C90: ='集計_障がい者'!$D$32 -> 29 | D90: ='集計_障がい者'!$E$32 -> 0.725
B91: 療育手帳 | C91: ='集計_障がい者'!$D$33 -> 2 | D91: ='集計_障がい者'!$E$33 -> 0.05
B92: 精神障がい者保健福祉手帳 | C92: ='集計_障がい者'!$D$34 -> 6 | D92: ='集計_障がい者'!$E$34 -> 0.15
B93: 自立支援医療受給者証 | C93: ='集計_障がい者'!$D$35 -> 5 | D93: ='集計_障がい者'!$E$35 -> 0.125
B94: 難病に関する医療受給者証等 | C94: ='集計_障がい者'!$D$36 -> 0 | D94: ='集計_障がい者'!$E$36 -> 0
B95: 手帳等は持っていないが障がい福祉サービスを利用している | C95: ='集計_障がい者'!$D$37 -> 1 | D95: ='集計_障がい者'!$E$37 -> 0.025
B96: その他 | C96: ='集計_障がい者'!$D$38 -> 2 | D96: ='集計_障がい者'!$E$38 -> 0.05
B97: 無回答 | C97: ='集計_障がい者'!$D$39 -> 1 | D97: ='集計_障がい者'!$E$39 -> 0.025
B101: 図3-9 主たる障がい種別（問6）
B102: ="n="&'集計_障がい者'!$F$40&"（単一回答）" -> n=40（単一回答）
B103: 選択肢 | C103: 件数 | D103: 割合
B104: 身体障がい | C104: ='集計_障がい者'!$D$40 -> 27 | D104: ='集計_障がい者'!$E$40 -> 0.675
B105: 知的障がい | C105: ='集計_障がい者'!$D$41 -> 2 | D105: ='集計_障がい者'!$E$41 -> 0.05
B106: 精神障がい | C106: ='集計_障がい者'!$D$42 -> 5 | D106: ='集計_障がい者'!$E$42 -> 0.125
B107: 発達障がい | C107: ='集計_障がい者'!$D$43 -> 3 | D107: ='集計_障がい者'!$E$43 -> 0.075
B108: 難病 | C108: ='集計_障がい者'!$D$44 -> 0 | D108: ='集計_障がい者'!$E$44 -> 0
B109: 高次脳機能障がい | C109: ='集計_障がい者'!$D$45 -> 0 | D109: ='集計_障がい者'!$E$45 -> 0
B110: 重症心身障がい | C110: ='集計_障がい者'!$D$46 -> 0 | D110: ='集計_障がい者'!$E$46 -> 0
B111: わからない・その他 | C111: ='集計_障がい者'!$D$47 -> 2 | D111: ='集計_障がい者'!$E$47 -> 0.05
B112: 無回答 | C112: ='集計_障がい者'!$D$48 -> 1 | D112: ='集計_障がい者'!$E$48 -> 0.025
B116: 図3-10 現在の暮らしの場（問7）
B117: ="n="&'集計_障がい者'!$F$49&"（単一回答）" -> n=40（単一回答）
B118: 選択肢 | C118: 件数 | D118: 割合
B119: 自宅で家族と暮らしている | C119: ='集計_障がい者'!$D$49 -> 26 | D119: ='集計_障がい者'!$E$49 -> 0.65
B120: 自宅で一人暮らし | C120: ='集計_障がい者'!$D$50 -> 6 | D120: ='集計_障がい者'!$E$50 -> 0.15
B121: グループホーム | C121: ='集計_障がい者'!$D$51 -> 3 | D121: ='集計_障がい者'!$E$51 -> 0.075
B122: 障がい者支援施設 | C122: ='集計_障がい者'!$D$52 -> 2 | D122: ='集計_障がい者'!$E$52 -> 0.05
B123: 病院に入院中 | C123: ='集計_障がい者'!$D$53 -> 1 | D123: ='集計_障がい者'!$E$53 -> 0.025
B124: 高齢者施設等 | C124: ='集計_障がい者'!$D$54 -> 1 | D124: ='集計_障がい者'!$E$54 -> 0.025
B125: その他 | C125: ='集計_障がい者'!$D$55 -> 0 | D125: ='集計_障がい者'!$E$55 -> 0
B126: 無回答 | C126: ='集計_障がい者'!$D$56 -> 1 | D126: ='集計_障がい者'!$E$56 -> 0.025
B130: 図3-11 現在の暮らしの場【障がい別】（問7）
B132: 区分 | C132: 自宅で家族と暮らしている | D132: 自宅で一人暮らし | E132: グループホーム | F132: 障がい者支援施設 | G132: 病院に入院中 | H132: 高齢者施設等 | I132: その他 | J132: 無回答
B133: 全体 | C133: ='集計_障がい者'!$E$49 -> 0.65 | D133: ='集計_障がい者'!$E$50 -> 0.15 | E133: ='集計_障がい者'!$E$51 -> 0.075 | F133: ='集計_障がい者'!$E$52 -> 0.05 | G133: ='集計_障がい者'!$E$53 -> 0.025 | H133: ='集計_障がい者'!$E$54 -> 0.025 | I133: ='集計_障がい者'!$E$55 -> 0 | J133: ='集計_障がい者'!$E$56 -> 0.025
B134: 身体障がい（n=29） | C134: ='集計_障がい別'!$G$50 -> 0.65517241 | D134: ='集計_障がい別'!$G$51 -> 0.17241379 | E134: ='集計_障がい別'!$G$52 -> 0.034482759 | F134: ='集計_障がい別'!$G$53 -> 0.034482759 | G134: ='集計_障がい別'!$G$54 -> 0.034482759 | H134: ='集計_障がい別'!$G$55 -> 0.034482759 | I134: ='集計_障がい別'!$G$56 -> 0 | J134: ='集計_障がい別'!$G$57 -> 0.034482759
B135: 知的障がい（n=2） | C135: ='集計_障がい別'!$H$50 -> 0 | D135: ='集計_障がい別'!$H$51 -> 0 | E135: ='集計_障がい別'!$H$52 -> 0 | F135: ='集計_障がい別'!$H$53 -> 1 | G135: ='集計_障がい別'!$H$54 -> 0 | H135: ='集計_障がい別'!$H$55 -> 0 | I135: ='集計_障がい別'!$H$56 -> 0 | J135: ='集計_障がい別'!$H$57 -> 0
B136: 精神障がい（n=6） | C136: ='集計_障がい別'!$I$50 -> 0.66666667 | D136: ='集計_障がい別'!$I$51 -> 0 | E136: ='集計_障がい別'!$I$52 -> 0.33333333 | F136: ='集計_障がい別'!$I$53 -> 0 | G136: ='集計_障がい別'!$I$54 -> 0 | H136: ='集計_障がい別'!$I$55 -> 0 | I136: ='集計_障がい別'!$I$56 -> 0 | J136: ='集計_障がい別'!$I$57 -> 0
B143: 図3-12 現在一緒に暮らしている方（問8）
B144: ="n="&'集計_障がい者'!$F$57&"（複数回答）" -> n=40（複数回答）
B145: 選択肢 | C145: 件数 | D145: 割合
B146: 一人暮らし | C146: ='集計_障がい者'!$D$57 -> 5 | D146: ='集計_障がい者'!$E$57 -> 0.125
B147: 配偶者 | C147: ='集計_障がい者'!$D$58 -> 15 | D147: ='集計_障がい者'!$E$58 -> 0.375
B148: 親 | C148: ='集計_障がい者'!$D$59 -> 7 | D148: ='集計_障がい者'!$E$59 -> 0.175
...

Sheet 3章_2生活・外出
B2: 図3-16 日常生活で困っていること（問10）
B3: ="n="&'集計_障がい者'!$F$87&"（複数回答）" -> n=40（複数回答）
B4: 選択肢 | C4: 件数 | D4: 割合
B5: 将来の生活 | C5: ='集計_障がい者'!$D$87 -> 12 | D5: ='集計_障がい者'!$E$87 -> 0.3
B6: 外出・移動 | C6: ='集計_障がい者'!$D$83 -> 10 | D6: ='集計_障がい者'!$E$83 -> 0.25
B7: 災害時の避難 | C7: ='集計_障がい者'!$D$85 -> 10 | D7: ='集計_障がい者'!$E$85 -> 0.25
B8: 通院 | C8: ='集計_障がい者'!$D$82 -> 8 | D8: ='集計_障がい者'!$E$82 -> 0.2
B9: 食事 | C9: ='集計_障がい者'!$D$77 -> 5 | D9: ='集計_障がい者'!$E$77 -> 0.125
B10: 服薬管理 | C10: ='集計_障がい者'!$D$80 -> 5 | D10: ='集計_障がい者'!$E$80 -> 0.125
B11: 買い物 | C11: ='集計_障がい者'!$D$84 -> 5 | D11: ='集計_障がい者'!$E$84 -> 0.125
B12: 入浴 | C12: ='集計_障がい者'!$D$78 -> 4 | D12: ='集計_障がい者'!$E$78 -> 0.1
B13: 金銭管理 | C13: ='集計_障がい者'!$D$81 -> 4 | D13: ='集計_障がい者'!$E$81 -> 0.1
B14: 家事 | C14: ='集計_障がい者'!$D$76 -> 2 | D14: ='集計_障がい者'!$E$76 -> 0.05
B15: 排せつ | C15: ='集計_障がい者'!$D$79 -> 2 | D15: ='集計_障がい者'!$E$79 -> 0.05
B16: 相談先がない | C16: ='集計_障がい者'!$D$86 -> 1 | D16: ='集計_障がい者'!$E$86 -> 0.025
B17: 特にない | C17: ='集計_障がい者'!$D$88 -> 14 | D17: ='集計_障がい者'!$E$88 -> 0.35
B18: その他 | C18: ='集計_障がい者'!$D$89 -> 1 | D18: ='集計_障がい者'!$E$89 -> 0.025
B19: 無回答 | C19: ='集計_障がい者'!$D$90 -> 2 | D19: ='集計_障がい者'!$E$90 -> 0.05
B23: 図3-17 日常生活で困っていること【障がい別】（問10）
B25: 選択肢 | C25: 身体障がい（n=29） | D25: 知的障がい（n=2） | E25: 精神障がい（n=6）
B26: 将来の生活 | C26: ='集計_障がい別'!$G$88 -> 0.24137931 | D26: ='集計_障がい別'!$H$88 -> 1 | E26: ='集計_障がい別'!$I$88 -> 0.5
B27: 外出・移動 | C27: ='集計_障がい別'!$G$84 -> 0.27586207 | D27: ='集計_障がい別'!$H$84 -> 1 | E27: ='集計_障がい別'!$I$84 -> 0.16666667
B28: 災害時の避難 | C28: ='集計_障がい別'!$G$86 -> 0.27586207 | D28: ='集計_障がい別'!$H$86 -> 1 | E28: ='集計_障がい別'!$I$86 -> 0.16666667
B29: 通院 | C29: ='集計_障がい別'!$G$83 -> 0.17241379 | D29: ='集計_障がい別'!$H$83 -> 0.5 | E29: ='集計_障がい別'!$I$83 -> 0.16666667
B30: 食事 | C30: ='集計_障がい別'!$G$78 -> 0.10344828 | D30: ='集計_障がい別'!$H$78 -> 0.5 | E30: ='集計_障がい別'!$I$78 -> 0
B31: 服薬管理 | C31: ='集計_障がい別'!$G$81 -> 0.13793103 | D31: ='集計_障がい別'!$H$81 -> 0.5 | E31: ='集計_障がい別'!$I$81 -> 0
B32: 買い物 | C32: ='集計_障がい別'!$G$85 -> 0.10344828 | D32: ='集計_障がい別'!$H$85 -> 0.5 | E32: ='集計_障がい別'!$I$85 -> 0.16666667
B33: 入浴 | C33: ='集計_障がい別'!$G$79 -> 0.10344828 | D33: ='集計_障がい別'!$H$79 -> 0.5 | E33: ='集計_障がい別'!$I$79 -> 0
B34: 金銭管理 | C34: ='集計_障がい別'!$G$82 -> 0.034482759 | D34: ='集計_障がい別'!$H$82 -> 0.5 | E34: ='集計_障がい別'!$I$82 -> 0.33333333
B35: 家事 | C35: ='集計_障がい別'!$G$77 -> 0 | D35: ='集計_障がい別'!$H$77 -> 0.5 | E35: ='集計_障がい別'!$I$77 -> 0
B36: 排せつ | C36: ='集計_障がい別'!$G$80 -> 0.068965517 | D36: ='集計_障がい別'!$H$80 -> 0 | E36: ='集計_障がい別'!$I$80 -> 0
B37: 相談先がない | C37: ='集計_障がい別'!$G$87 -> 0 | D37: ='集計_障がい別'!$H$87 -> 0 | E37: ='集計_障がい別'!$I$87 -> 0.16666667
B38: 特にない | C38: ='集計_障がい別'!$G$89 -> 0.31034483 | D38: ='集計_障がい別'!$H$89 -> 0 | E38: ='集計_障がい別'!$I$89 -> 0.5
B39: その他 | C39: ='集計_障がい別'!$G$90 -> 0.034482759 | D39: ='集計_障がい別'!$H$90 -> 0 | E39: ='集計_障がい別'!$I$90 -> 0
B40: 無回答 | C40: ='集計_障がい別'!$G$91 -> 0.034482759 | D40: ='集計_障がい別'!$H$91 -> 0 | E40: ='集計_障がい別'!$I$91 -> 0
B70: 図3-18 将来希望する暮らし方（問11）
B71: ="n="&'集計_障がい者'!$F$91&"（単一回答）" -> n=40（単一回答）
B72: 選択肢 | C72: 件数 | D72: 割合
B73: 今の自宅で暮らしたい | C73: ='集計_障がい者'!$D$91 -> 16 | D73: ='集計_障がい者'!$E$91 -> 0.4
B74: 家族と一緒に暮らしたい | C74: ='集計_障がい者'!$D$92 -> 6 | D74: ='集計_障がい者'!$E$92 -> 0.15
B75: 一人暮らしをしたい | C75: ='集計_障がい者'!$D$93 -> 2 | D75: ='集計_障がい者'!$E$93 -> 0.05
B76: グループホームで暮らしたい | C76: ='集計_障がい者'!$D$94 -> 2 | D76: ='集計_障がい者'!$E$94 -> 0.05
B77: 施設で暮らしたい | C77: ='集計_障がい者'!$D$95 -> 4 | D77: ='集計_障がい者'!$E$95 -> 0.1
B78: 病院・施設から地域で暮らしたい | C78: ='集計_障がい者'!$D$96 -> 0 | D78: ='集計_障がい者'!$E$96 -> 0
B79: まだわからない | C79: ='集計_障がい者'!$D$97 -> 7 | D79: ='集計_障がい者'!$E$97 -> 0.175
B80: その他 | C80: ='集計_障がい者'!$D$98 -> 1 | D80: ='集計_障がい者'!$E$98 -> 0.025
B81: 無回答 | C81: ='集計_障がい者'!$D$99 -> 2 | D81: ='集計_障がい者'!$E$99 -> 0.05
B85: 図3-19 将来希望する暮らし方【障がい別】（問11）
B87: 区分 | C87: 今の自宅で暮らしたい | D87: 家族と一緒に暮らしたい | E87: 一人暮らしをしたい | F87: グループホームで暮らしたい | G87: 施設で暮らしたい | H87: 病院・施設から地域で暮らしたい | I87: まだわからない | J87: その他 | K87: 無回答
B88: 全体 | C88: ='集計_障がい者'!$E$91 -> 0.4 | D88: ='集計_障がい者'!$E$92 -> 0.15 | E88: ='集計_障がい者'!$E$93 -> 0.05 | F88: ='集計_障がい者'!$E$94 -> 0.05 | G88: ='集計_障がい者'!$E$95 -> 0.1 | H88: ='集計_障がい者'!$E$96 -> 0 | I88: ='集計_障がい者'!$E$97 -> 0.175 | J88: ='集計_障がい者'!$E$98 -> 0.025 | K88: ='集計_障がい者'!$E$99 -> 0.05
B89: 身体障がい（n=29） | C89: ='集計_障がい別'!$G$92 -> 0.37931034 | D89: ='集計_障がい別'!$G$93 -> 0.20689655 | E89: ='集計_障がい別'!$G$94 -> 0.068965517 | F89: ='集計_障がい別'!$G$95 -> 0 | G89: ='集計_障がい別'!$G$96 -> 0.10344828 | H89: ='集計_障がい別'!$G$97 -> 0 | I89: ='集計_障がい別'!$G$98 -> 0.20689655 | J89: ='集計_障がい別'!$G$99 -> 0 | K89: ='集計_障がい別'!$G$100 -> 0.034482759
B90: 知的障がい（n=2） | C90: ='集計_障がい別'!$H$92 -> 0 | D90: ='集計_障がい別'!$H$93 -> 0 | E90: ='集計_障がい別'!$H$94 -> 0 | F90: ='集計_障がい別'!$H$95 -> 0 | G90: ='集計_障がい別'!$H$96 -> 0.5 | H90: ='集計_障がい別'!$H$97 -> 0 | I90: ='集計_障がい別'!$H$98 -> 0.5 | J90: ='集計_障がい別'!$H$99 -> 0 | K90: ='集計_障がい別'!$H$100 -> 0
B91: 精神障がい（n=6） | C91: ='集計_障がい別'!$I$92 -> 0.5 | D91: ='集計_障がい別'!$I$93 -> 0 | E91: ='集計_障がい別'!$I$94 -> 0 | F91: ='集計_障がい別'!$I$95 -> 0.33333333 | G91: ='集計_障がい別'!$I$96 -> 0 | H91: ='集計_障がい別'!$I$97 -> 0 | I91: ='集計_障がい別'!$I$98 -> 0 | J91: ='集計_障がい別'!$I$99 -> 0.16666667 | K91: ='集計_障がい別'!$I$100 -> 0
B98: 図3-20 外出の頻度（問12）
B99: ="n="&'集計_障がい者'!$F$100&"（単一回答）" -> n=40（単一回答）
B100: 選択肢 | C100: 件数 | D100: 割合
B101: ほぼ毎日 | C101: ='集計_障がい者'!$D$100 -> 11 | D101: ='集計_障がい者'!$E$100 -> 0.275
B102: 週に2～4回 | C102: ='集計_障がい者'!$D$101 -> 6 | D102: ='集計_障がい者'!$E$101 -> 0.15
B103: 週に1回程度 | C103: ='集計_障がい者'!$D$102 -> 7 | D103: ='集計_障がい者'!$E$102 -> 0.175
B104: 月に数回 | C104: ='集計_障がい者'!$D$103 -> 6 | D104: ='集計_障がい者'!$E$103 -> 0.15
B105: ほとんど外出しない | C105: ='集計_障がい者'!$D$104 -> 9 | D105: ='集計_障がい者'!$E$104 -> 0.225
B106: 無回答 | C106: ='集計_障がい者'!$D$105 -> 1 | D106: ='集計_障がい者'!$E$105 -> 0.025
B109: 図3-21 外出の頻度【障がい別】（問12）
B111: 区分 | C111: ほぼ毎日 | D111: 週に2～4回 | E111: 週に1回程度 | F111: 月に数回 | G111: ほとんど外出しない | H111: 無回答
B112: 全体 | C112: ='集計_障がい者'!$E$100 -> 0.275 | D112: ='集計_障がい者'!$E$101 -> 0.15 | E112: ='集計_障がい者'!$E$102 -> 0.175 | F112: ='集計_障がい者'!$E$103 -> 0.15 | G112: ='集計_障がい者'!$E$104 -> 0.225 | H112: ='集計_障がい者'!$E$105 -> 0.025
B113: 身体障がい（n=29） | C113: ='集計_障がい別'!$G$101 -> 0.27586207 | D113: ='集計_障がい別'!$G$102 -> 0.13793103 | E113: ='集計_障がい別'!$G$103 -> 0.20689655 | F113: ='集計_障がい別'!$G$104 -> 0.20689655 | G113: ='集計_障がい別'!$G$105 -> 0.17241379 | H113: ='集計_障がい別'!$G$106 -> 0
B114: 知的障がい（n=2） | C114: ='集計_障がい別'!$H$101 -> 0 | D114: ='集計_障がい別'!$H$102 -> 0 | E114: ='集計_障がい別'!$H$103 -> 0 | F114: ='集計_障がい別'!$H$104 -> 0 | G114: ='集計_障がい別'!$H$105 -> 1 | H114: ='集計_障がい別'!$H$106 -> 0
B115: 精神障がい（n=6） | C115: ='集計_障がい別'!$I$101 -> 0.33333333 | D115: ='集計_障がい別'!$I$102 -> 0.33333333 | E115: ='集計_障がい別'!$I$103 -> 0 | F115: ='集計_障がい別'!$I$104 -> 0 | G115: ='集計_障がい別'!$I$105 -> 0.33333333 | H115: ='集計_障がい別'!$I$106 -> 0
B123: 図3-22 外出時の主な移動手段（問13）
B124: ="n="&'集計_障がい者'!$F$106&"（複数回答）" -> n=40（複数回答）
B125: 選択肢 | C125: 件数 | D125: 割合
B126: 自分で運転 | C126: ='集計_障がい者'!$D$106 -> 17 | D126: ='集計_障がい者'!$E$106 -> 0.425
B127: 家族・知人の送迎 | C127: ='集計_障がい者'!$D$107 -> 16 | D127: ='集計_障がい者'!$E$107 -> 0.4
B128: 事業所・施設の送迎 | C128: ='集計_障がい者'!$D$113 -> 8 | D128: ='集計_障がい者'!$E$113 -> 0.2
B129: 路線バス | C129: ='集計_障がい者'!$D$110 -> 4 | D129: ='集計_障がい者'!$E$110 -> 0.1
B130: 徒歩 | C130: ='集計_障がい者'!$D$108 -> 3 | D130: ='集計_障がい者'!$E$108 -> 0.075
B131: タクシー | C131: ='集計_障がい者'!$D$111 -> 2 | D131: ='集計_障がい者'!$E$111 -> 0.05
B132: 自転車 | C132: ='集計_障がい者'!$D$109 -> 1 | D132: ='集計_障がい者'!$E$109 -> 0.025
B133: 福祉タクシー等 | C133: ='集計_障がい者'!$D$112 -> 1 | D133: ='集計_障がい者'!$E$112 -> 0.025
B134: その他 | C134: ='集計_障がい者'!$D$114 -> 2 | D134: ='集計_障がい者'!$E$114 -> 0.05
B135: 無回答 | C135: ='集計_障がい者'!$D$115 -> 4 | D135: ='集計_障がい者'!$E$115 -> 0.1
B139: 図3-23 外出時の主な移動手段【障がい別】（問13）
B141: 選択肢 | C141: 身体障がい（n=29） | D141: 知的障がい（n=2） | E141: 精神障がい（n=6）
B142: 自分で運転 | C142: ='集計_障がい別'!$G$107 -> 0.48275862 | D142: ='集計_障がい別'!$H$107 -> 0 | E142: ='集計_障がい別'!$I$107 -> 0.16666667
B143: 家族・知人の送迎 | C143: ='集計_障がい別'!$G$108 -> 0.37931034 | D143: ='集計_障がい別'!$H$108 -> 0 | E143: ='集計_障がい別'!$I$108 -> 0.5
B144: 事業所・施設の送迎 | C144: ='集計_障がい別'!$G$114 -> 0.13793103 | D144: ='集計_障がい別'!$H$114 -> 1 | E144: ='集計_障がい別'!$I$114 -> 0.5
B145: 路線バス | C145: ='集計_障がい別'!$G$111 -> 0.034482759 | D145: ='集計_障がい別'!$H$111 -> 0 | E145: ='集計_障がい別'!$I$111 -> 0.33333333
B146: 徒歩 | C146: ='集計_障がい別'!$G$109 -> 0.034482759 | D146: ='集計_障がい別'!$H$109 -> 0 | E146: ='集計_障がい別'!$I$109 -> 0.33333333
B147: タクシー | C147: ='集計_障がい別'!$G$112 -> 0.034482759 | D147: ='集計_障がい別'!$H$112 -> 0 | E147: ='集計_障がい別'!$I$112 -> 0.16666667
B148: 自転車 | C148: ='集計_障がい別'!$G$110 -> 0 | D148: ='集計_障がい別'!$H$110 -> 0 | E148: ='集計_障がい別'!$I$110 -> 0.16666667
B149: その他 | C149: ='集計_障がい別'!$G$115 -> 0.068965517 | D149: ='集計_障がい別'!$H$115 -> 0 | E149: ='集計_障がい別'!$I$115 -> 0
B150: 無回答 | C150: ='集計_障がい別'!$G$116 -> 0.10344828 | D150: ='集計_障がい別'!$H$116 -> 0 | E150: ='集計_障がい別'!$I$116 -> 0.16666667
B151: ※いずれの区分にも回答のなかった選択肢は省略しています。
B170: 図3-24 外出するときに困ること（問14）
B171: ="n="&'集計_障がい者'!$F$119&"（複数回答）" -> n=40（複数回答）
B172: 選択肢 | C172: 件数 | D172: 割合
B173: 冬季・積雪時に外出しにくい | C173: ='集計_障がい者'!$D$119 -> 14 | D173: ='集計_障がい者'!$E$119 -> 0.35
B174: 家族等の付き添いが必要 | C174: ='集計_障がい者'!$D$117 -> 8 | D174: ='集計_障がい者'!$E$117 -> 0.2
B175: 体調面が不安 | C175: ='集計_障がい者'!$D$122 -> 8 | D175: ='集計_障がい者'!$E$122 -> 0.2
B176: 交通手段が少ない | C176: ='集計_障がい者'!$D$116 -> 6 | D176: ='集計_障がい者'!$E$116 -> 0.15
...

Sheet 3章_3医療
B2: 図3-26 定期的な通院（問15）
B3: ="n="&'集計_障がい者'!$F$127&"（単一回答）" -> n=40（単一回答）
B4: 選択肢 | C4: 件数 | D4: 割合
B5: 通院している | C5: ='集計_障がい者'!$D$127 -> 28 | D5: ='集計_障がい者'!$E$127 -> 0.7
B6: 通院していない | C6: ='集計_障がい者'!$D$128 -> 5 | D6: ='集計_障がい者'!$E$128 -> 0.125
B7: 訪問診療・往診を受けている | C7: ='集計_障がい者'!$D$129 -> 3 | D7: ='集計_障がい者'!$E$129 -> 0.075
B8: わからない | C8: ='集計_障がい者'!$D$130 -> 2 | D8: ='集計_障がい者'!$E$130 -> 0.05
B9: 無回答 | C9: ='集計_障がい者'!$D$131 -> 2 | D9: ='集計_障がい者'!$E$131 -> 0.05
B13: 図3-27 定期的な通院【障がい別】（問15）
B15: 区分 | C15: 通院している | D15: 通院していない | E15: 訪問診療・往診を受けている | F15: わからない | G15: 無回答
B16: 全体 | C16: ='集計_障がい者'!$E$127 -> 0.7 | D16: ='集計_障がい者'!$E$128 -> 0.125 | E16: ='集計_障がい者'!$E$129 -> 0.075 | F16: ='集計_障がい者'!$E$130 -> 0.05 | G16: ='集計_障がい者'!$E$131 -> 0.05
B17: 身体障がい（n=29） | C17: ='集計_障がい別'!$G$128 -> 0.75862069 | D17: ='集計_障がい別'!$G$129 -> 0.068965517 | E17: ='集計_障がい別'!$G$130 -> 0.034482759 | F17: ='集計_障がい別'!$G$131 -> 0.068965517 | G17: ='集計_障がい別'!$G$132 -> 0.068965517
B18: 知的障がい（n=2） | C18: ='集計_障がい別'!$H$128 -> 0.5 | D18: ='集計_障がい別'!$H$129 -> 0 | E18: ='集計_障がい別'!$H$130 -> 0.5 | F18: ='集計_障がい別'!$H$131 -> 0 | G18: ='集計_障がい別'!$H$132 -> 0
B19: 精神障がい（n=6） | C19: ='集計_障がい別'!$I$128 -> 0.66666667 | D19: ='集計_障がい別'!$I$129 -> 0.16666667 | E19: ='集計_障がい別'!$I$130 -> 0.16666667 | F19: ='集計_障がい別'!$I$131 -> 0 | G19: ='集計_障がい別'!$I$132 -> 0
B26: 図3-28 通院や医療で困っていること（問16）
B27: ="n="&'集計_障がい者'!$F$132&"（複数回答）" -> n=40（複数回答）
B28: 選択肢 | C28: 件数 | D28: 割合
B29: 専門医療機関が遠い | C29: ='集計_障がい者'!$D$132 -> 9 | D29: ='集計_障がい者'!$E$132 -> 0.225
B30: 付き添いが必要 | C30: ='集計_障がい者'!$D$134 -> 8 | D30: ='集計_障がい者'!$E$134 -> 0.2
B31: 医療費や交通費の負担が大きい | C31: ='集計_障がい者'!$D$135 -> 6 | D31: ='集計_障がい者'!$E$135 -> 0.15
B32: 緊急時の対応が不安 | C32: ='集計_障がい者'!$D$137 -> 6 | D32: ='集計_障がい者'!$E$137 -> 0.15
B33: 通院の交通手段がない | C33: ='集計_障がい者'!$D$133 -> 3 | D33: ='集計_障がい者'!$E$133 -> 0.075
B34: 予約・受診手続きが難しい | C34: ='集計_障がい者'!$D$136 -> 2 | D34: ='集計_障がい者'!$E$136 -> 0.05
B35: 特に困っていない | C35: ='集計_障がい者'!$D$138 -> 17 | D35: ='集計_障がい者'!$E$138 -> 0.425
B36: その他 | C36: ='集計_障がい者'!$D$139 -> 0 | D36: ='集計_障がい者'!$E$139 -> 0
B37: 無回答 | C37: ='集計_障がい者'!$D$140 -> 2 | D37: ='集計_障がい者'!$E$140 -> 0.05
B41: 図3-29 通院や医療で困っていること【障がい別】（問16）
B43: 選択肢 | C43: 身体障がい（n=29） | D43: 知的障がい（n=2） | E43: 精神障がい（n=6）
B44: 専門医療機関が遠い | C44: ='集計_障がい別'!$G$133 -> 0.20689655 | D44: ='集計_障がい別'!$H$133 -> 0 | E44: ='集計_障がい別'!$I$133 -> 0.33333333
B45: 付き添いが必要 | C45: ='集計_障がい別'!$G$135 -> 0.24137931 | D45: ='集計_障がい別'!$H$135 -> 1 | E45: ='集計_障がい別'!$I$135 -> 0
B46: 医療費や交通費の負担が大きい | C46: ='集計_障がい別'!$G$136 -> 0.13793103 | D46: ='集計_障がい別'!$H$136 -> 0 | E46: ='集計_障がい別'!$I$136 -> 0.33333333
B47: 緊急時の対応が不安 | C47: ='集計_障がい別'!$G$138 -> 0.17241379 | D47: ='集計_障がい別'!$H$138 -> 0 | E47: ='集計_障がい別'!$I$138 -> 0.16666667
B48: 通院の交通手段がない | C48: ='集計_障がい別'!$G$134 -> 0.068965517 | D48: ='集計_障がい別'!$H$134 -> 0 | E48: ='集計_障がい別'!$I$134 -> 0.16666667
B49: 予約・受診手続きが難しい | C49: ='集計_障がい別'!$G$137 -> 0.034482759 | D49: ='集計_障がい別'!$H$137 -> 0.5 | E49: ='集計_障がい別'!$I$137 -> 0
B50: 特に困っていない | C50: ='集計_障がい別'!$G$139 -> 0.4137931 | D50: ='集計_障がい別'!$H$139 -> 0 | E50: ='集計_障がい別'!$I$139 -> 0.33333333
B51: 無回答 | C51: ='集計_障がい別'!$G$141 -> 0.068965517 | D51: ='集計_障がい別'!$H$141 -> 0 | E51: ='集計_障がい別'!$I$141 -> 0
B52: ※いずれの区分にも回答のなかった選択肢は省略しています。
B69: 図3-30 医療的ケアの必要性（問17）
B70: ="n="&'集計_障がい者'!$F$141&"（複数回答）" -> n=40（複数回答）
B71: 選択肢 | C71: 件数 | D71: 割合
B72: 必要としていない | C72: ='集計_障がい者'!$D$141 -> 30 | D72: ='集計_障がい者'!$E$141 -> 0.75
B73: 吸引 | C73: ='集計_障がい者'!$D$142 -> 1 | D73: ='集計_障がい者'!$E$142 -> 0.025
B74: 酸素療法 | C74: ='集計_障がい者'!$D$143 -> 1 | D74: ='集計_障がい者'!$E$143 -> 0.025
B75: 人工呼吸器（レスピレーター） | C75: ='集計_障がい者'!$D$144 -> 0 | D75: ='集計_障がい者'!$E$144 -> 0
B76: 導尿 | C76: ='集計_障がい者'!$D$145 -> 1 | D76: ='集計_障がい者'!$E$145 -> 0.025
B77: ストマ（人工肛門・人工膀胱） | C77: ='集計_障がい者'!$D$146 -> 0 | D77: ='集計_障がい者'!$E$146 -> 0
B78: 服薬管理等の継続支援 | C78: ='集計_障がい者'!$D$147 -> 3 | D78: ='集計_障がい者'!$E$147 -> 0.075
B79: 気管切開 | C79: ='集計_障がい者'!$D$148 -> 0 | D79: ='集計_障がい者'!$E$148 -> 0
B80: 胃ろう・腸ろう | C80: ='集計_障がい者'!$D$149 -> 2 | D80: ='集計_障がい者'!$E$149 -> 0.05
B81: 鼻腔管栄養 | C81: ='集計_障がい者'!$D$150 -> 0 | D81: ='集計_障がい者'!$E$150 -> 0
B82: 中心静脈栄養（IVH） | C82: ='集計_障がい者'!$D$151 -> 0 | D82: ='集計_障がい者'!$E$151 -> 0
B83: 透析 | C83: ='集計_障がい者'!$D$152 -> 0 | D83: ='集計_障がい者'!$E$152 -> 0
B84: カテーテル留置 | C84: ='集計_障がい者'!$D$153 -> 0 | D84: ='集計_障がい者'!$E$153 -> 0
B85: その他 | C85: ='集計_障がい者'!$D$154 -> 0 | D85: ='集計_障がい者'!$E$154 -> 0
B86: 無回答 | C86: ='集計_障がい者'!$D$155 -> 3 | D86: ='集計_障がい者'!$E$155 -> 0.075
B90: 図3-31 医療的ケアの必要性【障がい別】（問17）
B92: 選択肢 | C92: 身体障がい（n=29） | D92: 知的障がい（n=2） | E92: 精神障がい（n=6）
B93: 必要としていない | C93: ='集計_障がい別'!$G$142 -> 0.75862069 | D93: ='集計_障がい別'!$H$142 -> 0.5 | E93: ='集計_障がい別'!$I$142 -> 0.83333333
B94: 吸引 | C94: ='集計_障がい別'!$G$143 -> 0.034482759 | D94: ='集計_障がい別'!$H$143 -> 0 | E94: ='集計_障がい別'!$I$143 -> 0
B95: 酸素療法 | C95: ='集計_障がい別'!$G$144 -> 0.034482759 | D95: ='集計_障がい別'!$H$144 -> 0 | E95: ='集計_障がい別'!$I$144 -> 0
B96: 導尿 | C96: ='集計_障がい別'!$G$146 -> 0.034482759 | D96: ='集計_障がい別'!$H$146 -> 0 | E96: ='集計_障がい別'!$I$146 -> 0
B97: 服薬管理等の継続支援 | C97: ='集計_障がい別'!$G$148 -> 0.034482759 | D97: ='集計_障がい別'!$H$148 -> 0.5 | E97: ='集計_障がい別'!$I$148 -> 0.16666667
B98: 胃ろう・腸ろう | C98: ='集計_障がい別'!$G$150 -> 0.034482759 | D98: ='集計_障がい別'!$H$150 -> 0 | E98: ='集計_障がい別'!$I$150 -> 0
B99: 無回答 | C99: ='集計_障がい別'!$G$156 -> 0.10344828 | D99: ='集計_障がい別'!$H$156 -> 0 | E99: ='集計_障がい別'!$I$156 -> 0
B100: ※いずれの区分にも回答のなかった選択肢は省略しています。
B115: 図3-32 医療的ケアや重い障がいに関して必要な支援（問18）
B116: ="n="&'集計_障がい者'!$F$161&"（複数回答）" -> n=40（複数回答）
B117: 選択肢 | C117: 件数 | D117: 割合
B118: 家族の負担軽減 | C118: ='集計_障がい者'!$D$161 -> 8 | D118: ='集計_障がい者'!$E$161 -> 0.2
B119: 身近な相談先 | C119: ='集計_障がい者'!$D$156 -> 5 | D119: ='集計_障がい者'!$E$156 -> 0.125
B120: 訪問看護等との連携 | C120: ='集計_障がい者'!$D$159 -> 3 | D120: ='集計_障がい者'!$E$159 -> 0.075
B121: 通所先での医療的ケア対応 | C121: ='集計_障がい者'!$D$157 -> 2 | D121: ='集計_障がい者'!$E$157 -> 0.05
B122: 短期入所・レスパイトケア | C122: ='集計_障がい者'!$D$158 -> 1 | D122: ='集計_障がい者'!$E$158 -> 0.025
B123: 災害時の電源・医療機器対応 | C123: ='集計_障がい者'!$D$160 -> 1 | D123: ='集計_障がい者'!$E$160 -> 0.025
B124: 特にない | C124: ='集計_障がい者'!$D$162 -> 23 | D124: ='集計_障がい者'!$E$162 -> 0.575
B125: その他 | C125: ='集計_障がい者'!$D$163 -> 0 | D125: ='集計_障がい者'!$E$163 -> 0
B126: 無回答 | C126: ='集計_障がい者'!$D$164 -> 5 | D126: ='集計_障がい者'!$E$164 -> 0.125
B130: 図3-33 医療的ケアや重い障がいに関して必要な支援【障がい別】（問18）
B132: 選択肢 | C132: 身体障がい（n=29） | D132: 知的障がい（n=2） | E132: 精神障がい（n=6）
B133: 家族の負担軽減 | C133: ='集計_障がい別'!$G$162 -> 0.13793103 | D133: ='集計_障がい別'!$H$162 -> 1 | E133: ='集計_障がい別'!$I$162 -> 0.5
B134: 身近な相談先 | C134: ='集計_障がい別'!$G$157 -> 0.10344828 | D134: ='集計_障がい別'!$H$157 -> 0.5 | E134: ='集計_障がい別'!$I$157 -> 0.33333333
B135: 訪問看護等との連携 | C135: ='集計_障がい別'!$G$160 -> 0.068965517 | D135: ='集計_障がい別'!$H$160 -> 0 | E135: ='集計_障がい別'!$I$160 -> 0.16666667
B136: 通所先での医療的ケア対応 | C136: ='集計_障がい別'!$G$158 -> 0.034482759 | D136: ='集計_障がい別'!$H$158 -> 0.5 | E136: ='集計_障がい別'!$I$158 -> 0.16666667
B137: 短期入所・レスパイトケア | C137: ='集計_障がい別'!$G$159 -> 0.034482759 | D137: ='集計_障がい別'!$H$159 -> 0 | E137: ='集計_障がい別'!$I$159 -> 0
B138: 災害時の電源・医療機器対応 | C138: ='集計_障がい別'!$G$161 -> 0.034482759 | D138: ='集計_障がい別'!$H$161 -> 0 | E138: ='集計_障がい別'!$I$161 -> 0
B139: 特にない | C139: ='集計_障がい別'!$G$163 -> 0.5862069 | D139: ='集計_障がい別'!$H$163 -> 0 | E139: ='集計_障がい別'!$I$163 -> 0.33333333
B140: 無回答 | C140: ='集計_障がい別'!$G$165 -> 0.13793103 | D140: ='集計_障がい別'!$H$165 -> 0 | E140: ='集計_障がい別'!$I$165 -> 0.16666667
B141: ※いずれの区分にも回答のなかった選択肢は省略しています。
B158: 図3-34 強度行動障がい支援に関して必要な支援（問19）
B159: ="n="&'集計_障がい者'!$F$166&"（複数回答）" -> n=40（複数回答）
B160: 選択肢 | C160: 件数 | D160: 割合
B161: パニック時や緊急時に一時的に受け入れてくれる施設の整備 | C161: ='集計_障がい者'!$D$166 -> 7 | D161: ='集計_障がい者'!$E$166 -> 0.175
B162: 自宅以外で落ち着いて過ごせる居場所や日中活動の場の確保 | C162: ='集計_障がい者'!$D$167 -> 6 | D162: ='集計_障がい者'!$E$167 -> 0.15
B163: ヘルパーやスタッフの派遣・増員 | C163: ='集計_障がい者'!$D$165 -> 4 | D163: ='集計_障がい者'!$E$165 -> 0.1
B164: 医療機関や発達障害支援センターなどの専門機関との連携強化 | C164: ='集計_障がい者'!$D$168 -> 4 | D164: ='集計_障がい者'!$E$168 -> 0.1
B165: 家族（介護者）が対応方法を学ぶための研修や、悩みを相談できる機会の提供 | C165: ='集計_障がい者'!$D$169 -> 1 | D165: ='集計_障がい者'!$E$169 -> 0.025
B166: 特にない | C166: ='集計_障がい者'!$D$170 -> 20 | D166: ='集計_障がい者'!$E$170 -> 0.5
B167: 無回答 | C167: ='集計_障がい者'!$D$171 -> 8 | D167: ='集計_障がい者'!$E$171 -> 0.2
B170: 図3-35 強度行動障がい支援に関して必要な支援【障がい別】（問19）
B172: 選択肢 | C172: 身体障がい（n=29） | D172: 知的障がい（n=2） | E172: 精神障がい（n=6）
...

Sheet 3章_4相談・情報
B2: 図3-38 意思決定支援の必要性（問21）
B3: ="n="&'集計_障がい者'!$F$179&"（単一回答）" -> n=40（単一回答）
B4: 選択肢 | C4: 件数 | D4: 割合
B5: 必要である（現在すでに支援を受けている、または今後受けたい） | C5: ='集計_障がい者'!$D$179 -> 8 | D5: ='集計_障がい者'!$E$179 -> 0.2
B6: 今は必要ないが、将来的には必要になると思う | C6: ='集計_障がい者'!$D$180 -> 12 | D6: ='集計_障がい者'!$E$180 -> 0.3
B7: 必要ない（自分や家族等と相談して意思決定ができる） | C7: ='集計_障がい者'!$D$181 -> 9 | D7: ='集計_障がい者'!$E$181 -> 0.225
B8: わからない（意思決定支援がどのようなものか知らない） | C8: ='集計_障がい者'!$D$182 -> 6 | D8: ='集計_障がい者'!$E$182 -> 0.15
B9: 無回答 | C9: ='集計_障がい者'!$D$183 -> 5 | D9: ='集計_障がい者'!$E$183 -> 0.125
B12: 図3-39 意思決定支援の必要性【障がい別】（問21）
B14: 区分 | C14: 必要である（現在すでに支援を受けている、または今後受けたい） | D14: 今は必要ないが、将来的には必要になると思う | E14: 必要ない（自分や家族等と相談して意思決定ができる） | F14: わからない（意思決定支援がどのようなものか知らない） | G14: 無回答
B15: 全体 | C15: ='集計_障がい者'!$E$179 -> 0.2 | D15: ='集計_障がい者'!$E$180 -> 0.3 | E15: ='集計_障がい者'!$E$181 -> 0.225 | F15: ='集計_障がい者'!$E$182 -> 0.15 | G15: ='集計_障がい者'!$E$183 -> 0.125
B16: 身体障がい（n=29） | C16: ='集計_障がい別'!$G$180 -> 0.17241379 | D16: ='集計_障がい別'!$G$181 -> 0.31034483 | E16: ='集計_障がい別'!$G$182 -> 0.20689655 | F16: ='集計_障がい別'!$G$183 -> 0.13793103 | G16: ='集計_障がい別'!$G$184 -> 0.17241379
B17: 知的障がい（n=2） | C17: ='集計_障がい別'!$H$180 -> 0.5 | D17: ='集計_障がい別'!$H$181 -> 0.5 | E17: ='集計_障がい別'!$H$182 -> 0 | F17: ='集計_障がい別'!$H$183 -> 0 | G17: ='集計_障がい別'!$H$184 -> 0
B18: 精神障がい（n=6） | C18: ='集計_障がい別'!$I$180 -> 0.33333333 | D18: ='集計_障がい別'!$I$181 -> 0.16666667 | E18: ='集計_障がい別'!$I$182 -> 0.33333333 | F18: ='集計_障がい別'!$I$183 -> 0.16666667 | G18: ='集計_障がい別'!$I$184 -> 0
B23: 図3-40 困ったときの相談相手・場所（問22）
B24: ="n="&'集計_障がい者'!$F$184&"（複数回答）" -> n=40（複数回答）
B25: 選択肢 | C25: 件数 | D25: 割合
B26: 家族・親族 | C26: ='集計_障がい者'!$D$184 -> 31 | D26: ='集計_障がい者'!$E$184 -> 0.775
B27: 医療機関 | C27: ='集計_障がい者'!$D$189 -> 12 | D27: ='集計_障がい者'!$E$189 -> 0.3
B28: 相談支援専門員 | C28: ='集計_障がい者'!$D$187 -> 10 | D28: ='集計_障がい者'!$E$187 -> 0.25
B29: 友人・知人 | C29: ='集計_障がい者'!$D$185 -> 6 | D29: ='集計_障がい者'!$E$185 -> 0.15
B30: 村役場 | C30: ='集計_障がい者'!$D$186 -> 5 | D30: ='集計_障がい者'!$E$186 -> 0.125
B31: 福祉サービス事業所 | C31: ='集計_障がい者'!$D$188 -> 5 | D31: ='集計_障がい者'!$E$188 -> 0.125
B32: 社会福祉協議会 | C32: ='集計_障がい者'!$D$191 -> 4 | D32: ='集計_障がい者'!$E$191 -> 0.1
B33: SNS・インターネット・AI | C33: ='集計_障がい者'!$D$190 -> 1 | D33: ='集計_障がい者'!$E$190 -> 0.025
B34: 民生委員・児童委員 | C34: ='集計_障がい者'!$D$192 -> 1 | D34: ='集計_障がい者'!$E$192 -> 0.025
B35: 相談する相手がいない | C35: ='集計_障がい者'!$D$193 -> 1 | D35: ='集計_障がい者'!$E$193 -> 0.025
B36: その他 | C36: ='集計_障がい者'!$D$194 -> 1 | D36: ='集計_障がい者'!$E$194 -> 0.025
B37: 無回答 | C37: ='集計_障がい者'!$D$195 -> 1 | D37: ='集計_障がい者'!$E$195 -> 0.025
B41: 図3-41 困ったときの相談相手・場所【障がい別】（問22）
B43: 選択肢 | C43: 身体障がい（n=29） | D43: 知的障がい（n=2） | E43: 精神障がい（n=6）
B44: 家族・親族 | C44: ='集計_障がい別'!$G$185 -> 0.75862069 | D44: ='集計_障がい別'!$H$185 -> 0.5 | E44: ='集計_障がい別'!$I$185 -> 0.66666667
B45: 医療機関 | C45: ='集計_障がい別'!$G$190 -> 0.31034483 | D45: ='集計_障がい別'!$H$190 -> 0.5 | E45: ='集計_障がい別'!$I$190 -> 0.33333333
B46: 相談支援専門員 | C46: ='集計_障がい別'!$G$188 -> 0.17241379 | D46: ='集計_障がい別'!$H$188 -> 1 | E46: ='集計_障がい別'!$I$188 -> 0.33333333
B47: 友人・知人 | C47: ='集計_障がい別'!$G$186 -> 0.17241379 | D47: ='集計_障がい別'!$H$186 -> 0 | E47: ='集計_障がい別'!$I$186 -> 0
B48: 村役場 | C48: ='集計_障がい別'!$G$187 -> 0.13793103 | D48: ='集計_障がい別'!$H$187 -> 0 | E48: ='集計_障がい別'!$I$187 -> 0.16666667
B49: 福祉サービス事業所 | C49: ='集計_障がい別'!$G$189 -> 0.10344828 | D49: ='集計_障がい別'!$H$189 -> 1 | E49: ='集計_障がい別'!$I$189 -> 0.16666667
B50: 社会福祉協議会 | C50: ='集計_障がい別'!$G$192 -> 0.13793103 | D50: ='集計_障がい別'!$H$192 -> 0 | E50: ='集計_障がい別'!$I$192 -> 0
B51: SNS・インターネット・AI | C51: ='集計_障がい別'!$G$191 -> 0.034482759 | D51: ='集計_障がい別'!$H$191 -> 0 | E51: ='集計_障がい別'!$I$191 -> 0
B52: 民生委員・児童委員 | C52: ='集計_障がい別'!$G$193 -> 0.034482759 | D52: ='集計_障がい別'!$H$193 -> 0 | E52: ='集計_障がい別'!$I$193 -> 0
B53: 相談する相手がいない | C53: ='集計_障がい別'!$G$194 -> 0.034482759 | D53: ='集計_障がい別'!$H$194 -> 0 | E53: ='集計_障がい別'!$I$194 -> 0
B54: その他 | C54: ='集計_障がい別'!$G$195 -> 0.034482759 | D54: ='集計_障がい別'!$H$195 -> 0 | E54: ='集計_障がい別'!$I$195 -> 0
B55: 無回答 | C55: ='集計_障がい別'!$G$196 -> 0.034482759 | D55: ='集計_障がい別'!$H$196 -> 0 | E55: ='集計_障がい別'!$I$196 -> 0
B80: 図3-42 相談しにくい・相談できない理由（問23）
B81: ="n="&'集計_障がい者'!$F$201&"（複数回答）" -> n=40（複数回答）
B82: 選択肢 | C82: 件数 | D82: 割合
B83: 家族が対応している | C83: ='集計_障がい者'!$D$201 -> 10 | D83: ='集計_障がい者'!$E$201 -> 0.25
B84: 相談しても解決しないと思う | C84: ='集計_障がい者'!$D$199 -> 6 | D84: ='集計_障がい者'!$E$199 -> 0.15
B85: 何を相談してよいかわからない | C85: ='集計_障がい者'!$D$198 -> 4 | D85: ='集計_障がい者'!$E$198 -> 0.1
B86: プライバシーが不安 | C86: ='集計_障がい者'!$D$202 -> 4 | D86: ='集計_障がい者'!$E$202 -> 0.1
B87: 身近に相談先がない | C87: ='集計_障がい者'!$D$197 -> 1 | D87: ='集計_障がい者'!$E$197 -> 0.025
B88: 交通手段がない | C88: ='集計_障がい者'!$D$200 -> 1 | D88: ='集計_障がい者'!$E$200 -> 0.025
B89: 相談先がわからない | C89: ='集計_障がい者'!$D$196 -> 0 | D89: ='集計_障がい者'!$E$196 -> 0
B90: 特に困っていない | C90: ='集計_障がい者'!$D$203 -> 15 | D90: ='集計_障がい者'!$E$203 -> 0.375
B91: その他 | C91: ='集計_障がい者'!$D$204 -> 0 | D91: ='集計_障がい者'!$E$204 -> 0
B92: 無回答 | C92: ='集計_障がい者'!$D$205 -> 7 | D92: ='集計_障がい者'!$E$205 -> 0.175
B96: 図3-43 相談しにくい・相談できない理由【障がい別】（問23）
B98: 選択肢 | C98: 身体障がい（n=29） | D98: 知的障がい（n=2） | E98: 精神障がい（n=6）
B99: 家族が対応している | C99: ='集計_障がい別'!$G$202 -> 0.24137931 | D99: ='集計_障がい別'!$H$202 -> 0 | E99: ='集計_障がい別'!$I$202 -> 0.16666667
B100: 相談しても解決しないと思う | C100: ='集計_障がい別'!$G$200 -> 0.13793103 | D100: ='集計_障がい別'!$H$200 -> 0 | E100: ='集計_障がい別'!$I$200 -> 0.33333333
B101: 何を相談してよいかわからない | C101: ='集計_障がい別'!$G$199 -> 0.10344828 | D101: ='集計_障がい別'!$H$199 -> 0.5 | E101: ='集計_障がい別'!$I$199 -> 0
B102: プライバシーが不安 | C102: ='集計_障がい別'!$G$203 -> 0.10344828 | D102: ='集計_障がい別'!$H$203 -> 0 | E102: ='集計_障がい別'!$I$203 -> 0.16666667
B103: 身近に相談先がない | C103: ='集計_障がい別'!$G$198 -> 0.034482759 | D103: ='集計_障がい別'!$H$198 -> 0 | E103: ='集計_障がい別'!$I$198 -> 0
B104: 交通手段がない | C104: ='集計_障がい別'!$G$201 -> 0.034482759 | D104: ='集計_障がい別'!$H$201 -> 0 | E104: ='集計_障がい別'!$I$201 -> 0
B105: 特に困っていない | C105: ='集計_障がい別'!$G$204 -> 0.4137931 | D105: ='集計_障がい別'!$H$204 -> 0.5 | E105: ='集計_障がい別'!$I$204 -> 0.33333333
B106: 無回答 | C106: ='集計_障がい別'!$G$206 -> 0.17241379 | D106: ='集計_障がい別'!$H$206 -> 0 | E106: ='集計_障がい別'!$I$206 -> 0.16666667
B107: ※いずれの区分にも回答のなかった選択肢は省略しています。
B124: 図3-44 同じ障がいのある人（ピアサポーター）への相談意向（問24）
B125: ="n="&'集計_障がい者'!$F$206&"（単一回答）" -> n=40（単一回答）
B126: 選択肢 | C126: 件数 | D126: 割合
B127: 相談したい（現在も相談している） | C127: ='集計_障がい者'!$D$206 -> 1 | D127: ='集計_障がい者'!$E$206 -> 0.025
B128: 機会があれば相談してみたい | C128: ='集計_障がい者'!$D$207 -> 12 | D128: ='集計_障がい者'!$E$207 -> 0.3
B129: あまり相談したいとは思わない | C129: ='集計_障がい者'!$D$208 -> 9 | D129: ='集計_障がい者'!$E$208 -> 0.225
B130: まったく相談したいとは思わない | C130: ='集計_障がい者'!$D$209 -> 6 | D130: ='集計_障がい者'!$E$209 -> 0.15
B131: わからない | C131: ='集計_障がい者'!$D$210 -> 8 | D131: ='集計_障がい者'!$E$210 -> 0.2
B132: 無回答 | C132: ='集計_障がい者'!$D$211 -> 4 | D132: ='集計_障がい者'!$E$211 -> 0.1
B136: 図3-45 同じ障がいのある人（ピアサポーター）への相談意向【障がい別】（問24）
B138: 区分 | C138: 相談したい（現在も相談している） | D138: 機会があれば相談してみたい | E138: あまり相談したいとは思わない | F138: まったく相談したいとは思わない | G138: わからない | H138: 無回答
B139: 全体 | C139: ='集計_障がい者'!$E$206 -> 0.025 | D139: ='集計_障がい者'!$E$207 -> 0.3 | E139: ='集計_障がい者'!$E$208 -> 0.225 | F139: ='集計_障がい者'!$E$209 -> 0.15 | G139: ='集計_障がい者'!$E$210 -> 0.2 | H139: ='集計_障がい者'!$E$211 -> 0.1
B140: 身体障がい（n=29） | C140: ='集計_障がい別'!$G$207 -> 0 | D140: ='集計_障がい別'!$G$208 -> 0.34482759 | E140: ='集計_障がい別'!$G$209 -> 0.20689655 | F140: ='集計_障がい別'!$G$210 -> 0.13793103 | G140: ='集計_障がい別'!$G$211 -> 0.20689655 | H140: ='集計_障がい別'!$G$212 -> 0.10344828
B141: 知的障がい（n=2） | C141: ='集計_障がい別'!$H$207 -> 0 | D141: ='集計_障がい別'!$H$208 -> 0.5 | E141: ='集計_障がい別'!$H$209 -> 0 | F141: ='集計_障がい別'!$H$210 -> 0 | G141: ='集計_障がい別'!$H$211 -> 0.5 | H141: ='集計_障がい別'!$H$212 -> 0
B142: 精神障がい（n=6） | C142: ='集計_障がい別'!$I$207 -> 0 | D142: ='集計_障がい別'!$I$208 -> 0.16666667 | E142: ='集計_障がい別'!$I$209 -> 0.33333333 | F142: ='集計_障がい別'!$I$210 -> 0.33333333 | G142: ='集計_障がい別'!$I$211 -> 0 | H142: ='集計_障がい別'!$I$212 -> 0.16666667
B148: 図3-46 福祉に関する情報の入手先（問25）
B149: ="n="&'集計_障がい者'!$F$212&"（複数回答）" -> n=40（複数回答）
B150: 選択肢 | C150: 件数 | D150: 割合
B151: 村広報・ホームページ | C151: ='集計_障がい者'!$D$212 -> 16 | D151: ='集計_障がい者'!$E$212 -> 0.4
B152: 相談支援専門員 | C152: ='集計_障がい者'!$D$214 -> 14 | D152: ='集計_障がい者'!$E$214 -> 0.35
B153: 新聞・テレビ | C153: ='集計_障がい者'!$D$219 -> 13 | D153: ='集計_障がい者'!$E$219 -> 0.325
B154: 家族・知人 | C154: ='集計_障がい者'!$D$213 -> 9 | D154: ='集計_障がい者'!$E$213 -> 0.225
B155: 福祉サービス事業所 | C155: ='集計_障がい者'!$D$215 -> 9 | D155: ='集計_障がい者'!$E$215 -> 0.225
B156: 医療機関 | C156: ='集計_障がい者'!$D$216 -> 8 | D156: ='集計_障がい者'!$E$216 -> 0.2
B157: SNS・インターネット・AI | C157: ='集計_障がい者'!$D$218 -> 4 | D157: ='集計_障がい者'!$E$218 -> 0.1
B158: 情報を得られていない | C158: ='集計_障がい者'!$D$220 -> 1 | D158: ='集計_障がい者'!$E$220 -> 0.025
B159: 学校 | C159: ='集計_障がい者'!$D$217 -> 0 | D159: ='集計_障がい者'!$E$217 -> 0
B160: その他 | C160: ='集計_障がい者'!$D$221 -> 0 | D160: ='集計_障がい者'!$E$221 -> 0
B161: 無回答 | C161: ='集計_障がい者'!$D$222 -> 2 | D161: ='集計_障がい者'!$E$222 -> 0.05
B165: 図3-47 福祉に関する情報の入手先【障がい別】（問25）
B167: 選択肢 | C167: 身体障がい（n=29） | D167: 知的障がい（n=2） | E167: 精神障がい（n=6）
B168: 村広報・ホームページ | C168: ='集計_障がい別'!$G$213 -> 0.48275862 | D168: ='集計_障がい別'!$H$213 -> 0.5 | E168: ='集計_障がい別'!$I$213 -> 0.16666667
B169: 相談支援専門員 | C169: ='集計_障がい別'!$G$215 -> 0.31034483 | D169: ='集計_障がい別'!$H$215 -> 1 | E169: ='集計_障がい別'!$I$215 -> 0.5
...

Sheet 3章_5サービス
B2: 表3-1 サービス別の利用状況・認知度・今後の利用意向
B3: サービス | C3: 現在利用している（問27-1） | E3: 内容をよく知らない（問27-2） | G3: 今後3年間で利用したい（問27-3） | I3: 差（今後－現在） ポイント
C4: 件数 | D4: 割合 | E4: 件数 | F4: 割合 | G4: 件数 | H4: 割合
B5: 回答者数（n） | C5: ='集計_障がい者'!$F$232 -> 40 | E5: ='集計_障がい者'!$F$252 -> 40 | G5: ='集計_障がい者'!$F$272 -> 40
B6: 居宅介護（ホームヘルプ） | C6: ='集計_障がい者'!$D$232 -> 1 | D6: ='集計_障がい者'!$E$232 -> 0.025 | E6: ='集計_障がい者'!$D$252 -> 6 | F6: ='集計_障がい者'!$E$252 -> 0.15 | G6: ='集計_障がい者'!$D$272 -> 3 | H6: ='集計_障がい者'!$E$272 -> 0.075 | I6: =ROUND(H6*100,1)-ROUND(D6*100,1) -> 5
B7: 重度訪問介護 | C7: ='集計_障がい者'!$D$233 -> 0 | D7: ='集計_障がい者'!$E$233 -> 0 | E7: ='集計_障がい者'!$D$253 -> 9 | F7: ='集計_障がい者'!$E$253 -> 0.225 | G7: ='集計_障がい者'!$D$273 -> 0 | H7: ='集計_障がい者'!$E$273 -> 0 | I7: =ROUND(H7*100,1)-ROUND(D7*100,1) -> 0
B8: 同行援護・行動援護 | C8: ='集計_障がい者'!$D$234 -> 1 | D8: ='集計_障がい者'!$E$234 -> 0.025 | E8: ='集計_障がい者'!$D$254 -> 9 | F8: ='集計_障がい者'!$E$254 -> 0.225 | G8: ='集計_障がい者'!$D$274 -> 1 | H8: ='集計_障がい者'!$E$274 -> 0.025 | I8: =ROUND(H8*100,1)-ROUND(D8*100,1) -> 0
B9: 生活介護 | C9: ='集計_障がい者'!$D$235 -> 4 | D9: ='集計_障がい者'!$E$235 -> 0.1 | E9: ='集計_障がい者'!$D$255 -> 6 | F9: ='集計_障がい者'!$E$255 -> 0.15 | G9: ='集計_障がい者'!$D$275 -> 3 | H9: ='集計_障がい者'!$E$275 -> 0.075 | I9: =ROUND(H9*100,1)-ROUND(D9*100,1) -> -2.5
B10: 自立訓練 | C10: ='集計_障がい者'!$D$236 -> 2 | D10: ='集計_障がい者'!$E$236 -> 0.05 | E10: ='集計_障がい者'!$D$256 -> 8 | F10: ='集計_障がい者'!$E$256 -> 0.2 | G10: ='集計_障がい者'!$D$276 -> 2 | H10: ='集計_障がい者'!$E$276 -> 0.05 | I10: =ROUND(H10*100,1)-ROUND(D10*100,1) -> 0
B11: 就労移行支援 | C11: ='集計_障がい者'!$D$237 -> 0 | D11: ='集計_障がい者'!$E$237 -> 0 | E11: ='集計_障がい者'!$D$257 -> 8 | F11: ='集計_障がい者'!$E$257 -> 0.2 | G11: ='集計_障がい者'!$D$277 -> 1 | H11: ='集計_障がい者'!$E$277 -> 0.025 | I11: =ROUND(H11*100,1)-ROUND(D11*100,1) -> 2.5
B12: 就労継続支援A型 | C12: ='集計_障がい者'!$D$238 -> 1 | D12: ='集計_障がい者'!$E$238 -> 0.025 | E12: ='集計_障がい者'!$D$258 -> 8 | F12: ='集計_障がい者'!$E$258 -> 0.2 | G12: ='集計_障がい者'!$D$278 -> 0 | H12: ='集計_障がい者'!$E$278 -> 0 | I12: =ROUND(H12*100,1)-ROUND(D12*100,1) -> -2.5
B13: 就労継続支援B型 | C13: ='集計_障がい者'!$D$239 -> 2 | D13: ='集計_障がい者'!$E$239 -> 0.05 | E13: ='集計_障がい者'!$D$259 -> 8 | F13: ='集計_障がい者'!$E$259 -> 0.2 | G13: ='集計_障がい者'!$D$279 -> 1 | H13: ='集計_障がい者'!$E$279 -> 0.025 | I13: =ROUND(H13*100,1)-ROUND(D13*100,1) -> -2.5
B14: 就労選択支援 | C14: ='集計_障がい者'!$D$240 -> 1 | D14: ='集計_障がい者'!$E$240 -> 0.025 | E14: ='集計_障がい者'!$D$260 -> 9 | F14: ='集計_障がい者'!$E$260 -> 0.225 | G14: ='集計_障がい者'!$D$280 -> 0 | H14: ='集計_障がい者'!$E$280 -> 0 | I14: =ROUND(H14*100,1)-ROUND(D14*100,1) -> -2.5
B15: 就労定着支援 | C15: ='集計_障がい者'!$D$241 -> 0 | D15: ='集計_障がい者'!$E$241 -> 0 | E15: ='集計_障がい者'!$D$261 -> 8 | F15: ='集計_障がい者'!$E$261 -> 0.2 | G15: ='集計_障がい者'!$D$281 -> 0 | H15: ='集計_障がい者'!$E$281 -> 0 | I15: =ROUND(H15*100,1)-ROUND(D15*100,1) -> 0
B16: 短期入所（ショートステイ） | C16: ='集計_障がい者'!$D$242 -> 2 | D16: ='集計_障がい者'!$E$242 -> 0.05 | E16: ='集計_障がい者'!$D$262 -> 4 | F16: ='集計_障がい者'!$E$262 -> 0.1 | G16: ='集計_障がい者'!$D$282 -> 4 | H16: ='集計_障がい者'!$E$282 -> 0.1 | I16: =ROUND(H16*100,1)-ROUND(D16*100,1) -> 5
B17: グループホーム | C17: ='集計_障がい者'!$D$243 -> 3 | D17: ='集計_障がい者'!$E$243 -> 0.075 | E17: ='集計_障がい者'!$D$263 -> 5 | F17: ='集計_障がい者'!$E$263 -> 0.125 | G17: ='集計_障がい者'!$D$283 -> 5 | H17: ='集計_障がい者'!$E$283 -> 0.125 | I17: =ROUND(H17*100,1)-ROUND(D17*100,1) -> 5
B18: 施設入所支援 | C18: ='集計_障がい者'!$D$244 -> 5 | D18: ='集計_障がい者'!$E$244 -> 0.125 | E18: ='集計_障がい者'!$D$264 -> 6 | F18: ='集計_障がい者'!$E$264 -> 0.15 | G18: ='集計_障がい者'!$D$284 -> 9 | H18: ='集計_障がい者'!$E$284 -> 0.225 | I18: =ROUND(H18*100,1)-ROUND(D18*100,1) -> 10
B19: 計画相談支援 | C19: ='集計_障がい者'!$D$245 -> 2 | D19: ='集計_障がい者'!$E$245 -> 0.05 | E19: ='集計_障がい者'!$D$265 -> 7 | F19: ='集計_障がい者'!$E$265 -> 0.175 | G19: ='集計_障がい者'!$D$285 -> 4 | H19: ='集計_障がい者'!$E$285 -> 0.1 | I19: =ROUND(H19*100,1)-ROUND(D19*100,1) -> 5
B20: 移動支援 | C20: ='集計_障がい者'!$D$246 -> 1 | D20: ='集計_障がい者'!$E$246 -> 0.025 | E20: ='集計_障がい者'!$D$266 -> 9 | F20: ='集計_障がい者'!$E$266 -> 0.225 | G20: ='集計_障がい者'!$D$286 -> 2 | H20: ='集計_障がい者'!$E$286 -> 0.05 | I20: =ROUND(H20*100,1)-ROUND(D20*100,1) -> 2.5
B21: 日中一時支援 | C21: ='集計_障がい者'!$D$247 -> 1 | D21: ='集計_障がい者'!$E$247 -> 0.025 | E21: ='集計_障がい者'!$D$267 -> 8 | F21: ='集計_障がい者'!$E$267 -> 0.2 | G21: ='集計_障がい者'!$D$287 -> 1 | H21: ='集計_障がい者'!$E$287 -> 0.025 | I21: =ROUND(H21*100,1)-ROUND(D21*100,1) -> 0
B22: 日常生活用具 | C22: ='集計_障がい者'!$D$248 -> 1 | D22: ='集計_障がい者'!$E$248 -> 0.025 | E22: ='集計_障がい者'!$D$268 -> 6 | F22: ='集計_障がい者'!$E$268 -> 0.15 | G22: ='集計_障がい者'!$D$288 -> 2 | H22: ='集計_障がい者'!$E$288 -> 0.05 | I22: =ROUND(H22*100,1)-ROUND(D22*100,1) -> 2.5
B23: 訪問入浴 | C23: ='集計_障がい者'!$D$249 -> 0 | D23: ='集計_障がい者'!$E$249 -> 0 | E23: ='集計_障がい者'!$D$269 -> 5 | F23: ='集計_障がい者'!$E$269 -> 0.125 | G23: ='集計_障がい者'!$D$289 -> 0 | H23: ='集計_障がい者'!$E$289 -> 0 | I23: =ROUND(H23*100,1)-ROUND(D23*100,1) -> 0
B24: 特にない（各設問） | C24: ='集計_障がい者'!$D$250 -> 18 | D24: ='集計_障がい者'!$E$250 -> 0.45 | E24: ='集計_障がい者'!$D$270 -> 7 | F24: ='集計_障がい者'!$E$270 -> 0.175 | G24: ='集計_障がい者'!$D$290 -> 12 | H24: ='集計_障がい者'!$E$290 -> 0.3
B25: 無回答（各設問） | C25: ='集計_障がい者'!$D$251 -> 9 | D25: ='集計_障がい者'!$E$251 -> 0.225 | E25: ='集計_障がい者'!$D$271 -> 16 | F25: ='集計_障がい者'!$E$271 -> 0.4 | G25: ='集計_障がい者'!$D$291 -> 10 | H25: ='集計_障がい者'!$E$291 -> 0.25
B26: ※割合はいずれも複数回答。「差」は今後の利用意向（問27-3）と現在の利用（問27-1）の割合の差（ポイント）で、5ポイント以上の増加を太字で示しています。（ ）内は件数です。 差は割合を小数点第1位に四捨五入したうえでの差です。
B28: 図3-50 現在利用しているサービスと今後3年間で利用したいサービス（問27-1・問27-3）
B30: サービス | C30: 現在利用している（問27-1） | D30: 今後3年間で利用したい（問27-3）
B31: 居宅介護（ホームヘルプ） | C31: ='集計_障がい者'!$E$232 -> 0.025 | D31: ='集計_障がい者'!$E$272 -> 0.075
B32: 同行援護・行動援護 | C32: ='集計_障がい者'!$E$234 -> 0.025 | D32: ='集計_障がい者'!$E$274 -> 0.025
B33: 生活介護 | C33: ='集計_障がい者'!$E$235 -> 0.1 | D33: ='集計_障がい者'!$E$275 -> 0.075
B34: 自立訓練 | C34: ='集計_障がい者'!$E$236 -> 0.05 | D34: ='集計_障がい者'!$E$276 -> 0.05
B35: 就労移行支援 | C35: ='集計_障がい者'!$E$237 -> 0 | D35: ='集計_障がい者'!$E$277 -> 0.025
B36: 就労継続支援A型 | C36: ='集計_障がい者'!$E$238 -> 0.025 | D36: ='集計_障がい者'!$E$278 -> 0
B37: 就労継続支援B型 | C37: ='集計_障がい者'!$E$239 -> 0.05 | D37: ='集計_障がい者'!$E$279 -> 0.025
B38: 就労選択支援 | C38: ='集計_障がい者'!$E$240 -> 0.025 | D38: ='集計_障がい者'!$E$280 -> 0
B39: 短期入所（ショートステイ） | C39: ='集計_障がい者'!$E$242 -> 0.05 | D39: ='集計_障がい者'!$E$282 -> 0.1
B40: グループホーム | C40: ='集計_障がい者'!$E$243 -> 0.075 | D40: ='集計_障がい者'!$E$283 -> 0.125
B41: 施設入所支援 | C41: ='集計_障がい者'!$E$244 -> 0.125 | D41: ='集計_障がい者'!$E$284 -> 0.225
B42: 計画相談支援 | C42: ='集計_障がい者'!$E$245 -> 0.05 | D42: ='集計_障がい者'!$E$285 -> 0.1
B43: 移動支援 | C43: ='集計_障がい者'!$E$246 -> 0.025 | D43: ='集計_障がい者'!$E$286 -> 0.05
B44: 日中一時支援 | C44: ='集計_障がい者'!$E$247 -> 0.025 | D44: ='集計_障がい者'!$E$287 -> 0.025
B45: 日常生活用具 | C45: ='集計_障がい者'!$E$248 -> 0.025 | D45: ='集計_障がい者'!$E$288 -> 0.05
B46: ※いずれの設問でも回答がなかった「重度訪問介護」「就労定着支援」「訪問入浴」は省略しています。
B61: 図3-51 内容をよく知らないサービス（問27-2）
B62: ="n="&'集計_障がい者'!$F$253&"（複数回答）" -> n=40（複数回答）
B63: 選択肢 | C63: 件数 | D63: 割合
B64: 重度訪問介護 | C64: ='集計_障がい者'!$D$253 -> 9 | D64: ='集計_障がい者'!$E$253 -> 0.225
B65: 同行援護・行動援護 | C65: ='集計_障がい者'!$D$254 -> 9 | D65: ='集計_障がい者'!$E$254 -> 0.225
B66: 就労選択支援 | C66: ='集計_障がい者'!$D$260 -> 9 | D66: ='集計_障がい者'!$E$260 -> 0.225
B67: 移動支援 | C67: ='集計_障がい者'!$D$266 -> 9 | D67: ='集計_障がい者'!$E$266 -> 0.225
B68: 自立訓練 | C68: ='集計_障がい者'!$D$256 -> 8 | D68: ='集計_障がい者'!$E$256 -> 0.2
B69: 就労移行支援 | C69: ='集計_障がい者'!$D$257 -> 8 | D69: ='集計_障がい者'!$E$257 -> 0.2
B70: 就労継続支援A型 | C70: ='集計_障がい者'!$D$258 -> 8 | D70: ='集計_障がい者'!$E$258 -> 0.2
B71: 就労継続支援B型 | C71: ='集計_障がい者'!$D$259 -> 8 | D71: ='集計_障がい者'!$E$259 -> 0.2
B72: 就労定着支援 | C72: ='集計_障がい者'!$D$261 -> 8 | D72: ='集計_障がい者'!$E$261 -> 0.2
B73: 日中一時支援 | C73: ='集計_障がい者'!$D$267 -> 8 | D73: ='集計_障がい者'!$E$267 -> 0.2
B74: 計画相談支援 | C74: ='集計_障がい者'!$D$265 -> 7 | D74: ='集計_障がい者'!$E$265 -> 0.175
B75: 居宅介護（ホームヘルプ） | C75: ='集計_障がい者'!$D$252 -> 6 | D75: ='集計_障がい者'!$E$252 -> 0.15
B76: 生活介護 | C76: ='集計_障がい者'!$D$255 -> 6 | D76: ='集計_障がい者'!$E$255 -> 0.15
B77: 施設入所支援 | C77: ='集計_障がい者'!$D$264 -> 6 | D77: ='集計_障がい者'!$E$264 -> 0.15
B78: 日常生活用具 | C78: ='集計_障がい者'!$D$268 -> 6 | D78: ='集計_障がい者'!$E$268 -> 0.15
B79: グループホーム | C79: ='集計_障がい者'!$D$263 -> 5 | D79: ='集計_障がい者'!$E$263 -> 0.125
B80: 訪問入浴 | C80: ='集計_障がい者'!$D$269 -> 5 | D80: ='集計_障がい者'!$E$269 -> 0.125
B81: 短期入所（ショートステイ） | C81: ='集計_障がい者'!$D$262 -> 4 | D81: ='集計_障がい者'!$E$262 -> 0.1
B82: 知らないサービスは特にない | C82: ='集計_障がい者'!$D$270 -> 7 | D82: ='集計_障がい者'!$E$270 -> 0.175
B83: 無回答 | C83: ='集計_障がい者'!$D$271 -> 16 | D83: ='集計_障がい者'!$E$271 -> 0.4
B87: 表3-2 サービス別の現在の利用状況と今後３年間の利用意向【障がい別】（問27-1・問27-3）
B88: サービス | C88: 現在利用 身体障がい （n=29） | D88: 現在利用 知的障がい （n=2） | E88: 現在利用 精神障がい （n=6） | F88: 今後利用 身体障がい （n=29） | G88: 今後利用 知的障がい （n=2） | H88: 今後利用 精神障がい （n=6）
B89: 居宅介護（ホームヘルプ） | C89: ='集計_障がい別'!$G$233 -> 0.034482759 | D89: ='集計_障がい別'!$H$233 -> 0 | E89: ='集計_障がい別'!$I$233 -> 0 | F89: ='集計_障がい別'!$G$273 -> 0.10344828 | G89: ='集計_障がい別'!$H$273 -> 0 | H89: ='集計_障がい別'!$I$273 -> 0
B90: 重度訪問介護 | C90: ='集計_障がい別'!$G$234 -> 0 | D90: ='集計_障がい別'!$H$234 -> 0 | E90: ='集計_障がい別'!$I$234 -> 0 | F90: ='集計_障がい別'!$G$274 -> 0 | G90: ='集計_障がい別'!$H$274 -> 0 | H90: ='集計_障がい別'!$I$274 -> 0
B91: 同行援護・行動援護 | C91: ='集計_障がい別'!$G$235 -> 0.034482759 | D91: ='集計_障がい別'!$H$235 -> 0 | E91: ='集計_障がい別'!$I$235 -> 0 | F91: ='集計_障がい別'!$G$275 -> 0.034482759 | G91: ='集計_障がい別'!$H$275 -> 0 | H91: ='集計_障がい別'!$I$275 -> 0
B92: 生活介護 | C92: ='集計_障がい別'!$G$236 -> 0.068965517 | D92: ='集計_障がい別'!$H$236 -> 1 | E92: ='集計_障がい別'!$I$236 -> 0.16666667 | F92: ='集計_障がい別'!$G$276 -> 0.034482759 | G92: ='集計_障がい別'!$H$276 -> 1 | H92: ='集計_障がい別'!$I$276 -> 0.16666667
B93: 自立訓練 | C93: ='集計_障がい別'!$G$237 -> 0.034482759 | D93: ='集計_障がい別'!$H$237 -> 0 | E93: ='集計_障がい別'!$I$237 -> 0.16666667 | F93: ='集計_障がい別'!$G$277 -> 0.034482759 | G93: ='集計_障がい別'!$H$277 -> 0 | H93: ='集計_障がい別'!$I$277 -> 0
B94: 就労移行支援 | C94: ='集計_障がい別'!$G$238 -> 0 | D94: ='集計_障がい別'!$H$238 -> 0 | E94: ='集計_障がい別'!$I$238 -> 0 | F94: ='集計_障がい別'!$G$278 -> 0 | G94: ='集計_障がい別'!$H$278 -> 0 | H94: ='集計_障がい別'!$I$278 -> 0.16666667
B95: 就労継続支援A型 | C95: ='集計_障がい別'!$G$239 -> 0.034482759 | D95: ='集計_障がい別'!$H$239 -> 0 | E95: ='集計_障がい別'!$I$239 -> 0 | F95: ='集計_障がい別'!$G$279 -> 0 | G95: ='集計_障がい別'!$H$279 -> 0 | H95: ='集計_障がい別'!$I$279 -> 0
B96: 就労継続支援B型 | C96: ='集計_障がい別'!$G$240 -> 0.034482759 | D96: ='集計_障がい別'!$H$240 -> 0 | E96: ='集計_障がい別'!$I$240 -> 0.16666667 | F96: ='集計_障がい別'!$G$280 -> 0.034482759 | G96: ='集計_障がい別'!$H$280 -> 0 | H96: ='集計_障がい別'!$I$280 -> 0
B97: 就労選択支援 | C97: ='集計_障がい別'!$G$241 -> 0.034482759 | D97: ='集計_障がい別'!$H$241 -> 0 | E97: ='集計_障がい別'!$I$241 -> 0 | F97: ='集計_障がい別'!$G$281 -> 0 | G97: ='集計_障がい別'!$H$281 -> 0 | H97: ='集計_障がい別'!$I$281 -> 0
B98: 就労定着支援 | C98: ='集計_障がい別'!$G$242 -> 0 | D98: ='集計_障がい別'!$H$242 -> 0 | E98: ='集計_障がい別'!$I$242 -> 0 | F98: ='集計_障がい別'!$G$282 -> 0 | G98: ='集計_障がい別'!$H$282 -> 0 | H98: ='集計_障がい別'!$I$282 -> 0
B99: 短期入所（ショートステイ） | C99: ='集計_障がい別'!$G$243 -> 0.068965517 | D99: ='集計_障がい別'!$H$243 -> 0 | E99: ='集計_障がい別'!$I$243 -> 0 | F99: ='集計_障がい別'!$G$283 -> 0.13793103 | G99: ='集計_障がい別'!$H$283 -> 0 | H99: ='集計_障がい別'!$I$283 -> 0
B100: グループホーム | C100: ='集計_障がい別'!$G$244 -> 0.068965517 | D100: ='集計_障がい別'!$H$244 -> 0 | E100: ='集計_障がい別'!$I$244 -> 0.16666667 | F100: ='集計_障がい別'!$G$284 -> 0.13793103 | G100: ='集計_障がい別'!$H$284 -> 0 | H100: ='集計_障がい別'!$I$284 -> 0.16666667
B101: 施設入所支援 | C101: ='集計_障がい別'!$G$245 -> 0.10344828 | D101: ='集計_障がい別'!$H$245 -> 1 | E101: ='集計_障がい別'!$I$245 -> 0.16666667 | F101: ='集計_障がい別'!$G$285 -> 0.24137931 | G101: ='集計_障がい別'!$H$285 -> 1 | H101: ='集計_障がい別'!$I$285 -> 0.16666667
B102: 計画相談支援 | C102: ='集計_障がい別'!$G$246 -> 0.034482759 | D102: ='集計_障がい別'!$H$246 -> 0 | E102: ='集計_障がい別'!$I$246 -> 0.16666667 | F102: ='集計_障がい別'!$G$286 -> 0.10344828 | G102: ='集計_障がい別'!$H$286 -> 0.5 | H102: ='集計_障がい別'!$I$286 -> 0
B103: 移動支援 | C103: ='集計_障がい別'!$G$247 -> 0 | D103: ='集計_障がい別'!$H$247 -> 0 | E103: ='集計_障がい別'!$I$247 -> 0.16666667 | F103: ='集計_障がい別'!$G$287 -> 0 | G103: ='集計_障がい別'!$H$287 -> 0 | H103: ='集計_障がい別'!$I$287 -> 0.33333333
B104: 日中一時支援 | C104: ='集計_障がい別'!$G$248 -> 0.034482759 | D104: ='集計_障がい別'!$H$248 -> 0 | E104: ='集計_障がい別'!$I$248 -> 0 | F104: ='集計_障がい別'!$G$288 -> 0.034482759 | G104: ='集計_障がい別'!$H$288 -> 0 | H104: ='集計_障がい別'!$I$288 -> 0
B105: 日常生活用具 | C105: ='集計_障がい別'!$G$249 -> 0.034482759 | D105: ='集計_障がい別'!$H$249 -> 0 | E105: ='集計_障がい別'!$I$249 -> 0 | F105: ='集計_障がい別'!$G$289 -> 0.034482759 | G105: ='集計_障がい別'!$H$289 -> 0 | H105: ='集計_障がい別'!$I$289 -> 0
B106: 訪問入浴 | C106: ='集計_障がい別'!$G$250 -> 0 | D106: ='集計_障がい別'!$H$250 -> 0 | E106: ='集計_障がい別'!$I$250 -> 0 | F106: ='集計_障がい別'!$G$290 -> 0 | G106: ='集計_障がい別'!$H$290 -> 0 | H106: ='集計_障がい別'!$I$290 -> 0
B107: 特にない（各設問） | C107: ='集計_障がい別'!$G$251 -> 0.4137931 | D107: ='集計_障がい別'!$H$251 -> 0 | E107: ='集計_障がい別'!$I$251 -> 0.5 | F107: ='集計_障がい別'!$G$291 -> 0.34482759 | G107: ='集計_障がい別'!$H$291 -> 0 | H107: ='集計_障がい別'!$I$291 -> 0.33333333
B108: 無回答（各設問） | C108: ='集計_障がい別'!$G$252 -> 0.24137931 | D108: ='集計_障がい別'!$H$252 -> 0 | E108: ='集計_障がい別'!$I$252 -> 0.16666667 | F108: ='集計_障がい別'!$G$292 -> 0.27586207 | G108: ='集計_障がい別'!$H$292 -> 0 | H108: ='集計_障がい別'!$I$292 -> 0.16666667
B109: ※セルの数値は各区分の回答者数（n）に占める割合と件数です。色が濃いほど割合が高いことを示します。「－」は回答がなかったことを示します。
B111: 表3-3 内容をよく知らないサービス【障がい別】（問27-2）
B112: サービス | C112: 身体障がい （n=29） | D112: 知的障がい （n=2） | E112: 精神障がい （n=6）
B113: 居宅介護（ホームヘルプ） | C113: ='集計_障がい別'!$G$253 -> 0.10344828 | D113: ='集計_障がい別'!$H$253 -> 0.5 | E113: ='集計_障がい別'!$I$253 -> 0.33333333
B114: 重度訪問介護 | C114: ='集計_障がい別'!$G$254 -> 0.20689655 | D114: ='集計_障がい別'!$H$254 -> 0.5 | E114: ='集計_障がい別'!$I$254 -> 0.33333333
B115: 同行援護・行動援護 | C115: ='集計_障がい別'!$G$255 -> 0.20689655 | D115: ='集計_障がい別'!$H$255 -> 0.5 | E115: ='集計_障がい別'!$I$255 -> 0.33333333
B116: 生活介護 | C116: ='集計_障がい別'!$G$256 -> 0.13793103 | D116: ='集計_障がい別'!$H$256 -> 0 | E116: ='集計_障がい別'!$I$256 -> 0.33333333
B117: 自立訓練 | C117: ='集計_障がい別'!$G$257 -> 0.13793103 | D117: ='集計_障がい別'!$H$257 -> 0.5 | E117: ='集計_障がい別'!$I$257 -> 0.33333333
B118: 就労移行支援 | C118: ='集計_障がい別'!$G$258 -> 0.13793103 | D118: ='集計_障がい別'!$H$258 -> 0.5 | E118: ='集計_障がい別'!$I$258 -> 0.5
B119: 就労継続支援A型 | C119: ='集計_障がい別'!$G$259 -> 0.17241379 | D119: ='集計_障がい別'!$H$259 -> 0.5 | E119: ='集計_障がい別'!$I$259 -> 0.33333333
B120: 就労継続支援B型 | C120: ='集計_障がい別'!$G$260 -> 0.17241379 | D120: ='集計_障がい別'!$H$260 -> 0.5 | E120: ='集計_障がい別'!$I$260 -> 0.33333333
B121: 就労選択支援 | C121: ='集計_障がい別'!$G$261 -> 0.17241379 | D121: ='集計_障がい別'!$H$261 -> 0.5 | E121: ='集計_障がい別'!$I$261 -> 0.5
...

Sheet 3章_6日中・権利
B2: 図3-58 現在の日中の過ごし方（問31）
B3: ="n="&'集計_障がい者'!$F$320&"（単一回答）" -> n=40（単一回答）
B4: 選択肢 | C4: 件数 | D4: 割合
B5: 一般企業等で働いている | C5: ='集計_障がい者'!$D$320 -> 3 | D5: ='集計_障がい者'!$E$320 -> 0.075
B6: 自営業・農業等をしている | C6: ='集計_障がい者'!$D$321 -> 4 | D6: ='集計_障がい者'!$E$321 -> 0.1
B7: 就労継続支援A型を利用 | C7: ='集計_障がい者'!$D$322 -> 0 | D7: ='集計_障がい者'!$E$322 -> 0
B8: 就労継続支援B型を利用 | C8: ='集計_障がい者'!$D$323 -> 2 | D8: ='集計_障がい者'!$E$323 -> 0.05
B9: 生活介護を利用 | C9: ='集計_障がい者'!$D$324 -> 2 | D9: ='集計_障がい者'!$E$324 -> 0.05
B10: 学校に通っている | C10: ='集計_障がい者'!$D$325 -> 0 | D10: ='集計_障がい者'!$E$325 -> 0
B11: 自宅で過ごすことが多い | C11: ='集計_障がい者'!$D$326 -> 15 | D11: ='集計_障がい者'!$E$326 -> 0.375
B12: 入院・入所中 | C12: ='集計_障がい者'!$D$327 -> 5 | D12: ='集計_障がい者'!$E$327 -> 0.125
B13: その他 | C13: ='集計_障がい者'!$D$328 -> 5 | D13: ='集計_障がい者'!$E$328 -> 0.125
B14: 無回答 | C14: ='集計_障がい者'!$D$329 -> 4 | D14: ='集計_障がい者'!$E$329 -> 0.1
B18: 図3-59 現在の日中の過ごし方【障がい別】（問31）
B20: 区分 | C20: 一般企業等で働いている | D20: 自営業・農業等をしている | E20: 就労継続支援A型を利用 | F20: 就労継続支援B型を利用 | G20: 生活介護を利用 | H20: 学校に通っている | I20: 自宅で過ごすことが多い | J20: 入院・入所中 | K20: その他 | L20: 無回答
B21: 全体 | C21: ='集計_障がい者'!$E$320 -> 0.075 | D21: ='集計_障がい者'!$E$321 -> 0.1 | E21: ='集計_障がい者'!$E$322 -> 0 | F21: ='集計_障がい者'!$E$323 -> 0.05 | G21: ='集計_障がい者'!$E$324 -> 0.05 | H21: ='集計_障がい者'!$E$325 -> 0 | I21: ='集計_障がい者'!$E$326 -> 0.375 | J21: ='集計_障がい者'!$E$327 -> 0.125 | K21: ='集計_障がい者'!$E$328 -> 0.125 | L21: ='集計_障がい者'!$E$329 -> 0.1
B22: 身体障がい（n=29） | C22: ='集計_障がい別'!$G$321 -> 0.068965517 | D22: ='集計_障がい別'!$G$322 -> 0.10344828 | E22: ='集計_障がい別'!$G$323 -> 0 | F22: ='集計_障がい別'!$G$324 -> 0.034482759 | G22: ='集計_障がい別'!$G$325 -> 0.034482759 | H22: ='集計_障がい別'!$G$326 -> 0 | I22: ='集計_障がい別'!$G$327 -> 0.34482759 | J22: ='集計_障がい別'!$G$328 -> 0.13793103 | K22: ='集計_障がい別'!$G$329 -> 0.13793103 | L22: ='集計_障がい別'!$G$330 -> 0.13793103
B23: 知的障がい（n=2） | C23: ='集計_障がい別'!$H$321 -> 0 | D23: ='集計_障がい別'!$H$322 -> 0 | E23: ='集計_障がい別'!$H$323 -> 0 | F23: ='集計_障がい別'!$H$324 -> 0 | G23: ='集計_障がい別'!$H$325 -> 0.5 | H23: ='集計_障がい別'!$H$326 -> 0 | I23: ='集計_障がい別'!$H$327 -> 0 | J23: ='集計_障がい別'!$H$328 -> 0.5 | K23: ='集計_障がい別'!$H$329 -> 0 | L23: ='集計_障がい別'!$H$330 -> 0
B24: 精神障がい（n=6） | C24: ='集計_障がい別'!$I$321 -> 0 | D24: ='集計_障がい別'!$I$322 -> 0 | E24: ='集計_障がい別'!$I$323 -> 0 | F24: ='集計_障がい別'!$I$324 -> 0.16666667 | G24: ='集計_障がい別'!$I$325 -> 0 | H24: ='集計_障がい別'!$I$326 -> 0 | I24: ='集計_障がい別'!$I$327 -> 0.5 | J24: ='集計_障がい別'!$I$328 -> 0.16666667 | K24: ='集計_障がい別'!$I$329 -> 0.16666667 | L24: ='集計_障がい別'!$I$330 -> 0
B31: 図3-60 今後希望する日中活動・働き方（問32）
B32: ="n="&'集計_障がい者'!$F$330&"（単一回答）" -> n=40（単一回答）
B33: 選択肢 | C33: 件数 | D33: 割合
B34: 一般企業等で働きたい | C34: ='集計_障がい者'!$D$330 -> 1 | D34: ='集計_障がい者'!$E$330 -> 0.025
B35: 短時間・体調に合わせて働きたい | C35: ='集計_障がい者'!$D$331 -> 3 | D35: ='集計_障がい者'!$E$331 -> 0.075
B36: 就労継続支援A型を利用したい | C36: ='集計_障がい者'!$D$332 -> 0 | D36: ='集計_障がい者'!$E$332 -> 0
B37: 就労継続支援B型を利用したい | C37: ='集計_障がい者'!$D$333 -> 1 | D37: ='集計_障がい者'!$E$333 -> 0.025
B38: 生活介護を利用したい | C38: ='集計_障がい者'!$D$334 -> 2 | D38: ='集計_障がい者'!$E$334 -> 0.05
B39: 訓練を受けたい | C39: ='集計_障がい者'!$D$335 -> 0 | D39: ='集計_障がい者'!$E$335 -> 0
B40: 今のままでよい | C40: ='集計_障がい者'!$D$336 -> 22 | D40: ='集計_障がい者'!$E$336 -> 0.55
B41: まだわからない | C41: ='集計_障がい者'!$D$337 -> 3 | D41: ='集計_障がい者'!$E$337 -> 0.075
B42: その他 | C42: ='集計_障がい者'!$D$338 -> 2 | D42: ='集計_障がい者'!$E$338 -> 0.05
B43: 無回答 | C43: ='集計_障がい者'!$D$339 -> 6 | D43: ='集計_障がい者'!$E$339 -> 0.15
B47: 図3-61 今後希望する日中活動・働き方【障がい別】（問32）
B49: 区分 | C49: 一般企業等で働きたい | D49: 短時間・体調に合わせて働きたい | E49: 就労継続支援A型を利用したい | F49: 就労継続支援B型を利用したい | G49: 生活介護を利用したい | H49: 訓練を受けたい | I49: 今のままでよい | J49: まだわからない | K49: その他 | L49: 無回答
B50: 全体 | C50: ='集計_障がい者'!$E$330 -> 0.025 | D50: ='集計_障がい者'!$E$331 -> 0.075 | E50: ='集計_障がい者'!$E$332 -> 0 | F50: ='集計_障がい者'!$E$333 -> 0.025 | G50: ='集計_障がい者'!$E$334 -> 0.05 | H50: ='集計_障がい者'!$E$335 -> 0 | I50: ='集計_障がい者'!$E$336 -> 0.55 | J50: ='集計_障がい者'!$E$337 -> 0.075 | K50: ='集計_障がい者'!$E$338 -> 0.05 | L50: ='集計_障がい者'!$E$339 -> 0.15
B51: 身体障がい（n=29） | C51: ='集計_障がい別'!$G$331 -> 0.034482759 | D51: ='集計_障がい別'!$G$332 -> 0.034482759 | E51: ='集計_障がい別'!$G$333 -> 0 | F51: ='集計_障がい別'!$G$334 -> 0.034482759 | G51: ='集計_障がい別'!$G$335 -> 0.034482759 | H51: ='集計_障がい別'!$G$336 -> 0 | I51: ='集計_障がい別'!$G$337 -> 0.55172414 | J51: ='集計_障がい別'!$G$338 -> 0.068965517 | K51: ='集計_障がい別'!$G$339 -> 0.034482759 | L51: ='集計_障がい別'!$G$340 -> 0.20689655
B52: 知的障がい（n=2） | C52: ='集計_障がい別'!$H$331 -> 0 | D52: ='集計_障がい別'!$H$332 -> 0 | E52: ='集計_障がい別'!$H$333 -> 0 | F52: ='集計_障がい別'!$H$334 -> 0 | G52: ='集計_障がい別'!$H$335 -> 0 | H52: ='集計_障がい別'!$H$336 -> 0 | I52: ='集計_障がい別'!$H$337 -> 1 | J52: ='集計_障がい別'!$H$338 -> 0 | K52: ='集計_障がい別'!$H$339 -> 0 | L52: ='集計_障がい別'!$H$340 -> 0
B53: 精神障がい（n=6） | C53: ='集計_障がい別'!$I$331 -> 0 | D53: ='集計_障がい別'!$I$332 -> 0.33333333 | E53: ='集計_障がい別'!$I$333 -> 0 | F53: ='集計_障がい別'!$I$334 -> 0 | G53: ='集計_障がい別'!$I$335 -> 0 | H53: ='集計_障がい別'!$I$336 -> 0 | I53: ='集計_障がい別'!$I$337 -> 0.5 | J53: ='集計_障がい別'!$I$338 -> 0 | K53: ='集計_障がい別'!$I$339 -> 0.16666667 | L53: ='集計_障がい別'!$I$340 -> 0
B60: 図3-62 働くため・日中活動を続けるために必要な支援（問33）
B61: ="n="&'集計_障がい者'!$F$344&"（複数回答）" -> n=40（複数回答）
B62: 選択肢 | C62: 件数 | D62: 割合
B63: 職場の障がい理解 | C63: ='集計_障がい者'!$D$344 -> 8 | D63: ='集計_障がい者'!$E$344 -> 0.2
B64: 通勤・通所の支援 | C64: ='集計_障がい者'!$D$342 -> 6 | D64: ='集計_障がい者'!$E$342 -> 0.15
B65: 体調に合わせた勤務 | C65: ='集計_障がい者'!$D$343 -> 6 | D65: ='集計_障がい者'!$E$343 -> 0.15
B66: 職場・作業内容の体験 | C66: ='集計_障がい者'!$D$340 -> 4 | D66: ='集計_障がい者'!$E$340 -> 0.1
B67: 就労に向けた相談 | C67: ='集計_障がい者'!$D$341 -> 4 | D67: ='集計_障がい者'!$E$341 -> 0.1
B68: 生活リズムの支援 | C68: ='集計_障がい者'!$D$346 -> 4 | D68: ='集計_障がい者'!$E$346 -> 0.1
B69: 仕事後の相談・定着支援 | C69: ='集計_障がい者'!$D$345 -> 3 | D69: ='集計_障がい者'!$E$345 -> 0.075
B70: 家族への説明 | C70: ='集計_障がい者'!$D$347 -> 0 | D70: ='集計_障がい者'!$E$347 -> 0
B71: 特にない | C71: ='集計_障がい者'!$D$348 -> 19 | D71: ='集計_障がい者'!$E$348 -> 0.475
B72: その他 | C72: ='集計_障がい者'!$D$349 -> 0 | D72: ='集計_障がい者'!$E$349 -> 0
B73: 無回答 | C73: ='集計_障がい者'!$D$350 -> 8 | D73: ='集計_障がい者'!$E$350 -> 0.2
B77: 図3-63 働くため・日中活動を続けるために必要な支援【障がい別】（問33）
B79: 選択肢 | C79: 身体障がい（n=29） | D79: 知的障がい（n=2） | E79: 精神障がい（n=6）
B80: 職場の障がい理解 | C80: ='集計_障がい別'!$G$345 -> 0.13793103 | D80: ='集計_障がい別'!$H$345 -> 0.5 | E80: ='集計_障がい別'!$I$345 -> 0.5
B81: 通勤・通所の支援 | C81: ='集計_障がい別'!$G$343 -> 0.068965517 | D81: ='集計_障がい別'!$H$343 -> 0.5 | E81: ='集計_障がい別'!$I$343 -> 0.33333333
B82: 体調に合わせた勤務 | C82: ='集計_障がい別'!$G$344 -> 0.068965517 | D82: ='集計_障がい別'!$H$344 -> 0.5 | E82: ='集計_障がい別'!$I$344 -> 0.66666667
B83: 職場・作業内容の体験 | C83: ='集計_障がい別'!$G$341 -> 0.034482759 | D83: ='集計_障がい別'!$H$341 -> 0.5 | E83: ='集計_障がい別'!$I$341 -> 0.33333333
B84: 就労に向けた相談 | C84: ='集計_障がい別'!$G$342 -> 0.068965517 | D84: ='集計_障がい別'!$H$342 -> 0.5 | E84: ='集計_障がい別'!$I$342 -> 0.33333333
B85: 生活リズムの支援 | C85: ='集計_障がい別'!$G$347 -> 0.034482759 | D85: ='集計_障がい別'!$H$347 -> 0.5 | E85: ='集計_障がい別'!$I$347 -> 0.33333333
B86: 仕事後の相談・定着支援 | C86: ='集計_障がい別'!$G$346 -> 0.034482759 | D86: ='集計_障がい別'!$H$346 -> 0.5 | E86: ='集計_障がい別'!$I$346 -> 0.16666667
B87: 特にない | C87: ='集計_障がい別'!$G$349 -> 0.55172414 | D87: ='集計_障がい別'!$H$349 -> 0 | E87: ='集計_障がい別'!$I$349 -> 0.16666667
B88: 無回答 | C88: ='集計_障がい別'!$G$351 -> 0.24137931 | D88: ='集計_障がい別'!$H$351 -> 0 | E88: ='集計_障がい別'!$I$351 -> 0
B89: ※いずれの区分にも回答のなかった選択肢は省略しています。
B108: 図3-64 差別や偏見、不利益を感じた経験（問34）
B109: ="n="&'集計_障がい者'!$F$351&"（単一回答）" -> n=40（単一回答）
B110: 選択肢 | C110: 件数 | D110: 割合
B111: 週に１回程度 | C111: ='集計_障がい者'!$D$351 -> 3 | D111: ='集計_障がい者'!$E$351 -> 0.075
B112: 月に１回程度 | C112: ='集計_障がい者'!$D$352 -> 3 | D112: ='集計_障がい者'!$E$352 -> 0.075
B113: 年に１回程度 | C113: ='集計_障がい者'!$D$353 -> 3 | D113: ='集計_障がい者'!$E$353 -> 0.075
B114: ない | C114: ='集計_障がい者'!$D$354 -> 13 | D114: ='集計_障がい者'!$E$354 -> 0.325
B115: わからない | C115: ='集計_障がい者'!$D$355 -> 11 | D115: ='集計_障がい者'!$E$355 -> 0.275
B116: 無回答 | C116: ='集計_障がい者'!$D$356 -> 7 | D116: ='集計_障がい者'!$E$356 -> 0.175
B119: 図3-65 差別や偏見、不利益を感じた経験【障がい別】（問34）
B121: 区分 | C121: 週に１回程度 | D121: 月に１回程度 | E121: 年に１回程度 | F121: ない | G121: わからない | H121: 無回答
B122: 全体 | C122: ='集計_障がい者'!$E$351 -> 0.075 | D122: ='集計_障がい者'!$E$352 -> 0.075 | E122: ='集計_障がい者'!$E$353 -> 0.075 | F122: ='集計_障がい者'!$E$354 -> 0.325 | G122: ='集計_障がい者'!$E$355 -> 0.275 | H122: ='集計_障がい者'!$E$356 -> 0.175
B123: 身体障がい（n=29） | C123: ='集計_障がい別'!$G$352 -> 0.068965517 | D123: ='集計_障がい別'!$G$353 -> 0.034482759 | E123: ='集計_障がい別'!$G$354 -> 0.068965517 | F123: ='集計_障がい別'!$G$355 -> 0.34482759 | G123: ='集計_障がい別'!$G$356 -> 0.24137931 | H123: ='集計_障がい別'!$G$357 -> 0.24137931
B124: 知的障がい（n=2） | C124: ='集計_障がい別'!$H$352 -> 0 | D124: ='集計_障がい別'!$H$353 -> 0 | E124: ='集計_障がい別'!$H$354 -> 0 | F124: ='集計_障がい別'!$H$355 -> 0 | G124: ='集計_障がい別'!$H$356 -> 1 | H124: ='集計_障がい別'!$H$357 -> 0
B125: 精神障がい（n=6） | C125: ='集計_障がい別'!$I$352 -> 0.16666667 | D125: ='集計_障がい別'!$I$353 -> 0.33333333 | E125: ='集計_障がい別'!$I$354 -> 0 | F125: ='集計_障がい別'!$I$355 -> 0.16666667 | G125: ='集計_障がい別'!$I$356 -> 0.33333333 | H125: ='集計_障がい別'!$I$357 -> 0
B133: 図3-66 差別や偏見、不利益を感じた場面（問35）
B134: ="n="&'集計_障がい者'!$F$358&"（複数回答）" -> n=40（複数回答）
B135: 選択肢 | C135: 件数 | D135: 割合
B136: アルバイト先・職場 | C136: ='集計_障がい者'!$D$358 -> 4 | D136: ='集計_障がい者'!$E$358 -> 0.1
B137: 地域活動・行事 | C137: ='集計_障がい者'!$D$362 -> 3 | D137: ='集計_障がい者'!$E$362 -> 0.075
B138: 公共交通機関・飲食店・買い物等 | C138: ='集計_障がい者'!$D$363 -> 3 | D138: ='集計_障がい者'!$E$363 -> 0.075
B139: 医療機関 | C139: ='集計_障がい者'!$D$359 -> 2 | D139: ='集計_障がい者'!$E$359 -> 0.05
B140: 趣味・余暇活動 | C140: ='集計_障がい者'!$D$364 -> 2 | D140: ='集計_障がい者'!$E$364 -> 0.05
B141: 学校等 | C141: ='集計_障がい者'!$D$357 -> 0 | D141: ='集計_障がい者'!$E$357 -> 0
B142: 福祉サービス事業所 | C142: ='集計_障がい者'!$D$360 -> 0 | D142: ='集計_障がい者'!$E$360 -> 0
B143: 役場・公共施設 | C143: ='集計_障がい者'!$D$361 -> 0 | D143: ='集計_障がい者'!$E$361 -> 0
B144: インターネット・SNS・AI | C144: ='集計_障がい者'!$D$365 -> 0 | D144: ='集計_障がい者'!$E$365 -> 0
B145: 特にない | C145: ='集計_障がい者'!$D$366 -> 20 | D145: ='集計_障がい者'!$E$366 -> 0.5
B146: その他 | C146: ='集計_障がい者'!$D$367 -> 3 | D146: ='集計_障がい者'!$E$367 -> 0.075
B147: 無回答 | C147: ='集計_障がい者'!$D$368 -> 8 | D147: ='集計_障がい者'!$E$368 -> 0.2
B151: 図3-67 差別や偏見、不利益を感じた場面【障がい別】（問35）
B153: 選択肢 | C153: 身体障がい（n=29） | D153: 知的障がい（n=2） | E153: 精神障がい（n=6）
B154: アルバイト先・職場 | C154: ='集計_障がい別'!$G$359 -> 0.034482759 | D154: ='集計_障がい別'!$H$359 -> 0 | E154: ='集計_障がい別'!$I$359 -> 0.33333333
B155: 地域活動・行事 | C155: ='集計_障がい別'!$G$363 -> 0.068965517 | D155: ='集計_障がい別'!$H$363 -> 0 | E155: ='集計_障がい別'!$I$363 -> 0.16666667
B156: 公共交通機関・飲食店・買い物等 | C156: ='集計_障がい別'!$G$364 -> 0.068965517 | D156: ='集計_障がい別'!$H$364 -> 0 | E156: ='集計_障がい別'!$I$364 -> 0
B157: 医療機関 | C157: ='集計_障がい別'!$G$360 -> 0.068965517 | D157: ='集計_障がい別'!$H$360 -> 0 | E157: ='集計_障がい別'!$I$360 -> 0
...

Sheet 3章_7災害・施策
B2: 図3-72 災害時に不安なこと（問38）
B3: ="n="&'集計_障がい者'!$F$386&"（複数回答）" -> n=40（複数回答）
B4: 選択肢 | C4: 件数 | D4: 割合
B5: 避難先での生活 | C5: ='集計_障がい者'!$D$386 -> 25 | D5: ='集計_障がい者'!$E$386 -> 0.625
B6: 薬・医療機器 | C6: ='集計_障がい者'!$D$387 -> 18 | D6: ='集計_障がい者'!$E$387 -> 0.45
B7: 冬季・積雪時の避難 | C7: ='集計_障がい者'!$D$391 -> 17 | D7: ='集計_障がい者'!$E$391 -> 0.425
B8: 避難する方法 | C8: ='集計_障がい者'!$D$385 -> 15 | D8: ='集計_障がい者'!$E$385 -> 0.375
B9: 電源の確保 | C9: ='集計_障がい者'!$D$388 -> 6 | D9: ='集計_障がい者'!$E$388 -> 0.15
B10: 情報が届かないこと | C10: ='集計_障がい者'!$D$390 -> 5 | D10: ='集計_障がい者'!$E$390 -> 0.125
B11: 介助者がいないこと | C11: ='集計_障がい者'!$D$389 -> 3 | D11: ='集計_障がい者'!$E$389 -> 0.075
B12: ペット・補助犬等 | C12: ='集計_障がい者'!$D$392 -> 0 | D12: ='集計_障がい者'!$E$392 -> 0
B13: 特に不安はない | C13: ='集計_障がい者'!$D$393 -> 3 | D13: ='集計_障がい者'!$E$393 -> 0.075
B14: その他 | C14: ='集計_障がい者'!$D$394 -> 0 | D14: ='集計_障がい者'!$E$394 -> 0
B15: 無回答 | C15: ='集計_障がい者'!$D$395 -> 4 | D15: ='集計_障がい者'!$E$395 -> 0.1
B19: 図3-73 災害時に不安なこと【障がい別】（問38）
B21: 選択肢 | C21: 身体障がい（n=29） | D21: 知的障がい（n=2） | E21: 精神障がい（n=6）
B22: 避難先での生活 | C22: ='集計_障がい別'!$G$387 -> 0.55172414 | D22: ='集計_障がい別'!$H$387 -> 1 | E22: ='集計_障がい別'!$I$387 -> 1
B23: 薬・医療機器 | C23: ='集計_障がい別'!$G$388 -> 0.37931034 | D23: ='集計_障がい別'!$H$388 -> 1 | E23: ='集計_障がい別'!$I$388 -> 0.5
B24: 冬季・積雪時の避難 | C24: ='集計_障がい別'!$G$392 -> 0.34482759 | D24: ='集計_障がい別'!$H$392 -> 0.5 | E24: ='集計_障がい別'!$I$392 -> 0.66666667
B25: 避難する方法 | C25: ='集計_障がい別'!$G$386 -> 0.31034483 | D25: ='集計_障がい別'!$H$386 -> 0.5 | E25: ='集計_障がい別'!$I$386 -> 0.33333333
B26: 電源の確保 | C26: ='集計_障がい別'!$G$389 -> 0.17241379 | D26: ='集計_障がい別'!$H$389 -> 0.5 | E26: ='集計_障がい別'!$I$389 -> 0
B27: 情報が届かないこと | C27: ='集計_障がい別'!$G$391 -> 0.17241379 | D27: ='集計_障がい別'!$H$391 -> 0 | E27: ='集計_障がい別'!$I$391 -> 0
B28: 介助者がいないこと | C28: ='集計_障がい別'!$G$390 -> 0.068965517 | D28: ='集計_障がい別'!$H$390 -> 0.5 | E28: ='集計_障がい別'!$I$390 -> 0
B29: 特に不安はない | C29: ='集計_障がい別'!$G$394 -> 0.10344828 | D29: ='集計_障がい別'!$H$394 -> 0 | E29: ='集計_障がい別'!$I$394 -> 0
B30: 無回答 | C30: ='集計_障がい別'!$G$396 -> 0.13793103 | D30: ='集計_障がい別'!$H$396 -> 0 | E30: ='集計_障がい別'!$I$396 -> 0
B31: ※いずれの区分にも回答のなかった選択肢は省略しています。
B50: 図3-74 避難行動要支援者名簿・個別避難計画の認知（問39）
B51: ="n="&'集計_障がい者'!$F$396&"（単一回答）" -> n=40（単一回答）
B52: 選択肢 | C52: 件数 | D52: 割合
B53: 制度を知っており作成したい | C53: ='集計_障がい者'!$D$396 -> 2 | D53: ='集計_障がい者'!$E$396 -> 0.05
B54: 名前だけ聞いたことがある | C54: ='集計_障がい者'!$D$397 -> 5 | D54: ='集計_障がい者'!$E$397 -> 0.125
B55: 知らない | C55: ='集計_障がい者'!$D$398 -> 28 | D55: ='集計_障がい者'!$E$398 -> 0.7
B56: 必要ない | C56: ='集計_障がい者'!$D$399 -> 1 | D56: ='集計_障がい者'!$E$399 -> 0.025
B57: 無回答 | C57: ='集計_障がい者'!$D$400 -> 4 | D57: ='集計_障がい者'!$E$400 -> 0.1
B61: 図3-75 避難行動要支援者名簿・個別避難計画の認知【障がい別】（問39）
B63: 区分 | C63: 制度を知っており作成したい | D63: 名前だけ聞いたことがある | E63: 知らない | F63: 必要ない | G63: 無回答
B64: 全体 | C64: ='集計_障がい者'!$E$396 -> 0.05 | D64: ='集計_障がい者'!$E$397 -> 0.125 | E64: ='集計_障がい者'!$E$398 -> 0.7 | F64: ='集計_障がい者'!$E$399 -> 0.025 | G64: ='集計_障がい者'!$E$400 -> 0.1
B65: 身体障がい（n=29） | C65: ='集計_障がい別'!$G$397 -> 0.068965517 | D65: ='集計_障がい別'!$G$398 -> 0.17241379 | E65: ='集計_障がい別'!$G$399 -> 0.62068966 | F65: ='集計_障がい別'!$G$400 -> 0.034482759 | G65: ='集計_障がい別'!$G$401 -> 0.10344828
B66: 知的障がい（n=2） | C66: ='集計_障がい別'!$H$397 -> 0 | D66: ='集計_障がい別'!$H$398 -> 0 | E66: ='集計_障がい別'!$H$399 -> 1 | F66: ='集計_障がい別'!$H$400 -> 0 | G66: ='集計_障がい別'!$H$401 -> 0
B67: 精神障がい（n=6） | C67: ='集計_障がい別'!$I$397 -> 0 | D67: ='集計_障がい別'!$I$398 -> 0 | E67: ='集計_障がい別'!$I$399 -> 1 | F67: ='集計_障がい別'!$I$400 -> 0 | G67: ='集計_障がい別'!$I$401 -> 0
B74: 図3-76 災害時に支援してくれる人や機関（問40）
B75: ="n="&'集計_障がい者'!$F$401&"（複数回答）" -> n=40（複数回答）
B76: 選択肢 | C76: 件数 | D76: 割合
B77: 同居家族 | C77: ='集計_障がい者'!$D$401 -> 25 | D77: ='集計_障がい者'!$E$401 -> 0.625
B78: 別居家族・親族 | C78: ='集計_障がい者'!$D$402 -> 10 | D78: ='集計_障がい者'!$E$402 -> 0.25
B79: 近所の人 | C79: ='集計_障がい者'!$D$403 -> 7 | D79: ='集計_障がい者'!$E$403 -> 0.175
B80: 福祉サービス事業所 | C80: ='集計_障がい者'!$D$405 -> 6 | D80: ='集計_障がい者'!$E$405 -> 0.15
B81: 民生委員・児童委員 | C81: ='集計_障がい者'!$D$404 -> 4 | D81: ='集計_障がい者'!$E$404 -> 0.1
B82: 医療機関 | C82: ='集計_障がい者'!$D$406 -> 4 | D82: ='集計_障がい者'!$E$406 -> 0.1
B83: 消防・警察 | C83: ='集計_障がい者'!$D$407 -> 4 | D83: ='集計_障がい者'!$E$407 -> 0.1
B84: いない・わからない | C84: ='集計_障がい者'!$D$408 -> 1 | D84: ='集計_障がい者'!$E$408 -> 0.025
B85: その他 | C85: ='集計_障がい者'!$D$409 -> 1 | D85: ='集計_障がい者'!$E$409 -> 0.025
B86: 無回答 | C86: ='集計_障がい者'!$D$410 -> 3 | D86: ='集計_障がい者'!$E$410 -> 0.075
B90: 図3-77 災害時に支援してくれる人や機関【障がい別】（問40）
B92: 選択肢 | C92: 身体障がい（n=29） | D92: 知的障がい（n=2） | E92: 精神障がい（n=6）
B93: 同居家族 | C93: ='集計_障がい別'!$G$402 -> 0.65517241 | D93: ='集計_障がい別'!$H$402 -> 0 | E93: ='集計_障がい別'!$I$402 -> 0.66666667
B94: 別居家族・親族 | C94: ='集計_障がい別'!$G$403 -> 0.31034483 | D94: ='集計_障がい別'!$H$403 -> 0 | E94: ='集計_障がい別'!$I$403 -> 0
B95: 近所の人 | C95: ='集計_障がい別'!$G$404 -> 0.13793103 | D95: ='集計_障がい別'!$H$404 -> 0 | E95: ='集計_障がい別'!$I$404 -> 0.33333333
B96: 福祉サービス事業所 | C96: ='集計_障がい別'!$G$406 -> 0.10344828 | D96: ='集計_障がい別'!$H$406 -> 1 | E96: ='集計_障がい別'!$I$406 -> 0.33333333
B97: 民生委員・児童委員 | C97: ='集計_障がい別'!$G$405 -> 0.034482759 | D97: ='集計_障がい別'!$H$405 -> 0 | E97: ='集計_障がい別'!$I$405 -> 0
B98: 医療機関 | C98: ='集計_障がい別'!$G$407 -> 0.068965517 | D98: ='集計_障がい別'!$H$407 -> 0 | E98: ='集計_障がい別'!$I$407 -> 0.16666667
B99: 消防・警察 | C99: ='集計_障がい別'!$G$408 -> 0.034482759 | D99: ='集計_障がい別'!$H$408 -> 0 | E99: ='集計_障がい別'!$I$408 -> 0.33333333
B100: その他 | C100: ='集計_障がい別'!$G$410 -> 0.034482759 | D100: ='集計_障がい別'!$H$410 -> 0 | E100: ='集計_障がい別'!$I$410 -> 0
B101: 無回答 | C101: ='集計_障がい別'!$G$411 -> 0.10344828 | D101: ='集計_障がい別'!$H$411 -> 0 | E101: ='集計_障がい別'!$I$411 -> 0
B102: ※いずれの区分にも回答のなかった選択肢は省略しています。
B121: 図3-78 災害時に必要だと思う支援（問41）
B122: ="n="&'集計_障がい者'!$F$414&"（複数回答）" -> n=40（複数回答）
B123: 選択肢 | C123: 件数 | D123: 割合
B124: 薬・医療機器・電源の確保 | C124: ='集計_障がい者'!$D$414 -> 21 | D124: ='集計_障がい者'!$E$414 -> 0.525
B125: 福祉避難所の情報提供 | C125: ='集計_障がい者'!$D$413 -> 13 | D125: ='集計_障がい者'!$E$413 -> 0.325
B126: 安否確認 | C126: ='集計_障がい者'!$D$416 -> 13 | D126: ='集計_障がい者'!$E$416 -> 0.325
B127: 冬季避難の支援 | C127: ='集計_障がい者'!$D$415 -> 12 | D127: ='集計_障がい者'!$E$415 -> 0.3
B128: 避難所での合理的配慮 | C128: ='集計_障がい者'!$D$417 -> 12 | D128: ='集計_障がい者'!$E$417 -> 0.3
B129: 文字・掲示・字幕等の目で見てわかる災害情報 | C129: ='集計_障がい者'!$D$418 -> 12 | D129: ='集計_障がい者'!$E$418 -> 0.3
B130: 個別避難計画の作成支援 | C130: ='集計_障がい者'!$D$411 -> 6 | D130: ='集計_障がい者'!$E$411 -> 0.15
B131: 避難訓練への参加支援 | C131: ='集計_障がい者'!$D$412 -> 5 | D131: ='集計_障がい者'!$E$412 -> 0.125
B132: その他 | C132: ='集計_障がい者'!$D$419 -> 1 | D132: ='集計_障がい者'!$E$419 -> 0.025
B133: 無回答 | C133: ='集計_障がい者'!$D$420 -> 6 | D133: ='集計_障がい者'!$E$420 -> 0.15
B138: 図3-79 災害時に必要だと思う支援【障がい別】（問41）
B140: 選択肢 | C140: 身体障がい（n=29） | D140: 知的障がい（n=2） | E140: 精神障がい（n=6）
B141: 薬・医療機器・電源の確保 | C141: ='集計_障がい別'!$G$415 -> 0.55172414 | D141: ='集計_障がい別'!$H$415 -> 0.5 | E141: ='集計_障がい別'!$I$415 -> 0.5
B142: 福祉避難所の情報提供 | C142: ='集計_障がい別'!$G$414 -> 0.34482759 | D142: ='集計_障がい別'!$H$414 -> 0.5 | E142: ='集計_障がい別'!$I$414 -> 0.33333333
B143: 安否確認 | C143: ='集計_障がい別'!$G$417 -> 0.31034483 | D143: ='集計_障がい別'!$H$417 -> 0 | E143: ='集計_障がい別'!$I$417 -> 0.5
B144: 冬季避難の支援 | C144: ='集計_障がい別'!$G$416 -> 0.27586207 | D144: ='集計_障がい別'!$H$416 -> 0 | E144: ='集計_障がい別'!$I$416 -> 0.66666667
B145: 避難所での合理的配慮 | C145: ='集計_障がい別'!$G$418 -> 0.20689655 | D145: ='集計_障がい別'!$H$418 -> 0 | E145: ='集計_障がい別'!$I$418 -> 0.83333333
B146: 文字・掲示・字幕等の目で見てわかる災害情報 | C146: ='集計_障がい別'!$G$419 -> 0.31034483 | D146: ='集計_障がい別'!$H$419 -> 0 | E146: ='集計_障がい別'!$I$419 -> 0.5
B147: 個別避難計画の作成支援 | C147: ='集計_障がい別'!$G$412 -> 0.10344828 | D147: ='集計_障がい別'!$H$412 -> 0 | E147: ='集計_障がい別'!$I$412 -> 0.5
B148: 避難訓練への参加支援 | C148: ='集計_障がい別'!$G$413 -> 0.10344828 | D148: ='集計_障がい別'!$H$413 -> 0 | E148: ='集計_障がい別'!$I$413 -> 0.16666667
B149: その他 | C149: ='集計_障がい別'!$G$420 -> 0.034482759 | D149: ='集計_障がい別'!$H$420 -> 0 | E149: ='集計_障がい別'!$I$420 -> 0
B150: 無回答 | C150: ='集計_障がい別'!$G$421 -> 0.13793103 | D150: ='集計_障がい別'!$H$421 -> 0 | E150: ='集計_障がい別'!$I$421 -> 0
B172: 図3-80 今後参加したい地域活動・社会参加（問42）
B173: ="n="&'集計_障がい者'!$F$421&"（複数回答）" -> n=40（複数回答）
B174: 選択肢 | C174: 件数 | D174: 割合
B175: 趣味・スポーツ | C175: ='集計_障がい者'!$D$421 -> 7 | D175: ='集計_障がい者'!$E$421 -> 0.175
B176: 地域行事 | C176: ='集計_障がい者'!$D$423 -> 7 | D176: ='集計_障がい者'!$E$423 -> 0.175
B177: ボランティア | C177: ='集計_障がい者'!$D$422 -> 3 | D177: ='集計_障がい者'!$E$422 -> 0.075
B178: 障がい者団体・家族会 | C178: ='集計_障がい者'!$D$424 -> 3 | D178: ='集計_障がい者'!$E$424 -> 0.075
B179: 就労・地域貢献 | C179: ='集計_障がい者'!$D$425 -> 3 | D179: ='集計_障がい者'!$E$425 -> 0.075
B180: 学習・講座 | C180: ='集計_障がい者'!$D$426 -> 3 | D180: ='集計_障がい者'!$E$426 -> 0.075
B181: オンラインでの交流 | C181: ='集計_障がい者'!$D$427 -> 0 | D181: ='集計_障がい者'!$E$427 -> 0
...

Sheet 4章_クロス集計
B2: 表4-1 クロス集計の分析テーマ
B3: No. | C3: 分析テーマ | H3: クロス軸（区分 × 集計項目）
B4: C01 | C4: 障がい種別ごとの今後のサービス利用ニーズ | H4: 問6 × 問27-3
B5: C02 | C5: 地区別の外出・交通上の課題 | H5: 問3 × 問14
B6: C03 | C6: 地区別のサービス利用阻害要因 | H6: 問3 × 問28
B7: C04 | C7: 現在の暮らしと将来希望のギャップ | H7: 問7 × 問11
B8: C05 | C8: 年齢別の日常生活上の困りごと | H8: 問2 × 問10
B9: C06 | C9: 現在の日中活動と希望する働き方・活動 | H9: 問31 × 問32
B10: C07 | C10: 個別避難計画の認知と災害時不安 | H10: 問39 × 問38
B11: C08 | C11: 障がい種別ごとに必要な合理的配慮 | H11: 問6 × 問36
B12: C09 | C12: 相談先別の相談支援への期待 | H12: 問22 × 問26
B13: C10 | C13: 主な介助者別の地域生活支援拠点への期待 | H13: 問9 × 問29
B15: 表4-2 障がい種別 × 今後3年間で利用したいサービス（問6×問27-3）
B16: 【件数】斜体のセルが入力値です
B17: 区分 | C17: 身体障がい | D17: 知的障がい | E17: 精神障がい | F17: 発達障がい | G17: わからない・その他
B18: 回答者数（n） | C18: 27 | D18: 2 | E18: 5 | F18: 3 | G18: 2
B19: 居宅介護（ホームヘルプ） | C19: 3 | D19: 0 | E19: 0 | F19: 0 | G19: 0
B20: 同行援護・行動援護 | C20: 1 | D20: 0 | E20: 0 | F20: 0 | G20: 0
B21: 生活介護 | C21: 0 | D21: 2 | E21: 1 | F21: 0 | G21: 0
B22: 自立訓練 | C22: 1 | D22: 0 | E22: 0 | F22: 0 | G22: 1
B23: 就労移行支援 | C23: 0 | D23: 0 | E23: 0 | F23: 1 | G23: 0
B24: 就労継続支援B型 | C24: 0 | D24: 0 | E24: 0 | F24: 0 | G24: 1
B25: 短期入所（ショートステイ） | C25: 3 | D25: 0 | E25: 0 | F25: 0 | G25: 1
B26: グループホーム | C26: 3 | D26: 0 | E26: 1 | F26: 0 | G26: 1
B27: 施設入所支援 | C27: 5 | D27: 2 | E27: 1 | F27: 0 | G27: 1
B28: 計画相談支援 | C28: 1 | D28: 1 | E28: 1 | F28: 0 | G28: 1
B29: 移動支援 | C29: 0 | D29: 0 | E29: 2 | F29: 0 | G29: 0
... B33: 無回答 | C33: 8 | D33: 0 | E33: 0 | F33: 1 | G33: 0
B35: 【割合】各区分の回答者数（n）に占める割合（計算式）
B36: 区分 | C36: 身体障がい | D36: 知的障がい | E36: 精神障がい | F36: 発達障がい | G36: わからない・その他
B37: 居宅介護（ホームヘルプ） | C37: =IF($C$18=0,0,$C$19/$C$18) -> 0.11111111 | D37: =IF($D$18=0,0,$D$19/$D$18) -> 0 | E37: =IF($E$18=0,0,$E$19/$E$18) -> 0 | F37: =IF($F$18=0,0,$F$19/$F$18) -> 0 | G37: =IF($G$18=0,0,$G$19/$G$18) -> 0
B38: 同行援護・行動援護 | C38: =IF($C$18=0,0,$C$20/$C$18) -> 0.037037037 | D38: =IF($D$18=0,0,$D$20/$D$18) -> 0 | E38: =IF($E$18=0,0,$E$20/$E$18) -> 0 | F38: =IF($F$18=0,0,$F$20/$F$18) -> 0 | G38: =IF($G$18=0,0,$G$20/$G$18) -> 0
B39: 生活介護 | C39: =IF($C$18=0,0,$C$21/$C$18) -> 0 | D39: =IF($D$18=0,0,$D$21/$D$18) -> 1 | E39: =IF($E$18=0,0,$E$21/$E$18) -> 0.2 | F39: =IF($F$18=0,0,$F$21/$F$18) -> 0 | G39: =IF($G$18=0,0,$G$21/$G$18) -> 0
B40: 自立訓練 | C40: =IF($C$18=0,0,$C$22/$C$18) -> 0.037037037 | D40: =IF($D$18=0,0,$D$22/$D$18) -> 0 | E40: =IF($E$18=0,0,$E$22/$E$18) -> 0 | F40: =IF($F$18=0,0,$F$22/$F$18) -> 0 | G40: =IF($G$18=0,0,$G$22/$G$18) -> 0.5
B41: 就労移行支援 | C41: =IF($C$18=0,0,$C$23/$C$18) -> 0 | D41: =IF($D$18=0,0,$D$23/$D$18) -> 0 | E41: =IF($E$18=0,0,$E$23/$E$18) -> 0 | F41: =IF($F$18=0,0,$F$23/$F$18) -> 0.33333333 | G41: =IF($G$18=0,0,$G$23/$G$18) -> 0
B42: 就労継続支援B型 | C42: =IF($C$18=0,0,$C$24/$C$18) -> 0 | D42: =IF($D$18=0,0,$D$24/$D$18) -> 0 | E42: =IF($E$18=0,0,$E$24/$E$18) -> 0 | F42: =IF($F$18=0,0,$F$24/$F$18) -> 0 | G42: =IF($G$18=0,0,$G$24/$G$18) -> 0.5
B43: 短期入所（ショートステイ） | C43: =IF($C$18=0,0,$C$25/$C$18) -> 0.11111111 | D43: =IF($D$18=0,0,$D$25/$D$18) -> 0 | E43: =IF($E$18=0,0,$E$25/$E$18) -> 0 | F43: =IF($F$18=0,0,$F$25/$F$18) -> 0 | G43: =IF($G$18=0,0,$G$25/$G$18) -> 0.5
B44: グループホーム | C44: =IF($C$18=0,0,$C$26/$C$18) -> 0.11111111 | D44: =IF($D$18=0,0,$D$26/$D$18) -> 0 | E44: =IF($E$18=0,0,$E$26/$E$18) -> 0.2 | F44: =IF($F$18=0,0,$F$26/$F$18) -> 0 | G44: =IF($G$18=0,0,$G$26/$G$18) -> 0.5
B45: 施設入所支援 | C45: =IF($C$18=0,0,$C$27/$C$18) -> 0.18518519 | D45: =IF($D$18=0,0,$D$27/$D$18) -> 1 | E45: =IF($E$18=0,0,$E$27/$E$18) -> 0.2 | F45: =IF($F$18=0,0,$F$27/$F$18) -> 0 | G45: =IF($G$18=0,0,$G$27/$G$18) -> 0.5
B46: 計画相談支援 | C46: =IF($C$18=0,0,$C$28/$C$18) -> 0.037037037 | D46: =IF($D$18=0,0,$D$28/$D$18) -> 0.5 | E46: =IF($E$18=0,0,$E$28/$E$18) -> 0.2 | F46: =IF($F$18=0,0,$F$28/$F$18) -> 0 | G46: =IF($G$18=0,0,$G$28/$G$18) -> 0.5
B47: 移動支援 | C47: =IF($C$18=0,0,$C$29/$C$18) -> 0 | D47: =IF($D$18=0,0,$D$29/$D$18) -> 0 | E47: =IF($E$18=0,0,$E$29/$E$18) -> 0.4 | F47: =IF($F$18=0,0,$F$29/$F$18) -> 0 | G47: =IF($G$18=0,0,$G$29/$G$18) -> 0
B48: 日中一時支援 | C48: =IF($C$18=0,0,$C$30/$C$18) -> 0.037037037 | D48: =IF($D$18=0,0,$D$30/$D$18) -> 0 | E48: =IF($E$18=0,0,$E$30/$E$18) -> 0 | F48: =IF($F$18=0,0,$F$30/$F$18) -> 0 | G48: =IF($G$18=0,0,$G$30/$G$18) -> 0
B49: 日常生活用具 | C49: =IF($C$18=0,0,$C$31/$C$18) -> 0.074074074 | D49: =IF($D$18=0,0,$D$31/$D$18) -> 0 | E49: =IF($E$18=0,0,$E$31/$E$18) -> 0 | F49: =IF($F$18=0,0,$F$31/$F$18) -> 0 | G49: =IF($G$18=0,0,$G$31/$G$18) -> 0
B50: 利用したいサービスは特にない | C50: =IF($C$18=0,0,$C$32/$C$18) -> 0.33333333 | D50: =IF($D$18=0,0,$D$32/$D$18) -> 0 | E50: =IF($E$18=0,0,$E$32/$E$18) -> 0.4 | F50: =IF($F$18=0,0,$F$32/$F$18) -> 0.33333333 | G50: =IF($G$18=0,0,$G$32/$G$18) -> 0
B51: 無回答 | C51: =IF($C$18=0,0,$C$33/$C$18) -> 0.2962963 | D51: =IF($D$18=0,0,$D$33/$D$18) -> 0 | E51: =IF($E$18=0,0,$E$33/$E$18) -> 0 | F51: =IF($F$18=0,0,$F$33/$F$18) -> 0.33333333 | G51: =IF($G$18=0,0,$G$33/$G$18) -> 0
B52: ※色が濃いほど割合が高く、太字は各区分で最も割合が高い項目です（条件付き書式）。回答者のいない障がい種別（難病、高次脳機能障がい、重症心身障がい）及び回答のなかったサービスは省略しています。
B54: 表4-3 地区 × 外出するときに困ること（問3×問14）
B55: 【件数】斜体のセルが入力値です
B56: 区分 | C56: 北山地区 | D56: 大塩地区 | E56: 桧原地区 | F56: 裏磐梯地区 | G56: その他
B57: 回答者数（n） | C57: 17 | D57: 8 | E57: 3 | F57: 11 | G57: 1
B58: 交通手段が少ない | C58: 2 | D58: 0 | E58: 1 | F58: 2 | G58: 1
B59: 家族等の付き添いが必要 | C59: 3 | D59: 1 | E59: 0 | F59: 4 | G59: 0
B60: 送迎がない | C60: 3 | D60: 1 | E60: 0 | F60: 1 | G60: 0
B61: 冬季・積雪時に外出しにくい | C61: 4 | D61: 2 | E61: 1 | F61: 6 | G61: 1
B62: 周囲の理解が不安 | C62: 1 | D62: 0 | E62: 0 | F62: 1 | G62: 0
B63: 体調面が不安 | C63: 5 | D63: 2 | E63: 0 | F63: 1 | G63: 0
B64: 費用がかかる | C64: 4 | D64: 0 | E64: 0 | F64: 2 | G64: 0
B65: 特に困らない | C65: 6 | D65: 4 | E65: 1 | F65: 1 | G65: 0
B66: その他 | C66: 0 | D66: 0 | E66: 0 | F66: 1 | G66: 0
B67: 無回答 | C67: 2 | D67: 0 | E67: 0 | F67: 2 | G67: 0
B69: 【割合】各区分の回答者数（n）に占める割合（計算式）
B70: 区分 | C70: 北山地区 | D70: 大塩地区 | E70: 桧原地区 | F70: 裏磐梯地区 | G70: その他
B71: 交通手段が少ない | C71: =IF($C$57=0,0,$C$58/$C$57) -> 0.11764706 | D71: =IF($D$57=0,0,$D$58/$D$57) -> 0 | E71: =IF($E$57=0,0,$E$58/$E$57) -> 0.33333333 | F71: =IF($F$57=0,0,$F$58/$F$57) -> 0.18181818 | G71: =IF($G$57=0,0,$G$58/$G$57) -> 1
B72: 家族等の付き添いが必要 | C72: =IF($C$57=0,0,$C$59/$C$57) -> 0.17647059 | D72: =IF($D$57=0,0,$D$59/$D$57) -> 0.125 | E72: =IF($E$57=0,0,$E$59/$E$57) -> 0 | F72: =IF($F$57=0,0,$F$59/$F$57) -> 0.36363636 | G72: =IF($G$57=0,0,$G$59/$G$57) -> 0
B73: 送迎がない | C73: =IF($C$57=0,0,$C$60/$C$57) -> 0.17647059 | D73: =IF($D$57=0,0,$D$60/$D$57) -> 0.125 | E73: =IF($E$57=0,0,$E$60/$E$57) -> 0 | F73: =IF($F$57=0,0,$F$60/$F$57) -> 0.090909091 | G73: =IF($G$57=0,0,$G$60/$G$57) -> 0
B74: 冬季・積雪時に外出しにくい | C74: =IF($C$57=0,0,$C$61/$C$57) -> 0.23529412 | D74: =IF($D$57=0,0,$D$61/$D$57) -> 0.25 | E74: =IF($E$57=0,0,$E$61/$E$57) -> 0.33333333 | F74: =IF($F$57=0,0,$F$61/$F$57) -> 0.54545455 | G74: =IF($G$57=0,0,$G$61/$G$57) -> 1
B75: 周囲の理解が不安 | C75: =IF($C$57=0,0,$C$62/$C$57) -> 0.058823529 | D75: =IF($D$57=0,0,$D$62/$D$57) -> 0 | E75: =IF($E$57=0,0,$E$62/$E$57) -> 0 | F75: =IF($F$57=0,0,$F$62/$F$57) -> 0.090909091 | G75: =IF($G$57=0,0,$G$62/$G$57) -> 0
B76: 体調面が不安 | C76: =IF($C$57=0,0,$C$63/$C$57) -> 0.29411765 | D76: =IF($D$57=0,0,$D$63/$D$57) -> 0.25 | E76: =IF($E$57=0,0,$E$63/$E$57) -> 0 | F76: =IF($F$57=0,0,$F$63/$F$57) -> 0.090909091 | G76: =IF($G$57=0,0,$G$63/$G$57) -> 0
B77: 費用がかかる | C77: =IF($C$57=0,0,$C$64/$C$57) -> 0.23529412 | D77: =IF($D$57=0,0,$D$64/$D$57) -> 0 | E77: =IF($E$57=0,0,$E$64/$E$57) -> 0 | F77: =IF($F$57=0,0,$F$64/$F$57) -> 0.18181818 | G77: =IF($G$57=0,0,$G$64/$G$57) -> 0
B78: 特に困らない | C78: =IF($C$57=0,0,$C$65/$C$57) -> 0.35294118 | D78: =IF($D$57=0,0,$D$65/$D$57) -> 0.5 | E78: =IF($E$57=0,0,$E$65/$E$57) -> 0.33333333 | F78: =IF($F$57=0,0,$F$65/$F$57) -> 0.090909091 | G78: =IF($G$57=0,0,$G$65/$G$57) -> 0
B79: その他 | C79: =IF($C$57=0,0,$C$66/$C$57) -> 0 | D79: =IF($D$57=0,0,$D$66/$D$57) -> 0 | E79: =IF($E$57=0,0,$E$66/$E$57) -> 0 | F79: =IF($F$57=0,0,$F$66/$F$57) -> 0.090909091 | G79: =IF($G$57=0,0,$G$66/$G$57) -> 0
B80: 無回答 | C80: =IF($C$57=0,0,$C$67/$C$57) -> 0.11764706 | D80: =IF($D$57=0,0,$D$67/$D$57) -> 0 | E80: =IF($E$57=0,0,$E$67/$E$57) -> 0 | F80: =IF($F$57=0,0,$F$67/$F$57) -> 0.18181818 | G80: =IF($G$57=0,0,$G$67/$G$57) -> 0
B81: ※色が濃いほど割合が高く、太字は各区分で最も割合が高い項目です（条件付き書式）。全ての地区で回答のなかった「道路・建物が利用しにくい」は省略しています。
B83: 図4-1 主な地区別の外出するときに困ること（問3×問14）
B85: 区分 | C85: ="北山地区（n="&$C$57&"）" -> 北山地区（n=17） | D85: ="大塩地区（n="&$D$57&"）" -> 大塩地区（n=8） | E85: ="裏磐梯地区（n="&$F$57&"）" -> 裏磐梯地区（n=11）
B86: 冬季・積雪時に外出しにくい | C86: =$C$74 -> 0.23529412 | D86: =$D$74 -> 0.25 | E86: =$F$74 -> 0.54545455
B87: 家族等の付き添いが必要 | C87: =$C$72 -> 0.17647059 | D87: =$D$72 -> 0.125 | E87: =$F$72 -> 0.36363636
B88: 体調面が不安 | C88: =$C$76 -> 0.29411765 | D88: =$D$76 -> 0.25 | E88: =$F$76 -> 0.090909091
B89: 交通手段が少ない | C89: =$C$71 -> 0.11764706 | D89: =$D$71 -> 0 | E89: =$F$71 -> 0.18181818
B90: 費用がかかる | C90: =$C$77 -> 0.23529412 | D90: =$D$77 -> 0 | E90: =$F$77 -> 0.18181818
B91: 送迎がない | C91: =$C$73 -> 0.17647059 | D91: =$D$73 -> 0.125 | E91: =$F$73 -> 0.090909091
B92: 特に困らない | C92: =$C$78 -> 0.35294118 | D92: =$D$78 -> 0.5 | E92: =$F$78 -> 0.090909091
B93: ※回答者数の少ない桧原地区（n=3）、その他（n=1）はグラフから省略しています。
B108: 表4-4 地区 × サービスを利用したいが利用できない理由（問3×問28）
B109: 【件数】斜体のセルが入力値です
B110: 区分 | C110: 北山地区 | D110: 大塩地区 | E110: 桧原地区 | F110: 裏磐梯地区 | G110: その他
B111: 回答者数（n） | C111: 17 | D111: 8 | E111: 3 | F111: 11 | G111: 1
B112: 近くに事業所がない | C112: 2 | D112: 0 | E112: 0 | F112: 2 | G112: 0
B113: 空きがない | C113: 1 | D113: 0 | E113: 0 | F113: 0 | G113: 0
B114: 送迎がない | C114: 0 | D114: 0 | E114: 0 | F114: 1 | G114: 0
B115: 利用方法がわからない | C115: 2 | D115: 1 | E115: 0 | F115: 1 | G115: 0
B116: 費用が心配 | C116: 2 | D116: 1 | E116: 1 | F116: 1 | G116: 0
B117: 本人に合うサービスがない | C117: 0 | D117: 0 | E117: 0 | F117: 1 | G117: 0
B118: 家族が対応している | C118: 3 | D118: 2 | E118: 0 | F118: 2 | G118: 0
B119: 必要性を感じない | C119: 7 | D119: 2 | E119: 0 | F119: 1 | G119: 1
B120: その他 | C120: 0 | D120: 0 | E120: 0 | F120: 1 | G120: 0
B121: 無回答 | C121: 4 | D121: 3 | E121: 2 | F121: 5 | G121: 0
B123: 【割合】各区分の回答者数（n）に占める割合（計算式）
B124: 区分 | C124: 北山地区 | D124: 大塩地区 | E124: 桧原地区 | F124: 裏磐梯地区 | G124: その他
B125: 近くに事業所がない | C125: =IF($C$111=0,0,$C$112/$C$111) -> 0.11764706 | D125: =IF($D$111=0,0,$D$112/$D$111) -> 0 | E125: =IF($E$111=0,0,$E$112/$E$111) -> 0 | F125: =IF($F$111=0,0,$F$112/$F$111) -> 0.18181818 | G125: =IF($G$111=0,0,$G$112/$G$111) -> 0
...

Sheet 5章_障がい児
B2: 表5-1 回答者の属性（障がい児調査）
B3: 項目 | C3: 回答（件数）
B4: 記入者（問1） | C4: 「ご家族」2件、「宛名のご本人」1件
B5: 本人意向の反映（問1-2） | C5: 「本人が回答した」1件、「本人の様子や日頃の意向を踏まえて代理記入した」1件、「本人に確認することが難しく、家族・支援者の判断で記入した」1件
B6: 年齢（問2） | C6: 「6～11歳」1件、「12～14歳」1件、「15～17歳」1件
B7: お住まいの地区（問3） | C7: 「北山地区」2件、「裏磐梯地区」1件
B8: 性別（問4） | C8: 「男性」2件、「女性」1件
B9: 所持している手帳等（問5・複数回答、n=3） | C9: 「身体障がい者手帳」2件、「療育手帳」1件、「精神障がい者保健福祉手帳」1件、「無回答」1件
B10: 主たる障がい種別（問6） | C10: 「身体障がい」1件、「知的障がい」1件、「発達障がい」1件
B11: 障害児通所支援等の支給決定（問7） | C11: 「受けている」2件、「受けていない」1件
B12: 主な支援・介助・見守りをしている方（問8） | C12: 「親」3件
B13: 現在の暮らし（問9） | C13: 「自宅で家族と暮らしている」3件
B15: 図5-1 日常生活で困っていること（問10）
B16: ="n="&'集計_障がい児'!$F$76&"（複数回答）" -> n=3（複数回答）
B17: 選択肢 | C17: 件数
B18: 将来の生活 | C18: ='集計_障がい児'!$D$76 -> 3
B19: 家事 | C19: ='集計_障がい児'!$D$65 -> 1
B20: 食事 | C20: ='集計_障がい児'!$D$66 -> 1
B21: 入浴 | C21: ='集計_障がい児'!$D$67 -> 1
B22: 排せつ | C22: ='集計_障がい児'!$D$68 -> 1
B23: 服薬管理 | C23: ='集計_障がい児'!$D$69 -> 1
B24: 金銭管理 | C24: ='集計_障がい児'!$D$70 -> 1
B25: 通院 | C25: ='集計_障がい児'!$D$71 -> 1
B26: 外出・移動 | C26: ='集計_障がい児'!$D$72 -> 1
B27: 買い物 | C27: ='集計_障がい児'!$D$73 -> 1
B28: 災害時の避難 | C28: ='集計_障がい児'!$D$74 -> 1
B29: 相談先がない | C29: ='集計_障がい児'!$D$75 -> 0
B30: 特にない | C30: ='集計_障がい児'!$D$77 -> 0
B31: その他 | C31: ='集計_障がい児'!$D$78 -> 1
B32: 無回答 | C32: ='集計_障がい児'!$D$79 -> 0
B36: 図5-2 外出するときに困ること（問14）
B37: ="n="&'集計_障がい児'!$F$103&"（複数回答）" -> n=3（複数回答）
B38: 選択肢 | C38: 件数
B39: 交通手段が少ない | C39: ='集計_障がい児'!$D$103 -> 2
B40: 家族等の付き添いが必要 | C40: ='集計_障がい児'!$D$104 -> 2
B41: 送迎がない | C41: ='集計_障がい児'!$D$105 -> 1
B42: 冬季・積雪時に外出しにくい | C42: ='集計_障がい児'!$D$106 -> 1
B43: 体調面が不安 | C43: ='集計_障がい児'!$D$109 -> 1
B44: 費用がかかる | C44: ='集計_障がい児'!$D$110 -> 1
B45: その他 | C45: ='集計_障がい児'!$D$112 -> 1
B46: 無回答 | C46: ='集計_障がい児'!$D$113 -> 0
B47: ※回答のなかった選択肢は省略しています。
B50: 図5-3 通院や医療で困っていること（問16）
B51: ="n="&'集計_障がい児'!$F$119&"（複数回答）" -> n=3（複数回答）
B52: 選択肢 | C52: 件数
B53: 専門医療機関が遠い | C53: ='集計_障がい児'!$D$119 -> 3
B54: 付き添いが必要 | C54: ='集計_障がい児'!$D$121 -> 3
B55: 緊急時の対応が不安 | C55: ='集計_障がい児'!$D$124 -> 2
B56: 通院の交通手段がない | C56: ='集計_障がい児'!$D$120 -> 1
B57: 医療費や交通費の負担が大きい | C57: ='集計_障がい児'!$D$122 -> 1
B58: その他 | C58: ='集計_障がい児'!$D$126 -> 1
B59: 無回答 | C59: ='集計_障がい児'!$D$127 -> 0
B60: ※回答のなかった選択肢は省略しています。
B63: 図5-4 医療的ケアや重い障がいに関して必要な支援（問18）
B64: ="n="&'集計_障がい児'!$F$148&"（複数回答）" -> n=3（複数回答）
B65: 選択肢 | C65: 件数
B66: 家族の負担軽減 | C66: ='集計_障がい児'!$D$148 -> 3
B67: 身近な相談先 | C67: ='集計_障がい児'!$D$143 -> 1
B68: 通所先での医療的ケア対応 | C68: ='集計_障がい児'!$D$144 -> 1
B69: 短期入所・レスパイトケア | C69: ='集計_障がい児'!$D$145 -> 1
B70: 訪問看護等との連携 | C70: ='集計_障がい児'!$D$146 -> 1
B71: その他 | C71: ='集計_障がい児'!$D$150 -> 1
B72: 無回答 | C72: ='集計_障がい児'!$D$151 -> 0
B73: ※回答のなかった選択肢は省略しています。
B76: 図5-5 相談支援に期待すること（問22）
B77: ="n="&'集計_障がい児'!$F$187&"（複数回答）" -> n=3（複数回答）
B78: 選択肢 | C78: 件数
B79: 将来の暮らしの相談 | C79: ='集計_障がい児'!$D$187 -> 3
B80: 医療・通院の相談 | C80: ='集計_障がい児'!$D$190 -> 3
B81: サービス利用の相談 | C81: ='集計_障がい児'!$D$186 -> 2
B82: 家族の負担軽減 | C82: ='集計_障がい児'!$D$191 -> 2
B83: 日中活動の相談 | C83: ='集計_障がい児'!$D$188 -> 1
B84: 障がい児・発達の相談 | C84: ='集計_障がい児'!$D$189 -> 1
B85: 緊急時の相談 | C85: ='集計_障がい児'!$D$192 -> 1
B86: わかりやすい情報提供 | C86: ='集計_障がい児'!$D$193 -> 1
B87: 無回答 | C87: ='集計_障がい児'!$D$195 -> 0
B88: ※回答のなかった選択肢は省略しています。
B91: 図5-6 通園・通学や事業所利用で困っていること（問24）
B92: ="n="&'集計_障がい児'!$F$206&"（複数回答）" -> n=3（複数回答）
B93: 選択肢 | C93: 件数
B94: 送迎・移動手段の確保が難しい | C94: ='集計_障がい児'!$D$206 -> 3
B95: 付き添いなど家族の負担が大きい | C95: ='集計_障がい児'!$D$208 -> 3
B96: 冬季の通園・通学・通所が不安 | C96: ='集計_障がい児'!$D$207 -> 1
B97: 学校・園・事業所との情報共有が難しい | C97: ='集計_障がい児'!$D$211 -> 1
B98: その他 | C98: ='集計_障がい児'!$D$215 -> 1
B99: 無回答 | C99: ='集計_障がい児'!$D$216 -> 0
B100: ※回答のなかった選択肢は省略しています。
B103: 図5-7 日頃の暮らしに関する評価（問25）
B105: 項目 | C105: そう思う | D105: どちらかといえばそう思う | E105: どちらかといえばそう思わない | F105: そう思わない・わからない | G105: 無回答
B106: 安心できる居場所 | C106: ='集計_障がい児'!$E$217 -> 0.66666667 | D106: ='集計_障がい児'!$E$218 -> 0.33333333 | E106: ='集計_障がい児'!$E$219 -> 0 | F106: ='集計_障がい児'!$E$220 -> 0 | G106: ='集計_障がい児'!$E$221 -> 0
B107: 相談できる人 | C107: ='集計_障がい児'!$E$222 -> 0.33333333 | D107: ='集計_障がい児'!$E$223 -> 0.66666667 | E107: ='集計_障がい児'!$E$224 -> 0 | F107: ='集計_障がい児'!$E$225 -> 0 | G107: ='集計_障がい児'!$E$226 -> 0
B108: 友人・地域との関わり | C108: ='集計_障がい児'!$E$227 -> 0.33333333 | D108: ='集計_障がい児'!$E$228 -> 0.66666667 | E108: ='集計_障がい児'!$E$229 -> 0 | F108: ='集計_障がい児'!$E$230 -> 0 | G108: ='集計_障がい児'!$E$231 -> 0
B109: 意思の尊重 | C109: ='集計_障がい児'!$E$232 -> 0 | D109: ='集計_障がい児'!$E$233 -> 0.66666667 | E109: ='集計_障がい児'!$E$234 -> 0.33333333 | F109: ='集計_障がい児'!$E$235 -> 0 | G109: ='集計_障がい児'!$E$236 -> 0
B110: 家族の負担感 | C110: ='集計_障がい児'!$E$237 -> 1 | D110: ='集計_障がい児'!$E$238 -> 0 | E110: ='集計_障がい児'!$E$239 -> 0 | F110: ='集計_障がい児'!$E$240 -> 0 | G110: ='集計_障がい児'!$E$241 -> 0
B118: 図5-8 放課後や長期休暇中の過ごし方で困っていること（問31）
B119: ="n="&'集計_障がい児'!$F$297&"（複数回答）" -> n=3（複数回答）
B120: 選択肢 | C120: 件数
B121: 利用できる場所が少ない | C121: ='集計_障がい児'!$D$297 -> 2
B122: 送迎がない | C122: ='集計_障がい児'!$D$298 -> 2
B123: 医療的ケアに対応できる場所が少ない | C123: ='集計_障がい児'!$D$299 -> 1
...

Sheet 6章_課題
B2: 表6-1 課題と計画上の主な取組・指標の関係
B3: 課題 | C3: 関連する主な取組・指標の領域（例） | G3: 主な根拠設問
B4: 1 相談支援体制・情報提供 | C4: 相談支援体制の充実・強化、計画相談支援、意思決定支援の推進 | G4: 問22・問23・問26・問27-2・問44
B5: 2 移動・外出支援 | C5: 移動支援事業（地域生活支援事業）、同行援護・行動援護、関係部署との連携 | G5: 問13・問14・問16・児問24・児問29
B6: 3 災害時の支援体制 | C6: 個別避難計画の作成推進、福祉避難所の確保、防災分野との連携 | G6: 問38～問41・児問37～児問40
B7: 4 地域生活支援拠点・将来の暮らし | C7: 地域生活支援の充実（地域生活支援拠点等）、施設入所者の地域生活への移行、共同生活援助・短期入所の見込量 | G7: 問10・問11・問27-3・問29
B8: 5 障がい児・家族支援 | C8: 障がい児支援の提供体制の整備、放課後等デイサービス・障がい児相談支援の見込量、医療的ケア児支援 | G8: 児問18・児問24・児問25・児問29・児問31
B9: 6 権利擁護・合理的配慮 | C9: 成年後見制度利用支援事業、意思疎通支援事業、理解促進研修・啓発事業 | G9: 問34～問37・問43
B10: 7 日中活動・就労・社会参加 | C10: 福祉施設から一般就労への移行等、就労選択支援・就労系サービスの見込量 | G10: 問31～問33・問42・児問32
B11: 8 専門的支援 | C11: 精神障がいにも対応した地域包括ケアシステムの構築、強度行動障がい・医療的ケアへの対応 | G11: 問17～問20
B12: ※「児問」は障がい児調査の設問を示します。関連する取組・指標の領域は例示であり、国の基本指針の内容に応じて整理してください。

Sheet 集計_障がい者
A1: 障がい者調査（18歳以上） 単純集計（入力データ）
A2: 斜体のセル（件数・回答者数）が入力値です。割合は計算式で、各章シートの表・グラフに自動で反映されます。回答者数（n）は無回答を含む人数で、各設問の先頭行に入力し、2行目以降は先頭行を参照しています。「無回答」は各設問の最終行です。
A4: 設問番号 | B4: 設問 | C4: 選択肢 | D4: 件数 | E4: 割合 | F4: 回答者数（n） | G4: 回答形式
A5: 問1 | B5: この調査票を記入された方はどなたですか | C5: 宛名のご本人 | D5: 25 | E5: =IF($F5=0,0,D5/$F5) -> 0.625 | F5: 40 | G5: 単一回答
A6: 問1 | B6: この調査票を記入された方はどなたですか | C6: ご家族 | D6: 9 | E6: =IF($F6=0,0,D6/$F6) -> 0.225 | F6: =$F$5 -> 40 | G6: 単一回答
A7: 問1 | B7: この調査票を記入された方はどなたですか | C7: 支援者・事業所職員 | D7: 4 | E7: =IF($F7=0,0,D7/$F7) -> 0.1 | F7: =$F$5 -> 40 | G7: 単一回答
A8: 問1 | B8: この調査票を記入された方はどなたですか | C8: その他 | D8: 1 | E8: =IF($F8=0,0,D8/$F8) -> 0.025 | F8: =$F$5 -> 40 | G8: 単一回答
A9: 問1 | B9: この調査票を記入された方はどなたですか | C9: 無回答 | D9: 1 | E9: =IF($F9=0,0,D9/$F9) -> 0.025 | F9: =$F$5 -> 40 | G9: 単一回答
A10: 問1-2 | B10: この回答は、宛名のご本人の意向をどのように反映していますか | C10: 本人が回答した | D10: 23 | E10: =IF($F10=0,0,D10/$F10) -> 0.575 | F10: 40 | G10: 単一回答
A11: 問1-2 | B11: この回答は、宛名のご本人の意向をどのように反映していますか | C11: 本人に確認して代理記入した | D11: 8 | E11: =IF($F11=0,0,D11/$F11) -> 0.2 | F11: =$F$10 -> 40 | G11: 単一回答
A12: 問1-2 | B12: この回答は、宛名のご本人の意向をどのように反映していますか | C12: 本人の様子や日頃の意向を踏まえて代理記入した | D12: 2 | E12: =IF($F12=0,0,D12/$F12) -> 0.05 | F12: =$F$10 -> 40 | G12: 単一回答
A13: 問1-2 | B13: この回答は、宛名のご本人の意向をどのように反映していますか | C13: 本人に確認することが難しく、家族・支援者の判断で記入した | D13: 6 | E13: =IF($F13=0,0,D13/$F13) -> 0.15 | F13: =$F$10 -> 40 | G13: 単一回答
A14: 問1-2 | B14: この回答は、宛名のご本人の意向をどのように反映していますか | C14: その他 | D14: 0 | E14: =IF($F14=0,0,D14/$F14) -> 0 | F14: =$F$10 -> 40 | G14: 単一回答
A15: 問1-2 | B15: この回答は、宛名のご本人の意向をどのように反映していますか | C15: 無回答 | D15: 1 | E15: =IF($F15=0,0,D15/$F15) -> 0.025 | F15: =$F$10 -> 40 | G15: 単一回答
A16: 問2 | B16: あなた（宛名の方）の年齢を教えてください | C16: 18～29歳 | D16: 0 | E16: =IF($F16=0,0,D16/$F16) -> 0 | F16: 40 | G16: 単一回答
A17: 問2 | B17: あなた（宛名の方）の年齢を教えてください | C17: 30～39歳 | D17: 3 | E17: =IF($F17=0,0,D17/$F17) -> 0.075 | F17: =$F$16 -> 40 | G17: 単一回答
A18: 問2 | B18: あなた（宛名の方）の年齢を教えてください | C18: 40～49歳 | D18: 2 | E18: =IF($F18=0,0,D18/$F18) -> 0.05 | F18: =$F$16 -> 40 | G18: 単一回答
A19: 問2 | B19: あなた（宛名の方）の年齢を教えてください | C19: 50～64歳 | D19: 8 | E19: =IF($F19=0,0,D19/$F19) -> 0.2 | F19: =$F$16 -> 40 | G19: 単一回答
A20: 問2 | B20: あなた（宛名の方）の年齢を教えてください | C20: 65歳以上 | D20: 26 | E20: =IF($F20=0,0,D20/$F20) -> 0.65 | F20: =$F$16 -> 40 | G20: 単一回答
A21: 問2 | B21: あなた（宛名の方）の年齢を教えてください | C21: 無回答 | D21: 1 | E21: =IF($F21=0,0,D21/$F21) -> 0.025 | F21: =$F$16 -> 40 | G21: 単一回答
A22: 問3 | B22: あなたのお住まいの地区を教えてください | C22: 北山地区 | D22: 17 | E22: =IF($F22=0,0,D22/$F22) -> 0.425 | F22: 40 | G22: 単一回答
A23: 問3 | B23: あなたのお住まいの地区を教えてください | C23: 大塩地区 | D23: 8 | E23: =IF($F23=0,0,D23/$F23) -> 0.2 | F23: =$F$22 -> 40 | G23: 単一回答
A24: 問3 | B24: あなたのお住まいの地区を教えてください | C24: 桧原地区 | D24: 3 | E24: =IF($F24=0,0,D24/$F24) -> 0.075 | F24: =$F$22 -> 40 | G24: 単一回答
A25: 問3 | B25: あなたのお住まいの地区を教えてください | C25: 裏磐梯地区 | D25: 11 | E25: =IF($F25=0,0,D25/$F25) -> 0.275 | F25: =$F$22 -> 40 | G25: 単一回答
A26: 問3 | B26: あなたのお住まいの地区を教えてください | C26: その他 | D26: 1 | E26: =IF($F26=0,0,D26/$F26) -> 0.025 | F26: =$F$22 -> 40 | G26: 単一回答
A27: 問3 | B27: あなたのお住まいの地区を教えてください | C27: 無回答 | D27: 0 | E27: =IF($F27=0,0,D27/$F27) -> 0 | F27: =$F$22 -> 40 | G27: 単一回答
A28: 問4 | B28: あなたの性別を教えてください | C28: 男性 | D28: 17 | E28: =IF($F28=0,0,D28/$F28) -> 0.425 | F28: 40 | G28: 単一回答
A29: 問4 | B29: あなたの性別を教えてください | C29: 女性 | D29: 23 | E29: =IF($F29=0,0,D29/$F29) -> 0.575 | F29: =$F$28 -> 40 | G29: 単一回答
A30: 問4 | B30: あなたの性別を教えてください | C30: 回答しない | D30: 0 | E30: =IF($F30=0,0,D30/$F30) -> 0 | F30: =$F$28 -> 40 | G30: 単一回答
A31: 問4 | B31: あなたの性別を教えてください | C31: 無回答 | D31: 0 | E31: =IF($F31=0,0,D31/$F31) -> 0 | F31: =$F$28 -> 40 | G31: 単一回答
A32: 問5 | B32: お持ちの手帳等を教えてください（あてはまるものすべて） | C32: 身体障がい者手帳 | D32: 29 | E32: =IF($F32=0,0,D32/$F32) -> 0.725 | F32: 40 | G32: 複数回答
A33: 問5 | B33: お持ちの手帳等を教えてください（あてはまるものすべて） | C33: 療育手帳 | D33: 2 | E33: =IF($F33=0,0,D33/$F33) -> 0.05 | F33: =$F$32 -> 40 | G33: 複数回答
A34: 問5 | B34: お持ちの手帳等を教えてください（あてはまるものすべて） | C34: 精神障がい者保健福祉手帳 | D34: 6 | E34: =IF($F34=0,0,D34/$F34) -> 0.15 | F34: =$F$32 -> 40 | G34: 複数回答
A35: 問5 | B35: お持ちの手帳等を教えてください（あてはまるものすべて） | C35: 自立支援医療受給者証 | D35: 5 | E35: =IF($F35=0,0,D35/$F35) -> 0.125 | F35: =$F$32 -> 40 | G35: 複数回答
A36: 問5 | B36: お持ちの手帳等を教えてください（あてはまるものすべて） | C36: 難病に関する医療受給者証等 | D36: 0 | E36: =IF($F36=0,0,D36/$F36) -> 0 | F36: =$F$32 -> 40 | G36: 複数回答
A37: 問5 | B37: お持ちの手帳等を教えてください（あてはまるものすべて） | C37: 手帳等は持っていないが障がい福祉サービスを利用している | D37: 1 | E37: =IF($F37=0,0,D37/$F37) -> 0.025 | F37: =$F$32 -> 40 | G37: 複数回答
A38: 問5 | B38: お持ちの手帳等を教えてください（あてはまるものすべて） | C38: その他 | D38: 2 | E38: =IF($F38=0,0,D38/$F38) -> 0.05 | F38: =$F$32 -> 40 | G38: 複数回答
A39: 問5 | B39: お持ちの手帳等を教えてください（あてはまるものすべて） | C39: 無回答 | D39: 1 | E39: =IF($F39=0,0,D39/$F39) -> 0.025 | F39: =$F$32 -> 40 | G39: 複数回答
A40: 問6 | B40: 主たる障がい種別を1つ選ぶとすれば、どれにあたりますか | C40: 身体障がい | D40: 27 | E40: =IF($F40=0,0,D40/$F40) -> 0.675 | F40: 40 | G40: 単一回答
A41: 問6 | B41: 主たる障がい種別を1つ選ぶとすれば、どれにあたりますか | C41: 知的障がい | D41: 2 | E41: =IF($F41=0,0,D41/$F41) -> 0.05 | F41: =$F$40 -> 40 | G41: 単一回答
A42: 問6 | B42: 主たる障がい種別を1つ選ぶとすれば、どれにあたりますか | C42: 精神障がい | D42: 5 | E42: =IF($F42=0,0,D42/$F42) -> 0.125 | F42: =$F$40 -> 40 | G42: 単一回答
A43: 問6 | B43: 主たる障がい種別を1つ選ぶとすれば、どれにあたりますか | C43: 発達障がい | D43: 3 | E43: =IF($F43=0,0,D43/$F43) -> 0.075 | F43: =$F$40 -> 40 | G43: 単一回答
A44: 問6 | B44: 主たる障がい種別を1つ選ぶとすれば、どれにあたりますか | C44: 難病 | D44: 0 | E44: =IF($F44=0,0,D44/$F44) -> 0 | F44: =$F$40 -> 40 | G44: 単一回答
A45: 問6 | B45: 主たる障がい種別を1つ選ぶとすれば、どれにあたりますか | C45: 高次脳機能障がい | D45: 0 | E45: =IF($F45=0,0,D45/$F45) -> 0 | F45: =$F$40 -> 40 | G45: 単一回答
A46: 問6 | B46: 主たる障がい種別を1つ選ぶとすれば、どれにあたりますか | C46: 重症心身障がい | D46: 0 | E46: =IF($F46=0,0,D46/$F46) -> 0 | F46: =$F$40 -> 40 | G46: 単一回答
A47: 問6 | B47: 主たる障がい種別を1つ選ぶとすれば、どれにあたりますか | C47: わからない・その他 | D47: 2 | E47: =IF($F47=0,0,D47/$F47) -> 0.05 | F47: =$F$40 -> 40 | G47: 単一回答
A48: 問6 | B48: 主たる障がい種別を1つ選ぶとすれば、どれにあたりますか | C48: 無回答 | D48: 1 | E48: =IF($F48=0,0,D48/$F48) -> 0.025 | F48: =$F$40 -> 40 | G48: 単一回答
A49: 問7 | B49: 現在、どこで暮らしていますか | C49: 自宅で家族と暮らしている | D49: 26 | E49: =IF($F49=0,0,D49/$F49) -> 0.65 | F49: 40 | G49: 単一回答
A50: 問7 | B50: 現在、どこで暮らしていますか | C50: 自宅で一人暮らし | D50: 6 | E50: =IF($F50=0,0,D50/$F50) -> 0.15 | F50: =$F$49 -> 40 | G50: 単一回答
A51: 問7 | B51: 現在、どこで暮らしていますか | C51: グループホーム | D51: 3 | E51: =IF($F51=0,0,D51/$F51) -> 0.075 | F51: =$F$49 -> 40 | G51: 単一回答
A52: 問7 | B52: 現在、どこで暮らしていますか | C52: 障がい者支援施設 | D52: 2 | E52: =IF($F52=0,0,D52/$F52) -> 0.05 | F52: =$F$49 -> 40 | G52: 単一回答
A53: 問7 | B53: 現在、どこで暮らしていますか | C53: 病院に入院中 | D53: 1 | E53: =IF($F53=0,0,D53/$F53) -> 0.025 | F53: =$F$49 -> 40 | G53: 単一回答
A54: 問7 | B54: 現在、どこで暮らしていますか | C54: 高齢者施設等 | D54: 1 | E54: =IF($F54=0,0,D54/$F54) -> 0.025 | F54: =$F$49 -> 40 | G54: 単一回答
A55: 問7 | B55: 現在、どこで暮らしていますか | C55: その他 | D55: 0 | E55: =IF($F55=0,0,D55/$F55) -> 0 | F55: =$F$49 -> 40 | G55: 単一回答
A56: 問7 | B56: 現在、どこで暮らしていますか | C56: 無回答 | D56: 1 | E56: =IF($F56=0,0,D56/$F56) -> 0.025 | F56: =$F$49 -> 40 | G56: 単一回答
A57: 問8 | B57: 現在一緒に暮らしている方を教えてください（あてはまるものすべて） | C57: 一人暮らし | D57: 5 | E57: =IF($F57=0,0,D57/$F57) -> 0.125 | F57: 40 | G57: 複数回答
A58: 問8 | B58: 現在一緒に暮らしている方を教えてください（あてはまるものすべて） | C58: 配偶者 | D58: 15 | E58: =IF($F58=0,0,D58/$F58) -> 0.375 | F58: =$F$57 -> 40 | G58: 複数回答
A59: 問8 | B59: 現在一緒に暮らしている方を教えてください（あてはまるものすべて） | C59: 親 | D59: 7 | E59: =IF($F59=0,0,D59/$F59) -> 0.175 | F59: =$F$57 -> 40 | G59: 複数回答
A60: 問8 | B60: 現在一緒に暮らしている方を教えてください（あてはまるものすべて） | C60: 子ども | D60: 12 | E60: =IF($F60=0,0,D60/$F60) -> 0.3 | F60: =$F$57 -> 40 | G60: 複数回答
A61: 問8 | B61: 現在一緒に暮らしている方を教えてください（あてはまるものすべて） | C61: 兄弟姉妹 | D61: 2 | E61: =IF($F61=0,0,D61/$F61) -> 0.05 | F61: =$F$57 -> 40 | G61: 複数回答
A62: 問8 | B62: 現在一緒に暮らしている方を教えてください（あてはまるものすべて） | C62: 祖父母 | D62: 1 | E62: =IF($F62=0,0,D62/$F62) -> 0.025 | F62: =$F$57 -> 40 | G62: 複数回答
A63: 問8 | B63: 現在一緒に暮らしている方を教えてください（あてはまるものすべて） | C63: その他 | D63: 3 | E63: =IF($F63=0,0,D63/$F63) -> 0.075 | F63: =$F$57 -> 40 | G63: 複数回答
A64: 問8 | B64: 現在一緒に暮らしている方を教えてください（あてはまるものすべて） | C64: 無回答 | D64: 4 | E64: =IF($F64=0,0,D64/$F64) -> 0.1 | F64: =$F$57 -> 40 | G64: 複数回答
A65: 問9 | B65: 日常生活で主に支援・介助してくれる方はどなたですか（あてはまるものすべて） | C65: 介助は必要ない | D65: 18 | E65: =IF($F65=0,0,D65/$F65) -> 0.45 | F65: 40 | G65: 複数回答
A66: 問9 | B66: 日常生活で主に支援・介助してくれる方はどなたですか（あてはまるものすべて） | C66: 親 | D66: 5 | E66: =IF($F66=0,0,D66/$F66) -> 0.125 | F66: =$F$65 -> 40 | G66: 複数回答
A67: 問9 | B67: 日常生活で主に支援・介助してくれる方はどなたですか（あてはまるものすべて） | C67: 配偶者 | D67: 7 | E67: =IF($F67=0,0,D67/$F67) -> 0.175 | F67: =$F$65 -> 40 | G67: 複数回答
A68: 問9 | B68: 日常生活で主に支援・介助してくれる方はどなたですか（あてはまるものすべて） | C68: 子ども | D68: 9 | E68: =IF($F68=0,0,D68/$F68) -> 0.225 | F68: =$F$65 -> 40 | G68: 複数回答
A69: 問9 | B69: 日常生活で主に支援・介助してくれる方はどなたですか（あてはまるものすべて） | C69: 兄弟姉妹 | D69: 0 | E69: =IF($F69=0,0,D69/$F69) -> 0 | F69: =$F$65 -> 40 | G69: 複数回答
A70: 問9 | B70: 日常生活で主に支援・介助してくれる方はどなたですか（あてはまるものすべて） | C70: その他の親族 | D70: 1 | E70: =IF($F70=0,0,D70/$F70) -> 0.025 | F70: =$F$65 -> 40 | G70: 複数回答
A71: 問9 | B71: 日常生活で主に支援・介助してくれる方はどなたですか（あてはまるものすべて） | C71: ホームヘルパー等 | D71: 2 | E71: =IF($F71=0,0,D71/$F71) -> 0.05 | F71: =$F$65 -> 40 | G71: 複数回答
A72: 問9 | B72: 日常生活で主に支援・介助してくれる方はどなたですか（あてはまるものすべて） | C72: 施設・事業所職員 | D72: 8 | E72: =IF($F72=0,0,D72/$F72) -> 0.2 | F72: =$F$65 -> 40 | G72: 複数回答
A73: 問9 | B73: 日常生活で主に支援・介助してくれる方はどなたですか（あてはまるものすべて） | C73: 主な支援者はいない | D73: 1 | E73: =IF($F73=0,0,D73/$F73) -> 0.025 | F73: =$F$65 -> 40 | G73: 複数回答
A74: 問9 | B74: 日常生活で主に支援・介助してくれる方はどなたですか（あてはまるものすべて） | C74: その他 | D74: 0 | E74: =IF($F74=0,0,D74/$F74) -> 0 | F74: =$F$65 -> 40 | G74: 複数回答
A75: 問9 | B75: 日常生活で主に支援・介助してくれる方はどなたですか（あてはまるものすべて） | C75: 無回答 | D75: 1 | E75: =IF($F75=0,0,D75/$F75) -> 0.025 | F75: =$F$65 -> 40 | G75: 複数回答
A76: 問10 | B76: 日常生活で困っていることは何ですか（あてはまるものすべて） | C76: 家事 | D76: 2 | E76: =IF($F76=0,0,D76/$F76) -> 0.05 | F76: 40 | G76: 複数回答
A77: 問10 | B77: 日常生活で困っていることは何ですか（あてはまるものすべて） | C77: 食事 | D77: 5 | E77: =IF($F77=0,0,D77/$F77) -> 0.125 | F77: =$F$76 -> 40 | G77: 複数回答
A78: 問10 | B78: 日常生活で困っていることは何ですか（あてはまるものすべて） | C78: 入浴 | D78: 4 | E78: =IF($F78=0,0,D78/$F78) -> 0.1 | F78: =$F$76 -> 40 | G78: 複数回答
A79: 問10 | B79: 日常生活で困っていることは何ですか（あてはまるものすべて） | C79: 排せつ | D79: 2 | E79: =IF($F79=0,0,D79/$F79) -> 0.05 | F79: =$F$76 -> 40 | G79: 複数回答
A80: 問10 | B80: 日常生活で困っていることは何ですか（あてはまるものすべて） | C80: 服薬管理 | D80: 5 | E80: =IF($F80=0,0,D80/$F80) -> 0.125 | F80: =$F$76 -> 40 | G80: 複数回答
A81: 問10 | B81: 日常生活で困っていることは何ですか（あてはまるものすべて） | C81: 金銭管理 | D81: 4 | E81: =IF($F81=0,0,D81/$F81) -> 0.1 | F81: =$F$76 -> 40 | G81: 複数回答
A82: 問10 | B82: 日常生活で困っていることは何ですか（あてはまるものすべて） | C82: 通院 | D82: 8 | E82: =IF($F82=0,0,D82/$F82) -> 0.2 | F82: =$F$76 -> 40 | G82: 複数回答
A83: 問10 | B83: 日常生活で困っていることは何ですか（あてはまるものすべて） | C83: 外出・移動 | D83: 10 | E83: =IF($F83=0,0,D83/$F83) -> 0.25 | F83: =$F$76 -> 40 | G83: 複数回答
A84: 問10 | B84: 日常生活で困っていることは何ですか（あてはまるものすべて） | C84: 買い物 | D84: 5 | E84: =IF($F84=0,0,D84/$F84) -> 0.125 | F84: =$F$76 -> 40 | G84: 複数回答
A85: 問10 | B85: 日常生活で困っていることは何ですか（あてはまるものすべて） | C85: 災害時の避難 | D85: 10 | E85: =IF($F85=0,0,D85/$F85) -> 0.25 | F85: =$F$76 -> 40 | G85: 複数回答
A86: 問10 | B86: 日常生活で困っていることは何ですか（あてはまるものすべて） | C86: 相談先がない | D86: 1 | E86: =IF($F86=0,0,D86/$F86) -> 0.025 | F86: =$F$76 -> 40 | G86: 複数回答
A87: 問10 | B87: 日常生活で困っていることは何ですか（あてはまるものすべて） | C87: 将来の生活 | D87: 12 | E87: =IF($F87=0,0,D87/$F87) -> 0.3 | F87: =$F$76 -> 40 | G87: 複数回答
A88: 問10 | B88: 日常生活で困っていることは何ですか（あてはまるものすべて） | C88: 特にない | D88: 14 | E88: =IF($F88=0,0,D88/$F88) -> 0.35 | F88: =$F$76 -> 40 | G88: 複数回答
... A90: 問10 | B90: 日常生活で困っていることは何ですか（あてはまるものすべて） | C90: 無回答 | D90: 2 | E90: =IF($F90=0,0,D90/$F90) -> 0.05 | F90: =$F$76 -> 40 | G90: 複数回答
A91: 問11 | B91: 将来、どのような暮らし方を希望しますか | C91: 今の自宅で暮らしたい | D91: 16 | E91: =IF($F91=0,0,D91/$F91) -> 0.4 | F91: 40 | G91: 単一回答
A92: 問11 | B92: 将来、どのような暮らし方を希望しますか | C92: 家族と一緒に暮らしたい | D92: 6 | E92: =IF($F92=0,0,D92/$F92) -> 0.15 | F92: =$F$91 -> 40 | G92: 単一回答
A93: 問11 | B93: 将来、どのような暮らし方を希望しますか | C93: 一人暮らしをしたい | D93: 2 | E93: =IF($F93=0,0,D93/$F93) -> 0.05 | F93: =$F$91 -> 40 | G93: 単一回答
A94: 問11 | B94: 将来、どのような暮らし方を希望しますか | C94: グループホームで暮らしたい | D94: 2 | E94: =IF($F94=0,0,D94/$F94) -> 0.05 | F94: =$F$91 -> 40 | G94: 単一回答
A95: 問11 | B95: 将来、どのような暮らし方を希望しますか | C95: 施設で暮らしたい | D95: 4 | E95: =IF($F95=0,0,D95/$F95) -> 0.1 | F95: =$F$91 -> 40 | G95: 単一回答
A96: 問11 | B96: 将来、どのような暮らし方を希望しますか | C96: 病院・施設から地域で暮らしたい | D96: 0 | E96: =IF($F96=0,0,D96/$F96) -> 0 | F96: =$F$91 -> 40 | G96: 単一回答
A97: 問11 | B97: 将来、どのような暮らし方を希望しますか | C97: まだわからない | D97: 7 | E97: =IF($F97=0,0,D97/$F97) -> 0.175 | F97: =$F$91 -> 40 | G97: 単一回答
A98: 問11 | B98: 将来、どのような暮らし方を希望しますか | C98: その他 | D98: 1 | E98: =IF($F98=0,0,D98/$F98) -> 0.025 | F98: =$F$91 -> 40 | G98: 単一回答
A99: 問11 | B99: 将来、どのような暮らし方を希望しますか | C99: 無回答 | D99: 2 | E99: =IF($F99=0,0,D99/$F99) -> 0.05 | F99: =$F$91 -> 40 | G99: 単一回答
A100: 問12 | B100: 外出の頻度を教えてください | C100: ほぼ毎日 | D100: 11 | E100: =IF($F100=0,0,D100/$F100) -> 0.275 | F100: 40 | G100: 単一回答
A101: 問12 | B101: 外出の頻度を教えてください | C101: 週に2～4回 | D101: 6 | E101: =IF($F101=0,0,D101/$F101) -> 0.15 | F101: =$F$100 -> 40 | G101: 単一回答
A102: 問12 | B102: 外出の頻度を教えてください | C102: 週に1回程度 | D102: 7 | E102: =IF($F102=0,0,D102/$F102) -> 0.175 | F102: =$F$100 -> 40 | G102: 単一回答
...

Sheet 集計_障がい児
A1: 障がい児調査（18歳未満） 単純集計（入力データ）
A2: 斜体のセル（件数・回答者数）が入力値です。割合は計算式で、各章シートの表・グラフに自動で反映されます。回答者数（n）は無回答を含む人数で、各設問の先頭行に入力し、2行目以降は先頭行を参照しています。「無回答」は各設問の最終行です。
A4: 設問番号 | B4: 設問 | C4: 選択肢 | D4: 件数 | E4: 割合 | F4: 回答者数（n） | G4: 回答形式
A5: 問1 | B5: この調査票を記入された方はどなたですか | C5: 宛名のご本人 | D5: 1 | E5: =IF($F5=0,0,D5/$F5) -> 0.33333333 | F5: 3 | G5: 単一回答
A6: 問1 | B6: この調査票を記入された方はどなたですか | C6: ご家族 | D6: 2 | E6: =IF($F6=0,0,D6/$F6) -> 0.66666667 | F6: =$F$5 -> 3 | G6: 単一回答
A7: 問1 | B7: この調査票を記入された方はどなたですか | C7: 支援者・事業所職員 | D7: 0 | E7: =IF($F7=0,0,D7/$F7) -> 0 | F7: =$F$5 -> 3 | G7: 単一回答
A8: 問1 | B8: この調査票を記入された方はどなたですか | C8: その他 | D8: 0 | E8: =IF($F8=0,0,D8/$F8) -> 0 | F8: =$F$5 -> 3 | G8: 単一回答
A9: 問1 | B9: この調査票を記入された方はどなたですか | C9: 無回答 | D9: 0 | E9: =IF($F9=0,0,D9/$F9) -> 0 | F9: =$F$5 -> 3 | G9: 単一回答
A10: 問1-2 | B10: この回答は、宛名のご本人の意向をどのように反映していますか | C10: 本人が回答した | D10: 1 | E10: =IF($F10=0,0,D10/$F10) -> 0.33333333 | F10: 3 | G10: 単一回答
A11: 問1-2 | B11: この回答は、宛名のご本人の意向をどのように反映していますか | C11: 本人に確認して代理記入した | D11: 0 | E11: =IF($F11=0,0,D11/$F11) -> 0 | F11: =$F$10 -> 3 | G11: 単一回答
A12: 問1-2 | B12: この回答は、宛名のご本人の意向をどのように反映していますか | C12: 本人の様子や日頃の意向を踏まえて代理記入した | D12: 1 | E12: =IF($F12=0,0,D12/$F12) -> 0.33333333 | F12: =$F$10 -> 3 | G12: 単一回答
A13: 問1-2 | B13: この回答は、宛名のご本人の意向をどのように反映していますか | C13: 本人に確認することが難しく、家族・支援者の判断で記入した | D13: 1 | E13: =IF($F13=0,0,D13/$F13) -> 0.33333333 | F13: =$F$10 -> 3 | G13: 単一回答
A14: 問1-2 | B14: この回答は、宛名のご本人の意向をどのように反映していますか | C14: その他 | D14: 0 | E14: =IF($F14=0,0,D14/$F14) -> 0 | F14: =$F$10 -> 3 | G14: 単一回答
A15: 問1-2 | B15: この回答は、宛名のご本人の意向をどのように反映していますか | C15: 無回答 | D15: 0 | E15: =IF($F15=0,0,D15/$F15) -> 0 | F15: =$F$10 -> 3 | G15: 単一回答
A16: 問2 | B16: お子さん（宛名の方）の年齢を教えてください | C16: 0～5歳 | D16: 0 | E16: =IF($F16=0,0,D16/$F16) -> 0 | F16: 3 | G16: 単一回答
A17: 問2 | B17: お子さん（宛名の方）の年齢を教えてください | C17: 6～11歳 | D17: 1 | E17: =IF($F17=0,0,D17/$F17) -> 0.33333333 | F17: =$F$16 -> 3 | G17: 単一回答
A18: 問2 | B18: お子さん（宛名の方）の年齢を教えてください | C18: 12～14歳 | D18: 1 | E18: =IF($F18=0,0,D18/$F18) -> 0.33333333 | F18: =$F$16 -> 3 | G18: 単一回答
A19: 問2 | B19: お子さん（宛名の方）の年齢を教えてください | C19: 15～17歳 | D19: 1 | E19: =IF($F19=0,0,D19/$F19) -> 0.33333333 | F19: =$F$16 -> 3 | G19: 単一回答
A20: 問2 | B20: お子さん（宛名の方）の年齢を教えてください | C20: 無回答 | D20: 0 | E20: =IF($F20=0,0,D20/$F20) -> 0 | F20: =$F$16 -> 3 | G20: 単一回答
A21: 問3 | B21: あなたのお住まいの地区を教えてください | C21: 北山地区 | D21: 2 | E21: =IF($F21=0,0,D21/$F21) -> 0.66666667 | F21: 3 | G21: 単一回答
A22: 問3 | B22: あなたのお住まいの地区を教えてください | C22: 大塩地区 | D22: 0 | E22: =IF($F22=0,0,D22/$F22) -> 0 | F22: =$F$21 -> 3 | G22: 単一回答
A23: 問3 | B23: あなたのお住まいの地区を教えてください | C23: 桧原地区 | D23: 0 | E23: =IF($F23=0,0,D23/$F23) -> 0 | F23: =$F$21 -> 3 | G23: 単一回答
A24: 問3 | B24: あなたのお住まいの地区を教えてください | C24: 裏磐梯地区 | D24: 1 | E24: =IF($F24=0,0,D24/$F24) -> 0.33333333 | F24: =$F$21 -> 3 | G24: 単一回答
A25: 問3 | B25: あなたのお住まいの地区を教えてください | C25: その他 | D25: 0 | E25: =IF($F25=0,0,D25/$F25) -> 0 | F25: =$F$21 -> 3 | G25: 単一回答
A26: 問3 | B26: あなたのお住まいの地区を教えてください | C26: 無回答 | D26: 0 | E26: =IF($F26=0,0,D26/$F26) -> 0 | F26: =$F$21 -> 3 | G26: 単一回答
A27: 問4 | B27: あなたの性別を教えてください | C27: 男性 | D27: 2 | E27: =IF($F27=0,0,D27/$F27) -> 0.66666667 | F27: 3 | G27: 単一回答
A28: 問4 | B28: あなたの性別を教えてください | C28: 女性 | D28: 1 | E28: =IF($F28=0,0,D28/$F28) -> 0.33333333 | F28: =$F$27 -> 3 | G28: 単一回答
A29: 問4 | B29: あなたの性別を教えてください | C29: 回答しない | D29: 0 | E29: =IF($F29=0,0,D29/$F29) -> 0 | F29: =$F$27 -> 3 | G29: 単一回答
A30: 問4 | B30: あなたの性別を教えてください | C30: 無回答 | D30: 0 | E30: =IF($F30=0,0,D30/$F30) -> 0 | F30: =$F$27 -> 3 | G30: 単一回答
A31: 問5 | B31: お持ちの手帳等を教えてください（あてはまるものすべて） | C31: 身体障がい者手帳 | D31: 2 | E31: =IF($F31=0,0,D31/$F31) -> 0.66666667 | F31: 3 | G31: 複数回答
A32: 問5 | B32: お持ちの手帳等を教えてください（あてはまるものすべて） | C32: 療育手帳 | D32: 1 | E32: =IF($F32=0,0,D32/$F32) -> 0.33333333 | F32: =$F$31 -> 3 | G32: 複数回答
A33: 問5 | B33: お持ちの手帳等を教えてください（あてはまるものすべて） | C33: 精神障がい者保健福祉手帳 | D33: 1 | E33: =IF($F33=0,0,D33/$F33) -> 0.33333333 | F33: =$F$31 -> 3 | G33: 複数回答
A34: 問5 | B34: お持ちの手帳等を教えてください（あてはまるものすべて） | C34: 難病に関する医療受給者証等 | D34: 0 | E34: =IF($F34=0,0,D34/$F34) -> 0 | F34: =$F$31 -> 3 | G34: 複数回答
A35: 問5 | B35: お持ちの手帳等を教えてください（あてはまるものすべて） | C35: 手帳等は持っていないが障がい福祉サービスを利用している | D35: 0 | E35: =IF($F35=0,0,D35/$F35) -> 0 | F35: =$F$31 -> 3 | G35: 複数回答
A36: 問5 | B36: お持ちの手帳等を教えてください（あてはまるものすべて） | C36: その他 | D36: 0 | E36: =IF($F36=0,0,D36/$F36) -> 0 | F36: =$F$31 -> 3 | G36: 複数回答
A37: 問5 | B37: お持ちの手帳等を教えてください（あてはまるものすべて） | C37: 無回答 | D37: 1 | E37: =IF($F37=0,0,D37/$F37) -> 0.33333333 | F37: =$F$31 -> 3 | G37: 複数回答
A38: 問6 | B38: 主たる障がい種別を1つ選ぶとすれば、どれにあたりますか | C38: 身体障がい | D38: 1 | E38: =IF($F38=0,0,D38/$F38) -> 0.33333333 | F38: 3 | G38: 単一回答
A39: 問6 | B39: 主たる障がい種別を1つ選ぶとすれば、どれにあたりますか | C39: 知的障がい | D39: 1 | E39: =IF($F39=0,0,D39/$F39) -> 0.33333333 | F39: =$F$38 -> 3 | G39: 単一回答
A40: 問6 | B40: 主たる障がい種別を1つ選ぶとすれば、どれにあたりますか | C40: 精神障がい | D40: 0 | E40: =IF($F40=0,0,D40/$F40) -> 0 | F40: =$F$38 -> 3 | G40: 単一回答
A41: 問6 | B41: 主たる障がい種別を1つ選ぶとすれば、どれにあたりますか | C41: 発達障がい | D41: 1 | E41: =IF($F41=0,0,D41/$F41) -> 0.33333333 | F41: =$F$38 -> 3 | G41: 単一回答
A42: 問6 | B42: 主たる障がい種別を1つ選ぶとすれば、どれにあたりますか | C42: 難病 | D42: 0 | E42: =IF($F42=0,0,D42/$F42) -> 0 | F42: =$F$38 -> 3 | G42: 単一回答
A43: 問6 | B43: 主たる障がい種別を1つ選ぶとすれば、どれにあたりますか | C43: 高次脳機能障がい | D43: 0 | E43: =IF($F43=0,0,D43/$F43) -> 0 | F43: =$F$38 -> 3 | G43: 単一回答
A44: 問6 | B44: 主たる障がい種別を1つ選ぶとすれば、どれにあたりますか | C44: 重症心身障がい | D44: 0 | E44: =IF($F44=0,0,D44/$F44) -> 0 | F44: =$F$38 -> 3 | G44: 単一回答
A45: 問6 | B45: 主たる障がい種別を1つ選ぶとすれば、どれにあたりますか | C45: わからない・その他 | D45: 0 | E45: =IF($F45=0,0,D45/$F45) -> 0 | F45: =$F$38 -> 3 | G45: 単一回答
A46: 問6 | B46: 主たる障がい種別を1つ選ぶとすれば、どれにあたりますか | C46: 無回答 | D46: 0 | E46: =IF($F46=0,0,D46/$F46) -> 0 | F46: =$F$38 -> 3 | G46: 単一回答
A47: 問7 | B47: 障害児通所支援等の支給決定を受けていますか | C47: 受けている | D47: 2 | E47: =IF($F47=0,0,D47/$F47) -> 0.66666667 | F47: 3 | G47: 単一回答
A48: 問7 | B48: 障害児通所支援等の支給決定を受けていますか | C48: 受けていない | D48: 1 | E48: =IF($F48=0,0,D48/$F48) -> 0.33333333 | F48: =$F$47 -> 3 | G48: 単一回答
A49: 問7 | B49: 障害児通所支援等の支給決定を受けていますか | C49: わからない | D49: 0 | E49: =IF($F49=0,0,D49/$F49) -> 0 | F49: =$F$47 -> 3 | G49: 単一回答
A50: 問7 | B50: 障害児通所支援等の支給決定を受けていますか | C50: 無回答 | D50: 0 | E50: =IF($F50=0,0,D50/$F50) -> 0 | F50: =$F$47 -> 3 | G50: 単一回答
A51: 問8 | B51: 日常生活でお子さんの主な支援・介助・見守りをしている方はどなたですか | C51: 介助は必要ない | D51: 0 | E51: =IF($F51=0,0,D51/$F51) -> 0 | F51: 3 | G51: 単一回答
A52: 問8 | B52: 日常生活でお子さんの主な支援・介助・見守りをしている方はどなたですか | C52: 親 | D52: 3 | E52: =IF($F52=0,0,D52/$F52) -> 1 | F52: =$F$51 -> 3 | G52: 単一回答
A53: 問8 | B53: 日常生活でお子さんの主な支援・介助・見守りをしている方はどなたですか | C53: 兄弟姉妹 | D53: 0 | E53: =IF($F53=0,0,D53/$F53) -> 0 | F53: =$F$51 -> 3 | G53: 単一回答
A54: 問8 | B54: 日常生活でお子さんの主な支援・介助・見守りをしている方はどなたですか | C54: 祖父母 | D54: 0 | E54: =IF($F54=0,0,D54/$F54) -> 0 | F54: =$F$51 -> 3 | G54: 単一回答
A55: 問8 | B55: 日常生活でお子さんの主な支援・介助・見守りをしている方はどなたですか | C55: その他の親族 | D55: 0 | E55: =IF($F55=0,0,D55/$F55) -> 0 | F55: =$F$51 -> 3 | G55: 単一回答
A56: 問8 | B56: 日常生活でお子さんの主な支援・介助・見守りをしている方はどなたですか | C56: ホームヘルパー等 | D56: 0 | E56: =IF($F56=0,0,D56/$F56) -> 0 | F56: =$F$51 -> 3 | G56: 単一回答
A57: 問8 | B57: 日常生活でお子さんの主な支援・介助・見守りをしている方はどなたですか | C57: 保育所・幼稚園・認定こども園・学校の職員 | D57: 0 | E57: =IF($F57=0,0,D57/$F57) -> 0 | F57: =$F$51 -> 3 | G57: 単一回答
A58: 問8 | B58: 日常生活でお子さんの主な支援・介助・見守りをしている方はどなたですか | C58: 障がい福祉サービス・障がい児通所支援事業所などの職員 | D58: 0 | E58: =IF($F58=0,0,D58/$F58) -> 0 | F58: =$F$51 -> 3 | G58: 単一回答
A59: 問8 | B59: 日常生活でお子さんの主な支援・介助・見守りをしている方はどなたですか | C59: その他 | D59: 0 | E59: =IF($F59=0,0,D59/$F59) -> 0 | F59: =$F$51 -> 3 | G59: 単一回答
A60: 問8 | B60: 日常生活でお子さんの主な支援・介助・見守りをしている方はどなたですか | C60: 無回答 | D60: 0 | E60: =IF($F60=0,0,D60/$F60) -> 0 | F60: =$F$51 -> 3 | G60: 単一回答
A61: 問9 | B61: お子さんは現在、どのように暮らしていますか（あてはまるものすべて） | C61: 自宅で家族と暮らしている | D61: 3 | E61: =IF($F61=0,0,D61/$F61) -> 1 | F61: 3 | G61: 複数回答
A62: 問9 | B62: お子さんは現在、どのように暮らしていますか（あてはまるものすべて） | C62: 病院に入院中 | D62: 0 | E62: =IF($F62=0,0,D62/$F62) -> 0 | F62: =$F$61 -> 3 | G62: 複数回答
A63: 問9 | B63: お子さんは現在、どのように暮らしていますか（あてはまるものすべて） | C63: その他 | D63: 0 | E63: =IF($F63=0,0,D63/$F63) -> 0 | F63: =$F$61 -> 3 | G63: 複数回答
A64: 問9 | B64: お子さんは現在、どのように暮らしていますか（あてはまるものすべて） | C64: 無回答 | D64: 0 | E64: =IF($F64=0,0,D64/$F64) -> 0 | F64: =$F$61 -> 3 | G64: 複数回答
A65: 問10 | B65: 日常生活で困っていることは何ですか（あてはまるものすべて） | C65: 家事 | D65: 1 | E65: =IF($F65=0,0,D65/$F65) -> 0.33333333 | F65: 3 | G65: 複数回答
A66: 問10 | B66: 日常生活で困っていることは何ですか（あてはまるものすべて） | C66: 食事 | D66: 1 | E66: =IF($F66=0,0,D66/$F66) -> 0.33333333 | F66: =$F$65 -> 3 | G66: 複数回答
A67: 問10 | B67: 日常生活で困っていることは何ですか（あてはまるものすべて） | C67: 入浴 | D67: 1 | E67: =IF($F67=0,0,D67/$F67) -> 0.33333333 | F67: =$F$65 -> 3 | G67: 複数回答
A68: 問10 | B68: 日常生活で困っていることは何ですか（あてはまるものすべて） | C68: 排せつ | D68: 1 | E68: =IF($F68=0,0,D68/$F68) -> 0.33333333 | F68: =$F$65 -> 3 | G68: 複数回答
A69: 問10 | B69: 日常生活で困っていることは何ですか（あてはまるものすべて） | C69: 服薬管理 | D69: 1 | E69: =IF($F69=0,0,D69/$F69) -> 0.33333333 | F69: =$F$65 -> 3 | G69: 複数回答
A70: 問10 | B70: 日常生活で困っていることは何ですか（あてはまるものすべて） | C70: 金銭管理 | D70: 1 | E70: =IF($F70=0,0,D70/$F70) -> 0.33333333 | F70: =$F$65 -> 3 | G70: 複数回答
A71: 問10 | B71: 日常生活で困っていることは何ですか（あてはまるものすべて） | C71: 通院 | D71: 1 | E71: =IF($F71=0,0,D71/$F71) -> 0.33333333 | F71: =$F$65 -> 3 | G71: 複数回答
A72: 問10 | B72: 日常生活で困っていることは何ですか（あてはまるものすべて） | C72: 外出・移動 | D72: 1 | E72: =IF($F72=0,0,D72/$F72) -> 0.33333333 | F72: =$F$65 -> 3 | G72: 複数回答
A73: 問10 | B73: 日常生活で困っていることは何ですか（あてはまるものすべて） | C73: 買い物 | D73: 1 | E73: =IF($F73=0,0,D73/$F73) -> 0.33333333 | F73: =$F$65 -> 3 | G73: 複数回答
A74: 問10 | B74: 日常生活で困っていることは何ですか（あてはまるものすべて） | C74: 災害時の避難 | D74: 1 | E74: =IF($F74=0,0,D74/$F74) -> 0.33333333 | F74: =$F$65 -> 3 | G74: 複数回答
A75: 問10 | B75: 日常生活で困っていることは何ですか（あてはまるものすべて） | C75: 相談先がない | D75: 0 | E75: =IF($F75=0,0,D75/$F75) -> 0 | F75: =$F$65 -> 3 | G75: 複数回答
A76: 問10 | B76: 日常生活で困っていることは何ですか（あてはまるものすべて） | C76: 将来の生活 | D76: 3 | E76: =IF($F76=0,0,D76/$F76) -> 1 | F76: =$F$65 -> 3 | G76: 複数回答
A77: 問10 | B77: 日常生活で困っていることは何ですか（あてはまるものすべて） | C77: 特にない | D77: 0 | E77: =IF($F77=0,0,D77/$F77) -> 0 | F77: =$F$65 -> 3 | G77: 複数回答
... A79: 問10 | B79: 日常生活で困っていることは何ですか（あてはまるものすべて） | C79: 無回答 | D79: 0 | E79: =IF($F79=0,0,D79/$F79) -> 0 | F79: =$F$65 -> 3 | G79: 複数回答
A80: 問11 | B80: 18歳になったら、どのような暮らし方を希望しますか | C80: 家族と一緒に暮らしたい | D80: 0 | E80: =IF($F80=0,0,D80/$F80) -> 0 | F80: 3 | G80: 単一回答
A81: 問11 | B81: 18歳になったら、どのような暮らし方を希望しますか | C81: 一人暮らしをしたい | D81: 1 | E81: =IF($F81=0,0,D81/$F81) -> 0.33333333 | F81: =$F$80 -> 3 | G81: 単一回答
A82: 問11 | B82: 18歳になったら、どのような暮らし方を希望しますか | C82: グループホームで暮らしたい | D82: 0 | E82: =IF($F82=0,0,D82/$F82) -> 0 | F82: =$F$80 -> 3 | G82: 単一回答
A83: 問11 | B83: 18歳になったら、どのような暮らし方を希望しますか | C83: 障がい者支援施設等で暮らしたい | D83: 0 | E83: =IF($F83=0,0,D83/$F83) -> 0 | F83: =$F$80 -> 3 | G83: 単一回答
A84: 問11 | B84: 18歳になったら、どのような暮らし方を希望しますか | C84: 病院・施設から地域で暮らしたい | D84: 0 | E84: =IF($F84=0,0,D84/$F84) -> 0 | F84: =$F$80 -> 3 | G84: 単一回答
A85: 問11 | B85: 18歳になったら、どのような暮らし方を希望しますか | C85: まだわからない | D85: 1 | E85: =IF($F85=0,0,D85/$F85) -> 0.33333333 | F85: =$F$80 -> 3 | G85: 単一回答
A86: 問11 | B86: 18歳になったら、どのような暮らし方を希望しますか | C86: その他 | D86: 1 | E86: =IF($F86=0,0,D86/$F86) -> 0.33333333 | F86: =$F$80 -> 3 | G86: 単一回答
A87: 問11 | B87: 18歳になったら、どのような暮らし方を希望しますか | C87: 無回答 | D87: 0 | E87: =IF($F87=0,0,D87/$F87) -> 0 | F87: =$F$80 -> 3 | G87: 単一回答
A88: 問12 | B88: 外出の頻度を教えてください | C88: ほぼ毎日 | D88: 1 | E88: =IF($F88=0,0,D88/$F88) -> 0.33333333 | F88: 3 | G88: 単一回答
A89: 問12 | B89: 外出の頻度を教えてください | C89: 週に2～4回 | D89: 1 | E89: =IF($F89=0,0,D89/$F89) -> 0.33333333 | F89: =$F$88 -> 3 | G89: 単一回答
A90: 問12 | B90: 外出の頻度を教えてください | C90: 週に1回程度 | D90: 1 | E90: =IF($F90=0,0,D90/$F90) -> 0.33333333 | F90: =$F$88 -> 3 | G90: 単一回答
A91: 問12 | B91: 外出の頻度を教えてください | C91: 月に数回 | D91: 0 | E91: =IF($F91=0,0,D91/$F91) -> 0 | F91: =$F$88 -> 3 | G91: 単一回答
A92: 問12 | B92: 外出の頻度を教えてください | C92: ほとんど外出しない | D92: 0 | E92: =IF($F92=0,0,D92/$F92) -> 0 | F92: =$F$88 -> 3 | G92: 単一回答
A93: 問12 | B93: 外出の頻度を教えてください | C93: 無回答 | D93: 0 | E93: =IF($F93=0,0,D93/$F93) -> 0 | F93: =$F$88 -> 3 | G93: 単一回答
A94: 問13 | B94: 外出時の主な移動手段を教えてください（あてはまるものすべて） | C94: 家族の送迎 | D94: 3 | E94: =IF($F94=0,0,D94/$F94) -> 1 | F94: 3 | G94: 複数回答
A95: 問13 | B95: 外出時の主な移動手段を教えてください（あてはまるものすべて） | C95: 徒歩 | D95: 2 | E95: =IF($F95=0,0,D95/$F95) -> 0.66666667 | F95: =$F$94 -> 3 | G95: 複数回答
A96: 問13 | B96: 外出時の主な移動手段を教えてください（あてはまるものすべて） | C96: 自転車 | D96: 1 | E96: =IF($F96=0,0,D96/$F96) -> 0.33333333 | F96: =$F$94 -> 3 | G96: 複数回答
A97: 問13 | B97: 外出時の主な移動手段を教えてください（あてはまるものすべて） | C97: 路線バス | D97: 1 | E97: =IF($F97=0,0,D97/$F97) -> 0.33333333 | F97: =$F$94 -> 3 | G97: 複数回答
A98: 問13 | B98: 外出時の主な移動手段を教えてください（あてはまるものすべて） | C98: タクシー | D98: 0 | E98: =IF($F98=0,0,D98/$F98) -> 0 | F98: =$F$94 -> 3 | G98: 複数回答
A99: 問13 | B99: 外出時の主な移動手段を教えてください（あてはまるものすべて） | C99: 福祉タクシー等 | D99: 0 | E99: =IF($F99=0,0,D99/$F99) -> 0 | F99: =$F$94 -> 3 | G99: 複数回答
A100: 問13 | B100: 外出時の主な移動手段を教えてください（あてはまるものすべて） | C100: 事業所・施設の送迎 | D100: 0 | E100: =IF($F100=0,0,D100/$F100) -> 0 | F100: =$F$94 -> 3 | G100: 複数回答
A101: 問13 | B101: 外出時の主な移動手段を教えてください（あてはまるものすべて） | C101: その他 | D101: 0 | E101: =IF($F101=0,0,D101/$F101) -> 0 | F101: =$F$94 -> 3 | G101: 複数回答
A102: 問13 | B102: 外出時の主な移動手段を教えてください（あてはまるものすべて） | C102: 無回答 | D102: 0 | E102: =IF($F102=0,0,D102/$F102) -> 0 | F102: =$F$94 -> 3 | G102: 複数回答
...

Sheet 集計_障がい別
A1: 障がい者調査 障がい別集計（入力データ）
A2: 障がい別は、第７期計画策定時の調査と同様に、問5で所持していると回答した手帳により区分しています（身体障がい者手帳＝身体障がい、療育手帳＝知的障がい、精神障がい者保健福祉手帳＝精神障がい）。複数の手帳を所持している方は各区分に計上。斜体が入力値（件数・回答者数）、割合は各区分の回答者数を基数とする計算式です。
A4: 設問番号 | B4: 設問 | C4: 選択肢 | D4: 身体障がい （件数） | E4: 知的障がい （件数） | F4: 精神障がい （件数） | G4: 身体障がい （割合） | H4: 知的障がい （割合） | I4: 精神障がい （割合）
C5: 回答者数（n） | D5: 29 | E5: 2 | F5: 6
A6: 問1 | B6: この調査票を記入された方はどなたですか | C6: 宛名のご本人 | D6: 18 | E6: 0 | F6: 4 | G6: =IF(D$5=0,0,D6/D$5) -> 0.62068966 | H6: =IF(E$5=0,0,E6/E$5) -> 0 | I6: =IF(F$5=0,0,F6/F$5) -> 0.66666667
A7: 問1 | C7: ご家族 | D7: 8 | E7: 0 | F7: 1 | G7: =IF(D$5=0,0,D7/D$5) -> 0.27586207 | H7: =IF(E$5=0,0,E7/E$5) -> 0 | I7: =IF(F$5=0,0,F7/F$5) -> 0.16666667
A8: 問1 | C8: 支援者・事業所職員 | D8: 3 | E8: 2 | F8: 0 | G8: =IF(D$5=0,0,D8/D$5) -> 0.10344828 | H8: =IF(E$5=0,0,E8/E$5) -> 1 | I8: =IF(F$5=0,0,F8/F$5) -> 0
A9: 問1 | C9: その他 | D9: 0 | E9: 0 | F9: 1 | G9: =IF(D$5=0,0,D9/D$5) -> 0 | H9: =IF(E$5=0,0,E9/E$5) -> 0 | I9: =IF(F$5=0,0,F9/F$5) -> 0.16666667
A10: 問1 | C10: 無回答 | D10: 0 | E10: 0 | F10: 0 | G10: =IF(D$5=0,0,D10/D$5) -> 0 | H10: =IF(E$5=0,0,E10/E$5) -> 0 | I10: =IF(F$5=0,0,F10/F$5) -> 0
A11: 問1-2 | B11: この回答は、宛名のご本人の意向をどのように反映していますか | C11: 本人が回答した | D11: 16 | E11: 0 | F11: 4 | G11: =IF(D$5=0,0,D11/D$5) -> 0.55172414 | H11: =IF(E$5=0,0,E11/E$5) -> 0 | I11: =IF(F$5=0,0,F11/F$5) -> 0.66666667
A12: 問1-2 | C12: 本人に確認して代理記入した | D12: 7 | E12: 0 | F12: 1 | G12: =IF(D$5=0,0,D12/D$5) -> 0.24137931 | H12: =IF(E$5=0,0,E12/E$5) -> 0 | I12: =IF(F$5=0,0,F12/F$5) -> 0.16666667
A13: 問1-2 | C13: 本人の様子や日頃の意向を踏まえて代理記入した | D13: 1 | E13: 0 | F13: 1 | G13: =IF(D$5=0,0,D13/D$5) -> 0.034482759 | H13: =IF(E$5=0,0,E13/E$5) -> 0 | I13: =IF(F$5=0,0,F13/F$5) -> 0.16666667
A14: 問1-2 | C14: 本人に確認することが難しく、家族・支援者の判断で記入した | D14: 5 | E14: 2 | F14: 0 | G14: =IF(D$5=0,0,D14/D$5) -> 0.17241379 | H14: =IF(E$5=0,0,E14/E$5) -> 1 | I14: =IF(F$5=0,0,F14/F$5) -> 0
A15: 問1-2 | C15: その他 | D15: 0 | E15: 0 | F15: 0 | G15: =IF(D$5=0,0,D15/D$5) -> 0 | H15: =IF(E$5=0,0,E15/E$5) -> 0 | I15: =IF(F$5=0,0,F15/F$5) -> 0
A16: 問1-2 | C16: 無回答 | D16: 0 | E16: 0 | F16: 0 | G16: =IF(D$5=0,0,D16/D$5) -> 0 | H16: =IF(E$5=0,0,E16/E$5) -> 0 | I16: =IF(F$5=0,0,F16/F$5) -> 0
A17: 問2 | B17: あなた（宛名の方）の年齢を教えてください | C17: 18～29歳 | D17: 0 | E17: 0 | F17: 0 | G17: =IF(D$5=0,0,D17/D$5) -> 0 | H17: =IF(E$5=0,0,E17/E$5) -> 0 | I17: =IF(F$5=0,0,F17/F$5) -> 0
A18: 問2 | C18: 30～39歳 | D18: 1 | E18: 0 | F18: 2 | G18: =IF(D$5=0,0,D18/D$5) -> 0.034482759 | H18: =IF(E$5=0,0,E18/E$5) -> 0 | I18: =IF(F$5=0,0,F18/F$5) -> 0.33333333
A19: 問2 | C19: 40～49歳 | D19: 1 | E19: 0 | F19: 1 | G19: =IF(D$5=0,0,D19/D$5) -> 0.034482759 | H19: =IF(E$5=0,0,E19/E$5) -> 0 | I19: =IF(F$5=0,0,F19/F$5) -> 0.16666667
A20: 問2 | C20: 50～64歳 | D20: 5 | E20: 1 | F20: 2 | G20: =IF(D$5=0,0,D20/D$5) -> 0.17241379 | H20: =IF(E$5=0,0,E20/E$5) -> 0.5 | I20: =IF(F$5=0,0,F20/F$5) -> 0.33333333
A21: 問2 | C21: 65歳以上 | D21: 21 | E21: 1 | F21: 1 | G21: =IF(D$5=0,0,D21/D$5) -> 0.72413793 | H21: =IF(E$5=0,0,E21/E$5) -> 0.5 | I21: =IF(F$5=0,0,F21/F$5) -> 0.16666667
A22: 問2 | C22: 無回答 | D22: 1 | E22: 0 | F22: 0 | G22: =IF(D$5=0,0,D22/D$5) -> 0.034482759 | H22: =IF(E$5=0,0,E22/E$5) -> 0 | I22: =IF(F$5=0,0,F22/F$5) -> 0
A23: 問3 | B23: あなたのお住まいの地区を教えてください | C23: 北山地区 | D23: 14 | E23: 1 | F23: 2 | G23: =IF(D$5=0,0,D23/D$5) -> 0.48275862 | H23: =IF(E$5=0,0,E23/E$5) -> 0.5 | I23: =IF(F$5=0,0,F23/F$5) -> 0.33333333
A24: 問3 | C24: 大塩地区 | D24: 4 | E24: 1 | F24: 1 | G24: =IF(D$5=0,0,D24/D$5) -> 0.13793103 | H24: =IF(E$5=0,0,E24/E$5) -> 0.5 | I24: =IF(F$5=0,0,F24/F$5) -> 0.16666667
A25: 問3 | C25: 桧原地区 | D25: 3 | E25: 0 | F25: 0 | G25: =IF(D$5=0,0,D25/D$5) -> 0.10344828 | H25: =IF(E$5=0,0,E25/E$5) -> 0 | I25: =IF(F$5=0,0,F25/F$5) -> 0
A26: 問3 | C26: 裏磐梯地区 | D26: 8 | E26: 0 | F26: 2 | G26: =IF(D$5=0,0,D26/D$5) -> 0.27586207 | H26: =IF(E$5=0,0,E26/E$5) -> 0 | I26: =IF(F$5=0,0,F26/F$5) -> 0.33333333
A27: 問3 | C27: その他 | D27: 0 | E27: 0 | F27: 1 | G27: =IF(D$5=0,0,D27/D$5) -> 0 | H27: =IF(E$5=0,0,E27/E$5) -> 0 | I27: =IF(F$5=0,0,F27/F$5) -> 0.16666667
A28: 問3 | C28: 無回答 | D28: 0 | E28: 0 | F28: 0 | G28: =IF(D$5=0,0,D28/D$5) -> 0 | H28: =IF(E$5=0,0,E28/E$5) -> 0 | I28: =IF(F$5=0,0,F28/F$5) -> 0
A29: 問4 | B29: あなたの性別を教えてください | C29: 男性 | D29: 10 | E29: 1 | F29: 5 | G29: =IF(D$5=0,0,D29/D$5) -> 0.34482759 | H29: =IF(E$5=0,0,E29/E$5) -> 0.5 | I29: =IF(F$5=0,0,F29/F$5) -> 0.83333333
A30: 問4 | C30: 女性 | D30: 19 | E30: 1 | F30: 1 | G30: =IF(D$5=0,0,D30/D$5) -> 0.65517241 | H30: =IF(E$5=0,0,E30/E$5) -> 0.5 | I30: =IF(F$5=0,0,F30/F$5) -> 0.16666667
A31: 問4 | C31: 回答しない | D31: 0 | E31: 0 | F31: 0 | G31: =IF(D$5=0,0,D31/D$5) -> 0 | H31: =IF(E$5=0,0,E31/E$5) -> 0 | I31: =IF(F$5=0,0,F31/F$5) -> 0
A32: 問4 | C32: 無回答 | D32: 0 | E32: 0 | F32: 0 | G32: =IF(D$5=0,0,D32/D$5) -> 0 | H32: =IF(E$5=0,0,E32/E$5) -> 0 | I32: =IF(F$5=0,0,F32/F$5) -> 0
A33: 問5 | B33: お持ちの手帳等を教えてください（あてはまるものすべて） | C33: 身体障がい者手帳 | D33: 29 | E33: 1 | F33: 0 | G33: =IF(D$5=0,0,D33/D$5) -> 1 | H33: =IF(E$5=0,0,E33/E$5) -> 0.5 | I33: =IF(F$5=0,0,F33/F$5) -> 0
A34: 問5 | C34: 療育手帳 | D34: 1 | E34: 2 | F34: 0 | G34: =IF(D$5=0,0,D34/D$5) -> 0.034482759 | H34: =IF(E$5=0,0,E34/E$5) -> 1 | I34: =IF(F$5=0,0,F34/F$5) -> 0
A35: 問5 | C35: 精神障がい者保健福祉手帳 | D35: 0 | E35: 0 | F35: 6 | G35: =IF(D$5=0,0,D35/D$5) -> 0 | H35: =IF(E$5=0,0,E35/E$5) -> 0 | I35: =IF(F$5=0,0,F35/F$5) -> 1
A36: 問5 | C36: 自立支援医療受給者証 | D36: 3 | E36: 0 | F36: 1 | G36: =IF(D$5=0,0,D36/D$5) -> 0.10344828 | H36: =IF(E$5=0,0,E36/E$5) -> 0 | I36: =IF(F$5=0,0,F36/F$5) -> 0.16666667
A37: 問5 | C37: 難病に関する医療受給者証等 | D37: 0 | E37: 0 | F37: 0 | G37: =IF(D$5=0,0,D37/D$5) -> 0 | H37: =IF(E$5=0,0,E37/E$5) -> 0 | I37: =IF(F$5=0,0,F37/F$5) -> 0
A38: 問5 | C38: 手帳等は持っていないが障がい福祉サービスを利用している | D38: 0 | E38: 0 | F38: 0 | G38: =IF(D$5=0,0,D38/D$5) -> 0 | H38: =IF(E$5=0,0,E38/E$5) -> 0 | I38: =IF(F$5=0,0,F38/F$5) -> 0
A39: 問5 | C39: その他 | D39: 1 | E39: 0 | F39: 0 | G39: =IF(D$5=0,0,D39/D$5) -> 0.034482759 | H39: =IF(E$5=0,0,E39/E$5) -> 0 | I39: =IF(F$5=0,0,F39/F$5) -> 0
A40: 問5 | C40: 無回答 | D40: 0 | E40: 0 | F40: 0 | G40: =IF(D$5=0,0,D40/D$5) -> 0 | H40: =IF(E$5=0,0,E40/E$5) -> 0 | I40: =IF(F$5=0,0,F40/F$5) -> 0
A41: 問6 | B41: 主たる障がい種別を1つ選ぶとすれば、どれにあたりますか | C41: 身体障がい | D41: 26 | E41: 0 | F41: 0 | G41: =IF(D$5=0,0,D41/D$5) -> 0.89655172 | H41: =IF(E$5=0,0,E41/E$5) -> 0 | I41: =IF(F$5=0,0,F41/F$5) -> 0
A42: 問6 | C42: 知的障がい | D42: 1 | E42: 2 | F42: 0 | G42: =IF(D$5=0,0,D42/D$5) -> 0.034482759 | H42: =IF(E$5=0,0,E42/E$5) -> 1 | I42: =IF(F$5=0,0,F42/F$5) -> 0
A43: 問6 | C43: 精神障がい | D43: 1 | E43: 0 | F43: 3 | G43: =IF(D$5=0,0,D43/D$5) -> 0.034482759 | H43: =IF(E$5=0,0,E43/E$5) -> 0 | I43: =IF(F$5=0,0,F43/F$5) -> 0.5
A44: 問6 | C44: 発達障がい | D44: 0 | E44: 0 | F44: 3 | G44: =IF(D$5=0,0,D44/D$5) -> 0 | H44: =IF(E$5=0,0,E44/E$5) -> 0 | I44: =IF(F$5=0,0,F44/F$5) -> 0.5
A45: 問6 | C45: 難病 | D45: 0 | E45: 0 | F45: 0 | G45: =IF(D$5=0,0,D45/D$5) -> 0 | H45: =IF(E$5=0,0,E45/E$5) -> 0 | I45: =IF(F$5=0,0,F45/F$5) -> 0
A46: 問6 | C46: 高次脳機能障がい | D46: 0 | E46: 0 | F46: 0 | G46: =IF(D$5=0,0,D46/D$5) -> 0 | H46: =IF(E$5=0,0,E46/E$5) -> 0 | I46: =IF(F$5=0,0,F46/F$5) -> 0
A47: 問6 | C47: 重症心身障がい | D47: 0 | E47: 0 | F47: 0 | G47: =IF(D$5=0,0,D47/D$5) -> 0 | H47: =IF(E$5=0,0,E47/E$5) -> 0 | I47: =IF(F$5=0,0,F47/F$5) -> 0
A48: 問6 | C48: わからない・その他 | D48: 1 | E48: 0 | F48: 0 | G48: =IF(D$5=0,0,D48/D$5) -> 0.034482759 | H48: =IF(E$5=0,0,E48/E$5) -> 0 | I48: =IF(F$5=0,0,F48/F$5) -> 0
A49: 問6 | C49: 無回答 | D49: 0 | E49: 0 | F49: 0 | G49: =IF(D$5=0,0,D49/D$5) -> 0 | H49: =IF(E$5=0,0,E49/E$5) -> 0 | I49: =IF(F$5=0,0,F49/F$5) -> 0
A50: 問7 | B50: 現在、どこで暮らしていますか | C50: 自宅で家族と暮らしている | D50: 19 | E50: 0 | F50: 4 | G50: =IF(D$5=0,0,D50/D$5) -> 0.65517241 | H50: =IF(E$5=0,0,E50/E$5) -> 0 | I50: =IF(F$5=0,0,F50/F$5) -> 0.66666667
A51: 問7 | C51: 自宅で一人暮らし | D51: 5 | E51: 0 | F51: 0 | G51: =IF(D$5=0,0,D51/D$5) -> 0.17241379 | H51: =IF(E$5=0,0,E51/E$5) -> 0 | I51: =IF(F$5=0,0,F51/F$5) -> 0
A52: 問7 | C52: グループホーム | D52: 1 | E52: 0 | F52: 2 | G52: =IF(D$5=0,0,D52/D$5) -> 0.034482759 | H52: =IF(E$5=0,0,E52/E$5) -> 0 | I52: =IF(F$5=0,0,F52/F$5) -> 0.33333333
A53: 問7 | C53: 障がい者支援施設 | D53: 1 | E53: 2 | F53: 0 | G53: =IF(D$5=0,0,D53/D$5) -> 0.034482759 | H53: =IF(E$5=0,0,E53/E$5) -> 1 | I53: =IF(F$5=0,0,F53/F$5) -> 0
A54: 問7 | C54: 病院に入院中 | D54: 1 | E54: 0 | F54: 0 | G54: =IF(D$5=0,0,D54/D$5) -> 0.034482759 | H54: =IF(E$5=0,0,E54/E$5) -> 0 | I54: =IF(F$5=0,0,F54/F$5) -> 0
A55: 問7 | C55: 高齢者施設等 | D55: 1 | E55: 0 | F55: 0 | G55: =IF(D$5=0,0,D55/D$5) -> 0.034482759 | H55: =IF(E$5=0,0,E55/E$5) -> 0 | I55: =IF(F$5=0,0,F55/F$5) -> 0
A56: 問7 | C56: その他 | D56: 0 | E56: 0 | F56: 0 | G56: =IF(D$5=0,0,D56/D$5) -> 0 | H56: =IF(E$5=0,0,E56/E$5) -> 0 | I56: =IF(F$5=0,0,F56/F$5) -> 0
A57: 問7 | C57: 無回答 | D57: 1 | E57: 0 | F57: 0 | G57: =IF(D$5=0,0,D57/D$5) -> 0.034482759 | H57: =IF(E$5=0,0,E57/E$5) -> 0 | I57: =IF(F$5=0,0,F57/F$5) -> 0
A58: 問8 | B58: 現在一緒に暮らしている方を教えてください（あてはまるものすべて） | C58: 一人暮らし | D58: 5 | E58: 1 | F58: 0 | G58: =IF(D$5=0,0,D58/D$5) -> 0.17241379 | H58: =IF(E$5=0,0,E58/E$5) -> 0.5 | I58: =IF(F$5=0,0,F58/F$5) -> 0
A59: 問8 | C59: 配偶者 | D59: 13 | E59: 0 | F59: 0 | G59: =IF(D$5=0,0,D59/D$5) -> 0.44827586 | H59: =IF(E$5=0,0,E59/E$5) -> 0 | I59: =IF(F$5=0,0,F59/F$5) -> 0
A60: 問8 | C60: 親 | D60: 3 | E60: 0 | F60: 4 | G60: =IF(D$5=0,0,D60/D$5) -> 0.10344828 | H60: =IF(E$5=0,0,E60/E$5) -> 0 | I60: =IF(F$5=0,0,F60/F$5) -> 0.66666667
A61: 問8 | C61: 子ども | D61: 11 | E61: 0 | F61: 0 | G61: =IF(D$5=0,0,D61/D$5) -> 0.37931034 | H61: =IF(E$5=0,0,E61/E$5) -> 0 | I61: =IF(F$5=0,0,F61/F$5) -> 0
A62: 問8 | C62: 兄弟姉妹 | D62: 1 | E62: 0 | F62: 1 | G62: =IF(D$5=0,0,D62/D$5) -> 0.034482759 | H62: =IF(E$5=0,0,E62/E$5) -> 0 | I62: =IF(F$5=0,0,F62/F$5) -> 0.16666667
A63: 問8 | C63: 祖父母 | D63: 1 | E63: 0 | F63: 0 | G63: =IF(D$5=0,0,D63/D$5) -> 0.034482759 | H63: =IF(E$5=0,0,E63/E$5) -> 0 | I63: =IF(F$5=0,0,F63/F$5) -> 0
A64: 問8 | C64: その他 | D64: 0 | E64: 1 | F64: 2 | G64: =IF(D$5=0,0,D64/D$5) -> 0 | H64: =IF(E$5=0,0,E64/E$5) -> 0.5 | I64: =IF(F$5=0,0,F64/F$5) -> 0.33333333
A65: 問8 | C65: 無回答 | D65: 3 | E65: 0 | F65: 0 | G65: =IF(D$5=0,0,D65/D$5) -> 0.10344828 | H65: =IF(E$5=0,0,E65/E$5) -> 0 | I65: =IF(F$5=0,0,F65/F$5) -> 0
A66: 問9 | B66: 日常生活で主に支援・介助してくれる方はどなたですか（あてはまるものすべて） | C66: 介助は必要ない | D66: 14 | E66: 0 | F66: 1 | G66: =IF(D$5=0,0,D66/D$5) -> 0.48275862 | H66: =IF(E$5=0,0,E66/E$5) -> 0 | I66: =IF(F$5=0,0,F66/F$5) -> 0.16666667
A67: 問9 | C67: 親 | D67: 2 | E67: 0 | F67: 3 | G67: =IF(D$5=0,0,D67/D$5) -> 0.068965517 | H67: =IF(E$5=0,0,E67/E$5) -> 0 | I67: =IF(F$5=0,0,F67/F$5) -> 0.5
A68: 問9 | C68: 配偶者 | D68: 6 | E68: 0 | F68: 0 | G68: =IF(D$5=0,0,D68/D$5) -> 0.20689655 | H68: =IF(E$5=0,0,E68/E$5) -> 0 | I68: =IF(F$5=0,0,F68/F$5) -> 0
A69: 問9 | C69: 子ども | D69: 9 | E69: 0 | F69: 0 | G69: =IF(D$5=0,0,D69/D$5) -> 0.31034483 | H69: =IF(E$5=0,0,E69/E$5) -> 0 | I69: =IF(F$5=0,0,F69/F$5) -> 0
A70: 問9 | C70: 兄弟姉妹 | D70: 0 | E70: 0 | F70: 0 | G70: =IF(D$5=0,0,D70/D$5) -> 0 | H70: =IF(E$5=0,0,E70/E$5) -> 0 | I70: =IF(F$5=0,0,F70/F$5) -> 0
A71: 問9 | C71: その他の親族 | D71: 1 | E71: 0 | F71: 0 | G71: =IF(D$5=0,0,D71/D$5) -> 0.034482759 | H71: =IF(E$5=0,0,E71/E$5) -> 0 | I71: =IF(F$5=0,0,F71/F$5) -> 0
A72: 問9 | C72: ホームヘルパー等 | D72: 2 | E72: 0 | F72: 0 | G72: =IF(D$5=0,0,D72/D$5) -> 0.068965517 | H72: =IF(E$5=0,0,E72/E$5) -> 0 | I72: =IF(F$5=0,0,F72/F$5) -> 0
A73: 問9 | C73: 施設・事業所職員 | D73: 4 | E73: 2 | F73: 2 | G73: =IF(D$5=0,0,D73/D$5) -> 0.13793103 | H73: =IF(E$5=0,0,E73/E$5) -> 1 | I73: =IF(F$5=0,0,F73/F$5) -> 0.33333333
A74: 問9 | C74: 主な支援者はいない | D74: 1 | E74: 0 | F74: 0 | G74: =IF(D$5=0,0,D74/D$5) -> 0.034482759 | H74: =IF(E$5=0,0,E74/E$5) -> 0 | I74: =IF(F$5=0,0,F74/F$5) -> 0
A75: 問9 | C75: その他 | D75: 0 | E75: 0 | F75: 0 | G75: =IF(D$5=0,0,D75/D$5) -> 0 | H75: =IF(E$5=0,0,E75/E$5) -> 0 | I75: =IF(F$5=0,0,F75/F$5) -> 0
A76: 問9 | C76: 無回答 | D76: 1 | E76: 0 | F76: 0 | G76: =IF(D$5=0,0,D76/D$5) -> 0.034482759 | H76: =IF(E$5=0,0,E76/E$5) -> 0 | I76: =IF(F$5=0,0,F76/F$5) -> 0
A77: 問10 | B77: 日常生活で困っていることは何ですか（あてはまるものすべて） | C77: 家事 | D77: 0 | E77: 1 | F77: 0 | G77: =IF(D$5=0,0,D77/D$5) -> 0 | H77: =IF(E$5=0,0,E77/E$5) -> 0.5 | I77: =IF(F$5=0,0,F77/F$5) -> 0
A78: 問10 | C78: 食事 | D78: 3 | E78: 1 | F78: 0 | G78: =IF(D$5=0,0,D78/D$5) -> 0.10344828 | H78: =IF(E$5=0,0,E78/E$5) -> 0.5 | I78: =IF(F$5=0,0,F78/F$5) -> 0
A79: 問10 | C79: 入浴 | D79: 3 | E79: 1 | F79: 0 | G79: =IF(D$5=0,0,D79/D$5) -> 0.10344828 | H79: =IF(E$5=0,0,E79/E$5) -> 0.5 | I79: =IF(F$5=0,0,F79/F$5) -> 0
A80: 問10 | C80: 排せつ | D80: 2 | E80: 0 | F80: 0 | G80: =IF(D$5=0,0,D80/D$5) -> 0.068965517 | H80: =IF(E$5=0,0,E80/E$5) -> 0 | I80: =IF(F$5=0,0,F80/F$5) -> 0
A81: 問10 | C81: 服薬管理 | D81: 4 | E81: 1 | F81: 0 | G81: =IF(D$5=0,0,D81/D$5) -> 0.13793103 | H81: =IF(E$5=0,0,E81/E$5) -> 0.5 | I81: =IF(F$5=0,0,F81/F$5) -> 0
A82: 問10 | C82: 金銭管理 | D82: 1 | E82: 1 | F82: 2 | G82: =IF(D$5=0,0,D82/D$5) -> 0.034482759 | H82: =IF(E$5=0,0,E82/E$5) -> 0.5 | I82: =IF(F$5=0,0,F82/F$5) -> 0.33333333
A83: 問10 | C83: 通院 | D83: 5 | E83: 1 | F83: 1 | G83: =IF(D$5=0,0,D83/D$5) -> 0.17241379 | H83: =IF(E$5=0,0,E83/E$5) -> 0.5 | I83: =IF(F$5=0,0,F83/F$5) -> 0.16666667
A84: 問10 | C84: 外出・移動 | D84: 8 | E84: 2 | F84: 1 | G84: =IF(D$5=0,0,D84/D$5) -> 0.27586207 | H84: =IF(E$5=0,0,E84/E$5) -> 1 | I84: =IF(F$5=0,0,F84/F$5) -> 0.16666667
A85: 問10 | C85: 買い物 | D85: 3 | E85: 1 | F85: 1 | G85: =IF(D$5=0,0,D85/D$5) -> 0.10344828 | H85: =IF(E$5=0,0,E85/E$5) -> 0.5 | I85: =IF(F$5=0,0,F85/F$5) -> 0.16666667
A86: 問10 | C86: 災害時の避難 | D86: 8 | E86: 2 | F86: 1 | G86: =IF(D$5=0,0,D86/D$5) -> 0.27586207 | H86: =IF(E$5=0,0,E86/E$5) -> 1 | I86: =IF(F$5=0,0,F86/F$5) -> 0.16666667
A87: 問10 | C87: 相談先がない | D87: 0 | E87: 0 | F87: 1 | G87: =IF(D$5=0,0,D87/D$5) -> 0 | H87: =IF(E$5=0,0,E87/E$5) -> 0 | I87: =IF(F$5=0,0,F87/F$5) -> 0.16666667
A88: 問10 | C88: 将来の生活 | D88: 7 | E88: 2 | F88: 3 | G88: =IF(D$5=0,0,D88/D$5) -> 0.24137931 | H88: =IF(E$5=0,0,E88/E$5) -> 1 | I88: =IF(F$5=0,0,F88/F$5) -> 0.5
A89: 問10 | C89: 特にない | D89: 9 | E89: 0 | F89: 3 | G89: =IF(D$5=0,0,D89/D$5) -> 0.31034483 | H89: =IF(E$5=0,0,E89/E$5) -> 0 | I89: =IF(F$5=0,0,F89/F$5) -> 0.5
... A91: 問10 | C91: 無回答 | D91: 1 | E91: 0 | F91: 0 | G91: =IF(D$5=0,0,D91/D$5) -> 0.034482759 | H91: =IF(E$5=0,0,E91/E$5) -> 0 | I91: =IF(F$5=0,0,F91/F$5) -> 0
A92: 問11 | B92: 将来、どのような暮らし方を希望しますか | C92: 今の自宅で暮らしたい | D92: 11 | E92: 0 | F92: 3 | G92: =IF(D$5=0,0,D92/D$5) -> 0.37931034 | H92: =IF(E$5=0,0,E92/E$5) -> 0 | I92: =IF(F$5=0,0,F92/F$5) -> 0.5
A93: 問11 | C93: 家族と一緒に暮らしたい | D93: 6 | E93: 0 | F93: 0 | G93: =IF(D$5=0,0,D93/D$5) -> 0.20689655 | H93: =IF(E$5=0,0,E93/E$5) -> 0 | I93: =IF(F$5=0,0,F93/F$5) -> 0
A94: 問11 | C94: 一人暮らしをしたい | D94: 2 | E94: 0 | F94: 0 | G94: =IF(D$5=0,0,D94/D$5) -> 0.068965517 | H94: =IF(E$5=0,0,E94/E$5) -> 0 | I94: =IF(F$5=0,0,F94/F$5) -> 0
A95: 問11 | C95: グループホームで暮らしたい | D95: 0 | E95: 0 | F95: 2 | G95: =IF(D$5=0,0,D95/D$5) -> 0 | H95: =IF(E$5=0,0,E95/E$5) -> 0 | I95: =IF(F$5=0,0,F95/F$5) -> 0.33333333
A96: 問11 | C96: 施設で暮らしたい | D96: 3 | E96: 1 | F96: 0 | G96: =IF(D$5=0,0,D96/D$5) -> 0.10344828 | H96: =IF(E$5=0,0,E96/E$5) -> 0.5 | I96: =IF(F$5=0,0,F96/F$5) -> 0
A97: 問11 | C97: 病院・施設から地域で暮らしたい | D97: 0 | E97: 0 | F97: 0 | G97: =IF(D$5=0,0,D97/D$5) -> 0 | H97: =IF(E$5=0,0,E97/E$5) -> 0 | I97: =IF(F$5=0,0,F97/F$5) -> 0
A98: 問11 | C98: まだわからない | D98: 6 | E98: 1 | F98: 0 | G98: =IF(D$5=0,0,D98/D$5) -> 0.20689655 | H98: =IF(E$5=0,0,E98/E$5) -> 0.5 | I98: =IF(F$5=0,0,F98/F$5) -> 0
A99: 問11 | C99: その他 | D99: 0 | E99: 0 | F99: 1 | G99: =IF(D$5=0,0,D99/D$5) -> 0 | H99: =IF(E$5=0,0,E99/E$5) -> 0 | I99: =IF(F$5=0,0,F99/F$5) -> 0.16666667
A100: 問11 | C100: 無回答 | D100: 1 | E100: 0 | F100: 0 | G100: =IF(D$5=0,0,D100/D$5) -> 0.034482759 | H100: =IF(E$5=0,0,E100/E$5) -> 0 | I100: =IF(F$5=0,0,F100/F$5) -> 0
A101: 問12 | B101: 外出の頻度を教えてください | C101: ほぼ毎日 | D101: 8 | E101: 0 | F101: 2 | G101: =IF(D$5=0,0,D101/D$5) -> 0.27586207 | H101: =IF(E$5=0,0,E101/E$5) -> 0 | I101: =IF(F$5=0,0,F101/F$5) -> 0.33333333
A102: 問12 | C102: 週に2～4回 | D102: 4 | E102: 0 | F102: 2 | G102: =IF(D$5=0,0,D102/D$5) -> 0.13793103 | H102: =IF(E$5=0,0,E102/E$5) -> 0 | I102: =IF(F$5=0,0,F102/F$5) -> 0.33333333
...
