Workbook

Sheet 目次
B1: 北塩原村 障がい福祉に関するアンケート調査 分析報告書 図表データ集（編集用）
B3: ・このブックは、分析報告書に掲載した図表（図61点・表23点）を、Excelで編集できる形式で収録したものです。図表番号は報告書と対応しています。
B4: ・グラフはすべてExcelのグラフ機能で作成しています。色・フォント・ラベル・サイズ等を通常どおり編集でき、そのままWordに貼り付けて使用できます。
B5: ・青字のセルが入力値（件数・回答者数）、黒字のセルは計算式です。「集計_障がい者」「集計_障がい児」シートの件数を修正すると、各章シートの表とグラフに自動で反映されます。
B6: ・第4章のクロス集計は、各表の【件数】欄（青字）が入力値で、【割合】欄は計算式です。
B7: ・割合は表示上、小数点第2位を四捨五入しています。グラフの項目の並び順は、報告書作成時点の件数順で固定しています。
B8: ・出典：北塩原村_障がい福祉アンケート_単純集計_クロス分析.xlsx、北塩原村_障がい児福祉アンケート_単純集計_クロス分析.xlsx（いずれも単純集計・クロス分析シート）
B10: 図表番号 | C10: タイトル | D10: 収録シート | E10: 移動
B11: 表1-1 | C11: 調査の概要 | D11: 1-2章_概要・要点 | E11: → 表示
B12: 表1-2 | C12: 調査項目の構成 | D12: 1-2章_概要・要点 | E12: → 表示
B13: 表2-1 | C13: 障がい者調査の主要指標 | D13: 1-2章_概要・要点 | E13: → 表示
B14: 図3-1 | C14: 調査票の記入者（問1） | D14: 3章_1属性 | E14: → 表示
B15: 図3-2 | C15: 回答への本人意向の反映（問1-2） | D15: 3章_1属性 | E15: → 表示
B16: 図3-3 | C16: 年齢（問2） | D16: 3章_1属性 | E16: → 表示
B17: 図3-4 | C17: お住まいの地区（問3） | D17: 3章_1属性 | E17: → 表示
B18: 図3-5 | C18: 性別（問4） | D18: 3章_1属性 | E18: → 表示
B19: 図3-6 | C19: 所持している手帳等（問5） | D19: 3章_1属性 | E19: → 表示
B20: 図3-7 | C20: 主たる障がい種別（問6） | D20: 3章_1属性 | E20: → 表示
B21: 図3-8 | C21: 現在の暮らしの場（問7） | D21: 3章_1属性 | E21: → 表示
... B96: 入力データ | C96: 障がい児調査 単純集計（入力用） | D96: 集計_障がい児 | E96: → 表示

Sheet 1-2章_概要・要点
B2: 表1-1 調査の概要
B3: 項目 | C3: 障がい者調査 | G3: 障がい児調査
B4: 調査対象 | C4: 村内在住の18歳以上の障がいのある方 【対象要件を記入】 | G4: 村内在住の18歳未満の障がいのある児童とその保護者 【対象要件を記入】
B5: 調査方法 | C5: 【例：郵送配布・郵送回収】 | G5: 【例：郵送配布・郵送回収】
B6: 調査期間 | C6: 令和8年○月○日～令和8年○月○日 | G6: 令和8年○月○日～令和8年○月○日
B7: 配布数 | C7: ○○件 | G7: ○○件
B8: 有効回答数 | C8: 38件 | G8: 3件
B9: 有効回答率 | C9: ○○.○％ | G9: ○○.○％
B10: ※黄色の網掛け部分は、集計データに含まれていないため、実施状況に合わせて記入してください。
B12: 表1-2 調査項目の構成
B13: 分野 | C13: 障がい者調査 | F13: 障がい児調査
B14: 回答者の属性 | C14: 問1～問9 | F14: 問1～問9
B15: 日常生活と将来の暮らし | C15: 問10～問11 | F15: 問10～問11
B16: 外出・移動 | C16: 問12～問14 | F16: 問12～問14
B17: 医療・医療的ケア等 | C17: 問15～問20 | F17: 問15～問18、問26
B18: 意思決定支援・相談・情報 | C18: 問21～問26 | F18: 問19～問22
B19: 通園・通学、放課後の過ごし方 | C19: ― | F19: 問23～問25、問31
B20: 福祉サービスの利用 | C20: 問27～問30 | F20: 問27～問30
B21: 日中活動・就労 | C21: 問31～問33 | F21: ―
B22: 18歳以降の生活 | C22: ― | F22: 問32
B23: 差別解消・権利擁護 | C23: 問34～問37 | F23: 問33～問36
B24: 災害時の対応 | C24: 問38～問41 | F24: 問37～問40
... B26: 自由意見 | C26: 問10-2、問45 | F26: 問10-2、問32-1、問44
B28: 表2-1 障がい者調査の主要指標
B29: 分野 | C29: 指標 | H29: 結果 | I29: 設問
B30: 回答者 | C30: 65歳以上の割合 | H30: =IF('集計_障がい者'!$F$18=0,0,SUM('集計_障がい者'!$D$18)/'集計_障がい者'!$F$18) -> 0.67567568 | I30: 問2
B31: 回答者 | C31: 主たる障がいが「身体障がい」 | H31: =IF('集計_障がい者'!$F$34=0,0,SUM('集計_障がい者'!$D$34)/'集計_障がい者'!$F$34) -> 0.7027027 | I31: 問6
B32: 日常生活 | C32: 困っていること「将来の生活」（「特にない」を除き第1位） | H32: =IF('集計_障がい者'!$F$77=0,0,SUM('集計_障がい者'!$D$77)/'集計_障がい者'!$F$77) -> 0.30555556 | I32: 問10
B33: 将来の暮らし | C33: 「今の自宅で暮らしたい」 | H33: =IF('集計_障がい者'!$F$80=0,0,SUM('集計_障がい者'!$D$80)/'集計_障がい者'!$F$80) -> 0.41666667 | I33: 問11
B34: 外出・移動 | C34: 外出時に困ること「冬季・積雪時に外出しにくい」 | H34: =IF('集計_障がい者'!$F$105=0,0,SUM('集計_障がい者'!$D$105)/'集計_障がい者'!$F$105) -> 0.38235294 | I34: 問14
B35: 相談 | C35: 困ったときの相談相手「家族・親族」 | H35: =IF('集計_障がい者'!$F$162=0,0,SUM('集計_障がい者'!$D$162)/'集計_障がい者'!$F$162) -> 0.78378378 | I35: 問22
B36: 相談 | C36: 相談支援への期待「わかりやすい情報提供」 | H36: =IF('集計_障がい者'!$F$203=0,0,SUM('集計_障がい者'!$D$203)/'集計_障がい者'!$F$203) -> 0.48275862 | I36: 問26
B37: 意思決定支援 | C37: 「必要である」＋「将来的には必要になると思う」 | H37: =IF('集計_障がい者'!$F$158=0,0,SUM('集計_障がい者'!$D$158,'集計_障がい者'!$D$159)/'集計_障がい者'!$F$158) -> 0.60606061 | I37: 問21
B38: サービス | C38: 現在利用しているサービスは「特にない」 | H38: =IF('集計_障がい者'!$F$223=0,0,SUM('集計_障がい者'!$D$223)/'集計_障がい者'!$F$223) -> 0.56666667 | I38: 問27-1
B39: サービス | C39: 今後3年間で「施設入所支援」を利用したい | H39: =IF('集計_障がい者'!$F$255=0,0,SUM('集計_障がい者'!$D$255)/'集計_障がい者'!$F$255) -> 0.32142857 | I39: 問27-3
B40: 地域生活支援拠点 | C40: 期待する機能「緊急時の受入れ」 | H40: =IF('集計_障がい者'!$F$272=0,0,SUM('集計_障がい者'!$D$272)/'集計_障がい者'!$F$272) -> 0.41935484 | I40: 問29
B41: 権利擁護 | C41: 差別・偏見・不利益を感じたことがある | H41: =IF('集計_障がい者'!$F$315=0,0,SUM('集計_障がい者'!$D$315,'集計_障がい者'!$D$316,'集計_障がい者'!$D$317)/'集計_障がい者'!$F$315) -> 0.29032258 | I41: 問34
B42: 権利擁護 | C42: 成年後見制度等を「知らない」 | H42: =IF('集計_障がい者'!$F$344=0,0,SUM('集計_障がい者'!$D$344)/'集計_障がい者'!$F$344) -> 0.42424242 | I42: 問37
B43: 災害 | C43: 避難行動要支援者名簿・個別避難計画を「知らない」 | H43: =IF('集計_障がい者'!$F$357=0,0,SUM('集計_障がい者'!$D$357)/'集計_障がい者'!$F$357) -> 0.76470588 | I43: 問39
B44: 災害 | C44: 災害時の不安「避難先での生活」 | H44: =IF('集計_障がい者'!$F$346=0,0,SUM('集計_障がい者'!$D$346)/'集計_障がい者'!$F$346) -> 0.70588235 | I44: 問38
B45: 村の施策 | C45: 力を入れるべきこと「相談支援体制」「災害時支援」 | H45: =IF('集計_障がい者'!$F$394=0,0,SUM('集計_障がい者'!$D$394)/'集計_障がい者'!$F$394) -> 0.41935484 | I45: 問44
B46: ※意思決定支援は問21の「必要である」と「今は必要ないが、将来的には必要になると思う」の合計、差別・偏見は問34の「週に１回程度」「月に１回程度」「年に１回程度」の合計です。

Sheet 3章_1属性
B2: 図3-1 調査票の記入者（問1）
B3: ="n="&'集計_障がい者'!$F$5&"（単一回答）" -> n=38（単一回答）
B4: 選択肢 | C4: 件数 | D4: 割合
B5: 宛名のご本人 | C5: ='集計_障がい者'!$D$5 -> 24 | D5: ='集計_障がい者'!$E$5 -> 0.63157895
B6: ご家族 | C6: ='集計_障がい者'!$D$6 -> 9 | D6: ='集計_障がい者'!$E$6 -> 0.23684211
B7: 支援者・事業所職員 | C7: ='集計_障がい者'!$D$7 -> 4 | D7: ='集計_障がい者'!$E$7 -> 0.10526316
B8: その他 | C8: ='集計_障がい者'!$D$8 -> 1 | D8: ='集計_障がい者'!$E$8 -> 0.026315789
B13: 図3-2 回答への本人意向の反映（問1-2）
B14: ="n="&'集計_障がい者'!$F$9&"（単一回答）" -> n=38（単一回答）
B15: 選択肢 | C15: 件数 | D15: 割合
B16: 本人が回答した | C16: ='集計_障がい者'!$D$9 -> 22 | D16: ='集計_障がい者'!$E$9 -> 0.57894737
B17: 本人に確認して代理記入した | C17: ='集計_障がい者'!$D$10 -> 8 | D17: ='集計_障がい者'!$E$10 -> 0.21052632
B18: 本人の様子や日頃の意向を踏まえて代理記入した | C18: ='集計_障がい者'!$D$11 -> 2 | D18: ='集計_障がい者'!$E$11 -> 0.052631579
B19: 本人に確認することが難しく、家族・支援者の判断で記入した | C19: ='集計_障がい者'!$D$12 -> 6 | D19: ='集計_障がい者'!$E$12 -> 0.15789474
B20: その他 | C20: ='集計_障がい者'!$D$13 -> 0 | D20: ='集計_障がい者'!$E$13 -> 0
B23: 図3-3 年齢（問2）
B24: ="n="&'集計_障がい者'!$F$14&"（単一回答）" -> n=37（単一回答）
B25: 選択肢 | C25: 件数 | D25: 割合
B26: 18～29歳 | C26: ='集計_障がい者'!$D$14 -> 0 | D26: ='集計_障がい者'!$E$14 -> 0
B27: 30～39歳 | C27: ='集計_障がい者'!$D$15 -> 3 | D27: ='集計_障がい者'!$E$15 -> 0.081081081
B28: 40～49歳 | C28: ='集計_障がい者'!$D$16 -> 2 | D28: ='集計_障がい者'!$E$16 -> 0.054054054
B29: 50～64歳 | C29: ='集計_障がい者'!$D$17 -> 7 | D29: ='集計_障がい者'!$E$17 -> 0.18918919
B30: 65歳以上 | C30: ='集計_障がい者'!$D$18 -> 25 | D30: ='集計_障がい者'!$E$18 -> 0.67567568
B34: 図3-4 お住まいの地区（問3）
B35: ="n="&'集計_障がい者'!$F$19&"（単一回答）" -> n=38（単一回答）
B36: 選択肢 | C36: 件数 | D36: 割合
B37: 北山地区 | C37: ='集計_障がい者'!$D$19 -> 17 | D37: ='集計_障がい者'!$E$19 -> 0.44736842
B38: 大塩地区 | C38: ='集計_障がい者'!$D$20 -> 7 | D38: ='集計_障がい者'!$E$20 -> 0.18421053
B39: 桧原地区 | C39: ='集計_障がい者'!$D$21 -> 3 | D39: ='集計_障がい者'!$E$21 -> 0.078947368
B40: 裏磐梯地区 | C40: ='集計_障がい者'!$D$22 -> 10 | D40: ='集計_障がい者'!$E$22 -> 0.26315789
B41: その他 | C41: ='集計_障がい者'!$D$23 -> 1 | D41: ='集計_障がい者'!$E$23 -> 0.026315789
B45: 図3-5 性別（問4）
B46: ="n="&'集計_障がい者'!$F$24&"（単一回答）" -> n=38（単一回答）
B47: 選択肢 | C47: 件数 | D47: 割合
B48: 男性 | C48: ='集計_障がい者'!$D$24 -> 16 | D48: ='集計_障がい者'!$E$24 -> 0.42105263
B49: 女性 | C49: ='集計_障がい者'!$D$25 -> 22 | D49: ='集計_障がい者'!$E$25 -> 0.57894737
B50: 回答しない | C50: ='集計_障がい者'!$D$26 -> 0 | D50: ='集計_障がい者'!$E$26 -> 0
B57: 図3-6 所持している手帳等（問5）
B58: ="n="&'集計_障がい者'!$F$27&"（複数回答）" -> n=37（複数回答）
B59: 選択肢 | C59: 件数 | D59: 割合
B60: 身体障がい者手帳 | C60: ='集計_障がい者'!$D$27 -> 29 | D60: ='集計_障がい者'!$E$27 -> 0.78378378
B61: 療育手帳 | C61: ='集計_障がい者'!$D$28 -> 2 | D61: ='集計_障がい者'!$E$28 -> 0.054054054
B62: 精神障がい者保健福祉手帳 | C62: ='集計_障がい者'!$D$29 -> 6 | D62: ='集計_障がい者'!$E$29 -> 0.16216216
B63: 自立支援医療受給者証 | C63: ='集計_障がい者'!$D$30 -> 4 | D63: ='集計_障がい者'!$E$30 -> 0.10810811
B64: 難病に関する医療受給者証等 | C64: ='集計_障がい者'!$D$31 -> 0 | D64: ='集計_障がい者'!$E$31 -> 0
B65: 手帳等は持っていないが障がい福祉サービスを利用している | C65: ='集計_障がい者'!$D$32 -> 0 | D65: ='集計_障がい者'!$E$32 -> 0
B66: その他 | C66: ='集計_障がい者'!$D$33 -> 2 | D66: ='集計_障がい者'!$E$33 -> 0.054054054
B70: 図3-7 主たる障がい種別（問6）
B71: ="n="&'集計_障がい者'!$F$34&"（単一回答）" -> n=37（単一回答）
B72: 選択肢 | C72: 件数 | D72: 割合
B73: 身体障がい | C73: ='集計_障がい者'!$D$34 -> 26 | D73: ='集計_障がい者'!$E$34 -> 0.7027027
B74: 知的障がい | C74: ='集計_障がい者'!$D$35 -> 2 | D74: ='集計_障がい者'!$E$35 -> 0.054054054
B75: 精神障がい | C75: ='集計_障がい者'!$D$36 -> 4 | D75: ='集計_障がい者'!$E$36 -> 0.10810811
B76: 発達障がい | C76: ='集計_障がい者'!$D$37 -> 3 | D76: ='集計_障がい者'!$E$37 -> 0.081081081
B77: 難病 | C77: ='集計_障がい者'!$D$38 -> 0 | D77: ='集計_障がい者'!$E$38 -> 0
B78: 高次脳機能障がい | C78: ='集計_障がい者'!$D$39 -> 0 | D78: ='集計_障がい者'!$E$39 -> 0
B79: 重症心身障がい | C79: ='集計_障がい者'!$D$40 -> 0 | D79: ='集計_障がい者'!$E$40 -> 0
B80: わからない・その他 | C80: ='集計_障がい者'!$D$41 -> 2 | D80: ='集計_障がい者'!$E$41 -> 0.054054054
B84: 図3-8 現在の暮らしの場（問7）
B85: ="n="&'集計_障がい者'!$F$42&"（単一回答）" -> n=37（単一回答）
B86: 選択肢 | C86: 件数 | D86: 割合
B87: 自宅で家族と暮らしている | C87: ='集計_障がい者'!$D$42 -> 24 | D87: ='集計_障がい者'!$E$42 -> 0.64864865
B88: 自宅で一人暮らし | C88: ='集計_障がい者'!$D$43 -> 6 | D88: ='集計_障がい者'!$E$43 -> 0.16216216
B89: グループホーム | C89: ='集計_障がい者'!$D$44 -> 3 | D89: ='集計_障がい者'!$E$44 -> 0.081081081
B90: 障がい者支援施設 | C90: ='集計_障がい者'!$D$45 -> 2 | D90: ='集計_障がい者'!$E$45 -> 0.054054054
B91: 病院に入院中 | C91: ='集計_障がい者'!$D$46 -> 1 | D91: ='集計_障がい者'!$E$46 -> 0.027027027
B92: 高齢者施設等 | C92: ='集計_障がい者'!$D$47 -> 1 | D92: ='集計_障がい者'!$E$47 -> 0.027027027
B93: その他 | C93: ='集計_障がい者'!$D$48 -> 0 | D93: ='集計_障がい者'!$E$48 -> 0
B97: 図3-9 現在一緒に暮らしている方（問8）
B98: ="n="&'集計_障がい者'!$F$49&"（複数回答）" -> n=34（複数回答）
B99: 選択肢 | C99: 件数 | D99: 割合
B100: 一人暮らし | C100: ='集計_障がい者'!$D$49 -> 5 | D100: ='集計_障がい者'!$E$49 -> 0.14705882
B101: 配偶者 | C101: ='集計_障がい者'!$D$50 -> 14 | D101: ='集計_障がい者'!$E$50 -> 0.41176471
B102: 親 | C102: ='集計_障がい者'!$D$51 -> 7 | D102: ='集計_障がい者'!$E$51 -> 0.20588235
B103: 子ども | C103: ='集計_障がい者'!$D$52 -> 11 | D103: ='集計_障がい者'!$E$52 -> 0.32352941
B104: 兄弟姉妹 | C104: ='集計_障がい者'!$D$53 -> 2 | D104: ='集計_障がい者'!$E$53 -> 0.058823529
B105: 祖父母 | C105: ='集計_障がい者'!$D$54 -> 1 | D105: ='集計_障がい者'!$E$54 -> 0.029411765
B106: その他 | C106: ='集計_障がい者'!$D$55 -> 3 | D106: ='集計_障がい者'!$E$55 -> 0.088235294
B110: 図3-10 日常生活の主な支援者（問9）
B111: ="n="&'集計_障がい者'!$F$56&"（複数回答）" -> n=37（複数回答）
B112: 選択肢 | C112: 件数 | D112: 割合
B113: 介助は必要ない | C113: ='集計_障がい者'!$D$56 -> 17 | D113: ='集計_障がい者'!$E$56 -> 0.45945946
B114: 親 | C114: ='集計_障がい者'!$D$57 -> 5 | D114: ='集計_障がい者'!$E$57 -> 0.13513514
B115: 配偶者 | C115: ='集計_障がい者'!$D$58 -> 6 | D115: ='集計_障がい者'!$E$58 -> 0.16216216
B116: 子ども | C116: ='集計_障がい者'!$D$59 -> 9 | D116: ='集計_障がい者'!$E$59 -> 0.24324324
B117: 兄弟姉妹 | C117: ='集計_障がい者'!$D$60 -> 0 | D117: ='集計_障がい者'!$E$60 -> 0
B118: その他の親族 | C118: ='集計_障がい者'!$D$61 -> 1 | D118: ='集計_障がい者'!$E$61 -> 0.027027027
B119: ホームヘルパー等 | C119: ='集計_障がい者'!$D$62 -> 2 | D119: ='集計_障がい者'!$E$62 -> 0.054054054
B120: 施設・事業所職員 | C120: ='集計_障がい者'!$D$63 -> 7 | D120: ='集計_障がい者'!$E$63 -> 0.18918919
B121: 主な支援者はいない | C121: ='集計_障がい者'!$D$64 -> 1 | D121: ='集計_障がい者'!$E$64 -> 0.027027027
B122: その他 | C122: ='集計_障がい者'!$D$65 -> 0 | D122: ='集計_障がい者'!$E$65 -> 0

Sheet 3章_2生活・外出
B2: 図3-11 日常生活で困っていること（問10）
B3: ="n="&'集計_障がい者'!$F$77&"（複数回答）" -> n=36（複数回答）
B4: 選択肢 | C4: 件数 | D4: 割合
B5: 将来の生活 | C5: ='集計_障がい者'!$D$77 -> 11 | D5: ='集計_障がい者'!$E$77 -> 0.30555556
B6: 外出・移動 | C6: ='集計_障がい者'!$D$73 -> 10 | D6: ='集計_障がい者'!$E$73 -> 0.27777778
B7: 災害時の避難 | C7: ='集計_障がい者'!$D$75 -> 10 | D7: ='集計_障がい者'!$E$75 -> 0.27777778
B8: 通院 | C8: ='集計_障がい者'!$D$72 -> 7 | D8: ='集計_障がい者'!$E$72 -> 0.19444444
B9: 服薬管理 | C9: ='集計_障がい者'!$D$70 -> 5 | D9: ='集計_障がい者'!$E$70 -> 0.13888889
B10: 買い物 | C10: ='集計_障がい者'!$D$74 -> 5 | D10: ='集計_障がい者'!$E$74 -> 0.13888889
B11: 食事 | C11: ='集計_障がい者'!$D$67 -> 4 | D11: ='集計_障がい者'!$E$67 -> 0.11111111
B12: 入浴 | C12: ='集計_障がい者'!$D$68 -> 4 | D12: ='集計_障がい者'!$E$68 -> 0.11111111
B13: 金銭管理 | C13: ='集計_障がい者'!$D$71 -> 4 | D13: ='集計_障がい者'!$E$71 -> 0.11111111
B14: 排せつ | C14: ='集計_障がい者'!$D$69 -> 2 | D14: ='集計_障がい者'!$E$69 -> 0.055555556
B15: 家事 | C15: ='集計_障がい者'!$D$66 -> 1 | D15: ='集計_障がい者'!$E$66 -> 0.027777778
B16: 相談先がない | C16: ='集計_障がい者'!$D$76 -> 1 | D16: ='集計_障がい者'!$E$76 -> 0.027777778
B17: 特にない | C17: ='集計_障がい者'!$D$78 -> 13 | D17: ='集計_障がい者'!$E$78 -> 0.36111111
B18: その他 | C18: ='集計_障がい者'!$D$79 -> 1 | D18: ='集計_障がい者'!$E$79 -> 0.027777778
B22: 図3-12 将来希望する暮らし方（問11）
B23: ="n="&'集計_障がい者'!$F$80&"（単一回答）" -> n=36（単一回答）
B24: 選択肢 | C24: 件数 | D24: 割合
B25: 今の自宅で暮らしたい | C25: ='集計_障がい者'!$D$80 -> 15 | D25: ='集計_障がい者'!$E$80 -> 0.41666667
B26: 家族と一緒に暮らしたい | C26: ='集計_障がい者'!$D$81 -> 6 | D26: ='集計_障がい者'!$E$81 -> 0.16666667
B27: 一人暮らしをしたい | C27: ='集計_障がい者'!$D$82 -> 2 | D27: ='集計_障がい者'!$E$82 -> 0.055555556
B28: グループホームで暮らしたい | C28: ='集計_障がい者'!$D$83 -> 2 | D28: ='集計_障がい者'!$E$83 -> 0.055555556
B29: 施設で暮らしたい | C29: ='集計_障がい者'!$D$84 -> 4 | D29: ='集計_障がい者'!$E$84 -> 0.11111111
B30: 病院・施設から地域で暮らしたい | C30: ='集計_障がい者'!$D$85 -> 0 | D30: ='集計_障がい者'!$E$85 -> 0
B31: まだわからない | C31: ='集計_障がい者'!$D$86 -> 6 | D31: ='集計_障がい者'!$E$86 -> 0.16666667
B32: その他 | C32: ='集計_障がい者'!$D$87 -> 1 | D32: ='集計_障がい者'!$E$87 -> 0.027777778
B36: 図3-13 外出の頻度（問12）
B37: ="n="&'集計_障がい者'!$F$88&"（単一回答）" -> n=37（単一回答）
B38: 選択肢 | C38: 件数 | D38: 割合
B39: ほぼ毎日 | C39: ='集計_障がい者'!$D$88 -> 11 | D39: ='集計_障がい者'!$E$88 -> 0.2972973
B40: 週に2～4回 | C40: ='集計_障がい者'!$D$89 -> 6 | D40: ='集計_障がい者'!$E$89 -> 0.16216216
B41: 週に1回程度 | C41: ='集計_障がい者'!$D$90 -> 6 | D41: ='集計_障がい者'!$E$90 -> 0.16216216
B42: 月に数回 | C42: ='集計_障がい者'!$D$91 -> 6 | D42: ='集計_障がい者'!$E$91 -> 0.16216216
B43: ほとんど外出しない | C43: ='集計_障がい者'!$D$92 -> 8 | D43: ='集計_障がい者'!$E$92 -> 0.21621622
B47: 図3-14 外出時の主な移動手段（問13）
B48: ="n="&'集計_障がい者'!$F$93&"（複数回答）" -> n=34（複数回答）
B49: 選択肢 | C49: 件数 | D49: 割合
B50: 自分で運転 | C50: ='集計_障がい者'!$D$93 -> 17 | D50: ='集計_障がい者'!$E$93 -> 0.5
B51: 家族・知人の送迎 | C51: ='集計_障がい者'!$D$94 -> 14 | D51: ='集計_障がい者'!$E$94 -> 0.41176471
B52: 事業所・施設の送迎 | C52: ='集計_障がい者'!$D$100 -> 8 | D52: ='集計_障がい者'!$E$100 -> 0.23529412
B53: 徒歩 | C53: ='集計_障がい者'!$D$95 -> 3 | D53: ='集計_障がい者'!$E$95 -> 0.088235294
B54: 路線バス | C54: ='集計_障がい者'!$D$97 -> 3 | D54: ='集計_障がい者'!$E$97 -> 0.088235294
B55: タクシー | C55: ='集計_障がい者'!$D$98 -> 2 | D55: ='集計_障がい者'!$E$98 -> 0.058823529
B56: 自転車 | C56: ='集計_障がい者'!$D$96 -> 1 | D56: ='集計_障がい者'!$E$96 -> 0.029411765
B57: 福祉タクシー等 | C57: ='集計_障がい者'!$D$99 -> 0 | D57: ='集計_障がい者'!$E$99 -> 0
B58: その他 | C58: ='集計_障がい者'!$D$101 -> 2 | D58: ='集計_障がい者'!$E$101 -> 0.058823529
B62: 図3-15 外出するときに困ること（問14）
B63: ="n="&'集計_障がい者'!$F$105&"（複数回答）" -> n=34（複数回答）
B64: 選択肢 | C64: 件数 | D64: 割合
B65: 冬季・積雪時に外出しにくい | C65: ='集計_障がい者'!$D$105 -> 13 | D65: ='集計_障がい者'!$E$105 -> 0.38235294
B66: 体調面が不安 | C66: ='集計_障がい者'!$D$108 -> 8 | D66: ='集計_障がい者'!$E$108 -> 0.23529412
B67: 家族等の付き添いが必要 | C67: ='集計_障がい者'!$D$103 -> 7 | D67: ='集計_障がい者'!$E$103 -> 0.20588235
B68: 交通手段が少ない | C68: ='集計_障がい者'!$D$102 -> 6 | D68: ='集計_障がい者'!$E$102 -> 0.17647059
B69: 送迎がない | C69: ='集計_障がい者'!$D$104 -> 5 | D69: ='集計_障がい者'!$E$104 -> 0.14705882
B70: 費用がかかる | C70: ='集計_障がい者'!$D$109 -> 5 | D70: ='集計_障がい者'!$E$109 -> 0.14705882
B71: 周囲の理解が不安 | C71: ='集計_障がい者'!$D$107 -> 2 | D71: ='集計_障がい者'!$E$107 -> 0.058823529
B72: 道路・建物が利用しにくい | C72: ='集計_障がい者'!$D$106 -> 0 | D72: ='集計_障がい者'!$E$106 -> 0
B73: 特に困らない | C73: ='集計_障がい者'!$D$110 -> 11 | D73: ='集計_障がい者'!$E$110 -> 0.32352941
B74: その他 | C74: ='集計_障がい者'!$D$111 -> 1 | D74: ='集計_障がい者'!$E$111 -> 0.029411765

Sheet 3章_3医療
B2: 図3-16 定期的な通院（問15）
B3: ="n="&'集計_障がい者'!$F$112&"（単一回答）" -> n=36（単一回答）
B4: 選択肢 | C4: 件数 | D4: 割合
B5: 通院している | C5: ='集計_障がい者'!$D$112 -> 27 | D5: ='集計_障がい者'!$E$112 -> 0.75
B6: 通院していない | C6: ='集計_障がい者'!$D$113 -> 4 | D6: ='集計_障がい者'!$E$113 -> 0.11111111
B7: 訪問診療・往診を受けている | C7: ='集計_障がい者'!$D$114 -> 3 | D7: ='集計_障がい者'!$E$114 -> 0.083333333
B8: わからない | C8: ='集計_障がい者'!$D$115 -> 2 | D8: ='集計_障がい者'!$E$115 -> 0.055555556
B13: 図3-17 通院や医療で困っていること（問16）
B14: ="n="&'集計_障がい者'!$F$116&"（複数回答）" -> n=36（複数回答）
B15: 選択肢 | C15: 件数 | D15: 割合
B16: 専門医療機関が遠い | C16: ='集計_障がい者'!$D$116 -> 8 | D16: ='集計_障がい者'!$E$116 -> 0.22222222
B17: 付き添いが必要 | C17: ='集計_障がい者'!$D$118 -> 8 | D17: ='集計_障がい者'!$E$118 -> 0.22222222
B18: 医療費や交通費の負担が大きい | C18: ='集計_障がい者'!$D$119 -> 6 | D18: ='集計_障がい者'!$E$119 -> 0.16666667
B19: 緊急時の対応が不安 | C19: ='集計_障がい者'!$D$121 -> 6 | D19: ='集計_障がい者'!$E$121 -> 0.16666667
B20: 通院の交通手段がない | C20: ='集計_障がい者'!$D$117 -> 3 | D20: ='集計_障がい者'!$E$117 -> 0.083333333
B21: 予約・受診手続きが難しい | C21: ='集計_障がい者'!$D$120 -> 2 | D21: ='集計_障がい者'!$E$120 -> 0.055555556
B22: 特に困っていない | C22: ='集計_障がい者'!$D$122 -> 16 | D22: ='集計_障がい者'!$E$122 -> 0.44444444
B23: その他 | C23: ='集計_障がい者'!$D$123 -> 0 | D23: ='集計_障がい者'!$E$123 -> 0
B27: 図3-18 医療的ケアの必要性（問17）
B28: ="n="&'集計_障がい者'!$F$124&"（複数回答）" -> n=35（複数回答）
B29: 選択肢 | C29: 件数 | D29: 割合
B30: 必要としていない | C30: ='集計_障がい者'!$D$124 -> 29 | D30: ='集計_障がい者'!$E$124 -> 0.82857143
B31: 吸引 | C31: ='集計_障がい者'!$D$125 -> 1 | D31: ='集計_障がい者'!$E$125 -> 0.028571429
B32: 酸素療法 | C32: ='集計_障がい者'!$D$126 -> 1 | D32: ='集計_障がい者'!$E$126 -> 0.028571429
B33: 人工呼吸器（レスピレーター） | C33: ='集計_障がい者'!$D$127 -> 0 | D33: ='集計_障がい者'!$E$127 -> 0
B34: 導尿 | C34: ='集計_障がい者'!$D$128 -> 1 | D34: ='集計_障がい者'!$E$128 -> 0.028571429
B35: ストマ（人工肛門・人工膀胱） | C35: ='集計_障がい者'!$D$129 -> 0 | D35: ='集計_障がい者'!$E$129 -> 0
B36: 服薬管理等の継続支援 | C36: ='集計_障がい者'!$D$130 -> 3 | D36: ='集計_障がい者'!$E$130 -> 0.085714286
B37: 気管切開 | C37: ='集計_障がい者'!$D$131 -> 0 | D37: ='集計_障がい者'!$E$131 -> 0
B38: 胃ろう・腸ろう | C38: ='集計_障がい者'!$D$132 -> 1 | D38: ='集計_障がい者'!$E$132 -> 0.028571429
B39: 鼻腔管栄養 | C39: ='集計_障がい者'!$D$133 -> 0 | D39: ='集計_障がい者'!$E$133 -> 0
B40: 中心静脈栄養（IVH） | C40: ='集計_障がい者'!$D$134 -> 0 | D40: ='集計_障がい者'!$E$134 -> 0
B41: 透析 | C41: ='集計_障がい者'!$D$135 -> 0 | D41: ='集計_障がい者'!$E$135 -> 0
B42: カテーテル留置 | C42: ='集計_障がい者'!$D$136 -> 0 | D42: ='集計_障がい者'!$E$136 -> 0
B43: その他 | C43: ='集計_障がい者'!$D$137 -> 0 | D43: ='集計_障がい者'!$E$137 -> 0
B47: 図3-19 医療的ケアや重い障がいに関して必要な支援（問18）
B48: ="n="&'集計_障がい者'!$F$143&"（複数回答）" -> n=33（複数回答）
B49: 選択肢 | C49: 件数 | D49: 割合
B50: 家族の負担軽減 | C50: ='集計_障がい者'!$D$143 -> 8 | D50: ='集計_障がい者'!$E$143 -> 0.24242424
B51: 身近な相談先 | C51: ='集計_障がい者'!$D$138 -> 5 | D51: ='集計_障がい者'!$E$138 -> 0.15151515
B52: 訪問看護等との連携 | C52: ='集計_障がい者'!$D$141 -> 3 | D52: ='集計_障がい者'!$E$141 -> 0.090909091
B53: 通所先での医療的ケア対応 | C53: ='集計_障がい者'!$D$139 -> 2 | D53: ='集計_障がい者'!$E$139 -> 0.060606061
B54: 短期入所・レスパイトケア | C54: ='集計_障がい者'!$D$140 -> 1 | D54: ='集計_障がい者'!$E$140 -> 0.03030303
B55: 災害時の電源・医療機器対応 | C55: ='集計_障がい者'!$D$142 -> 1 | D55: ='集計_障がい者'!$E$142 -> 0.03030303
B56: 特にない | C56: ='集計_障がい者'!$D$144 -> 21 | D56: ='集計_障がい者'!$E$144 -> 0.63636364
B57: その他 | C57: ='集計_障がい者'!$D$145 -> 0 | D57: ='集計_障がい者'!$E$145 -> 0
B61: 図3-20 強度行動障がい支援に関して必要な支援（問19）
B62: ="n="&'集計_障がい者'!$F$147&"（複数回答）" -> n=31（複数回答）
B63: 選択肢 | C63: 件数 | D63: 割合
B64: パニック時や緊急時に一時的に受け入れてくれる施設の整備 | C64: ='集計_障がい者'!$D$147 -> 7 | D64: ='集計_障がい者'!$E$147 -> 0.22580645
B65: 自宅以外で落ち着いて過ごせる居場所や日中活動の場の確保 | C65: ='集計_障がい者'!$D$148 -> 6 | D65: ='集計_障がい者'!$E$148 -> 0.19354839
B66: ヘルパーやスタッフの派遣・増員 | C66: ='集計_障がい者'!$D$146 -> 4 | D66: ='集計_障がい者'!$E$146 -> 0.12903226
B67: 医療機関や発達障害支援センターなどの専門機関との連携強化 | C67: ='集計_障がい者'!$D$149 -> 4 | D67: ='集計_障がい者'!$E$149 -> 0.12903226
B68: 家族（介護者）が対応方法を学ぶための研修や、悩みを相談できる機会の提供 | C68: ='集計_障がい者'!$D$150 -> 1 | D68: ='集計_障がい者'!$E$150 -> 0.032258065
B69: 特にない | C69: ='集計_障がい者'!$D$151 -> 19 | D69: ='集計_障がい者'!$E$151 -> 0.61290323
B72: 図3-21 高次脳機能障がい支援に関して必要な支援（問20）
B73: ="n="&'集計_障がい者'!$F$155&"（複数回答）" -> n=28（複数回答）
B74: 選択肢 | C74: 件数 | D74: 割合
B75: 医療機関や発達障害支援センターなどの専門機関との連携強化 | C75: ='集計_障がい者'!$D$155 -> 6 | D75: ='集計_障がい者'!$E$155 -> 0.21428571
B76: パニック時や緊急時に一時的に受け入れてくれる施設の整備 | C76: ='集計_障がい者'!$D$153 -> 5 | D76: ='集計_障がい者'!$E$153 -> 0.17857143
B77: 自宅以外で落ち着いて過ごせる居場所や日中活動の場の確保 | C77: ='集計_障がい者'!$D$154 -> 5 | D77: ='集計_障がい者'!$E$154 -> 0.17857143
B78: ヘルパーやスタッフの派遣・増員 | C78: ='集計_障がい者'!$D$152 -> 3 | D78: ='集計_障がい者'!$E$152 -> 0.10714286
B79: 家族（介護者）が対応方法を学ぶための研修や、悩みを相談できる機会の提供 | C79: ='集計_障がい者'!$D$156 -> 3 | D79: ='集計_障がい者'!$E$156 -> 0.10714286
B80: 特にない | C80: ='集計_障がい者'!$D$157 -> 18 | D80: ='集計_障がい者'!$E$157 -> 0.64285714

Sheet 3章_4相談・情報
B2: 図3-22 意思決定支援の必要性（問21）
B3: ="n="&'集計_障がい者'!$F$158&"（単一回答）" -> n=33（単一回答）
B4: 選択肢 | C4: 件数 | D4: 割合
B5: 必要である（現在すでに支援を受けている、または今後受けたい） | C5: ='集計_障がい者'!$D$158 -> 8 | D5: ='集計_障がい者'!$E$158 -> 0.24242424
B6: 今は必要ないが、将来的には必要になると思う | C6: ='集計_障がい者'!$D$159 -> 12 | D6: ='集計_障がい者'!$E$159 -> 0.36363636
B7: 必要ない（自分や家族等と相談して意思決定ができる） | C7: ='集計_障がい者'!$D$160 -> 8 | D7: ='集計_障がい者'!$E$160 -> 0.24242424
B8: わからない（意思決定支援がどのようなものか知らない） | C8: ='集計_障がい者'!$D$161 -> 5 | D8: ='集計_障がい者'!$E$161 -> 0.15151515
B11: 図3-23 困ったときの相談相手・場所（問22）
B12: ="n="&'集計_障がい者'!$F$162&"（複数回答）" -> n=37（複数回答）
B13: 選択肢 | C13: 件数 | D13: 割合
B14: 家族・親族 | C14: ='集計_障がい者'!$D$162 -> 29 | D14: ='集計_障がい者'!$E$162 -> 0.78378378
B15: 医療機関 | C15: ='集計_障がい者'!$D$167 -> 12 | D15: ='集計_障がい者'!$E$167 -> 0.32432432
B16: 相談支援専門員 | C16: ='集計_障がい者'!$D$165 -> 9 | D16: ='集計_障がい者'!$E$165 -> 0.24324324
B17: 友人・知人 | C17: ='集計_障がい者'!$D$163 -> 6 | D17: ='集計_障がい者'!$E$163 -> 0.16216216
B18: 村役場 | C18: ='集計_障がい者'!$D$164 -> 5 | D18: ='集計_障がい者'!$E$164 -> 0.13513514
B19: 福祉サービス事業所 | C19: ='集計_障がい者'!$D$166 -> 5 | D19: ='集計_障がい者'!$E$166 -> 0.13513514
B20: 社会福祉協議会 | C20: ='集計_障がい者'!$D$169 -> 4 | D20: ='集計_障がい者'!$E$169 -> 0.10810811
B21: SNS・インターネット・AI | C21: ='集計_障がい者'!$D$168 -> 1 | D21: ='集計_障がい者'!$E$168 -> 0.027027027
B22: 民生委員・児童委員 | C22: ='集計_障がい者'!$D$170 -> 1 | D22: ='集計_障がい者'!$E$170 -> 0.027027027
B23: 相談する相手がいない | C23: ='集計_障がい者'!$D$171 -> 1 | D23: ='集計_障がい者'!$E$171 -> 0.027027027
B24: その他 | C24: ='集計_障がい者'!$D$172 -> 1 | D24: ='集計_障がい者'!$E$172 -> 0.027027027
B28: 図3-24 相談しにくい・相談できない理由（問23）
B29: ="n="&'集計_障がい者'!$F$178&"（複数回答）" -> n=31（複数回答）
B30: 選択肢 | C30: 件数 | D30: 割合
B31: 家族が対応している | C31: ='集計_障がい者'!$D$178 -> 8 | D31: ='集計_障がい者'!$E$178 -> 0.25806452
B32: 相談しても解決しないと思う | C32: ='集計_障がい者'!$D$176 -> 6 | D32: ='集計_障がい者'!$E$176 -> 0.19354839
B33: 何を相談してよいかわからない | C33: ='集計_障がい者'!$D$175 -> 4 | D33: ='集計_障がい者'!$E$175 -> 0.12903226
B34: プライバシーが不安 | C34: ='集計_障がい者'!$D$179 -> 4 | D34: ='集計_障がい者'!$E$179 -> 0.12903226
B35: 身近に相談先がない | C35: ='集計_障がい者'!$D$174 -> 1 | D35: ='集計_障がい者'!$E$174 -> 0.032258065
B36: 交通手段がない | C36: ='集計_障がい者'!$D$177 -> 1 | D36: ='集計_障がい者'!$E$177 -> 0.032258065
B37: 相談先がわからない | C37: ='集計_障がい者'!$D$173 -> 0 | D37: ='集計_障がい者'!$E$173 -> 0
B38: 特に困っていない | C38: ='集計_障がい者'!$D$180 -> 15 | D38: ='集計_障がい者'!$E$180 -> 0.48387097
B39: その他 | C39: ='集計_障がい者'!$D$181 -> 0 | D39: ='集計_障がい者'!$E$181 -> 0
B43: 図3-25 同じ障がいのある人（ピアサポーター）への相談意向（問24）
B44: ="n="&'集計_障がい者'!$F$182&"（単一回答）" -> n=34（単一回答）
B45: 選択肢 | C45: 件数 | D45: 割合
B46: 相談したい（現在も相談している） | C46: ='集計_障がい者'!$D$182 -> 0 | D46: ='集計_障がい者'!$E$182 -> 0
B47: 機会があれば相談してみたい | C47: ='集計_障がい者'!$D$183 -> 12 | D47: ='集計_障がい者'!$E$183 -> 0.35294118
B48: あまり相談したいとは思わない | C48: ='集計_障がい者'!$D$184 -> 9 | D48: ='集計_障がい者'!$E$184 -> 0.26470588
B49: まったく相談したいとは思わない | C49: ='集計_障がい者'!$D$185 -> 6 | D49: ='集計_障がい者'!$E$185 -> 0.17647059
B50: わからない | C50: ='集計_障がい者'!$D$186 -> 7 | D50: ='集計_障がい者'!$E$186 -> 0.20588235
B55: 図3-26 福祉に関する情報の入手先（問25）
B56: ="n="&'集計_障がい者'!$F$187&"（複数回答）" -> n=36（複数回答）
B57: 選択肢 | C57: 件数 | D57: 割合
B58: 村広報・ホームページ | C58: ='集計_障がい者'!$D$187 -> 16 | D58: ='集計_障がい者'!$E$187 -> 0.44444444
B59: 相談支援専門員 | C59: ='集計_障がい者'!$D$189 -> 13 | D59: ='集計_障がい者'!$E$189 -> 0.36111111
B60: 新聞・テレビ | C60: ='集計_障がい者'!$D$194 -> 13 | D60: ='集計_障がい者'!$E$194 -> 0.36111111
B61: 福祉サービス事業所 | C61: ='集計_障がい者'!$D$190 -> 9 | D61: ='集計_障がい者'!$E$190 -> 0.25
B62: 家族・知人 | C62: ='集計_障がい者'!$D$188 -> 8 | D62: ='集計_障がい者'!$E$188 -> 0.22222222
B63: 医療機関 | C63: ='集計_障がい者'!$D$191 -> 8 | D63: ='集計_障がい者'!$E$191 -> 0.22222222
B64: SNS・インターネット・AI | C64: ='集計_障がい者'!$D$193 -> 4 | D64: ='集計_障がい者'!$E$193 -> 0.11111111
B65: 情報を得られていない | C65: ='集計_障がい者'!$D$195 -> 1 | D65: ='集計_障がい者'!$E$195 -> 0.027777778
B66: 学校 | C66: ='集計_障がい者'!$D$192 -> 0 | D66: ='集計_障がい者'!$E$192 -> 0
B67: その他 | C67: ='集計_障がい者'!$D$196 -> 0 | D67: ='集計_障がい者'!$E$196 -> 0
B71: 図3-27 相談支援に期待すること（問26）
B72: ="n="&'集計_障がい者'!$F$203&"（複数回答）" -> n=29（複数回答）
B73: 選択肢 | C73: 件数 | D73: 割合
B74: わかりやすい情報提供 | C74: ='集計_障がい者'!$D$203 -> 14 | D74: ='集計_障がい者'!$E$203 -> 0.48275862
B75: サービス利用の相談 | C75: ='集計_障がい者'!$D$197 -> 13 | D75: ='集計_障がい者'!$E$197 -> 0.44827586
B76: 将来の暮らしの相談 | C76: ='集計_障がい者'!$D$198 -> 12 | D76: ='集計_障がい者'!$E$198 -> 0.4137931
B77: 緊急時の相談 | C77: ='集計_障がい者'!$D$202 -> 9 | D77: ='集計_障がい者'!$E$202 -> 0.31034483
B78: 医療・通院の相談 | C78: ='集計_障がい者'!$D$200 -> 7 | D78: ='集計_障がい者'!$E$200 -> 0.24137931
B79: 家族の負担軽減 | C79: ='集計_障がい者'!$D$201 -> 3 | D79: ='集計_障がい者'!$E$201 -> 0.10344828
B80: 就労・日中活動の相談 | C80: ='集計_障がい者'!$D$199 -> 1 | D80: ='集計_障がい者'!$E$199 -> 0.034482759
B81: その他 | C81: ='集計_障がい者'!$D$204 -> 1 | D81: ='集計_障がい者'!$E$204 -> 0.034482759

Sheet 3章_5サービス
B2: 表3-1 サービス別の利用状況・認知度・今後の利用意向
B3: サービス | C3: 現在利用している（問27-1） | E3: 内容をよく知らない（問27-2） | G3: 今後3年間で利用したい（問27-3） | I3: 差（今後－現在） ポイント
C4: 件数 | D4: 割合 | E4: 件数 | F4: 割合 | G4: 件数 | H4: 割合
B5: 回答者数（n） | C5: ='集計_障がい者'!$F$205 -> 30 | E5: ='集計_障がい者'!$F$224 -> 24 | G5: ='集計_障がい者'!$F$243 -> 28
B6: 居宅介護（ホームヘルプ） | C6: ='集計_障がい者'!$D$205 -> 1 | D6: ='集計_障がい者'!$E$205 -> 0.033333333 | E6: ='集計_障がい者'!$D$224 -> 6 | F6: ='集計_障がい者'!$E$224 -> 0.25 | G6: ='集計_障がい者'!$D$243 -> 3 | H6: ='集計_障がい者'!$E$243 -> 0.10714286 | I6: =ROUND(H6*100,1)-ROUND(D6*100,1) -> 7.4
B7: 重度訪問介護 | C7: ='集計_障がい者'!$D$206 -> 0 | D7: ='集計_障がい者'!$E$206 -> 0 | E7: ='集計_障がい者'!$D$225 -> 9 | F7: ='集計_障がい者'!$E$225 -> 0.375 | G7: ='集計_障がい者'!$D$244 -> 0 | H7: ='集計_障がい者'!$E$244 -> 0 | I7: =ROUND(H7*100,1)-ROUND(D7*100,1) -> 0
B8: 同行援護・行動援護 | C8: ='集計_障がい者'!$D$207 -> 1 | D8: ='集計_障がい者'!$E$207 -> 0.033333333 | E8: ='集計_障がい者'!$D$226 -> 9 | F8: ='集計_障がい者'!$E$226 -> 0.375 | G8: ='集計_障がい者'!$D$245 -> 1 | H8: ='集計_障がい者'!$E$245 -> 0.035714286 | I8: =ROUND(H8*100,1)-ROUND(D8*100,1) -> 0.3
B9: 生活介護 | C9: ='集計_障がい者'!$D$208 -> 4 | D9: ='集計_障がい者'!$E$208 -> 0.13333333 | E9: ='集計_障がい者'!$D$227 -> 6 | F9: ='集計_障がい者'!$E$227 -> 0.25 | G9: ='集計_障がい者'!$D$246 -> 3 | H9: ='集計_障がい者'!$E$246 -> 0.10714286 | I9: =ROUND(H9*100,1)-ROUND(D9*100,1) -> -2.6
B10: 自立訓練 | C10: ='集計_障がい者'!$D$209 -> 2 | D10: ='集計_障がい者'!$E$209 -> 0.066666667 | E10: ='集計_障がい者'!$D$228 -> 8 | F10: ='集計_障がい者'!$E$228 -> 0.33333333 | G10: ='集計_障がい者'!$D$247 -> 2 | H10: ='集計_障がい者'!$E$247 -> 0.071428571 | I10: =ROUND(H10*100,1)-ROUND(D10*100,1) -> 0.4
B11: 就労移行支援 | C11: ='集計_障がい者'!$D$210 -> 0 | D11: ='集計_障がい者'!$E$210 -> 0 | E11: ='集計_障がい者'!$D$229 -> 8 | F11: ='集計_障がい者'!$E$229 -> 0.33333333 | G11: ='集計_障がい者'!$D$248 -> 1 | H11: ='集計_障がい者'!$E$248 -> 0.035714286 | I11: =ROUND(H11*100,1)-ROUND(D11*100,1) -> 3.6
B12: 就労継続支援A型 | C12: ='集計_障がい者'!$D$211 -> 1 | D12: ='集計_障がい者'!$E$211 -> 0.033333333 | E12: ='集計_障がい者'!$D$230 -> 8 | F12: ='集計_障がい者'!$E$230 -> 0.33333333 | G12: ='集計_障がい者'!$D$249 -> 0 | H12: ='集計_障がい者'!$E$249 -> 0 | I12: =ROUND(H12*100,1)-ROUND(D12*100,1) -> -3.3
B13: 就労継続支援B型 | C13: ='集計_障がい者'!$D$212 -> 2 | D13: ='集計_障がい者'!$E$212 -> 0.066666667 | E13: ='集計_障がい者'!$D$231 -> 8 | F13: ='集計_障がい者'!$E$231 -> 0.33333333 | G13: ='集計_障がい者'!$D$250 -> 1 | H13: ='集計_障がい者'!$E$250 -> 0.035714286 | I13: =ROUND(H13*100,1)-ROUND(D13*100,1) -> -3.1
B14: 就労選択支援 | C14: ='集計_障がい者'!$D$213 -> 1 | D14: ='集計_障がい者'!$E$213 -> 0.033333333 | E14: ='集計_障がい者'!$D$232 -> 9 | F14: ='集計_障がい者'!$E$232 -> 0.375 | G14: ='集計_障がい者'!$D$251 -> 0 | H14: ='集計_障がい者'!$E$251 -> 0 | I14: =ROUND(H14*100,1)-ROUND(D14*100,1) -> -3.3
B15: 就労定着支援 | C15: ='集計_障がい者'!$D$214 -> 0 | D15: ='集計_障がい者'!$E$214 -> 0 | E15: ='集計_障がい者'!$D$233 -> 8 | F15: ='集計_障がい者'!$E$233 -> 0.33333333 | G15: ='集計_障がい者'!$D$252 -> 0 | H15: ='集計_障がい者'!$E$252 -> 0 | I15: =ROUND(H15*100,1)-ROUND(D15*100,1) -> 0
B16: 短期入所（ショートステイ） | C16: ='集計_障がい者'!$D$215 -> 2 | D16: ='集計_障がい者'!$E$215 -> 0.066666667 | E16: ='集計_障がい者'!$D$234 -> 4 | F16: ='集計_障がい者'!$E$234 -> 0.16666667 | G16: ='集計_障がい者'!$D$253 -> 4 | H16: ='集計_障がい者'!$E$253 -> 0.14285714 | I16: =ROUND(H16*100,1)-ROUND(D16*100,1) -> 7.6
B17: グループホーム | C17: ='集計_障がい者'!$D$216 -> 3 | D17: ='集計_障がい者'!$E$216 -> 0.1 | E17: ='集計_障がい者'!$D$235 -> 5 | F17: ='集計_障がい者'!$E$235 -> 0.20833333 | G17: ='集計_障がい者'!$D$254 -> 5 | H17: ='集計_障がい者'!$E$254 -> 0.17857143 | I17: =ROUND(H17*100,1)-ROUND(D17*100,1) -> 7.9
B18: 施設入所支援 | C18: ='集計_障がい者'!$D$217 -> 5 | D18: ='集計_障がい者'!$E$217 -> 0.16666667 | E18: ='集計_障がい者'!$D$236 -> 6 | F18: ='集計_障がい者'!$E$236 -> 0.25 | G18: ='集計_障がい者'!$D$255 -> 9 | H18: ='集計_障がい者'!$E$255 -> 0.32142857 | I18: =ROUND(H18*100,1)-ROUND(D18*100,1) -> 15.4
B19: 計画相談支援 | C19: ='集計_障がい者'!$D$218 -> 2 | D19: ='集計_障がい者'!$E$218 -> 0.066666667 | E19: ='集計_障がい者'!$D$237 -> 7 | F19: ='集計_障がい者'!$E$237 -> 0.29166667 | G19: ='集計_障がい者'!$D$256 -> 3 | H19: ='集計_障がい者'!$E$256 -> 0.10714286 | I19: =ROUND(H19*100,1)-ROUND(D19*100,1) -> 4
B20: 移動支援 | C20: ='集計_障がい者'!$D$219 -> 1 | D20: ='集計_障がい者'!$E$219 -> 0.033333333 | E20: ='集計_障がい者'!$D$238 -> 9 | F20: ='集計_障がい者'!$E$238 -> 0.375 | G20: ='集計_障がい者'!$D$257 -> 2 | H20: ='集計_障がい者'!$E$257 -> 0.071428571 | I20: =ROUND(H20*100,1)-ROUND(D20*100,1) -> 3.8
B21: 日中一時支援 | C21: ='集計_障がい者'!$D$220 -> 1 | D21: ='集計_障がい者'!$E$220 -> 0.033333333 | E21: ='集計_障がい者'!$D$239 -> 8 | F21: ='集計_障がい者'!$E$239 -> 0.33333333 | G21: ='集計_障がい者'!$D$258 -> 1 | H21: ='集計_障がい者'!$E$258 -> 0.035714286 | I21: =ROUND(H21*100,1)-ROUND(D21*100,1) -> 0.3
B22: 日常生活用具 | C22: ='集計_障がい者'!$D$221 -> 1 | D22: ='集計_障がい者'!$E$221 -> 0.033333333 | E22: ='集計_障がい者'!$D$240 -> 6 | F22: ='集計_障がい者'!$E$240 -> 0.25 | G22: ='集計_障がい者'!$D$259 -> 1 | H22: ='集計_障がい者'!$E$259 -> 0.035714286 | I22: =ROUND(H22*100,1)-ROUND(D22*100,1) -> 0.3
B23: 訪問入浴 | C23: ='集計_障がい者'!$D$222 -> 0 | D23: ='集計_障がい者'!$E$222 -> 0 | E23: ='集計_障がい者'!$D$241 -> 5 | F23: ='集計_障がい者'!$E$241 -> 0.20833333 | G23: ='集計_障がい者'!$D$260 -> 0 | H23: ='集計_障がい者'!$E$260 -> 0 | I23: =ROUND(H23*100,1)-ROUND(D23*100,1) -> 0
B24: 特にない（各設問） | C24: ='集計_障がい者'!$D$223 -> 17 | D24: ='集計_障がい者'!$E$223 -> 0.56666667 | E24: ='集計_障がい者'!$D$242 -> 7 | F24: ='集計_障がい者'!$E$242 -> 0.29166667 | G24: ='集計_障がい者'!$D$261 -> 12 | H24: ='集計_障がい者'!$E$261 -> 0.42857143
B25: ※割合はいずれも複数回答。「差」は今後の利用意向（問27-3）と現在の利用（問27-1）の割合の差（ポイント）で、5ポイント以上の増加を赤字で示しています。（ ）内は件数です。 差は割合を小数点第1位に四捨五入したうえでの差です。
B27: 図3-28 現在利用しているサービスと今後3年間で利用したいサービス（問27-1・問27-3）
B29: サービス | C29: 現在利用している（問27-1） | D29: 今後3年間で利用したい（問27-3）
B30: 居宅介護（ホームヘルプ） | C30: ='集計_障がい者'!$E$205 -> 0.033333333 | D30: ='集計_障がい者'!$E$243 -> 0.10714286
B31: 同行援護・行動援護 | C31: ='集計_障がい者'!$E$207 -> 0.033333333 | D31: ='集計_障がい者'!$E$245 -> 0.035714286
B32: 生活介護 | C32: ='集計_障がい者'!$E$208 -> 0.13333333 | D32: ='集計_障がい者'!$E$246 -> 0.10714286
B33: 自立訓練 | C33: ='集計_障がい者'!$E$209 -> 0.066666667 | D33: ='集計_障がい者'!$E$247 -> 0.071428571
B34: 就労移行支援 | C34: ='集計_障がい者'!$E$210 -> 0 | D34: ='集計_障がい者'!$E$248 -> 0.035714286
B35: 就労継続支援A型 | C35: ='集計_障がい者'!$E$211 -> 0.033333333 | D35: ='集計_障がい者'!$E$249 -> 0
B36: 就労継続支援B型 | C36: ='集計_障がい者'!$E$212 -> 0.066666667 | D36: ='集計_障がい者'!$E$250 -> 0.035714286
B37: 就労選択支援 | C37: ='集計_障がい者'!$E$213 -> 0.033333333 | D37: ='集計_障がい者'!$E$251 -> 0
B38: 短期入所（ショートステイ） | C38: ='集計_障がい者'!$E$215 -> 0.066666667 | D38: ='集計_障がい者'!$E$253 -> 0.14285714
B39: グループホーム | C39: ='集計_障がい者'!$E$216 -> 0.1 | D39: ='集計_障がい者'!$E$254 -> 0.17857143
B40: 施設入所支援 | C40: ='集計_障がい者'!$E$217 -> 0.16666667 | D40: ='集計_障がい者'!$E$255 -> 0.32142857
B41: 計画相談支援 | C41: ='集計_障がい者'!$E$218 -> 0.066666667 | D41: ='集計_障がい者'!$E$256 -> 0.10714286
B42: 移動支援 | C42: ='集計_障がい者'!$E$219 -> 0.033333333 | D42: ='集計_障がい者'!$E$257 -> 0.071428571
B43: 日中一時支援 | C43: ='集計_障がい者'!$E$220 -> 0.033333333 | D43: ='集計_障がい者'!$E$258 -> 0.035714286
B44: 日常生活用具 | C44: ='集計_障がい者'!$E$221 -> 0.033333333 | D44: ='集計_障がい者'!$E$259 -> 0.035714286
B45: ※いずれの設問でも回答がなかった「重度訪問介護」「就労定着支援」「訪問入浴」は省略しています。
B60: 図3-29 内容をよく知らないサービス（問27-2）
B61: ="n="&'集計_障がい者'!$F$225&"（複数回答）" -> n=24（複数回答）
B62: 選択肢 | C62: 件数 | D62: 割合
B63: 重度訪問介護 | C63: ='集計_障がい者'!$D$225 -> 9 | D63: ='集計_障がい者'!$E$225 -> 0.375
B64: 同行援護・行動援護 | C64: ='集計_障がい者'!$D$226 -> 9 | D64: ='集計_障がい者'!$E$226 -> 0.375
B65: 就労選択支援 | C65: ='集計_障がい者'!$D$232 -> 9 | D65: ='集計_障がい者'!$E$232 -> 0.375
B66: 移動支援 | C66: ='集計_障がい者'!$D$238 -> 9 | D66: ='集計_障がい者'!$E$238 -> 0.375
B67: 自立訓練 | C67: ='集計_障がい者'!$D$228 -> 8 | D67: ='集計_障がい者'!$E$228 -> 0.33333333
B68: 就労移行支援 | C68: ='集計_障がい者'!$D$229 -> 8 | D68: ='集計_障がい者'!$E$229 -> 0.33333333
B69: 就労継続支援A型 | C69: ='集計_障がい者'!$D$230 -> 8 | D69: ='集計_障がい者'!$E$230 -> 0.33333333
B70: 就労継続支援B型 | C70: ='集計_障がい者'!$D$231 -> 8 | D70: ='集計_障がい者'!$E$231 -> 0.33333333
B71: 就労定着支援 | C71: ='集計_障がい者'!$D$233 -> 8 | D71: ='集計_障がい者'!$E$233 -> 0.33333333
B72: 日中一時支援 | C72: ='集計_障がい者'!$D$239 -> 8 | D72: ='集計_障がい者'!$E$239 -> 0.33333333
B73: 計画相談支援 | C73: ='集計_障がい者'!$D$237 -> 7 | D73: ='集計_障がい者'!$E$237 -> 0.29166667
B74: 居宅介護（ホームヘルプ） | C74: ='集計_障がい者'!$D$224 -> 6 | D74: ='集計_障がい者'!$E$224 -> 0.25
B75: 生活介護 | C75: ='集計_障がい者'!$D$227 -> 6 | D75: ='集計_障がい者'!$E$227 -> 0.25
B76: 施設入所支援 | C76: ='集計_障がい者'!$D$236 -> 6 | D76: ='集計_障がい者'!$E$236 -> 0.25
B77: 日常生活用具 | C77: ='集計_障がい者'!$D$240 -> 6 | D77: ='集計_障がい者'!$E$240 -> 0.25
B78: グループホーム | C78: ='集計_障がい者'!$D$235 -> 5 | D78: ='集計_障がい者'!$E$235 -> 0.20833333
B79: 訪問入浴 | C79: ='集計_障がい者'!$D$241 -> 5 | D79: ='集計_障がい者'!$E$241 -> 0.20833333
B80: 短期入所（ショートステイ） | C80: ='集計_障がい者'!$D$234 -> 4 | D80: ='集計_障がい者'!$E$234 -> 0.16666667
B81: 知らないサービスは特にない | C81: ='集計_障がい者'!$D$242 -> 7 | D81: ='集計_障がい者'!$E$242 -> 0.29166667
B85: 図3-30 サービスを利用したいが利用できない理由（問28）
B86: ="n="&'集計_障がい者'!$F$269&"（複数回答）" -> n=25（複数回答）
B87: 選択肢 | C87: 件数 | D87: 割合
B88: 必要性を感じない | C88: ='集計_障がい者'!$D$269 -> 11 | D88: ='集計_障がい者'!$E$269 -> 0.44
B89: 家族が対応している | C89: ='集計_障がい者'!$D$268 -> 6 | D89: ='集計_障がい者'!$E$268 -> 0.24
B90: 費用が心配 | C90: ='集計_障がい者'!$D$266 -> 4 | D90: ='集計_障がい者'!$E$266 -> 0.16
B91: 近くに事業所がない | C91: ='集計_障がい者'!$D$262 -> 3 | D91: ='集計_障がい者'!$E$262 -> 0.12
B92: 利用方法がわからない | C92: ='集計_障がい者'!$D$265 -> 3 | D92: ='集計_障がい者'!$E$265 -> 0.12
B93: 空きがない | C93: ='集計_障がい者'!$D$263 -> 1 | D93: ='集計_障がい者'!$E$263 -> 0.04
B94: 送迎がない | C94: ='集計_障がい者'!$D$264 -> 1 | D94: ='集計_障がい者'!$E$264 -> 0.04
B95: 本人に合うサービスがない | C95: ='集計_障がい者'!$D$267 -> 1 | D95: ='集計_障がい者'!$E$267 -> 0.04
B96: その他 | C96: ='集計_障がい者'!$D$270 -> 1 | D96: ='集計_障がい者'!$E$270 -> 0.04
B100: 図3-31 地域生活支援拠点等に期待する機能（問29）
B101: ="n="&'集計_障がい者'!$F$272&"（複数回答）" -> n=31（複数回答）
B102: 選択肢 | C102: 件数 | D102: 割合
B103: 緊急時の受入れ | C103: ='集計_障がい者'!$D$272 -> 13 | D103: ='集計_障がい者'!$E$272 -> 0.41935484
B104: 緊急時の相談 | C104: ='集計_障がい者'!$D$271 -> 12 | D104: ='集計_障がい者'!$E$271 -> 0.38709677
B105: 地域の事業所との連携 | C105: ='集計_障がい者'!$D$276 -> 7 | D105: ='集計_障がい者'!$E$276 -> 0.22580645
B106: 専門的人材の確保 | C106: ='集計_障がい者'!$D$275 -> 4 | D106: ='集計_障がい者'!$E$275 -> 0.12903226
B107: 短期入所の確保 | C107: ='集計_障がい者'!$D$273 -> 3 | D107: ='集計_障がい者'!$E$273 -> 0.096774194
B108: 一人暮らし・グループホーム体験 | C108: ='集計_障がい者'!$D$274 -> 1 | D108: ='集計_障がい者'!$E$274 -> 0.032258065
B109: 制度を知らない | C109: ='集計_障がい者'!$D$277 -> 7 | D109: ='集計_障がい者'!$E$277 -> 0.22580645
B110: 特にない | C110: ='集計_障がい者'!$D$278 -> 5 | D110: ='集計_障がい者'!$E$278 -> 0.16129032
B111: その他 | C111: ='集計_障がい者'!$D$279 -> 0 | D111: ='集計_障がい者'!$E$279 -> 0
B115: 図3-32 福祉サービスの満足度（問30）
B116: ="n="&'集計_障がい者'!$F$280&"（単一回答）" -> n=33（単一回答）
B117: 選択肢 | C117: 件数 | D117: 割合
B118: 満足している | C118: ='集計_障がい者'!$D$280 -> 13 | D118: ='集計_障がい者'!$E$280 -> 0.39393939
B119: 適切なサービスがわからない | C119: ='集計_障がい者'!$D$281 -> 3 | D119: ='集計_障がい者'!$E$281 -> 0.090909091
B120: サービスの量が足りない | C120: ='集計_障がい者'!$D$282 -> 1 | D120: ='集計_障がい者'!$E$282 -> 0.03030303
B121: サービスの質がよくない | C121: ='集計_障がい者'!$D$283 -> 0 | D121: ='集計_障がい者'!$E$283 -> 0
B122: 利用できる事業所が少ない | C122: ='集計_障がい者'!$D$284 -> 1 | D122: ='集計_障がい者'!$E$284 -> 0.03030303
B123: サービスの使い方がわからない | C123: ='集計_障がい者'!$D$285 -> 3 | D123: ='集計_障がい者'!$E$285 -> 0.090909091
B124: 利用していない | C124: ='集計_障がい者'!$D$286 -> 12 | D124: ='集計_障がい者'!$E$286 -> 0.36363636

Sheet 3章_6日中・権利
B2: 図3-33 現在の日中の過ごし方（問31）
B3: ="n="&'集計_障がい者'!$F$287&"（単一回答）" -> n=34（単一回答）
B4: 選択肢 | C4: 件数 | D4: 割合
B5: 一般企業等で働いている | C5: ='集計_障がい者'!$D$287 -> 2 | D5: ='集計_障がい者'!$E$287 -> 0.058823529
B6: 自営業・農業等をしている | C6: ='集計_障がい者'!$D$288 -> 4 | D6: ='集計_障がい者'!$E$288 -> 0.11764706
B7: 就労継続支援A型を利用 | C7: ='集計_障がい者'!$D$289 -> 0 | D7: ='集計_障がい者'!$E$289 -> 0
B8: 就労継続支援B型を利用 | C8: ='集計_障がい者'!$D$290 -> 2 | D8: ='集計_障がい者'!$E$290 -> 0.058823529
B9: 生活介護を利用 | C9: ='集計_障がい者'!$D$291 -> 2 | D9: ='集計_障がい者'!$E$291 -> 0.058823529
B10: 学校に通っている | C10: ='集計_障がい者'!$D$292 -> 0 | D10: ='集計_障がい者'!$E$292 -> 0
B11: 自宅で過ごすことが多い | C11: ='集計_障がい者'!$D$293 -> 14 | D11: ='集計_障がい者'!$E$293 -> 0.41176471
B12: 入院・入所中 | C12: ='集計_障がい者'!$D$294 -> 5 | D12: ='集計_障がい者'!$E$294 -> 0.14705882
B13: その他 | C13: ='集計_障がい者'!$D$295 -> 5 | D13: ='集計_障がい者'!$E$295 -> 0.14705882
B17: 図3-34 今後希望する日中活動・働き方（問32）
B18: ="n="&'集計_障がい者'!$F$296&"（単一回答）" -> n=32（単一回答）
B19: 選択肢 | C19: 件数 | D19: 割合
B20: 一般企業等で働きたい | C20: ='集計_障がい者'!$D$296 -> 1 | D20: ='集計_障がい者'!$E$296 -> 0.03125
B21: 短時間・体調に合わせて働きたい | C21: ='集計_障がい者'!$D$297 -> 3 | D21: ='集計_障がい者'!$E$297 -> 0.09375
B22: 就労継続支援A型を利用したい | C22: ='集計_障がい者'!$D$298 -> 0 | D22: ='集計_障がい者'!$E$298 -> 0
B23: 就労継続支援B型を利用したい | C23: ='集計_障がい者'!$D$299 -> 1 | D23: ='集計_障がい者'!$E$299 -> 0.03125
B24: 生活介護を利用したい | C24: ='集計_障がい者'!$D$300 -> 1 | D24: ='集計_障がい者'!$E$300 -> 0.03125
B25: 訓練を受けたい | C25: ='集計_障がい者'!$D$301 -> 0 | D25: ='集計_障がい者'!$E$301 -> 0
B26: 今のままでよい | C26: ='集計_障がい者'!$D$302 -> 21 | D26: ='集計_障がい者'!$E$302 -> 0.65625
B27: まだわからない | C27: ='集計_障がい者'!$D$303 -> 3 | D27: ='集計_障がい者'!$E$303 -> 0.09375
B28: その他 | C28: ='集計_障がい者'!$D$304 -> 2 | D28: ='集計_障がい者'!$E$304 -> 0.0625
B32: 図3-35 働くため・日中活動を続けるために必要な支援（問33）
B33: ="n="&'集計_障がい者'!$F$309&"（複数回答）" -> n=31（複数回答）
B34: 選択肢 | C34: 件数 | D34: 割合
B35: 職場の障がい理解 | C35: ='集計_障がい者'!$D$309 -> 7 | D35: ='集計_障がい者'!$E$309 -> 0.22580645
B36: 体調に合わせた勤務 | C36: ='集計_障がい者'!$D$308 -> 6 | D36: ='集計_障がい者'!$E$308 -> 0.19354839
B37: 通勤・通所の支援 | C37: ='集計_障がい者'!$D$307 -> 5 | D37: ='集計_障がい者'!$E$307 -> 0.16129032
B38: 職場・作業内容の体験 | C38: ='集計_障がい者'!$D$305 -> 4 | D38: ='集計_障がい者'!$E$305 -> 0.12903226
B39: 就労に向けた相談 | C39: ='集計_障がい者'!$D$306 -> 4 | D39: ='集計_障がい者'!$E$306 -> 0.12903226
B40: 生活リズムの支援 | C40: ='集計_障がい者'!$D$311 -> 4 | D40: ='集計_障がい者'!$E$311 -> 0.12903226
B41: 仕事後の相談・定着支援 | C41: ='集計_障がい者'!$D$310 -> 2 | D41: ='集計_障がい者'!$E$310 -> 0.064516129
B42: 家族への説明 | C42: ='集計_障がい者'!$D$312 -> 0 | D42: ='集計_障がい者'!$E$312 -> 0
B43: 特にない | C43: ='集計_障がい者'!$D$313 -> 19 | D43: ='集計_障がい者'!$E$313 -> 0.61290323
B44: その他 | C44: ='集計_障がい者'!$D$314 -> 0 | D44: ='集計_障がい者'!$E$314 -> 0
B48: 図3-36 差別や偏見、不利益を感じた経験（問34）
B49: ="n="&'集計_障がい者'!$F$315&"（単一回答）" -> n=31（単一回答）
B50: 選択肢 | C50: 件数 | D50: 割合
B51: 週に１回程度 | C51: ='集計_障がい者'!$D$315 -> 3 | D51: ='集計_障がい者'!$E$315 -> 0.096774194
B52: 月に１回程度 | C52: ='集計_障がい者'!$D$316 -> 3 | D52: ='集計_障がい者'!$E$316 -> 0.096774194
B53: 年に１回程度 | C53: ='集計_障がい者'!$D$317 -> 3 | D53: ='集計_障がい者'!$E$317 -> 0.096774194
B54: ない | C54: ='集計_障がい者'!$D$318 -> 12 | D54: ='集計_障がい者'!$E$318 -> 0.38709677
B55: わからない | C55: ='集計_障がい者'!$D$319 -> 10 | D55: ='集計_障がい者'!$E$319 -> 0.32258065
B59: 図3-37 差別や偏見、不利益を感じた場面（問35）
B60: ="n="&'集計_障がい者'!$F$321&"（複数回答）" -> n=30（複数回答）
B61: 選択肢 | C61: 件数 | D61: 割合
B62: アルバイト先・職場 | C62: ='集計_障がい者'!$D$321 -> 3 | D62: ='集計_障がい者'!$E$321 -> 0.1
B63: 地域活動・行事 | C63: ='集計_障がい者'!$D$325 -> 3 | D63: ='集計_障がい者'!$E$325 -> 0.1
B64: 医療機関 | C64: ='集計_障がい者'!$D$322 -> 2 | D64: ='集計_障がい者'!$E$322 -> 0.066666667
B65: 公共交通機関・飲食店・買い物等 | C65: ='集計_障がい者'!$D$326 -> 2 | D65: ='集計_障がい者'!$E$326 -> 0.066666667
B66: 趣味・余暇活動 | C66: ='集計_障がい者'!$D$327 -> 2 | D66: ='集計_障がい者'!$E$327 -> 0.066666667
B67: 学校等 | C67: ='集計_障がい者'!$D$320 -> 0 | D67: ='集計_障がい者'!$E$320 -> 0
B68: 福祉サービス事業所 | C68: ='集計_障がい者'!$D$323 -> 0 | D68: ='集計_障がい者'!$E$323 -> 0
B69: 役場・公共施設 | C69: ='集計_障がい者'!$D$324 -> 0 | D69: ='集計_障がい者'!$E$324 -> 0
B70: インターネット・SNS・AI | C70: ='集計_障がい者'!$D$328 -> 0 | D70: ='集計_障がい者'!$E$328 -> 0
B71: 特にない | C71: ='集計_障がい者'!$D$329 -> 19 | D71: ='集計_障がい者'!$E$329 -> 0.63333333
B72: その他 | C72: ='集計_障がい者'!$D$330 -> 3 | D72: ='集計_障がい者'!$E$330 -> 0.1
B76: 図3-38 必要だと思う合理的配慮（問36）
B77: ="n="&'集計_障がい者'!$F$331&"（複数回答）" -> n=32（複数回答）
B78: 選択肢 | C78: 件数 | D78: 割合
B79: わかりやすい説明 | C79: ='集計_障がい者'!$D$331 -> 16 | D79: ='集計_障がい者'!$E$331 -> 0.5
B80: 手続きの支援 | C80: ='集計_障がい者'!$D$335 -> 15 | D80: ='集計_障がい者'!$E$335 -> 0.46875
B81: 本人の意思確認を丁寧に行うこと | C81: ='集計_障がい者'!$D$336 -> 12 | D81: ='集計_障がい者'!$E$336 -> 0.375
B82: 筆談・手話・要約筆記・字幕等の意思疎通支援 | C82: ='集計_障がい者'!$D$332 -> 9 | D82: ='集計_障がい者'!$E$332 -> 0.28125
B83: 移動しやすい環境 | C83: ='集計_障がい者'!$D$334 -> 9 | D83: ='集計_障がい者'!$E$334 -> 0.28125
B84: 職場・学校での配慮 | C84: ='集計_障がい者'!$D$337 -> 3 | D84: ='集計_障がい者'!$E$337 -> 0.09375
B85: 静かな場所での相談 | C85: ='集計_障がい者'!$D$333 -> 2 | D85: ='集計_障がい者'!$E$333 -> 0.0625
B86: 特にない | C86: ='集計_障がい者'!$D$338 -> 6 | D86: ='集計_障がい者'!$E$338 -> 0.1875
B87: その他 | C87: ='集計_障がい者'!$D$339 -> 0 | D87: ='集計_障がい者'!$E$339 -> 0
B91: 図3-39 成年後見制度や権利擁護支援の認知（問37）
B92: ="n="&'集計_障がい者'!$F$340&"（単一回答）" -> n=33（単一回答）
B93: 選択肢 | C93: 件数 | D93: 割合
B94: 利用している | C94: ='集計_障がい者'!$D$340 -> 2 | D94: ='集計_障がい者'!$E$340 -> 0.060606061
B95: 知っている | C95: ='集計_障がい者'!$D$341 -> 9 | D95: ='集計_障がい者'!$E$341 -> 0.27272727
B96: 名前だけ聞いたことがある | C96: ='集計_障がい者'!$D$342 -> 8 | D96: ='集計_障がい者'!$E$342 -> 0.24242424
B97: 利用したいが手続きがわからない | C97: ='集計_障がい者'!$D$343 -> 0 | D97: ='集計_障がい者'!$E$343 -> 0
B98: 知らない | C98: ='集計_障がい者'!$D$344 -> 14 | D98: ='集計_障がい者'!$E$344 -> 0.42424242

Sheet 3章_7災害・施策
B2: 図3-40 災害時に不安なこと（問38）
B3: ="n="&'集計_障がい者'!$F$346&"（複数回答）" -> n=34（複数回答）
B4: 選択肢 | C4: 件数 | D4: 割合
B5: 避難先での生活 | C5: ='集計_障がい者'!$D$346 -> 24 | D5: ='集計_障がい者'!$E$346 -> 0.70588235
B6: 薬・医療機器 | C6: ='集計_障がい者'!$D$347 -> 17 | D6: ='集計_障がい者'!$E$347 -> 0.5
B7: 冬季・積雪時の避難 | C7: ='集計_障がい者'!$D$351 -> 16 | D7: ='集計_障がい者'!$E$351 -> 0.47058824
B8: 避難する方法 | C8: ='集計_障がい者'!$D$345 -> 13 | D8: ='集計_障がい者'!$E$345 -> 0.38235294
B9: 電源の確保 | C9: ='集計_障がい者'!$D$348 -> 6 | D9: ='集計_障がい者'!$E$348 -> 0.17647059
B10: 情報が届かないこと | C10: ='集計_障がい者'!$D$350 -> 5 | D10: ='集計_障がい者'!$E$350 -> 0.14705882
B11: 介助者がいないこと | C11: ='集計_障がい者'!$D$349 -> 3 | D11: ='集計_障がい者'!$E$349 -> 0.088235294
B12: ペット・補助犬等 | C12: ='集計_障がい者'!$D$352 -> 0 | D12: ='集計_障がい者'!$E$352 -> 0
B13: 特に不安はない | C13: ='集計_障がい者'!$D$353 -> 3 | D13: ='集計_障がい者'!$E$353 -> 0.088235294
B14: その他 | C14: ='集計_障がい者'!$D$354 -> 0 | D14: ='集計_障がい者'!$E$354 -> 0
B18: 図3-41 避難行動要支援者名簿・個別避難計画の認知（問39）
B19: ="n="&'集計_障がい者'!$F$355&"（単一回答）" -> n=34（単一回答）
B20: 選択肢 | C20: 件数 | D20: 割合
B21: 制度を知っており作成したい | C21: ='集計_障がい者'!$D$355 -> 2 | D21: ='集計_障がい者'!$E$355 -> 0.058823529
B22: 名前だけ聞いたことがある | C22: ='集計_障がい者'!$D$356 -> 5 | D22: ='集計_障がい者'!$E$356 -> 0.14705882
B23: 知らない | C23: ='集計_障がい者'!$D$357 -> 26 | D23: ='集計_障がい者'!$E$357 -> 0.76470588
B24: 必要ない | C24: ='集計_障がい者'!$D$358 -> 1 | D24: ='集計_障がい者'!$E$358 -> 0.029411765
B29: 図3-42 災害時に支援してくれる人や機関（問40）
B30: ="n="&'集計_障がい者'!$F$359&"（複数回答）" -> n=35（複数回答）
B31: 選択肢 | C31: 件数 | D31: 割合
B32: 同居家族 | C32: ='集計_障がい者'!$D$359 -> 23 | D32: ='集計_障がい者'!$E$359 -> 0.65714286
B33: 別居家族・親族 | C33: ='集計_障がい者'!$D$360 -> 10 | D33: ='集計_障がい者'!$E$360 -> 0.28571429
B34: 近所の人 | C34: ='集計_障がい者'!$D$361 -> 6 | D34: ='集計_障がい者'!$E$361 -> 0.17142857
B35: 福祉サービス事業所 | C35: ='集計_障がい者'!$D$363 -> 6 | D35: ='集計_障がい者'!$E$363 -> 0.17142857
B36: 医療機関 | C36: ='集計_障がい者'!$D$364 -> 4 | D36: ='集計_障がい者'!$E$364 -> 0.11428571
B37: 消防・警察 | C37: ='集計_障がい者'!$D$365 -> 4 | D37: ='集計_障がい者'!$E$365 -> 0.11428571
B38: 民生委員・児童委員 | C38: ='集計_障がい者'!$D$362 -> 3 | D38: ='集計_障がい者'!$E$362 -> 0.085714286
B39: いない・わからない | C39: ='集計_障がい者'!$D$366 -> 1 | D39: ='集計_障がい者'!$E$366 -> 0.028571429
B40: その他 | C40: ='集計_障がい者'!$D$367 -> 1 | D40: ='集計_障がい者'!$E$367 -> 0.028571429
B44: 図3-43 災害時に必要だと思う支援（問41）
B45: ="n="&'集計_障がい者'!$F$371&"（複数回答）" -> n=33（複数回答）
B46: 選択肢 | C46: 件数 | D46: 割合
B47: 薬・医療機器・電源の確保 | C47: ='集計_障がい者'!$D$371 -> 21 | D47: ='集計_障がい者'!$E$371 -> 0.63636364
B48: 福祉避難所の情報提供 | C48: ='集計_障がい者'!$D$370 -> 12 | D48: ='集計_障がい者'!$E$370 -> 0.36363636
B49: 冬季避難の支援 | C49: ='集計_障がい者'!$D$372 -> 12 | D49: ='集計_障がい者'!$E$372 -> 0.36363636
B50: 安否確認 | C50: ='集計_障がい者'!$D$373 -> 12 | D50: ='集計_障がい者'!$E$373 -> 0.36363636
B51: 文字・掲示・字幕等の目で見てわかる災害情報 | C51: ='集計_障がい者'!$D$375 -> 12 | D51: ='集計_障がい者'!$E$375 -> 0.36363636
B52: 避難所での合理的配慮 | C52: ='集計_障がい者'!$D$374 -> 11 | D52: ='集計_障がい者'!$E$374 -> 0.33333333
B53: 個別避難計画の作成支援 | C53: ='集計_障がい者'!$D$368 -> 6 | D53: ='集計_障がい者'!$E$368 -> 0.18181818
B54: 避難訓練への参加支援 | C54: ='集計_障がい者'!$D$369 -> 5 | D54: ='集計_障がい者'!$E$369 -> 0.15151515
B55: その他 | C55: ='集計_障がい者'!$D$376 -> 1 | D55: ='集計_障がい者'!$E$376 -> 0.03030303
B59: 図3-44 今後参加したい地域活動・社会参加（問42）
B60: ="n="&'集計_障がい者'!$F$377&"（複数回答）" -> n=30（複数回答）
B61: 選択肢 | C61: 件数 | D61: 割合
B62: 趣味・スポーツ | C62: ='集計_障がい者'!$D$377 -> 7 | D62: ='集計_障がい者'!$E$377 -> 0.23333333
B63: 地域行事 | C63: ='集計_障がい者'!$D$379 -> 6 | D63: ='集計_障がい者'!$E$379 -> 0.2
B64: 障がい者団体・家族会 | C64: ='集計_障がい者'!$D$380 -> 3 | D64: ='集計_障がい者'!$E$380 -> 0.1
B65: 就労・地域貢献 | C65: ='集計_障がい者'!$D$381 -> 3 | D65: ='集計_障がい者'!$E$381 -> 0.1
B66: 学習・講座 | C66: ='集計_障がい者'!$D$382 -> 3 | D66: ='集計_障がい者'!$E$382 -> 0.1
B67: ボランティア | C67: ='集計_障がい者'!$D$378 -> 2 | D67: ='集計_障がい者'!$E$378 -> 0.066666667
B68: オンラインでの交流 | C68: ='集計_障がい者'!$D$383 -> 0 | D68: ='集計_障がい者'!$E$383 -> 0
B69: 特にない | C69: ='集計_障がい者'!$D$384 -> 19 | D69: ='集計_障がい者'!$E$384 -> 0.63333333
B70: その他 | C70: ='集計_障がい者'!$D$385 -> 0 | D70: ='集計_障がい者'!$E$385 -> 0
B74: 図3-45 障がいへの理解を深めるために必要な取組（問43）
B75: ="n="&'集計_障がい者'!$F$389&"（複数回答）" -> n=31（複数回答）
B76: 選択肢 | C76: 件数 | D76: 割合
B77: 広報・ホームページでの情報発信 | C77: ='集計_障がい者'!$D$389 -> 12 | D77: ='集計_障がい者'!$E$389 -> 0.38709677
B78: 交流の場づくり | C78: ='集計_障がい者'!$D$390 -> 10 | D78: ='集計_障がい者'!$E$390 -> 0.32258065
B79: 学校での福祉教育 | C79: ='集計_障がい者'!$D$386 -> 9 | D79: ='集計_障がい者'!$E$386 -> 0.29032258
B80: 地域住民向けの講座 | C80: ='集計_障がい者'!$D$387 -> 6 | D80: ='集計_障がい者'!$E$387 -> 0.19354839
B81: 事業所・企業への啓発 | C81: ='集計_障がい者'!$D$388 -> 5 | D81: ='集計_障がい者'!$E$388 -> 0.16129032
B82: 障がい当事者の意見発信 | C82: ='集計_障がい者'!$D$391 -> 5 | D82: ='集計_障がい者'!$E$391 -> 0.16129032
B83: 特にない | C83: ='集計_障がい者'!$D$392 -> 7 | D83: ='集計_障がい者'!$E$392 -> 0.22580645
B84: その他 | C84: ='集計_障がい者'!$D$393 -> 0 | D84: ='集計_障がい者'!$E$393 -> 0
B88: 図3-46 今後、村が特に力を入れるべきこと（3つまで）（問44）
B89: ="n="&'集計_障がい者'!$F$394&"（複数回答）" -> n=31（複数回答）
B90: 選択肢 | C90: 件数 | D90: 割合
B91: 相談支援体制 | C91: ='集計_障がい者'!$D$394 -> 13 | D91: ='集計_障がい者'!$E$394 -> 0.41935484
B92: 災害時支援 | C92: ='集計_障がい者'!$D$398 -> 13 | D92: ='集計_障がい者'!$E$398 -> 0.41935484
B93: 在宅生活支援 | C93: ='集計_障がい者'!$D$395 -> 10 | D93: ='集計_障がい者'!$E$395 -> 0.32258065
B94: 移動支援 | C94: ='集計_障がい者'!$D$396 -> 10 | D94: ='集計_障がい者'!$E$396 -> 0.32258065
B95: サービス事業所の確保 | C95: ='集計_障がい者'!$D$401 -> 10 | D95: ='集計_障がい者'!$E$401 -> 0.32258065
B96: 家族支援 | C96: ='集計_障がい者'!$D$400 -> 8 | D96: ='集計_障がい者'!$E$400 -> 0.25806452
B97: 差別解消・権利擁護 | C97: ='集計_障がい者'!$D$399 -> 5 | D97: ='集計_障がい者'!$E$399 -> 0.16129032
B98: 就労支援 | C98: ='集計_障がい者'!$D$397 -> 3 | D98: ='集計_障がい者'!$E$397 -> 0.096774194
B99: その他 | C99: ='集計_障がい者'!$D$402 -> 0 | D99: ='集計_障がい者'!$E$402 -> 0
B103: 表3-2 自由記述にみる主な意見（障がい者調査）
B104: 分野 | C104: 主な意見（要旨） | I104: 設問
B105: 意思疎通・情報保障 | C105: 意思疎通できる相手が少なく、理解してもらえないため筆談でやり取りしている。 | I105: 問10-2
C106: 村役場に手話通訳者を継続して配置してほしい。聴覚障がいのある人への理解を深めてほしい。 | I106: 問45
C107: 村外への通院時の手話通訳者・付き添いは事前の予約が必要であり、緊急時にも対応できるようにしてほしい。 | I107: 問45
B108: 日常生活・介助 | C108: 視力の低下により細かな作業ができない。一人では服薬管理や通院ができない。 | I108: 問10-2
C109: 日常生活全般において、家族や介助者の支援がないと難しい場面がある。（同趣旨2件） | I109: 問10-2
C110: 経管栄養を行っているが、口から食べたいという思いがある。 | I110: 問10-2
B111: 外出・移動 | C111: 足腰の痛み等により、誰かの手を借りないと外出できない。外出時のトイレも心配である。 | I111: 問10-2・問14
C112: 膝が不自由なため、車の運転ができなくなったときの移動や災害時、生活全般が不安である。 | I112: 問45
C113: 町へ出かける際の福祉サービス施設の車両の利用回数が限られており、もう少し利用しやすくしてほしい。 | I113: 問45
C114: 災害時に、かかりつけ医までの移動手段を確保してほしい。 | I114: 問41
B115: 相談・情報 | C115: 家族が突然障がいを負った際、相談後の対応に時間がかかり、十分な支援を受けられないまま終わってしまった。 | I115: 問45
C116: 相談や支援を受ける方法がわからない。民生委員・児童委員の役割がわからない。 | I116: 問45・問40
C117: 身体障がい者手帳の更新が必要かどうかわからない。 | I117: 問5
B118: 暮らし全般 | C118: 本人及び家族が穏やかに生活できる環境を確保してほしい。 | I118: 問45
B119: ※個人が特定されることのないよう、趣旨を損なわない範囲で要約・一部修正しています。

Sheet 4章_クロス集計
B2: 表4-1 クロス集計の分析テーマ
B3: No. | C3: 分析テーマ | H3: クロス軸（区分 × 集計項目）
B4: C01 | C4: 障がい種別ごとの今後のサービス利用ニーズ | H4: 問6 × 問27-3
B5: C02 | C5: 地区別の外出・交通上の課題 | H5: 問3 × 問14
B6: C03 | C6: 地区別のサービス利用阻害要因 | H6: 問3 × 問28
B7: C04 | C7: 現在の暮らしと将来希望のギャップ | H7: 問7 × 問11
B8: C05 | C8: 年齢別の日常生活上の困りごと | H8: 問2 × 問10
B9: C06 | C9: 現在の日中活動と希望する働き方・活動 | H9: 問31 × 問32
B10: C07 | C10: 個別避難計画の認知と災害時不安 | H10: 問39 × 問38
B11: C08 | C11: 障がい種別ごとに必要な合理的配慮 | H11: 問6 × 問36
B12: C09 | C12: 相談先別の相談支援への期待 | H12: 問22 × 問26
B13: C10 | C13: 主な介助者別の地域生活支援拠点への期待 | H13: 問9 × 問29
B15: 表4-2 障がい種別 × 今後3年間で利用したいサービス（問6×問27-3）
B16: 【件数】青字のセルが入力値です
B17: 区分 | C17: 身体障がい | D17: 知的障がい | E17: 精神障がい | F17: 発達障がい | G17: わからない・その他
B18: 回答者数（n） | C18: 26 | D18: 2 | E18: 4 | F18: 3 | G18: 2
B19: 居宅介護（ホームヘルプ） | C19: 3 | D19: 0 | E19: 0 | F19: 0 | G19: 0
B20: 同行援護・行動援護 | C20: 1 | D20: 0 | E20: 0 | F20: 0 | G20: 0
B21: 生活介護 | C21: 0 | D21: 2 | E21: 1 | F21: 0 | G21: 0
B22: 自立訓練 | C22: 1 | D22: 0 | E22: 0 | F22: 0 | G22: 1
B23: 就労移行支援 | C23: 0 | D23: 0 | E23: 0 | F23: 1 | G23: 0
B24: 就労継続支援B型 | C24: 0 | D24: 0 | E24: 0 | F24: 0 | G24: 1
B25: 短期入所（ショートステイ） | C25: 3 | D25: 0 | E25: 0 | F25: 0 | G25: 1
B26: グループホーム | C26: 3 | D26: 0 | E26: 1 | F26: 0 | G26: 1
B27: 施設入所支援 | C27: 5 | D27: 2 | E27: 1 | F27: 0 | G27: 1
B28: 計画相談支援 | C28: 1 | D28: 1 | E28: 0 | F28: 0 | G28: 1
B29: 移動支援 | C29: 0 | D29: 0 | E29: 2 | F29: 0 | G29: 0
... B32: 利用したいサービスは特にない | C32: 9 | D32: 0 | E32: 2 | F32: 1 | G32: 0
B34: 【割合】各区分の回答者数（n）に占める割合（計算式）
B35: 区分 | C35: 身体障がい | D35: 知的障がい | E35: 精神障がい | F35: 発達障がい | G35: わからない・その他
B36: 居宅介護（ホームヘルプ） | C36: =IF($C$18=0,0,$C$19/$C$18) -> 0.11538462 | D36: =IF($D$18=0,0,$D$19/$D$18) -> 0 | E36: =IF($E$18=0,0,$E$19/$E$18) -> 0 | F36: =IF($F$18=0,0,$F$19/$F$18) -> 0 | G36: =IF($G$18=0,0,$G$19/$G$18) -> 0
B37: 同行援護・行動援護 | C37: =IF($C$18=0,0,$C$20/$C$18) -> 0.038461538 | D37: =IF($D$18=0,0,$D$20/$D$18) -> 0 | E37: =IF($E$18=0,0,$E$20/$E$18) -> 0 | F37: =IF($F$18=0,0,$F$20/$F$18) -> 0 | G37: =IF($G$18=0,0,$G$20/$G$18) -> 0
B38: 生活介護 | C38: =IF($C$18=0,0,$C$21/$C$18) -> 0 | D38: =IF($D$18=0,0,$D$21/$D$18) -> 1 | E38: =IF($E$18=0,0,$E$21/$E$18) -> 0.25 | F38: =IF($F$18=0,0,$F$21/$F$18) -> 0 | G38: =IF($G$18=0,0,$G$21/$G$18) -> 0
B39: 自立訓練 | C39: =IF($C$18=0,0,$C$22/$C$18) -> 0.038461538 | D39: =IF($D$18=0,0,$D$22/$D$18) -> 0 | E39: =IF($E$18=0,0,$E$22/$E$18) -> 0 | F39: =IF($F$18=0,0,$F$22/$F$18) -> 0 | G39: =IF($G$18=0,0,$G$22/$G$18) -> 0.5
B40: 就労移行支援 | C40: =IF($C$18=0,0,$C$23/$C$18) -> 0 | D40: =IF($D$18=0,0,$D$23/$D$18) -> 0 | E40: =IF($E$18=0,0,$E$23/$E$18) -> 0 | F40: =IF($F$18=0,0,$F$23/$F$18) -> 0.33333333 | G40: =IF($G$18=0,0,$G$23/$G$18) -> 0
B41: 就労継続支援B型 | C41: =IF($C$18=0,0,$C$24/$C$18) -> 0 | D41: =IF($D$18=0,0,$D$24/$D$18) -> 0 | E41: =IF($E$18=0,0,$E$24/$E$18) -> 0 | F41: =IF($F$18=0,0,$F$24/$F$18) -> 0 | G41: =IF($G$18=0,0,$G$24/$G$18) -> 0.5
B42: 短期入所（ショートステイ） | C42: =IF($C$18=0,0,$C$25/$C$18) -> 0.11538462 | D42: =IF($D$18=0,0,$D$25/$D$18) -> 0 | E42: =IF($E$18=0,0,$E$25/$E$18) -> 0 | F42: =IF($F$18=0,0,$F$25/$F$18) -> 0 | G42: =IF($G$18=0,0,$G$25/$G$18) -> 0.5
B43: グループホーム | C43: =IF($C$18=0,0,$C$26/$C$18) -> 0.11538462 | D43: =IF($D$18=0,0,$D$26/$D$18) -> 0 | E43: =IF($E$18=0,0,$E$26/$E$18) -> 0.25 | F43: =IF($F$18=0,0,$F$26/$F$18) -> 0 | G43: =IF($G$18=0,0,$G$26/$G$18) -> 0.5
B44: 施設入所支援 | C44: =IF($C$18=0,0,$C$27/$C$18) -> 0.19230769 | D44: =IF($D$18=0,0,$D$27/$D$18) -> 1 | E44: =IF($E$18=0,0,$E$27/$E$18) -> 0.25 | F44: =IF($F$18=0,0,$F$27/$F$18) -> 0 | G44: =IF($G$18=0,0,$G$27/$G$18) -> 0.5
B45: 計画相談支援 | C45: =IF($C$18=0,0,$C$28/$C$18) -> 0.038461538 | D45: =IF($D$18=0,0,$D$28/$D$18) -> 0.5 | E45: =IF($E$18=0,0,$E$28/$E$18) -> 0 | F45: =IF($F$18=0,0,$F$28/$F$18) -> 0 | G45: =IF($G$18=0,0,$G$28/$G$18) -> 0.5
B46: 移動支援 | C46: =IF($C$18=0,0,$C$29/$C$18) -> 0 | D46: =IF($D$18=0,0,$D$29/$D$18) -> 0 | E46: =IF($E$18=0,0,$E$29/$E$18) -> 0.5 | F46: =IF($F$18=0,0,$F$29/$F$18) -> 0 | G46: =IF($G$18=0,0,$G$29/$G$18) -> 0
B47: 日中一時支援 | C47: =IF($C$18=0,0,$C$30/$C$18) -> 0.038461538 | D47: =IF($D$18=0,0,$D$30/$D$18) -> 0 | E47: =IF($E$18=0,0,$E$30/$E$18) -> 0 | F47: =IF($F$18=0,0,$F$30/$F$18) -> 0 | G47: =IF($G$18=0,0,$G$30/$G$18) -> 0
B48: 日常生活用具 | C48: =IF($C$18=0,0,$C$31/$C$18) -> 0.038461538 | D48: =IF($D$18=0,0,$D$31/$D$18) -> 0 | E48: =IF($E$18=0,0,$E$31/$E$18) -> 0 | F48: =IF($F$18=0,0,$F$31/$F$18) -> 0 | G48: =IF($G$18=0,0,$G$31/$G$18) -> 0
B49: 利用したいサービスは特にない | C49: =IF($C$18=0,0,$C$32/$C$18) -> 0.34615385 | D49: =IF($D$18=0,0,$D$32/$D$18) -> 0 | E49: =IF($E$18=0,0,$E$32/$E$18) -> 0.5 | F49: =IF($F$18=0,0,$F$32/$F$18) -> 0.33333333 | G49: =IF($G$18=0,0,$G$32/$G$18) -> 0
B50: ※色が濃いほど割合が高く、太字は各区分で最も割合が高い項目です（条件付き書式）。回答者のいない障がい種別（難病、高次脳機能障がい、重症心身障がい）及び回答のなかったサービスは省略しています。
B52: 表4-3 地区 × 外出するときに困ること（問3×問14）
B53: 【件数】青字のセルが入力値です
B54: 区分 | C54: 北山地区 | D54: 大塩地区 | E54: 桧原地区 | F54: 裏磐梯地区 | G54: その他
B55: 回答者数（n） | C55: 17 | D55: 7 | E55: 3 | F55: 10 | G55: 1
B56: 交通手段が少ない | C56: 2 | D56: 0 | E56: 1 | F56: 2 | G56: 1
B57: 家族等の付き添いが必要 | C57: 3 | D57: 1 | E57: 0 | F57: 3 | G57: 0
B58: 送迎がない | C58: 3 | D58: 1 | E58: 0 | F58: 1 | G58: 0
B59: 冬季・積雪時に外出しにくい | C59: 4 | D59: 2 | E59: 1 | F59: 5 | G59: 1
B60: 周囲の理解が不安 | C60: 1 | D60: 0 | E60: 0 | F60: 1 | G60: 0
B61: 体調面が不安 | C61: 5 | D61: 2 | E61: 0 | F61: 1 | G61: 0
B62: 費用がかかる | C62: 4 | D62: 0 | E62: 0 | F62: 1 | G62: 0
B63: 特に困らない | C63: 6 | D63: 3 | E63: 1 | F63: 1 | G63: 0
B64: その他 | C64: 0 | D64: 0 | E64: 0 | F64: 1 | G64: 0
B66: 【割合】各区分の回答者数（n）に占める割合（計算式）
B67: 区分 | C67: 北山地区 | D67: 大塩地区 | E67: 桧原地区 | F67: 裏磐梯地区 | G67: その他
B68: 交通手段が少ない | C68: =IF($C$55=0,0,$C$56/$C$55) -> 0.11764706 | D68: =IF($D$55=0,0,$D$56/$D$55) -> 0 | E68: =IF($E$55=0,0,$E$56/$E$55) -> 0.33333333 | F68: =IF($F$55=0,0,$F$56/$F$55) -> 0.2 | G68: =IF($G$55=0,0,$G$56/$G$55) -> 1
B69: 家族等の付き添いが必要 | C69: =IF($C$55=0,0,$C$57/$C$55) -> 0.17647059 | D69: =IF($D$55=0,0,$D$57/$D$55) -> 0.14285714 | E69: =IF($E$55=0,0,$E$57/$E$55) -> 0 | F69: =IF($F$55=0,0,$F$57/$F$55) -> 0.3 | G69: =IF($G$55=0,0,$G$57/$G$55) -> 0
B70: 送迎がない | C70: =IF($C$55=0,0,$C$58/$C$55) -> 0.17647059 | D70: =IF($D$55=0,0,$D$58/$D$55) -> 0.14285714 | E70: =IF($E$55=0,0,$E$58/$E$55) -> 0 | F70: =IF($F$55=0,0,$F$58/$F$55) -> 0.1 | G70: =IF($G$55=0,0,$G$58/$G$55) -> 0
B71: 冬季・積雪時に外出しにくい | C71: =IF($C$55=0,0,$C$59/$C$55) -> 0.23529412 | D71: =IF($D$55=0,0,$D$59/$D$55) -> 0.28571429 | E71: =IF($E$55=0,0,$E$59/$E$55) -> 0.33333333 | F71: =IF($F$55=0,0,$F$59/$F$55) -> 0.5 | G71: =IF($G$55=0,0,$G$59/$G$55) -> 1
B72: 周囲の理解が不安 | C72: =IF($C$55=0,0,$C$60/$C$55) -> 0.058823529 | D72: =IF($D$55=0,0,$D$60/$D$55) -> 0 | E72: =IF($E$55=0,0,$E$60/$E$55) -> 0 | F72: =IF($F$55=0,0,$F$60/$F$55) -> 0.1 | G72: =IF($G$55=0,0,$G$60/$G$55) -> 0
B73: 体調面が不安 | C73: =IF($C$55=0,0,$C$61/$C$55) -> 0.29411765 | D73: =IF($D$55=0,0,$D$61/$D$55) -> 0.28571429 | E73: =IF($E$55=0,0,$E$61/$E$55) -> 0 | F73: =IF($F$55=0,0,$F$61/$F$55) -> 0.1 | G73: =IF($G$55=0,0,$G$61/$G$55) -> 0
B74: 費用がかかる | C74: =IF($C$55=0,0,$C$62/$C$55) -> 0.23529412 | D74: =IF($D$55=0,0,$D$62/$D$55) -> 0 | E74: =IF($E$55=0,0,$E$62/$E$55) -> 0 | F74: =IF($F$55=0,0,$F$62/$F$55) -> 0.1 | G74: =IF($G$55=0,0,$G$62/$G$55) -> 0
B75: 特に困らない | C75: =IF($C$55=0,0,$C$63/$C$55) -> 0.35294118 | D75: =IF($D$55=0,0,$D$63/$D$55) -> 0.42857143 | E75: =IF($E$55=0,0,$E$63/$E$55) -> 0.33333333 | F75: =IF($F$55=0,0,$F$63/$F$55) -> 0.1 | G75: =IF($G$55=0,0,$G$63/$G$55) -> 0
B76: その他 | C76: =IF($C$55=0,0,$C$64/$C$55) -> 0 | D76: =IF($D$55=0,0,$D$64/$D$55) -> 0 | E76: =IF($E$55=0,0,$E$64/$E$55) -> 0 | F76: =IF($F$55=0,0,$F$64/$F$55) -> 0.1 | G76: =IF($G$55=0,0,$G$64/$G$55) -> 0
B77: ※色が濃いほど割合が高く、太字は各区分で最も割合が高い項目です（条件付き書式）。全ての地区で回答のなかった「道路・建物が利用しにくい」は省略しています。
B79: 図4-1 主な地区別の外出するときに困ること（問3×問14）
B81: 区分 | C81: ="北山地区（n="&$C$55&"）" -> 北山地区（n=17） | D81: ="大塩地区（n="&$D$55&"）" -> 大塩地区（n=7） | E81: ="裏磐梯地区（n="&$F$55&"）" -> 裏磐梯地区（n=10）
B82: 冬季・積雪時に外出しにくい | C82: =$C$71 -> 0.23529412 | D82: =$D$71 -> 0.28571429 | E82: =$F$71 -> 0.5
B83: 体調面が不安 | C83: =$C$73 -> 0.29411765 | D83: =$D$73 -> 0.28571429 | E83: =$F$73 -> 0.1
B84: 家族等の付き添いが必要 | C84: =$C$69 -> 0.17647059 | D84: =$D$69 -> 0.14285714 | E84: =$F$69 -> 0.3
B85: 交通手段が少ない | C85: =$C$68 -> 0.11764706 | D85: =$D$68 -> 0 | E85: =$F$68 -> 0.2
B86: 送迎がない | C86: =$C$70 -> 0.17647059 | D86: =$D$70 -> 0.14285714 | E86: =$F$70 -> 0.1
B87: 費用がかかる | C87: =$C$74 -> 0.23529412 | D87: =$D$74 -> 0 | E87: =$F$74 -> 0.1
B88: 特に困らない | C88: =$C$75 -> 0.35294118 | D88: =$D$75 -> 0.42857143 | E88: =$F$75 -> 0.1
B89: ※回答者数の少ない桧原地区（n=3）、その他（n=1）はグラフから省略しています。
B104: 表4-4 地区 × サービスを利用したいが利用できない理由（問3×問28）
B105: 【件数】青字のセルが入力値です
B106: 区分 | C106: 北山地区 | D106: 大塩地区 | E106: 桧原地区 | F106: 裏磐梯地区 | G106: その他
B107: 回答者数（n） | C107: 17 | D107: 7 | E107: 3 | F107: 10 | G107: 1
B108: 近くに事業所がない | C108: 2 | D108: 0 | E108: 0 | F108: 1 | G108: 0
B109: 空きがない | C109: 1 | D109: 0 | E109: 0 | F109: 0 | G109: 0
B110: 送迎がない | C110: 0 | D110: 0 | E110: 0 | F110: 1 | G110: 0
B111: 利用方法がわからない | C111: 2 | D111: 1 | E111: 0 | F111: 0 | G111: 0
B112: 費用が心配 | C112: 2 | D112: 1 | E112: 1 | F112: 0 | G112: 0
B113: 本人に合うサービスがない | C113: 0 | D113: 0 | E113: 0 | F113: 1 | G113: 0
B114: 家族が対応している | C114: 3 | D114: 2 | E114: 0 | F114: 1 | G114: 0
B115: 必要性を感じない | C115: 7 | D115: 2 | E115: 0 | F115: 1 | G115: 1
B116: その他 | C116: 0 | D116: 0 | E116: 0 | F116: 1 | G116: 0
B118: 【割合】各区分の回答者数（n）に占める割合（計算式）
B119: 区分 | C119: 北山地区 | D119: 大塩地区 | E119: 桧原地区 | F119: 裏磐梯地区 | G119: その他
B120: 近くに事業所がない | C120: =IF($C$107=0,0,$C$108/$C$107) -> 0.11764706 | D120: =IF($D$107=0,0,$D$108/$D$107) -> 0 | E120: =IF($E$107=0,0,$E$108/$E$107) -> 0 | F120: =IF($F$107=0,0,$F$108/$F$107) -> 0.1 | G120: =IF($G$107=0,0,$G$108/$G$107) -> 0
B121: 空きがない | C121: =IF($C$107=0,0,$C$109/$C$107) -> 0.058823529 | D121: =IF($D$107=0,0,$D$109/$D$107) -> 0 | E121: =IF($E$107=0,0,$E$109/$E$107) -> 0 | F121: =IF($F$107=0,0,$F$109/$F$107) -> 0 | G121: =IF($G$107=0,0,$G$109/$G$107) -> 0
B122: 送迎がない | C122: =IF($C$107=0,0,$C$110/$C$107) -> 0 | D122: =IF($D$107=0,0,$D$110/$D$107) -> 0 | E122: =IF($E$107=0,0,$E$110/$E$107) -> 0 | F122: =IF($F$107=0,0,$F$110/$F$107) -> 0.1 | G122: =IF($G$107=0,0,$G$110/$G$107) -> 0
B123: 利用方法がわからない | C123: =IF($C$107=0,0,$C$111/$C$107) -> 0.11764706 | D123: =IF($D$107=0,0,$D$111/$D$107) -> 0.14285714 | E123: =IF($E$107=0,0,$E$111/$E$107) -> 0 | F123: =IF($F$107=0,0,$F$111/$F$107) -> 0 | G123: =IF($G$107=0,0,$G$111/$G$107) -> 0
B124: 費用が心配 | C124: =IF($C$107=0,0,$C$112/$C$107) -> 0.11764706 | D124: =IF($D$107=0,0,$D$112/$D$107) -> 0.14285714 | E124: =IF($E$107=0,0,$E$112/$E$107) -> 0.33333333 | F124: =IF($F$107=0,0,$F$112/$F$107) -> 0 | G124: =IF($G$107=0,0,$G$112/$G$107) -> 0
...

Sheet 5章_障がい児
B2: 表5-1 回答者の属性（障がい児調査）
B3: 項目 | C3: 回答（件数）
B4: 記入者（問1） | C4: 「ご家族」2件、「宛名のご本人」1件
B5: 本人意向の反映（問1-2） | C5: 「本人が回答した」1件、「本人の様子や日頃の意向を踏まえて代理記入した」1件、「本人に確認することが難しく、家族・支援者の判断で記入した」1件
B6: 年齢（問2） | C6: 「6～11歳」1件、「12～14歳」1件、「15～17歳」1件
B7: お住まいの地区（問3） | C7: 「北山地区」2件、「裏磐梯地区」1件
B8: 性別（問4） | C8: 「男性」2件、「女性」1件
B9: 所持している手帳等（問5・複数回答、n=2） | C9: 「身体障がい者手帳」2件、「療育手帳」1件、「精神障がい者保健福祉手帳」1件
B10: 主たる障がい種別（問6） | C10: 「身体障がい」1件、「知的障がい」1件、「発達障がい」1件
B11: 障害児通所支援等の支給決定（問7） | C11: 「受けている」2件、「受けていない」1件
B12: 主な支援・介助・見守りをしている方（問8） | C12: 「親」3件
B13: 現在の暮らし（問9） | C13: 「自宅で家族と暮らしている」3件
B15: 図5-1 日常生活で困っていること（問10）
B16: ="n="&'集計_障がい児'!$F$66&"（複数回答）" -> n=3（複数回答）
B17: 選択肢 | C17: 件数
B18: 将来の生活 | C18: ='集計_障がい児'!$D$66 -> 3
B19: 家事 | C19: ='集計_障がい児'!$D$55 -> 1
B20: 食事 | C20: ='集計_障がい児'!$D$56 -> 1
B21: 入浴 | C21: ='集計_障がい児'!$D$57 -> 1
B22: 排せつ | C22: ='集計_障がい児'!$D$58 -> 1
B23: 服薬管理 | C23: ='集計_障がい児'!$D$59 -> 1
B24: 金銭管理 | C24: ='集計_障がい児'!$D$60 -> 1
B25: 通院 | C25: ='集計_障がい児'!$D$61 -> 1
B26: 外出・移動 | C26: ='集計_障がい児'!$D$62 -> 1
B27: 買い物 | C27: ='集計_障がい児'!$D$63 -> 1
B28: 災害時の避難 | C28: ='集計_障がい児'!$D$64 -> 1
B29: 相談先がない | C29: ='集計_障がい児'!$D$65 -> 0
B30: 特にない | C30: ='集計_障がい児'!$D$67 -> 0
B31: その他 | C31: ='集計_障がい児'!$D$68 -> 1
B35: 図5-2 外出するときに困ること（問14）
B36: ="n="&'集計_障がい児'!$F$89&"（複数回答）" -> n=3（複数回答）
B37: 選択肢 | C37: 件数
B38: 交通手段が少ない | C38: ='集計_障がい児'!$D$89 -> 2
B39: 家族等の付き添いが必要 | C39: ='集計_障がい児'!$D$90 -> 2
B40: 送迎がない | C40: ='集計_障がい児'!$D$91 -> 1
B41: 冬季・積雪時に外出しにくい | C41: ='集計_障がい児'!$D$92 -> 1
B42: 体調面が不安 | C42: ='集計_障がい児'!$D$95 -> 1
B43: 費用がかかる | C43: ='集計_障がい児'!$D$96 -> 1
B44: その他 | C44: ='集計_障がい児'!$D$98 -> 1
B45: ※回答のなかった選択肢は省略しています。
B48: 図5-3 通院や医療で困っていること（問16）
B49: ="n="&'集計_障がい児'!$F$103&"（複数回答）" -> n=3（複数回答）
B50: 選択肢 | C50: 件数
B51: 専門医療機関が遠い | C51: ='集計_障がい児'!$D$103 -> 3
B52: 付き添いが必要 | C52: ='集計_障がい児'!$D$105 -> 3
B53: 緊急時の対応が不安 | C53: ='集計_障がい児'!$D$108 -> 2
B54: 通院の交通手段がない | C54: ='集計_障がい児'!$D$104 -> 1
B55: 医療費や交通費の負担が大きい | C55: ='集計_障がい児'!$D$106 -> 1
B56: その他 | C56: ='集計_障がい児'!$D$110 -> 1
B57: ※回答のなかった選択肢は省略しています。
B60: 図5-4 医療的ケアや重い障がいに関して必要な支援（問18）
B61: ="n="&'集計_障がい児'!$F$130&"（複数回答）" -> n=3（複数回答）
B62: 選択肢 | C62: 件数
B63: 家族の負担軽減 | C63: ='集計_障がい児'!$D$130 -> 3
B64: 身近な相談先 | C64: ='集計_障がい児'!$D$125 -> 1
B65: 通所先での医療的ケア対応 | C65: ='集計_障がい児'!$D$126 -> 1
B66: 短期入所・レスパイトケア | C66: ='集計_障がい児'!$D$127 -> 1
B67: 訪問看護等との連携 | C67: ='集計_障がい児'!$D$128 -> 1
B68: その他 | C68: ='集計_障がい児'!$D$132 -> 1
B69: ※回答のなかった選択肢は省略しています。
B72: 図5-5 相談支援に期待すること（問22）
B73: ="n="&'集計_障がい児'!$F$165&"（複数回答）" -> n=3（複数回答）
B74: 選択肢 | C74: 件数
B75: 将来の暮らしの相談 | C75: ='集計_障がい児'!$D$165 -> 3
B76: 医療・通院の相談 | C76: ='集計_障がい児'!$D$168 -> 3
B77: サービス利用の相談 | C77: ='集計_障がい児'!$D$164 -> 2
B78: 家族の負担軽減 | C78: ='集計_障がい児'!$D$169 -> 2
B79: 日中活動の相談 | C79: ='集計_障がい児'!$D$166 -> 1
B80: 障がい児・発達の相談 | C80: ='集計_障がい児'!$D$167 -> 1
B81: 緊急時の相談 | C81: ='集計_障がい児'!$D$170 -> 1
B82: わかりやすい情報提供 | C82: ='集計_障がい児'!$D$171 -> 1
B83: ※回答のなかった選択肢は省略しています。
B86: 図5-6 通園・通学や事業所利用で困っていること（問24）
B87: ="n="&'集計_障がい児'!$F$182&"（複数回答）" -> n=3（複数回答）
B88: 選択肢 | C88: 件数
B89: 送迎・移動手段の確保が難しい | C89: ='集計_障がい児'!$D$182 -> 3
B90: 付き添いなど家族の負担が大きい | C90: ='集計_障がい児'!$D$184 -> 3
B91: 冬季の通園・通学・通所が不安 | C91: ='集計_障がい児'!$D$183 -> 1
B92: 学校・園・事業所との情報共有が難しい | C92: ='集計_障がい児'!$D$187 -> 1
B93: その他 | C93: ='集計_障がい児'!$D$191 -> 1
B94: ※回答のなかった選択肢は省略しています。
B97: 図5-7 日頃の暮らしに関する評価（問25）
B99: 項目 | C99: そう思う | D99: どちらかといえばそう思う | E99: どちらかといえばそう思わない | F99: そう思わない・わからない
B100: 安心できる居場所 | C100: ='集計_障がい児'!$E$192 -> 0.66666667 | D100: ='集計_障がい児'!$E$193 -> 0.33333333 | E100: ='集計_障がい児'!$E$194 -> 0 | F100: ='集計_障がい児'!$E$195 -> 0
B101: 相談できる人 | C101: ='集計_障がい児'!$E$196 -> 0.33333333 | D101: ='集計_障がい児'!$E$197 -> 0.66666667 | E101: ='集計_障がい児'!$E$198 -> 0 | F101: ='集計_障がい児'!$E$199 -> 0
B102: 友人・地域との関わり | C102: ='集計_障がい児'!$E$200 -> 0.33333333 | D102: ='集計_障がい児'!$E$201 -> 0.66666667 | E102: ='集計_障がい児'!$E$202 -> 0 | F102: ='集計_障がい児'!$E$203 -> 0
B103: 意思の尊重 | C103: ='集計_障がい児'!$E$204 -> 0 | D103: ='集計_障がい児'!$E$205 -> 0.66666667 | E103: ='集計_障がい児'!$E$206 -> 0.33333333 | F103: ='集計_障がい児'!$E$207 -> 0
B104: 家族の負担感 | C104: ='集計_障がい児'!$E$208 -> 1 | D104: ='集計_障がい児'!$E$209 -> 0 | E104: ='集計_障がい児'!$E$210 -> 0 | F104: ='集計_障がい児'!$E$211 -> 0
B112: 図5-8 放課後や長期休暇中の過ごし方で困っていること（問31）
B113: ="n="&'集計_障がい児'!$F$262&"（複数回答）" -> n=3（複数回答）
B114: 選択肢 | C114: 件数
B115: 利用できる場所が少ない | C115: ='集計_障がい児'!$D$262 -> 2
B116: 送迎がない | C116: ='集計_障がい児'!$D$263 -> 2
B117: 医療的ケアに対応できる場所が少ない | C117: ='集計_障がい児'!$D$264 -> 1
B118: 長期休暇の過ごし方に困る | C118: ='集計_障がい児'!$D$265 -> 1
B119: 家族への負担が大きい | C119: ='集計_障がい児'!$D$266 -> 1
B120: 費用負担が心配 | C120: ='集計_障がい児'!$D$268 -> 1
B121: ※回答のなかった選択肢は省略しています。
B124: 表5-2 サービス別の利用状況・認知度・今後の利用意向（障がい児調査）
B125: サービス | C125: 現在利用している （問27） | D125: 内容をよく知らない （問28） | E125: 今後3年間で利用したい （問29）
...

Sheet 6章_課題
B2: 表6-1 課題と計画上の主な取組・指標の関係
B3: 課題 | C3: 関連する主な取組・指標の領域（例） | G3: 主な根拠設問
B4: 1 相談支援体制・情報提供 | C4: 相談支援体制の充実・強化、計画相談支援、意思決定支援の推進 | G4: 問22・問23・問26・問27-2・問44
B5: 2 移動・外出支援 | C5: 移動支援事業（地域生活支援事業）、同行援護・行動援護、関係部署との連携 | G5: 問13・問14・問16・児問24・児問29
B6: 3 災害時の支援体制 | C6: 個別避難計画の作成推進、福祉避難所の確保、防災分野との連携 | G6: 問38～問41・児問37～児問40
B7: 4 地域生活支援拠点・将来の暮らし | C7: 地域生活支援の充実（地域生活支援拠点等）、施設入所者の地域生活への移行、共同生活援助・短期入所の見込量 | G7: 問10・問11・問27-3・問29
B8: 5 障がい児・家族支援 | C8: 障がい児支援の提供体制の整備、放課後等デイサービス・障がい児相談支援の見込量、医療的ケア児支援 | G8: 児問18・児問24・児問25・児問29・児問31
B9: 6 権利擁護・合理的配慮 | C9: 成年後見制度利用支援事業、意思疎通支援事業、理解促進研修・啓発事業 | G9: 問34～問37・問43
B10: 7 日中活動・就労・社会参加 | C10: 福祉施設から一般就労への移行等、就労選択支援・就労系サービスの見込量 | G10: 問31～問33・問42・児問32
B11: 8 専門的支援 | C11: 精神障がいにも対応した地域包括ケアシステムの構築、強度行動障がい・医療的ケアへの対応 | G11: 問17～問20
B12: ※「児問」は障がい児調査の設問を示します。関連する取組・指標の領域は例示であり、国の基本指針の内容に応じて整理してください。

Sheet 集計_障がい者
A1: 障がい者調査（18歳以上） 単純集計（入力データ）
A2: 青字のセル（件数・有効回答数）が入力値です。割合は計算式で、各章シートの表・グラフに自動で反映されます。有効回答数は各設問の先頭行に入力し、2行目以降は先頭行を参照しています。
A4: 設問番号 | B4: 設問 | C4: 選択肢 | D4: 件数 | E4: 割合 | F4: 有効回答数（n） | G4: 回答形式
A5: 問1 | B5: この調査票を記入された方はどなたですか | C5: 宛名のご本人 | D5: 24 | E5: =IF($F5=0,0,D5/$F5) -> 0.63157895 | F5: 38 | G5: 単一回答
A6: 問1 | B6: この調査票を記入された方はどなたですか | C6: ご家族 | D6: 9 | E6: =IF($F6=0,0,D6/$F6) -> 0.23684211 | F6: =$F$5 -> 38 | G6: 単一回答
A7: 問1 | B7: この調査票を記入された方はどなたですか | C7: 支援者・事業所職員 | D7: 4 | E7: =IF($F7=0,0,D7/$F7) -> 0.10526316 | F7: =$F$5 -> 38 | G7: 単一回答
A8: 問1 | B8: この調査票を記入された方はどなたですか | C8: その他 | D8: 1 | E8: =IF($F8=0,0,D8/$F8) -> 0.026315789 | F8: =$F$5 -> 38 | G8: 単一回答
A9: 問1-2 | B9: この回答は、宛名のご本人の意向をどのように反映していますか | C9: 本人が回答した | D9: 22 | E9: =IF($F9=0,0,D9/$F9) -> 0.57894737 | F9: 38 | G9: 単一回答
A10: 問1-2 | B10: この回答は、宛名のご本人の意向をどのように反映していますか | C10: 本人に確認して代理記入した | D10: 8 | E10: =IF($F10=0,0,D10/$F10) -> 0.21052632 | F10: =$F$9 -> 38 | G10: 単一回答
A11: 問1-2 | B11: この回答は、宛名のご本人の意向をどのように反映していますか | C11: 本人の様子や日頃の意向を踏まえて代理記入した | D11: 2 | E11: =IF($F11=0,0,D11/$F11) -> 0.052631579 | F11: =$F$9 -> 38 | G11: 単一回答
A12: 問1-2 | B12: この回答は、宛名のご本人の意向をどのように反映していますか | C12: 本人に確認することが難しく、家族・支援者の判断で記入した | D12: 6 | E12: =IF($F12=0,0,D12/$F12) -> 0.15789474 | F12: =$F$9 -> 38 | G12: 単一回答
A13: 問1-2 | B13: この回答は、宛名のご本人の意向をどのように反映していますか | C13: その他 | D13: 0 | E13: =IF($F13=0,0,D13/$F13) -> 0 | F13: =$F$9 -> 38 | G13: 単一回答
A14: 問2 | B14: あなた（宛名の方）の年齢を教えてください | C14: 18～29歳 | D14: 0 | E14: =IF($F14=0,0,D14/$F14) -> 0 | F14: 37 | G14: 単一回答
A15: 問2 | B15: あなた（宛名の方）の年齢を教えてください | C15: 30～39歳 | D15: 3 | E15: =IF($F15=0,0,D15/$F15) -> 0.081081081 | F15: =$F$14 -> 37 | G15: 単一回答
A16: 問2 | B16: あなた（宛名の方）の年齢を教えてください | C16: 40～49歳 | D16: 2 | E16: =IF($F16=0,0,D16/$F16) -> 0.054054054 | F16: =$F$14 -> 37 | G16: 単一回答
A17: 問2 | B17: あなた（宛名の方）の年齢を教えてください | C17: 50～64歳 | D17: 7 | E17: =IF($F17=0,0,D17/$F17) -> 0.18918919 | F17: =$F$14 -> 37 | G17: 単一回答
A18: 問2 | B18: あなた（宛名の方）の年齢を教えてください | C18: 65歳以上 | D18: 25 | E18: =IF($F18=0,0,D18/$F18) -> 0.67567568 | F18: =$F$14 -> 37 | G18: 単一回答
A19: 問3 | B19: あなたのお住まいの地区を教えてください | C19: 北山地区 | D19: 17 | E19: =IF($F19=0,0,D19/$F19) -> 0.44736842 | F19: 38 | G19: 単一回答
A20: 問3 | B20: あなたのお住まいの地区を教えてください | C20: 大塩地区 | D20: 7 | E20: =IF($F20=0,0,D20/$F20) -> 0.18421053 | F20: =$F$19 -> 38 | G20: 単一回答
A21: 問3 | B21: あなたのお住まいの地区を教えてください | C21: 桧原地区 | D21: 3 | E21: =IF($F21=0,0,D21/$F21) -> 0.078947368 | F21: =$F$19 -> 38 | G21: 単一回答
A22: 問3 | B22: あなたのお住まいの地区を教えてください | C22: 裏磐梯地区 | D22: 10 | E22: =IF($F22=0,0,D22/$F22) -> 0.26315789 | F22: =$F$19 -> 38 | G22: 単一回答
A23: 問3 | B23: あなたのお住まいの地区を教えてください | C23: その他 | D23: 1 | E23: =IF($F23=0,0,D23/$F23) -> 0.026315789 | F23: =$F$19 -> 38 | G23: 単一回答
A24: 問4 | B24: あなたの性別を教えてください | C24: 男性 | D24: 16 | E24: =IF($F24=0,0,D24/$F24) -> 0.42105263 | F24: 38 | G24: 単一回答
A25: 問4 | B25: あなたの性別を教えてください | C25: 女性 | D25: 22 | E25: =IF($F25=0,0,D25/$F25) -> 0.57894737 | F25: =$F$24 -> 38 | G25: 単一回答
A26: 問4 | B26: あなたの性別を教えてください | C26: 回答しない | D26: 0 | E26: =IF($F26=0,0,D26/$F26) -> 0 | F26: =$F$24 -> 38 | G26: 単一回答
A27: 問5 | B27: お持ちの手帳等を教えてください（あてはまるものすべて） | C27: 身体障がい者手帳 | D27: 29 | E27: =IF($F27=0,0,D27/$F27) -> 0.78378378 | F27: 37 | G27: 複数回答
A28: 問5 | B28: お持ちの手帳等を教えてください（あてはまるものすべて） | C28: 療育手帳 | D28: 2 | E28: =IF($F28=0,0,D28/$F28) -> 0.054054054 | F28: =$F$27 -> 37 | G28: 複数回答
A29: 問5 | B29: お持ちの手帳等を教えてください（あてはまるものすべて） | C29: 精神障がい者保健福祉手帳 | D29: 6 | E29: =IF($F29=0,0,D29/$F29) -> 0.16216216 | F29: =$F$27 -> 37 | G29: 複数回答
A30: 問5 | B30: お持ちの手帳等を教えてください（あてはまるものすべて） | C30: 自立支援医療受給者証 | D30: 4 | E30: =IF($F30=0,0,D30/$F30) -> 0.10810811 | F30: =$F$27 -> 37 | G30: 複数回答
A31: 問5 | B31: お持ちの手帳等を教えてください（あてはまるものすべて） | C31: 難病に関する医療受給者証等 | D31: 0 | E31: =IF($F31=0,0,D31/$F31) -> 0 | F31: =$F$27 -> 37 | G31: 複数回答
A32: 問5 | B32: お持ちの手帳等を教えてください（あてはまるものすべて） | C32: 手帳等は持っていないが障がい福祉サービスを利用している | D32: 0 | E32: =IF($F32=0,0,D32/$F32) -> 0 | F32: =$F$27 -> 37 | G32: 複数回答
A33: 問5 | B33: お持ちの手帳等を教えてください（あてはまるものすべて） | C33: その他 | D33: 2 | E33: =IF($F33=0,0,D33/$F33) -> 0.054054054 | F33: =$F$27 -> 37 | G33: 複数回答
A34: 問6 | B34: 主たる障がい種別を1つ選ぶとすれば、どれにあたりますか | C34: 身体障がい | D34: 26 | E34: =IF($F34=0,0,D34/$F34) -> 0.7027027 | F34: 37 | G34: 単一回答
A35: 問6 | B35: 主たる障がい種別を1つ選ぶとすれば、どれにあたりますか | C35: 知的障がい | D35: 2 | E35: =IF($F35=0,0,D35/$F35) -> 0.054054054 | F35: =$F$34 -> 37 | G35: 単一回答
A36: 問6 | B36: 主たる障がい種別を1つ選ぶとすれば、どれにあたりますか | C36: 精神障がい | D36: 4 | E36: =IF($F36=0,0,D36/$F36) -> 0.10810811 | F36: =$F$34 -> 37 | G36: 単一回答
A37: 問6 | B37: 主たる障がい種別を1つ選ぶとすれば、どれにあたりますか | C37: 発達障がい | D37: 3 | E37: =IF($F37=0,0,D37/$F37) -> 0.081081081 | F37: =$F$34 -> 37 | G37: 単一回答
A38: 問6 | B38: 主たる障がい種別を1つ選ぶとすれば、どれにあたりますか | C38: 難病 | D38: 0 | E38: =IF($F38=0,0,D38/$F38) -> 0 | F38: =$F$34 -> 37 | G38: 単一回答
A39: 問6 | B39: 主たる障がい種別を1つ選ぶとすれば、どれにあたりますか | C39: 高次脳機能障がい | D39: 0 | E39: =IF($F39=0,0,D39/$F39) -> 0 | F39: =$F$34 -> 37 | G39: 単一回答
A40: 問6 | B40: 主たる障がい種別を1つ選ぶとすれば、どれにあたりますか | C40: 重症心身障がい | D40: 0 | E40: =IF($F40=0,0,D40/$F40) -> 0 | F40: =$F$34 -> 37 | G40: 単一回答
A41: 問6 | B41: 主たる障がい種別を1つ選ぶとすれば、どれにあたりますか | C41: わからない・その他 | D41: 2 | E41: =IF($F41=0,0,D41/$F41) -> 0.054054054 | F41: =$F$34 -> 37 | G41: 単一回答
A42: 問7 | B42: 現在、どこで暮らしていますか | C42: 自宅で家族と暮らしている | D42: 24 | E42: =IF($F42=0,0,D42/$F42) -> 0.64864865 | F42: 37 | G42: 単一回答
A43: 問7 | B43: 現在、どこで暮らしていますか | C43: 自宅で一人暮らし | D43: 6 | E43: =IF($F43=0,0,D43/$F43) -> 0.16216216 | F43: =$F$42 -> 37 | G43: 単一回答
A44: 問7 | B44: 現在、どこで暮らしていますか | C44: グループホーム | D44: 3 | E44: =IF($F44=0,0,D44/$F44) -> 0.081081081 | F44: =$F$42 -> 37 | G44: 単一回答
A45: 問7 | B45: 現在、どこで暮らしていますか | C45: 障がい者支援施設 | D45: 2 | E45: =IF($F45=0,0,D45/$F45) -> 0.054054054 | F45: =$F$42 -> 37 | G45: 単一回答
A46: 問7 | B46: 現在、どこで暮らしていますか | C46: 病院に入院中 | D46: 1 | E46: =IF($F46=0,0,D46/$F46) -> 0.027027027 | F46: =$F$42 -> 37 | G46: 単一回答
A47: 問7 | B47: 現在、どこで暮らしていますか | C47: 高齢者施設等 | D47: 1 | E47: =IF($F47=0,0,D47/$F47) -> 0.027027027 | F47: =$F$42 -> 37 | G47: 単一回答
A48: 問7 | B48: 現在、どこで暮らしていますか | C48: その他 | D48: 0 | E48: =IF($F48=0,0,D48/$F48) -> 0 | F48: =$F$42 -> 37 | G48: 単一回答
A49: 問8 | B49: 現在一緒に暮らしている方を教えてください（あてはまるものすべて） | C49: 一人暮らし | D49: 5 | E49: =IF($F49=0,0,D49/$F49) -> 0.14705882 | F49: 34 | G49: 複数回答
A50: 問8 | B50: 現在一緒に暮らしている方を教えてください（あてはまるものすべて） | C50: 配偶者 | D50: 14 | E50: =IF($F50=0,0,D50/$F50) -> 0.41176471 | F50: =$F$49 -> 34 | G50: 複数回答
A51: 問8 | B51: 現在一緒に暮らしている方を教えてください（あてはまるものすべて） | C51: 親 | D51: 7 | E51: =IF($F51=0,0,D51/$F51) -> 0.20588235 | F51: =$F$49 -> 34 | G51: 複数回答
A52: 問8 | B52: 現在一緒に暮らしている方を教えてください（あてはまるものすべて） | C52: 子ども | D52: 11 | E52: =IF($F52=0,0,D52/$F52) -> 0.32352941 | F52: =$F$49 -> 34 | G52: 複数回答
A53: 問8 | B53: 現在一緒に暮らしている方を教えてください（あてはまるものすべて） | C53: 兄弟姉妹 | D53: 2 | E53: =IF($F53=0,0,D53/$F53) -> 0.058823529 | F53: =$F$49 -> 34 | G53: 複数回答
A54: 問8 | B54: 現在一緒に暮らしている方を教えてください（あてはまるものすべて） | C54: 祖父母 | D54: 1 | E54: =IF($F54=0,0,D54/$F54) -> 0.029411765 | F54: =$F$49 -> 34 | G54: 複数回答
A55: 問8 | B55: 現在一緒に暮らしている方を教えてください（あてはまるものすべて） | C55: その他 | D55: 3 | E55: =IF($F55=0,0,D55/$F55) -> 0.088235294 | F55: =$F$49 -> 34 | G55: 複数回答
A56: 問9 | B56: 日常生活で主に支援・介助してくれる方はどなたですか（あてはまるものすべて） | C56: 介助は必要ない | D56: 17 | E56: =IF($F56=0,0,D56/$F56) -> 0.45945946 | F56: 37 | G56: 複数回答
A57: 問9 | B57: 日常生活で主に支援・介助してくれる方はどなたですか（あてはまるものすべて） | C57: 親 | D57: 5 | E57: =IF($F57=0,0,D57/$F57) -> 0.13513514 | F57: =$F$56 -> 37 | G57: 複数回答
A58: 問9 | B58: 日常生活で主に支援・介助してくれる方はどなたですか（あてはまるものすべて） | C58: 配偶者 | D58: 6 | E58: =IF($F58=0,0,D58/$F58) -> 0.16216216 | F58: =$F$56 -> 37 | G58: 複数回答
A59: 問9 | B59: 日常生活で主に支援・介助してくれる方はどなたですか（あてはまるものすべて） | C59: 子ども | D59: 9 | E59: =IF($F59=0,0,D59/$F59) -> 0.24324324 | F59: =$F$56 -> 37 | G59: 複数回答
A60: 問9 | B60: 日常生活で主に支援・介助してくれる方はどなたですか（あてはまるものすべて） | C60: 兄弟姉妹 | D60: 0 | E60: =IF($F60=0,0,D60/$F60) -> 0 | F60: =$F$56 -> 37 | G60: 複数回答
A61: 問9 | B61: 日常生活で主に支援・介助してくれる方はどなたですか（あてはまるものすべて） | C61: その他の親族 | D61: 1 | E61: =IF($F61=0,0,D61/$F61) -> 0.027027027 | F61: =$F$56 -> 37 | G61: 複数回答
A62: 問9 | B62: 日常生活で主に支援・介助してくれる方はどなたですか（あてはまるものすべて） | C62: ホームヘルパー等 | D62: 2 | E62: =IF($F62=0,0,D62/$F62) -> 0.054054054 | F62: =$F$56 -> 37 | G62: 複数回答
A63: 問9 | B63: 日常生活で主に支援・介助してくれる方はどなたですか（あてはまるものすべて） | C63: 施設・事業所職員 | D63: 7 | E63: =IF($F63=0,0,D63/$F63) -> 0.18918919 | F63: =$F$56 -> 37 | G63: 複数回答
A64: 問9 | B64: 日常生活で主に支援・介助してくれる方はどなたですか（あてはまるものすべて） | C64: 主な支援者はいない | D64: 1 | E64: =IF($F64=0,0,D64/$F64) -> 0.027027027 | F64: =$F$56 -> 37 | G64: 複数回答
A65: 問9 | B65: 日常生活で主に支援・介助してくれる方はどなたですか（あてはまるものすべて） | C65: その他 | D65: 0 | E65: =IF($F65=0,0,D65/$F65) -> 0 | F65: =$F$56 -> 37 | G65: 複数回答
A66: 問10 | B66: 日常生活で困っていることは何ですか（あてはまるものすべて） | C66: 家事 | D66: 1 | E66: =IF($F66=0,0,D66/$F66) -> 0.027777778 | F66: 36 | G66: 複数回答
A67: 問10 | B67: 日常生活で困っていることは何ですか（あてはまるものすべて） | C67: 食事 | D67: 4 | E67: =IF($F67=0,0,D67/$F67) -> 0.11111111 | F67: =$F$66 -> 36 | G67: 複数回答
A68: 問10 | B68: 日常生活で困っていることは何ですか（あてはまるものすべて） | C68: 入浴 | D68: 4 | E68: =IF($F68=0,0,D68/$F68) -> 0.11111111 | F68: =$F$66 -> 36 | G68: 複数回答
A69: 問10 | B69: 日常生活で困っていることは何ですか（あてはまるものすべて） | C69: 排せつ | D69: 2 | E69: =IF($F69=0,0,D69/$F69) -> 0.055555556 | F69: =$F$66 -> 36 | G69: 複数回答
A70: 問10 | B70: 日常生活で困っていることは何ですか（あてはまるものすべて） | C70: 服薬管理 | D70: 5 | E70: =IF($F70=0,0,D70/$F70) -> 0.13888889 | F70: =$F$66 -> 36 | G70: 複数回答
A71: 問10 | B71: 日常生活で困っていることは何ですか（あてはまるものすべて） | C71: 金銭管理 | D71: 4 | E71: =IF($F71=0,0,D71/$F71) -> 0.11111111 | F71: =$F$66 -> 36 | G71: 複数回答
A72: 問10 | B72: 日常生活で困っていることは何ですか（あてはまるものすべて） | C72: 通院 | D72: 7 | E72: =IF($F72=0,0,D72/$F72) -> 0.19444444 | F72: =$F$66 -> 36 | G72: 複数回答
A73: 問10 | B73: 日常生活で困っていることは何ですか（あてはまるものすべて） | C73: 外出・移動 | D73: 10 | E73: =IF($F73=0,0,D73/$F73) -> 0.27777778 | F73: =$F$66 -> 36 | G73: 複数回答
A74: 問10 | B74: 日常生活で困っていることは何ですか（あてはまるものすべて） | C74: 買い物 | D74: 5 | E74: =IF($F74=0,0,D74/$F74) -> 0.13888889 | F74: =$F$66 -> 36 | G74: 複数回答
A75: 問10 | B75: 日常生活で困っていることは何ですか（あてはまるものすべて） | C75: 災害時の避難 | D75: 10 | E75: =IF($F75=0,0,D75/$F75) -> 0.27777778 | F75: =$F$66 -> 36 | G75: 複数回答
A76: 問10 | B76: 日常生活で困っていることは何ですか（あてはまるものすべて） | C76: 相談先がない | D76: 1 | E76: =IF($F76=0,0,D76/$F76) -> 0.027777778 | F76: =$F$66 -> 36 | G76: 複数回答
A77: 問10 | B77: 日常生活で困っていることは何ですか（あてはまるものすべて） | C77: 将来の生活 | D77: 11 | E77: =IF($F77=0,0,D77/$F77) -> 0.30555556 | F77: =$F$66 -> 36 | G77: 複数回答
A78: 問10 | B78: 日常生活で困っていることは何ですか（あてはまるものすべて） | C78: 特にない | D78: 13 | E78: =IF($F78=0,0,D78/$F78) -> 0.36111111 | F78: =$F$66 -> 36 | G78: 複数回答
A79: 問10 | B79: 日常生活で困っていることは何ですか（あてはまるものすべて） | C79: その他 | D79: 1 | E79: =IF($F79=0,0,D79/$F79) -> 0.027777778 | F79: =$F$66 -> 36 | G79: 複数回答
A80: 問11 | B80: 将来、どのような暮らし方を希望しますか | C80: 今の自宅で暮らしたい | D80: 15 | E80: =IF($F80=0,0,D80/$F80) -> 0.41666667 | F80: 36 | G80: 単一回答
A81: 問11 | B81: 将来、どのような暮らし方を希望しますか | C81: 家族と一緒に暮らしたい | D81: 6 | E81: =IF($F81=0,0,D81/$F81) -> 0.16666667 | F81: =$F$80 -> 36 | G81: 単一回答
A82: 問11 | B82: 将来、どのような暮らし方を希望しますか | C82: 一人暮らしをしたい | D82: 2 | E82: =IF($F82=0,0,D82/$F82) -> 0.055555556 | F82: =$F$80 -> 36 | G82: 単一回答
A83: 問11 | B83: 将来、どのような暮らし方を希望しますか | C83: グループホームで暮らしたい | D83: 2 | E83: =IF($F83=0,0,D83/$F83) -> 0.055555556 | F83: =$F$80 -> 36 | G83: 単一回答
A84: 問11 | B84: 将来、どのような暮らし方を希望しますか | C84: 施設で暮らしたい | D84: 4 | E84: =IF($F84=0,0,D84/$F84) -> 0.11111111 | F84: =$F$80 -> 36 | G84: 単一回答
A85: 問11 | B85: 将来、どのような暮らし方を希望しますか | C85: 病院・施設から地域で暮らしたい | D85: 0 | E85: =IF($F85=0,0,D85/$F85) -> 0 | F85: =$F$80 -> 36 | G85: 単一回答
A86: 問11 | B86: 将来、どのような暮らし方を希望しますか | C86: まだわからない | D86: 6 | E86: =IF($F86=0,0,D86/$F86) -> 0.16666667 | F86: =$F$80 -> 36 | G86: 単一回答
A87: 問11 | B87: 将来、どのような暮らし方を希望しますか | C87: その他 | D87: 1 | E87: =IF($F87=0,0,D87/$F87) -> 0.027777778 | F87: =$F$80 -> 36 | G87: 単一回答
A88: 問12 | B88: 外出の頻度を教えてください | C88: ほぼ毎日 | D88: 11 | E88: =IF($F88=0,0,D88/$F88) -> 0.2972973 | F88: 37 | G88: 単一回答
A89: 問12 | B89: 外出の頻度を教えてください | C89: 週に2～4回 | D89: 6 | E89: =IF($F89=0,0,D89/$F89) -> 0.16216216 | F89: =$F$88 -> 37 | G89: 単一回答
A90: 問12 | B90: 外出の頻度を教えてください | C90: 週に1回程度 | D90: 6 | E90: =IF($F90=0,0,D90/$F90) -> 0.16216216 | F90: =$F$88 -> 37 | G90: 単一回答
A91: 問12 | B91: 外出の頻度を教えてください | C91: 月に数回 | D91: 6 | E91: =IF($F91=0,0,D91/$F91) -> 0.16216216 | F91: =$F$88 -> 37 | G91: 単一回答
A92: 問12 | B92: 外出の頻度を教えてください | C92: ほとんど外出しない | D92: 8 | E92: =IF($F92=0,0,D92/$F92) -> 0.21621622 | F92: =$F$88 -> 37 | G92: 単一回答
A93: 問13 | B93: 外出時の主な移動手段を教えてください（あてはまるものすべて） | C93: 自分で運転 | D93: 17 | E93: =IF($F93=0,0,D93/$F93) -> 0.5 | F93: 34 | G93: 複数回答
A94: 問13 | B94: 外出時の主な移動手段を教えてください（あてはまるものすべて） | C94: 家族・知人の送迎 | D94: 14 | E94: =IF($F94=0,0,D94/$F94) -> 0.41176471 | F94: =$F$93 -> 34 | G94: 複数回答
A95: 問13 | B95: 外出時の主な移動手段を教えてください（あてはまるものすべて） | C95: 徒歩 | D95: 3 | E95: =IF($F95=0,0,D95/$F95) -> 0.088235294 | F95: =$F$93 -> 34 | G95: 複数回答
A96: 問13 | B96: 外出時の主な移動手段を教えてください（あてはまるものすべて） | C96: 自転車 | D96: 1 | E96: =IF($F96=0,0,D96/$F96) -> 0.029411765 | F96: =$F$93 -> 34 | G96: 複数回答
A97: 問13 | B97: 外出時の主な移動手段を教えてください（あてはまるものすべて） | C97: 路線バス | D97: 3 | E97: =IF($F97=0,0,D97/$F97) -> 0.088235294 | F97: =$F$93 -> 34 | G97: 複数回答
A98: 問13 | B98: 外出時の主な移動手段を教えてください（あてはまるものすべて） | C98: タクシー | D98: 2 | E98: =IF($F98=0,0,D98/$F98) -> 0.058823529 | F98: =$F$93 -> 34 | G98: 複数回答
A99: 問13 | B99: 外出時の主な移動手段を教えてください（あてはまるものすべて） | C99: 福祉タクシー等 | D99: 0 | E99: =IF($F99=0,0,D99/$F99) -> 0 | F99: =$F$93 -> 34 | G99: 複数回答
A100: 問13 | B100: 外出時の主な移動手段を教えてください（あてはまるものすべて） | C100: 事業所・施設の送迎 | D100: 8 | E100: =IF($F100=0,0,D100/$F100) -> 0.23529412 | F100: =$F$93 -> 34 | G100: 複数回答
A101: 問13 | B101: 外出時の主な移動手段を教えてください（あてはまるものすべて） | C101: その他 | D101: 2 | E101: =IF($F101=0,0,D101/$F101) -> 0.058823529 | F101: =$F$93 -> 34 | G101: 複数回答
...

Sheet 集計_障がい児
A1: 障がい児調査（18歳未満） 単純集計（入力データ）
A2: 青字のセル（件数・有効回答数）が入力値です。割合は計算式で、各章シートの表・グラフに自動で反映されます。有効回答数は各設問の先頭行に入力し、2行目以降は先頭行を参照しています。
A4: 設問番号 | B4: 設問 | C4: 選択肢 | D4: 件数 | E4: 割合 | F4: 有効回答数（n） | G4: 回答形式
A5: 問1 | B5: この調査票を記入された方はどなたですか | C5: 宛名のご本人 | D5: 1 | E5: =IF($F5=0,0,D5/$F5) -> 0.33333333 | F5: 3 | G5: 単一回答
A6: 問1 | B6: この調査票を記入された方はどなたですか | C6: ご家族 | D6: 2 | E6: =IF($F6=0,0,D6/$F6) -> 0.66666667 | F6: =$F$5 -> 3 | G6: 単一回答
A7: 問1 | B7: この調査票を記入された方はどなたですか | C7: 支援者・事業所職員 | D7: 0 | E7: =IF($F7=0,0,D7/$F7) -> 0 | F7: =$F$5 -> 3 | G7: 単一回答
A8: 問1 | B8: この調査票を記入された方はどなたですか | C8: その他 | D8: 0 | E8: =IF($F8=0,0,D8/$F8) -> 0 | F8: =$F$5 -> 3 | G8: 単一回答
A9: 問1-2 | B9: この回答は、宛名のご本人の意向をどのように反映していますか | C9: 本人が回答した | D9: 1 | E9: =IF($F9=0,0,D9/$F9) -> 0.33333333 | F9: 3 | G9: 単一回答
A10: 問1-2 | B10: この回答は、宛名のご本人の意向をどのように反映していますか | C10: 本人に確認して代理記入した | D10: 0 | E10: =IF($F10=0,0,D10/$F10) -> 0 | F10: =$F$9 -> 3 | G10: 単一回答
A11: 問1-2 | B11: この回答は、宛名のご本人の意向をどのように反映していますか | C11: 本人の様子や日頃の意向を踏まえて代理記入した | D11: 1 | E11: =IF($F11=0,0,D11/$F11) -> 0.33333333 | F11: =$F$9 -> 3 | G11: 単一回答
A12: 問1-2 | B12: この回答は、宛名のご本人の意向をどのように反映していますか | C12: 本人に確認することが難しく、家族・支援者の判断で記入した | D12: 1 | E12: =IF($F12=0,0,D12/$F12) -> 0.33333333 | F12: =$F$9 -> 3 | G12: 単一回答
A13: 問1-2 | B13: この回答は、宛名のご本人の意向をどのように反映していますか | C13: その他 | D13: 0 | E13: =IF($F13=0,0,D13/$F13) -> 0 | F13: =$F$9 -> 3 | G13: 単一回答
A14: 問2 | B14: お子さん（宛名の方）の年齢を教えてください | C14: 0～5歳 | D14: 0 | E14: =IF($F14=0,0,D14/$F14) -> 0 | F14: 3 | G14: 単一回答
A15: 問2 | B15: お子さん（宛名の方）の年齢を教えてください | C15: 6～11歳 | D15: 1 | E15: =IF($F15=0,0,D15/$F15) -> 0.33333333 | F15: =$F$14 -> 3 | G15: 単一回答
A16: 問2 | B16: お子さん（宛名の方）の年齢を教えてください | C16: 12～14歳 | D16: 1 | E16: =IF($F16=0,0,D16/$F16) -> 0.33333333 | F16: =$F$14 -> 3 | G16: 単一回答
A17: 問2 | B17: お子さん（宛名の方）の年齢を教えてください | C17: 15～17歳 | D17: 1 | E17: =IF($F17=0,0,D17/$F17) -> 0.33333333 | F17: =$F$14 -> 3 | G17: 単一回答
A18: 問3 | B18: あなたのお住まいの地区を教えてください | C18: 北山地区 | D18: 2 | E18: =IF($F18=0,0,D18/$F18) -> 0.66666667 | F18: 3 | G18: 単一回答
A19: 問3 | B19: あなたのお住まいの地区を教えてください | C19: 大塩地区 | D19: 0 | E19: =IF($F19=0,0,D19/$F19) -> 0 | F19: =$F$18 -> 3 | G19: 単一回答
A20: 問3 | B20: あなたのお住まいの地区を教えてください | C20: 桧原地区 | D20: 0 | E20: =IF($F20=0,0,D20/$F20) -> 0 | F20: =$F$18 -> 3 | G20: 単一回答
A21: 問3 | B21: あなたのお住まいの地区を教えてください | C21: 裏磐梯地区 | D21: 1 | E21: =IF($F21=0,0,D21/$F21) -> 0.33333333 | F21: =$F$18 -> 3 | G21: 単一回答
A22: 問3 | B22: あなたのお住まいの地区を教えてください | C22: その他 | D22: 0 | E22: =IF($F22=0,0,D22/$F22) -> 0 | F22: =$F$18 -> 3 | G22: 単一回答
A23: 問4 | B23: あなたの性別を教えてください | C23: 男性 | D23: 2 | E23: =IF($F23=0,0,D23/$F23) -> 0.66666667 | F23: 3 | G23: 単一回答
A24: 問4 | B24: あなたの性別を教えてください | C24: 女性 | D24: 1 | E24: =IF($F24=0,0,D24/$F24) -> 0.33333333 | F24: =$F$23 -> 3 | G24: 単一回答
A25: 問4 | B25: あなたの性別を教えてください | C25: 回答しない | D25: 0 | E25: =IF($F25=0,0,D25/$F25) -> 0 | F25: =$F$23 -> 3 | G25: 単一回答
A26: 問5 | B26: お持ちの手帳等を教えてください（あてはまるものすべて） | C26: 身体障がい者手帳 | D26: 2 | E26: =IF($F26=0,0,D26/$F26) -> 1 | F26: 2 | G26: 複数回答
A27: 問5 | B27: お持ちの手帳等を教えてください（あてはまるものすべて） | C27: 療育手帳 | D27: 1 | E27: =IF($F27=0,0,D27/$F27) -> 0.5 | F27: =$F$26 -> 2 | G27: 複数回答
A28: 問5 | B28: お持ちの手帳等を教えてください（あてはまるものすべて） | C28: 精神障がい者保健福祉手帳 | D28: 1 | E28: =IF($F28=0,0,D28/$F28) -> 0.5 | F28: =$F$26 -> 2 | G28: 複数回答
A29: 問5 | B29: お持ちの手帳等を教えてください（あてはまるものすべて） | C29: 難病に関する医療受給者証等 | D29: 0 | E29: =IF($F29=0,0,D29/$F29) -> 0 | F29: =$F$26 -> 2 | G29: 複数回答
A30: 問5 | B30: お持ちの手帳等を教えてください（あてはまるものすべて） | C30: 手帳等は持っていないが障がい福祉サービスを利用している | D30: 0 | E30: =IF($F30=0,0,D30/$F30) -> 0 | F30: =$F$26 -> 2 | G30: 複数回答
A31: 問5 | B31: お持ちの手帳等を教えてください（あてはまるものすべて） | C31: その他 | D31: 0 | E31: =IF($F31=0,0,D31/$F31) -> 0 | F31: =$F$26 -> 2 | G31: 複数回答
A32: 問6 | B32: 主たる障がい種別を1つ選ぶとすれば、どれにあたりますか | C32: 身体障がい | D32: 1 | E32: =IF($F32=0,0,D32/$F32) -> 0.33333333 | F32: 3 | G32: 単一回答
A33: 問6 | B33: 主たる障がい種別を1つ選ぶとすれば、どれにあたりますか | C33: 知的障がい | D33: 1 | E33: =IF($F33=0,0,D33/$F33) -> 0.33333333 | F33: =$F$32 -> 3 | G33: 単一回答
A34: 問6 | B34: 主たる障がい種別を1つ選ぶとすれば、どれにあたりますか | C34: 精神障がい | D34: 0 | E34: =IF($F34=0,0,D34/$F34) -> 0 | F34: =$F$32 -> 3 | G34: 単一回答
A35: 問6 | B35: 主たる障がい種別を1つ選ぶとすれば、どれにあたりますか | C35: 発達障がい | D35: 1 | E35: =IF($F35=0,0,D35/$F35) -> 0.33333333 | F35: =$F$32 -> 3 | G35: 単一回答
A36: 問6 | B36: 主たる障がい種別を1つ選ぶとすれば、どれにあたりますか | C36: 難病 | D36: 0 | E36: =IF($F36=0,0,D36/$F36) -> 0 | F36: =$F$32 -> 3 | G36: 単一回答
A37: 問6 | B37: 主たる障がい種別を1つ選ぶとすれば、どれにあたりますか | C37: 高次脳機能障がい | D37: 0 | E37: =IF($F37=0,0,D37/$F37) -> 0 | F37: =$F$32 -> 3 | G37: 単一回答
A38: 問6 | B38: 主たる障がい種別を1つ選ぶとすれば、どれにあたりますか | C38: 重症心身障がい | D38: 0 | E38: =IF($F38=0,0,D38/$F38) -> 0 | F38: =$F$32 -> 3 | G38: 単一回答
A39: 問6 | B39: 主たる障がい種別を1つ選ぶとすれば、どれにあたりますか | C39: わからない・その他 | D39: 0 | E39: =IF($F39=0,0,D39/$F39) -> 0 | F39: =$F$32 -> 3 | G39: 単一回答
A40: 問7 | B40: 障害児通所支援等の支給決定を受けていますか | C40: 受けている | D40: 2 | E40: =IF($F40=0,0,D40/$F40) -> 0.66666667 | F40: 3 | G40: 単一回答
A41: 問7 | B41: 障害児通所支援等の支給決定を受けていますか | C41: 受けていない | D41: 1 | E41: =IF($F41=0,0,D41/$F41) -> 0.33333333 | F41: =$F$40 -> 3 | G41: 単一回答
A42: 問7 | B42: 障害児通所支援等の支給決定を受けていますか | C42: わからない | D42: 0 | E42: =IF($F42=0,0,D42/$F42) -> 0 | F42: =$F$40 -> 3 | G42: 単一回答
A43: 問8 | B43: 日常生活でお子さんの主な支援・介助・見守りをしている方はどなたですか | C43: 介助は必要ない | D43: 0 | E43: =IF($F43=0,0,D43/$F43) -> 0 | F43: 3 | G43: 単一回答
A44: 問8 | B44: 日常生活でお子さんの主な支援・介助・見守りをしている方はどなたですか | C44: 親 | D44: 3 | E44: =IF($F44=0,0,D44/$F44) -> 1 | F44: =$F$43 -> 3 | G44: 単一回答
A45: 問8 | B45: 日常生活でお子さんの主な支援・介助・見守りをしている方はどなたですか | C45: 兄弟姉妹 | D45: 0 | E45: =IF($F45=0,0,D45/$F45) -> 0 | F45: =$F$43 -> 3 | G45: 単一回答
A46: 問8 | B46: 日常生活でお子さんの主な支援・介助・見守りをしている方はどなたですか | C46: 祖父母 | D46: 0 | E46: =IF($F46=0,0,D46/$F46) -> 0 | F46: =$F$43 -> 3 | G46: 単一回答
A47: 問8 | B47: 日常生活でお子さんの主な支援・介助・見守りをしている方はどなたですか | C47: その他の親族 | D47: 0 | E47: =IF($F47=0,0,D47/$F47) -> 0 | F47: =$F$43 -> 3 | G47: 単一回答
A48: 問8 | B48: 日常生活でお子さんの主な支援・介助・見守りをしている方はどなたですか | C48: ホームヘルパー等 | D48: 0 | E48: =IF($F48=0,0,D48/$F48) -> 0 | F48: =$F$43 -> 3 | G48: 単一回答
A49: 問8 | B49: 日常生活でお子さんの主な支援・介助・見守りをしている方はどなたですか | C49: 保育所・幼稚園・認定こども園・学校の職員 | D49: 0 | E49: =IF($F49=0,0,D49/$F49) -> 0 | F49: =$F$43 -> 3 | G49: 単一回答
A50: 問8 | B50: 日常生活でお子さんの主な支援・介助・見守りをしている方はどなたですか | C50: 障がい福祉サービス・障がい児通所支援事業所などの職員 | D50: 0 | E50: =IF($F50=0,0,D50/$F50) -> 0 | F50: =$F$43 -> 3 | G50: 単一回答
A51: 問8 | B51: 日常生活でお子さんの主な支援・介助・見守りをしている方はどなたですか | C51: その他 | D51: 0 | E51: =IF($F51=0,0,D51/$F51) -> 0 | F51: =$F$43 -> 3 | G51: 単一回答
A52: 問9 | B52: お子さんは現在、どのように暮らしていますか（あてはまるものすべて） | C52: 自宅で家族と暮らしている | D52: 3 | E52: =IF($F52=0,0,D52/$F52) -> 1 | F52: 3 | G52: 複数回答
A53: 問9 | B53: お子さんは現在、どのように暮らしていますか（あてはまるものすべて） | C53: 病院に入院中 | D53: 0 | E53: =IF($F53=0,0,D53/$F53) -> 0 | F53: =$F$52 -> 3 | G53: 複数回答
A54: 問9 | B54: お子さんは現在、どのように暮らしていますか（あてはまるものすべて） | C54: その他 | D54: 0 | E54: =IF($F54=0,0,D54/$F54) -> 0 | F54: =$F$52 -> 3 | G54: 複数回答
A55: 問10 | B55: 日常生活で困っていることは何ですか（あてはまるものすべて） | C55: 家事 | D55: 1 | E55: =IF($F55=0,0,D55/$F55) -> 0.33333333 | F55: 3 | G55: 複数回答
A56: 問10 | B56: 日常生活で困っていることは何ですか（あてはまるものすべて） | C56: 食事 | D56: 1 | E56: =IF($F56=0,0,D56/$F56) -> 0.33333333 | F56: =$F$55 -> 3 | G56: 複数回答
A57: 問10 | B57: 日常生活で困っていることは何ですか（あてはまるものすべて） | C57: 入浴 | D57: 1 | E57: =IF($F57=0,0,D57/$F57) -> 0.33333333 | F57: =$F$55 -> 3 | G57: 複数回答
A58: 問10 | B58: 日常生活で困っていることは何ですか（あてはまるものすべて） | C58: 排せつ | D58: 1 | E58: =IF($F58=0,0,D58/$F58) -> 0.33333333 | F58: =$F$55 -> 3 | G58: 複数回答
A59: 問10 | B59: 日常生活で困っていることは何ですか（あてはまるものすべて） | C59: 服薬管理 | D59: 1 | E59: =IF($F59=0,0,D59/$F59) -> 0.33333333 | F59: =$F$55 -> 3 | G59: 複数回答
A60: 問10 | B60: 日常生活で困っていることは何ですか（あてはまるものすべて） | C60: 金銭管理 | D60: 1 | E60: =IF($F60=0,0,D60/$F60) -> 0.33333333 | F60: =$F$55 -> 3 | G60: 複数回答
A61: 問10 | B61: 日常生活で困っていることは何ですか（あてはまるものすべて） | C61: 通院 | D61: 1 | E61: =IF($F61=0,0,D61/$F61) -> 0.33333333 | F61: =$F$55 -> 3 | G61: 複数回答
A62: 問10 | B62: 日常生活で困っていることは何ですか（あてはまるものすべて） | C62: 外出・移動 | D62: 1 | E62: =IF($F62=0,0,D62/$F62) -> 0.33333333 | F62: =$F$55 -> 3 | G62: 複数回答
A63: 問10 | B63: 日常生活で困っていることは何ですか（あてはまるものすべて） | C63: 買い物 | D63: 1 | E63: =IF($F63=0,0,D63/$F63) -> 0.33333333 | F63: =$F$55 -> 3 | G63: 複数回答
A64: 問10 | B64: 日常生活で困っていることは何ですか（あてはまるものすべて） | C64: 災害時の避難 | D64: 1 | E64: =IF($F64=0,0,D64/$F64) -> 0.33333333 | F64: =$F$55 -> 3 | G64: 複数回答
A65: 問10 | B65: 日常生活で困っていることは何ですか（あてはまるものすべて） | C65: 相談先がない | D65: 0 | E65: =IF($F65=0,0,D65/$F65) -> 0 | F65: =$F$55 -> 3 | G65: 複数回答
A66: 問10 | B66: 日常生活で困っていることは何ですか（あてはまるものすべて） | C66: 将来の生活 | D66: 3 | E66: =IF($F66=0,0,D66/$F66) -> 1 | F66: =$F$55 -> 3 | G66: 複数回答
A67: 問10 | B67: 日常生活で困っていることは何ですか（あてはまるものすべて） | C67: 特にない | D67: 0 | E67: =IF($F67=0,0,D67/$F67) -> 0 | F67: =$F$55 -> 3 | G67: 複数回答
A68: 問10 | B68: 日常生活で困っていることは何ですか（あてはまるものすべて） | C68: その他 | D68: 1 | E68: =IF($F68=0,0,D68/$F68) -> 0.33333333 | F68: =$F$55 -> 3 | G68: 複数回答
A69: 問11 | B69: 18歳になったら、どのような暮らし方を希望しますか | C69: 家族と一緒に暮らしたい | D69: 0 | E69: =IF($F69=0,0,D69/$F69) -> 0 | F69: 3 | G69: 単一回答
A70: 問11 | B70: 18歳になったら、どのような暮らし方を希望しますか | C70: 一人暮らしをしたい | D70: 1 | E70: =IF($F70=0,0,D70/$F70) -> 0.33333333 | F70: =$F$69 -> 3 | G70: 単一回答
A71: 問11 | B71: 18歳になったら、どのような暮らし方を希望しますか | C71: グループホームで暮らしたい | D71: 0 | E71: =IF($F71=0,0,D71/$F71) -> 0 | F71: =$F$69 -> 3 | G71: 単一回答
A72: 問11 | B72: 18歳になったら、どのような暮らし方を希望しますか | C72: 障がい者支援施設等で暮らしたい | D72: 0 | E72: =IF($F72=0,0,D72/$F72) -> 0 | F72: =$F$69 -> 3 | G72: 単一回答
A73: 問11 | B73: 18歳になったら、どのような暮らし方を希望しますか | C73: 病院・施設から地域で暮らしたい | D73: 0 | E73: =IF($F73=0,0,D73/$F73) -> 0 | F73: =$F$69 -> 3 | G73: 単一回答
A74: 問11 | B74: 18歳になったら、どのような暮らし方を希望しますか | C74: まだわからない | D74: 1 | E74: =IF($F74=0,0,D74/$F74) -> 0.33333333 | F74: =$F$69 -> 3 | G74: 単一回答
A75: 問11 | B75: 18歳になったら、どのような暮らし方を希望しますか | C75: その他 | D75: 1 | E75: =IF($F75=0,0,D75/$F75) -> 0.33333333 | F75: =$F$69 -> 3 | G75: 単一回答
A76: 問12 | B76: 外出の頻度を教えてください | C76: ほぼ毎日 | D76: 1 | E76: =IF($F76=0,0,D76/$F76) -> 0.33333333 | F76: 3 | G76: 単一回答
A77: 問12 | B77: 外出の頻度を教えてください | C77: 週に2～4回 | D77: 1 | E77: =IF($F77=0,0,D77/$F77) -> 0.33333333 | F77: =$F$76 -> 3 | G77: 単一回答
A78: 問12 | B78: 外出の頻度を教えてください | C78: 週に1回程度 | D78: 1 | E78: =IF($F78=0,0,D78/$F78) -> 0.33333333 | F78: =$F$76 -> 3 | G78: 単一回答
A79: 問12 | B79: 外出の頻度を教えてください | C79: 月に数回 | D79: 0 | E79: =IF($F79=0,0,D79/$F79) -> 0 | F79: =$F$76 -> 3 | G79: 単一回答
A80: 問12 | B80: 外出の頻度を教えてください | C80: ほとんど外出しない | D80: 0 | E80: =IF($F80=0,0,D80/$F80) -> 0 | F80: =$F$76 -> 3 | G80: 単一回答
A81: 問13 | B81: 外出時の主な移動手段を教えてください（あてはまるものすべて） | C81: 家族の送迎 | D81: 3 | E81: =IF($F81=0,0,D81/$F81) -> 1 | F81: 3 | G81: 複数回答
A82: 問13 | B82: 外出時の主な移動手段を教えてください（あてはまるものすべて） | C82: 徒歩 | D82: 2 | E82: =IF($F82=0,0,D82/$F82) -> 0.66666667 | F82: =$F$81 -> 3 | G82: 複数回答
A83: 問13 | B83: 外出時の主な移動手段を教えてください（あてはまるものすべて） | C83: 自転車 | D83: 1 | E83: =IF($F83=0,0,D83/$F83) -> 0.33333333 | F83: =$F$81 -> 3 | G83: 複数回答
A84: 問13 | B84: 外出時の主な移動手段を教えてください（あてはまるものすべて） | C84: 路線バス | D84: 1 | E84: =IF($F84=0,0,D84/$F84) -> 0.33333333 | F84: =$F$81 -> 3 | G84: 複数回答
A85: 問13 | B85: 外出時の主な移動手段を教えてください（あてはまるものすべて） | C85: タクシー | D85: 0 | E85: =IF($F85=0,0,D85/$F85) -> 0 | F85: =$F$81 -> 3 | G85: 複数回答
A86: 問13 | B86: 外出時の主な移動手段を教えてください（あてはまるものすべて） | C86: 福祉タクシー等 | D86: 0 | E86: =IF($F86=0,0,D86/$F86) -> 0 | F86: =$F$81 -> 3 | G86: 複数回答
A87: 問13 | B87: 外出時の主な移動手段を教えてください（あてはまるものすべて） | C87: 事業所・施設の送迎 | D87: 0 | E87: =IF($F87=0,0,D87/$F87) -> 0 | F87: =$F$81 -> 3 | G87: 複数回答
A88: 問13 | B88: 外出時の主な移動手段を教えてください（あてはまるものすべて） | C88: その他 | D88: 0 | E88: =IF($F88=0,0,D88/$F88) -> 0 | F88: =$F$81 -> 3 | G88: 複数回答
A89: 問14 | B89: 外出するときに困ることは何ですか（あてはまるものすべて） | C89: 交通手段が少ない | D89: 2 | E89: =IF($F89=0,0,D89/$F89) -> 0.66666667 | F89: 3 | G89: 複数回答
A90: 問14 | B90: 外出するときに困ることは何ですか（あてはまるものすべて） | C90: 家族等の付き添いが必要 | D90: 2 | E90: =IF($F90=0,0,D90/$F90) -> 0.66666667 | F90: =$F$89 -> 3 | G90: 複数回答
A91: 問14 | B91: 外出するときに困ることは何ですか（あてはまるものすべて） | C91: 送迎がない | D91: 1 | E91: =IF($F91=0,0,D91/$F91) -> 0.33333333 | F91: =$F$89 -> 3 | G91: 複数回答
A92: 問14 | B92: 外出するときに困ることは何ですか（あてはまるものすべて） | C92: 冬季・積雪時に外出しにくい | D92: 1 | E92: =IF($F92=0,0,D92/$F92) -> 0.33333333 | F92: =$F$89 -> 3 | G92: 複数回答
A93: 問14 | B93: 外出するときに困ることは何ですか（あてはまるものすべて） | C93: 道路・建物が利用しにくい | D93: 0 | E93: =IF($F93=0,0,D93/$F93) -> 0 | F93: =$F$89 -> 3 | G93: 複数回答
A94: 問14 | B94: 外出するときに困ることは何ですか（あてはまるものすべて） | C94: 周囲の理解が不安 | D94: 0 | E94: =IF($F94=0,0,D94/$F94) -> 0 | F94: =$F$89 -> 3 | G94: 複数回答
A95: 問14 | B95: 外出するときに困ることは何ですか（あてはまるものすべて） | C95: 体調面が不安 | D95: 1 | E95: =IF($F95=0,0,D95/$F95) -> 0.33333333 | F95: =$F$89 -> 3 | G95: 複数回答
A96: 問14 | B96: 外出するときに困ることは何ですか（あてはまるものすべて） | C96: 費用がかかる | D96: 1 | E96: =IF($F96=0,0,D96/$F96) -> 0.33333333 | F96: =$F$89 -> 3 | G96: 複数回答
A97: 問14 | B97: 外出するときに困ることは何ですか（あてはまるものすべて） | C97: 特に困らない | D97: 0 | E97: =IF($F97=0,0,D97/$F97) -> 0 | F97: =$F$89 -> 3 | G97: 複数回答
A98: 問14 | B98: 外出するときに困ることは何ですか（あてはまるものすべて） | C98: その他 | D98: 1 | E98: =IF($F98=0,0,D98/$F98) -> 0.33333333 | F98: =$F$89 -> 3 | G98: 複数回答
A99: 問15 | B99: 現在、定期的に通院していますか | C99: 通院している | D99: 3 | E99: =IF($F99=0,0,D99/$F99) -> 1 | F99: 3 | G99: 単一回答
A100: 問15 | B100: 現在、定期的に通院していますか | C100: 通院していない | D100: 0 | E100: =IF($F100=0,0,D100/$F100) -> 0 | F100: =$F$99 -> 3 | G100: 単一回答
A101: 問15 | B101: 現在、定期的に通院していますか | C101: 訪問診療・往診を受けている | D101: 0 | E101: =IF($F101=0,0,D101/$F101) -> 0 | F101: =$F$99 -> 3 | G101: 単一回答
...
