Workbook

Sheet 概要
A1: 将来推計ワーニングチェック結果概要 | D1: 出力日： | E1: 2026/09/28
D2: 推計名： | E2: 将来推計0925-2
B11: No. | C11: 施策反映を画面上で既に実施した項目名（画面名） | D11: ワーニング発生件数
B12: 1 | C12: 施策反映 認定者数 | D12: =IF('施策反映 認定者数'!O43="","",IF(COUNTIF('施策反映 認定者数'!N37:N42,1)=0,"該当無し",COUNTIF('施策反映 認定者数'!N37:N42,1))) -> 該当無し
B13: 2 | C13: 施策反映 施設・居住系サービス利用者数 | D13: =IF('施策反映 施設・居住系サービス利用者数'!N58="","",IF(COUNTIF('施策反映 施設・居住系サービス利用者数'!M37:M60,1)=0,"該当無し",COUNTIF('施策反映 施設・居住系サービス利用者数'!M37:M60,1))) -> 該当無し
B14: 3 | C14: 施策反映 在宅サービス利用者数 | D14: =IF('施策反映 在宅サービス利用者数'!N108="","",IF(COUNTIF('施策反映 在宅サービス利用者数'!M37:M104,1)=0,"該当無し",COUNTIF('施策反映 在宅サービス利用者数'!M37:M104,1))) -> 該当無し
B17: （ご参考）以下については、参考資料として必要に応じて確認してください。
B19: １）在宅サービス／居住系サービス／施設サービス毎の要介護度別1人1月あたり給付費
B20: No. | C20: 項目名 | D20: ワーニング発生件数
B21: 1 | C21: 在宅サービス／居住系サービス／施設サービス | D21: =IF('(参考)在宅・居住系・施設1人1月あたり給付費'!N73="","",IF(COUNTIF('(参考)在宅・居住系・施設1人1月あたり給付費'!$M$7:$M$72,1)=0,"該当無し",COUNTIF('(参考)在宅・居住系・施設1人1月あたり給付費'!$M$7:$M$72,1))) -> 該当無し
B23: ２）サービス種類毎の要介護度別1人(1回(日))1月あたり給付費
B24: No. | C24: 項目名 | D24: ワーニング発生件数
B25: 1 | C25: 在宅サービス | D25: =IF('(参考)1人(1回(日))1月あたり給付費(在宅)'!O517="","",IF(COUNTIF('(参考)1人(1回(日))1月あたり給付費(在宅)'!N7:N498,1)=0,"該当無し",COUNTIF('(参考)1人(1回(日))1月あたり給付費(在宅)'!N7:N498,1))) -> 該当無し
B26: 2 | C26: 居住系サービス | D26: =IF('(参考)1人(1回(日))1月あたり給付費(居住系)'!O91="","",IF(COUNTIF('(参考)1人(1回(日))1月あたり給付費(居住系)'!N7:N90,1)=0,"該当無し",COUNTIF('(参考)1人(1回(日))1月あたり給付費(居住系)'!N7:N90,1))) -> 該当無し
B27: 3 | C27: 施設サービス | D27: =IF('(参考)1人(1回(日))1月あたり給付費(施設)'!O61="","",IF(COUNTIF('(参考)1人(1回(日))1月あたり給付費(施設)'!N7:N42,1)=0,"該当無し",COUNTIF('(参考)1人(1回(日))1月あたり給付費(施設)'!N7:N42,1))) -> 該当無し
B29: ３）在宅サービス1人1月あたり利用回（日）数
B30: No. | C30: 項目名 | D30: ワーニング発生件数
B31: 1 | C31: 在宅サービス | D31: =IF('在宅サービス1人1月あたり利用回（日）数'!L271="","",IF(COUNTIF('在宅サービス1人1月あたり利用回（日）数'!K7:K270,1)=0,"該当無し",COUNTIF('在宅サービス1人1月あたり利用回（日）数'!K7:K270,1))) -> 33

Sheet data
I1: 下限 | J1: 上限
A2: シート名 | C2: MIN | D2: Q1 | E2: Q2 | F2: Q3 | G2: MAX | H2: Q（=Q3-Q1） | I2: Q1-Q*2 | J2: Q3+Q*2
A3: 施策反映 認定者数 | B3: 認定者数 男 | C3: -22.352941 | D3: -0.54406964 | E3: 2.0562771 | F3: 4.1925466 | G3: 34.375 | H3: =F3-D3 -> 4.7366162 | I3: -0.11 | J3: 0.14
A4: 施策反映 認定者数 | B4: 認定者数 女 | C4: -13.824885 | D4: -0.97656401 | E4: 1.091399 | F4: 2.8908325 | G4: 12.290503 | H4: =F4-D4 -> 3.8673965 | I4: -0.09 | J4: 0.11
A5: 施策反映 施設・居住系サービス利用者数 | B5: 居宅サービス 特定施設入居者生活介護 | C5: -100 | D5: -3.3877502 | E5: 2.9035013 | F5: 9.3070721 | G5: 2039.1304 | H5: =F5-D5 -> 12.694822 | I5: -0.25 | J5: 0.35
A6: 施策反映 施設・居住系サービス利用者数 | B6: 地域密着型サービス 認知症対応型共同生活介護 | C6: -100 | D6: -2.5593797 | E6: 0.5131807 | F6: 3.2132709 | G6: 93.75 | H6: =F6-D6 -> 5.7726506 | I6: -0.1 | J6: 0.15
A7: 施策反映 施設・居住系サービス利用者数 | B7: 地域密着型サービス 地域密着型特定施設入居者生活介護 | C7: -100 | D7: -3.197755 | E7: 0.91326105 | F7: 5.8734583 | G7: 1100 | H7: =F7-D7 -> 9.0712133 | I7: -0.2 | J7: 0.25
A8: 施策反映 施設・居住系サービス利用者数 | B8: 地域密着型サービス 地域密着型介護老人福祉施設入所者生活介護 | C8: -100 | D8: -1.5705788 | E8: 0.43399644 | F8: 2.5177677 | G8: 2091.6667 | H8: =F8-D8 -> 4.0883466 | I8: -0.05 | J8: 0.15
A9: 施策反映 施設・居住系サービス利用者数 | B9: 施設サービス 介護老人福祉施設 | C9: -45.011086 | D9: -1.5504536 | E9: 0.86844887 | F9: 3.5259 | G9: 75.195143 | H9: =F9-D9 -> 5.0763537 | I9: -0.1 | J9: 0.15
A10: 施策反映 施設・居住系サービス利用者数 | B10: 施設サービス 介護老人保健施設 | C10: -100 | D10: -4.8555377 | E10: -0.2739726 | F10: 3.5936751 | G10: 266.66667 | H10: =F10-D10 -> 8.4492129 | I10: -0.2 | J10: 0.25
A11: 施策反映 施設・居住系サービス利用者数 | B11: 施設サービス 介護医療院 | C11: -100 | D11: -8.2474144 | E11: 3.9955654 | F11: 20.284959 | G11: 1745.4545 | H11: =F11-D11 -> 28.532373 | I11: -0.65 | J11: 0.8
A12: 施策反映 在宅サービス利用者数 | B12: 居宅サービス 訪問介護 | C12: -37.878788 | D12: -3.2667301 | E12: 0.9469697 | F12: 4.6026547 | G12: 66.666667 | H12: =F12-D12 -> 7.8693848 | I12: -0.15 | J12: 0.25
A13: 施策反映 在宅サービス利用者数 | B13: 居宅サービス 訪問入浴介護 | C13: -100 | D13: -16.124435 | E13: -3.875969 | F13: 7.6108442 | G13: 2200 | H13: =F13-D13 -> 23.735279 | I13: -0.6 | J13: 0.6
A14: 施策反映 在宅サービス利用者数 | B14: 居宅サービス 訪問看護 | C14: -78.347578 | D14: 2.3720511 | E14: 7.7659911 | F14: 12.851493 | G14: 157.14286 | H14: =F14-D14 -> 10.479442 | I14: -0.15 | J14: 0.35
... A26: 施策反映 在宅サービス利用者数 | B26: 居宅サービス 介護予防支援・居宅介護支援 | C26: -17.604913 | D26: -0.43014825 | E26: 1.7926461 | F26: 3.7242035 | G26: 14.373717 | H26: =F26-D26 -> 4.1543517 | I26: -0.05 | J26: 0.15
A27: 施策反映 在宅サービス利用者数 | B27: 居宅サービス 登録施設介護支援 | H27: =F27-D27 -> 0 | I27: 0 | J27: 0
A28: 施策反映 在宅サービス利用者数 | B28: 地域密着型サービス 定期巡回・随時対応型訪問介護看護 | C28: -100 | D28: -11.767316 | E28: 8.3333333 | F28: 33.171521 | G28: 4500 | H28: =F28-D28 -> 44.938837 | I28: -1 | J28: 1.25
A29: 施策反映 在宅サービス利用者数 | B29: 地域密着型サービス 夜間対応型訪問介護 | C29: -100 | D29: -28.571429 | E29: -3.1576356 | F29: 10.454528 | G29: 1100 | H29: =F29-D29 -> 39.025957 | I29: -1.05 | J29: 0.9
A30: 施策反映 在宅サービス利用者数 | B30: 地域密着型サービス 地域密着型通所介護 | C30: -100 | D30: -6.3916545 | E30: 0.35837958 | F30: 7.364761 | G30: 4200 | H30: =F30-D30 -> 13.756415 | I30: -0.3 | J30: 0.35
A31: 施策反映 在宅サービス利用者数 | B31: 地域密着型サービス 認知症対応型通所介護 | C31: -100 | D31: -15.201629 | E31: -3.875969 | F31: 8.3333333 | G31: 1100 | H31: =F31-D31 -> 23.534962 | I31: -0.6 | J31: 0.6
A32: 施策反映 在宅サービス利用者数 | B32: 地域密着型サービス 小規模多機能型居宅介護 | C32: -100 | D32: -8.3333333 | E32: -1.2234182 | F32: 5.1428286 | G32: 1400 | H32: =F32-D32 -> 13.476162 | I32: -0.35 | J32: 0.35
A33: 施策反映 在宅サービス利用者数 | B33: 地域密着型サービス 看護小規模多機能型居宅介護 | C33: -100 | D33: -10.197368 | E33: 3.3670034 | F33: 21.248143 | G33: 6825 | H33: =F33-D33 -> 31.445511 | I33: -0.7 | J33: 0.85
A34: (参考)在宅・居住系・施設1人1月あたり給付費 | B34: 在宅サービス 要支援1 | C34: 3715 | D34: 9064.4146 | E34: 9986.2364 | F34: 10950.118 | G34: 23555.425 | H34: =F34-D34 -> 1885.7036 | I34: 5290 | J34: 14725
A35: (参考)在宅・居住系・施設1人1月あたり給付費 | B35: 在宅サービス 要支援2 | C35: 4090.1508 | D35: 11447.06 | E35: 12857.596 | F35: 14392.096 | G35: 38059.37 | H35: =F35-D35 -> 2945.0355 | I35: 5555 | J35: 20285
A36: (参考)在宅・居住系・施設1人1月あたり給付費 | B36: 在宅サービス 要介護1 | C36: 19238.59 | D36: 29242.596 | E36: 31730.193 | F36: 34145.208 | G36: 48932.404 | H36: =F36-D36 -> 4902.6124 | I36: 19435 | J36: 43955
A37: (参考)在宅・居住系・施設1人1月あたり給付費 | B37: 在宅サービス 要介護2 | C37: 20797.245 | D37: 35204.176 | E37: 37854.243 | F37: 40522.503 | G37: 68999.206 | H37: =F37-D37 -> 5318.3279 | I37: 24565 | J37: 51160
A38: (参考)在宅・居住系・施設1人1月あたり給付費 | B38: 在宅サービス 要介護3 | C38: 29345.439 | D38: 47981.893 | E38: 51446.952 | F38: 55322.452 | G38: 157851.46 | H38: =F38-D38 -> 7340.5593 | I38: 33300 | J38: 70005
A39: (参考)在宅・居住系・施設1人1月あたり給付費 | B39: 在宅サービス 要介護4 | C39: 22971.689 | D39: 52966.272 | E39: 56943.724 | F39: 61420.256 | G39: 98701.561 | H39: =F39-D39 -> 8453.9841 | I39: 36055 | J39: 78330
... A171: (参考)1人(1回(日))1月あたり給付費(在宅) | B171: 介護予防支援・居宅介護支援 合計 | C171: 8813.6317 | D171: 12062.191 | E171: 12882.274 | F171: 13662.578 | G171: 16862.669 | H171: =F171-D171 -> 1600.3862 | I171: 8860 | J171: 16865
A172: (参考)1人(1回(日))1月あたり給付費(在宅) | B172: 登録施設介護支援 要支援1 | H172: =F172-D172 -> 0 | I172: 0 | J172: 0
A173: (参考)1人(1回(日))1月あたり給付費(在宅) | B173: 登録施設介護支援 要支援2 | H173: =F173-D173 -> 0 | I173: 0 | J173: 0
A174: (参考)1人(1回(日))1月あたり給付費(在宅) | B174: 登録施設介護支援 要介護1 | H174: =F174-D174 -> 0 | I174: 0 | J174: 0
A175: (参考)1人(1回(日))1月あたり給付費(在宅) | B175: 登録施設介護支援 要介護2 | H175: =F175-D175 -> 0 | I175: 0 | J175: 0
A176: (参考)1人(1回(日))1月あたり給付費(在宅) | B176: 登録施設介護支援 要介護3 | H176: =F176-D176 -> 0 | I176: 0 | J176: 0
A177: (参考)1人(1回(日))1月あたり給付費(在宅) | B177: 登録施設介護支援 要介護4 | H177: =F177-D177 -> 0 | I177: 0 | J177: 0
A178: (参考)1人(1回(日))1月あたり給付費(在宅) | B178: 登録施設介護支援 要介護5 | H178: =F178-D178 -> 0 | I178: 0 | J178: 0
A179: (参考)1人(1回(日))1月あたり給付費(在宅) | B179: 登録施設介護支援 合計 | H179: =F179-D179 -> 0 | I179: 0 | J179: 0
A180: (参考)1人(1回(日))1月あたり給付費(在宅) | B180: 定期巡回・随時対応型訪問介護看護 要介護1 | C180: 21375 | D180: 68912.752 | E180: 76099.446 | F180: 83705.901 | G180: 185222 | H180: =F180-D180 -> 14793.15 | I180: 39325 | J180: 113295
A181: (参考)1人(1回(日))1月あたり給付費(在宅) | B181: 定期巡回・随時対応型訪問介護看護 要介護2 | C181: 24129 | D181: 111324.39 | E181: 120344.58 | F181: 132291.64 | G181: 340515 | H181: =F181-D181 -> 20967.256 | I181: 69385 | J181: 174230
A182: (参考)1人(1回(日))1月あたり給付費(在宅) | B182: 定期巡回・随時対応型訪問介護看護 要介護3 | C182: 24543 | D182: 173274.88 | E182: 185926.25 | F182: 202412.16 | G182: 841323 | H182: =F182-D182 -> 29137.28 | I182: 115000 | J182: 260690
A183: (参考)1人(1回(日))1月あたり給付費(在宅) | B183: 定期巡回・随時対応型訪問介護看護 要介護4 | C183: 6291 | D183: 215186.4 | E183: 231910.98 | F183: 251110.25 | G183: 515621 | H183: =F183-D183 -> 35923.857 | I183: 143335 | J183: 322960
A184: (参考)1人(1回(日))1月あたり給付費(在宅) | B184: 定期巡回・随時対応型訪問介護看護 要介護5 | C184: 30558.667 | D184: 256496.19 | E184: 280227.68 | F184: 306769.86 | G184: 656469 | H184: =F184-D184 -> 50273.676 | I184: 155945 | J184: 407320
A185: (参考)1人(1回(日))1月あたり給付費(在宅) | B185: 定期巡回・随時対応型訪問介護看護 合計 | C185: 20619 | D185: 135324.57 | E185: 164284.73 | F185: 196495.5 | G185: 512359 | H185: =F185-D185 -> 61170.935 | I185: 12980 | J185: 318840
A186: (参考)1人(1回(日))1月あたり給付費(在宅) | B186: 夜間対応型訪問介護 要介護1 | C186: 1184 | D186: 17690.853 | E186: 19483.477 | F186: 28822.122 | G186: 149620 | H186: =F186-D186 -> 11131.269 | I186: 0 | J186: 51085
A187: (参考)1人(1回(日))1月あたり給付費(在宅) | B187: 夜間対応型訪問介護 要介護2 | C187: 8452.5 | D187: 17882.829 | E187: 19975.93 | F187: 30436.379 | G187: 195340.67 | H187: =F187-D187 -> 12553.55 | I187: 0 | J187: 55545
A188: (参考)1人(1回(日))1月あたり給付費(在宅) | B188: 夜間対応型訪問介護 要介護3 | C188: 10563.12 | D188: 19372.212 | E188: 23066.805 | F188: 40372.434 | G188: 331487.6 | H188: =F188-D188 -> 21000.222 | I188: 0 | J188: 82375
A189: (参考)1人(1回(日))1月あたり給付費(在宅) | B189: 夜間対応型訪問介護 要介護4 | C189: 3465 | D189: 21198.922 | E189: 30143.741 | F189: 69351.46 | G189: 326138.08 | H189: =F189-D189 -> 48152.538 | I189: 0 | J189: 165660
A190: (参考)1人(1回(日))1月あたり給付費(在宅) | B190: 夜間対応型訪問介護 要介護5 | C190: 9940.6364 | D190: 26935.513 | E190: 45252.665 | F190: 78859.579 | G190: 609780 | H190: =F190-D190 -> 51924.066 | I190: 0 | J190: 182710
A191: (参考)1人(1回(日))1月あたり給付費(在宅) | B191: 夜間対応型訪問介護 合計 | C191: 5350.5 | D191: 23021.391 | E191: 29674.611 | F191: 115980.1 | G191: 432937 | H191: =F191-D191 -> 92958.709 | I191: 0 | J191: 301900
... A227: (参考)1人(1回(日))1月あたり給付費(居住系) | B227: 特定施設入居者生活介護 合計 | C227: 43686 | D227: 175309.55 | E227: 186310.36 | F227: 195835.83 | G227: 297191.25 | H227: =F227-D227 -> 20526.279 | I227: 134255 | J227: 236890
A228: (参考)1人(1回(日))1月あたり給付費(居住系) | B228: 認知症対応型共同生活介護 要支援1 | H228: =F228-D228 -> 0 | I228: 0 | J228: 0
A229: (参考)1人(1回(日))1月あたり給付費(居住系) | B229: 認知症対応型共同生活介護 要支援2 | C229: 8203.5 | D229: 220607.53 | E229: 237497.08 | F229: 247557.24 | G229: 897871 | H229: =F229-D229 -> 26949.71 | I229: 166705 | J229: 301460
A230: (参考)1人(1回(日))1月あたり給付費(居住系) | B230: 認知症対応型共同生活介護 要介護1 | C230: 28779 | D230: 244905.08 | E230: 251246.41 | F230: 258213.04 | G230: 369443.45 | H230: =F230-D230 -> 13307.957 | I230: 218285 | J230: 284830
A231: (参考)1人(1回(日))1月あたり給付費(居住系) | B231: 認知症対応型共同生活介護 要介護2 | C231: 16704 | D231: 256725.6 | E231: 262947.11 | F231: 269243.09 | G231: 379462.5 | H231: =F231-D231 -> 12517.489 | I231: 231690 | J231: 294280
A232: (参考)1人(1回(日))1月あたり給付費(居住系) | B232: 認知症対応型共同生活介護 要介護3 | C232: 206336.93 | D232: 263975.31 | E232: 270532.94 | F232: 277592.26 | G232: 383043.17 | H232: =F232-D232 -> 13616.951 | I232: 236740 | J232: 304830
A233: (参考)1人(1回(日))1月あたり給付費(居住系) | B233: 認知症対応型共同生活介護 要介護4 | C233: 14760 | D233: 268474.07 | E233: 276502.13 | F233: 284870.95 | G233: 799461.5 | H233: =F233-D233 -> 16396.886 | I233: 235680 | J233: 317665
A234: (参考)1人(1回(日))1月あたり給付費(居住系) | B234: 認知症対応型共同生活介護 要介護5 | C234: 29745 | D234: 273667.8 | E234: 282398.77 | F234: 291899.94 | G234: 862245 | H234: =F234-D234 -> 18232.142 | I234: 237200 | J234: 328365
A235: (参考)1人(1回(日))1月あたり給付費(居住系) | B235: 認知症対応型共同生活介護 合計 | C235: 17955 | D235: 259700.2 | E235: 266021.94 | F235: 273044.86 | G235: 364861.4 | H235: =F235-D235 -> 13344.658 | I235: 233010 | J235: 299735
A236: (参考)1人(1回(日))1月あたり給付費(居住系) | B236: 地域密着型特定施設入居者生活介護 要介護1 | C236: 12267 | D236: 160263.99 | E236: 166987.62 | F236: 172992.85 | G236: 229095 | H236: =F236-D236 -> 12728.855 | I236: 134805 | J236: 198455
A237: (参考)1人(1回(日))1月あたり給付費(居住系) | B237: 地域密着型特定施設入居者生活介護 要介護2 | C237: 136440 | D237: 181723.69 | E237: 188030.76 | F237: 193001.83 | G237: 243141.8 | H237: =F237-D237 -> 11278.148 | I237: 159165 | J237: 215560
A238: (参考)1人(1回(日))1月あたり給付費(居住系) | B238: 地域密着型特定施設入居者生活介護 要介護3 | C238: 57159 | D238: 202084.86 | E238: 209968.62 | F238: 215248.53 | G238: 264892.58 | H238: =F238-D238 -> 13163.67 | I238: 175755 | J238: 241580
A239: (参考)1人(1回(日))1月あたり給付費(居住系) | B239: 地域密着型特定施設入居者生活介護 要介護4 | C239: 44568 | D239: 218154.12 | E239: 227407.8 | F239: 235556.26 | G239: 294637.5 | H239: =F239-D239 -> 17402.148 | I239: 183345 | J239: 270365
A240: (参考)1人(1回(日))1月あたり給付費(居住系) | B240: 地域密着型特定施設入居者生活介護 要介護5 | C240: 90666 | D240: 237697.94 | E240: 247603.12 | F240: 258174.24 | G240: 521784 | H240: =F240-D240 -> 20476.299 | I240: 196745 | J240: 299130
... A353: 在宅サービス1人1月あたり利用回（日）数 | B353: 認知症対応型通所介護 合計 | C353: 1 | D353: 8.8494022 | E353: 10.178895 | F353: 11.857629 | G353: 25.885714 | H353: =F353-D353 -> 3.008227 | I353: 2 | J353: 18

Sheet 施策反映 認定者数
A1: 将来推計ワーニングチェック結果詳細
B3: １．施策反映 認定者数
C5: 本シートでは、以下に示す認定者数(第1号被保険者)の施策反映値について、前年度からの変化率のチェックを行っています(画面イメージはサンプルです)。
C6: 変化率(%)＝(当該年度認定者数－前年度認定者数)÷前年度認定者数×100
B34: ワーニングチェック結果
B35: No. | C35: ワーニング対象指標値 | D35: 認定者数 | I35: 変化率 (チェック対象) | J35: 閾値 | L35: チェック結果
J36: 下限値 | K36: 上限値
B37: 1 | C37: 認定者数 | E37: 令和8年度 | F37: 254 | G37: 令和9年度 | H37: 256 | I37: =IF(ISERROR(ROUND((H37-F37)/F37*1,3))=TRUE,"－",ROUND((H37-F37)/F37*1,3)) -> 0.008 | J37: =J38 -> -0.11 | K37: =K38 -> 0.14 | L37: =IF(I37="－","",IF(I37<J37,"下限値を"&ROUND((J37-I37)*100,1)&"％下回っています。",IF(I37>K37,"上限値を"&ROUND((I37-K37)*100,1)&"％上回っています。","閾値の範囲内です。"))) -> 閾値の範囲内です。 | N37: =IF(OR(I37="－",AND(J37="－",K37="－")),"",IF(OR(I37<J37,I37>K37),1,"")) | O37: =IF(AND(F37="",H37=""),"",1) -> 1
C38: =C37 -> 認定者数 | D38: 男 | E38: 令和9年度 | F38: =IF(H37="","",H37) -> 256 | G38: 令和10年度 | H38: 258 | I38: =IF(ISERROR(ROUND((H38-F38)/F38*1,3))=TRUE,"－",ROUND((H38-F38)/F38*1,3)) -> 0.008 | J38: =data!I3 -> -0.11 | K38: =data!J3 -> 0.14 | L38: =IF(I38="－","",IF(I38<J38,"下限値を"&ROUND((J38-I38)*100,1)&"％下回っています。",IF(I38>K38,"上限値を"&ROUND((I38-K38)*100,1)&"％上回っています。","閾値の範囲内です。"))) -> 閾値の範囲内です。 | N38: =IF(OR(I38="－",AND(J38="－",K38="－")),"",IF(OR(I38<J38,I38>K38),1,"")) | O38: =IF(AND(F38="",H38=""),"",1) -> 1
C39: =C38 -> 認定者数 | E39: 令和10年度 | F39: =IF(H38="","",H38) -> 258 | G39: 令和11年度 | H39: 263 | I39: =IF(ISERROR(ROUND((H39-F39)/F39*1,3))=TRUE,"－",ROUND((H39-F39)/F39*1,3)) -> 0.019 | J39: =J38 -> -0.11 | K39: =K38 -> 0.14 | L39: =IF(I39="－","",IF(I39<J39,"下限値を"&ROUND((J39-I39)*100,1)&"％下回っています。",IF(I39>K39,"上限値を"&ROUND((I39-K39)*100,1)&"％上回っています。","閾値の範囲内です。"))) -> 閾値の範囲内です。 | N39: =IF(OR(I39="－",AND(J39="－",K39="－")),"",IF(OR(I39<J39,I39>K39),1,"")) | O39: =IF(AND(F39="",H39=""),"",1) -> 1
C40: =C39 -> 認定者数 | E40: 令和8年度 | F40: 527 | G40: 令和9年度 | H40: 522 | I40: =IF(ISERROR(ROUND((H40-F40)/F40*1,3))=TRUE,"－",ROUND((H40-F40)/F40*1,3)) -> -0.009 | J40: =J41 -> -0.09 | K40: =K41 -> 0.11 | L40: =IF(I40="－","",IF(I40<J40,"下限値を"&ROUND((J40-I40)*100,1)&"％下回っています。",IF(I40>K40,"上限値を"&ROUND((I40-K40)*100,1)&"％上回っています。","閾値の範囲内です。"))) -> 閾値の範囲内です。 | N40: =IF(OR(I40="－",AND(J40="－",K40="－")),"",IF(OR(I40<J40,I40>K40),1,"")) | O40: =IF(AND(F40="",H40=""),"",1) -> 1
C41: =C40 -> 認定者数 | D41: 女 | E41: 令和9年度 | F41: =IF(H40="","",H40) -> 522 | G41: 令和10年度 | H41: 516 | I41: =IF(ISERROR(ROUND((H41-F41)/F41*1,3))=TRUE,"－",ROUND((H41-F41)/F41*1,3)) -> -0.011 | J41: =data!I4 -> -0.09 | K41: =data!J4 -> 0.11 | L41: =IF(I41="－","",IF(I41<J41,"下限値を"&ROUND((J41-I41)*100,1)&"％下回っています。",IF(I41>K41,"上限値を"&ROUND((I41-K41)*100,1)&"％上回っています。","閾値の範囲内です。"))) -> 閾値の範囲内です。 | N41: =IF(OR(I41="－",AND(J41="－",K41="－")),"",IF(OR(I41<J41,I41>K41),1,"")) | O41: =IF(AND(F41="",H41=""),"",1) -> 1
C42: =C41 -> 認定者数 | E42: 令和10年度 | F42: =IF(H41="","",H41) -> 516 | G42: 令和11年度 | H42: 511 | I42: =IF(ISERROR(ROUND((H42-F42)/F42*1,3))=TRUE,"－",ROUND((H42-F42)/F42*1,3)) -> -0.01 | J42: =J41 -> -0.09 | K42: =K41 -> 0.11 | L42: =IF(I42="－","",IF(I42<J42,"下限値を"&ROUND((J42-I42)*100,1)&"％下回っています。",IF(I42>K42,"上限値を"&ROUND((I42-K42)*100,1)&"％上回っています。","閾値の範囲内です。"))) -> 閾値の範囲内です。 | N42: =IF(OR(I42="－",AND(J42="－",K42="－")),"",IF(OR(I42<J42,I42>K42),1,"")) | O42: =IF(AND(F42="",H42=""),"",1) -> 1
O43: =IF(COUNTIF(O37:O42,1)>0,1,"") -> 1

Sheet 施策反映 施設・居住系サービス利用者数
A1: 将来推計ワーニングチェック結果詳細
B3: ２．施策反映 施設・居住系サービス利用者数
C5: 本シートでは、以下に示す施設・居住系サービス毎の利用者数の施策反映値について、前年度からの変化率のチェックを行っています(画面イメージはサンプルです)。
C6: 変化率(%)＝(当該年度利用者数－前年度利用者数)÷前年度利用者数×100
B34: ワーニングチェック結果
B35: No. | C35: ワーニング対象指標値 | D35: 利用者数 | H35: 変化率 (チェック対象) | I35: 閾値 | K35: チェック結果
I36: 下限値 | J36: 上限値
B37: 居宅サービス
B38: 1 | C38: 特定施設入居者生活介護 | D38: 令和8年度 | E38: 2 | F38: 令和9年度 | G38: 2 | H38: =IF(ISERROR(ROUND((G38-E38)/E38*1,3))=TRUE,"－",ROUND((G38-E38)/E38*1,3)) -> 0 | I38: =I39 -> -0.25 | J38: =J39 -> 0.35 | K38: =IF(H38="－","",IF(H38<I38,"下限値を"&ROUND((I38-H38)*100,1)&"％下回っています。",IF(H38>J38,"上限値を"&ROUND((H38-J38)*100,1)&"％上回っています。","閾値の範囲内です。"))) -> 閾値の範囲内です。 | M38: =IF(OR(H38="－",AND(I38="－",J38="－")),"",IF(OR(H38<I38,H38>J38),1,"")) | N38: =IF(AND(E38="",G38=""),"",1) -> 1
C39: =C38 -> 特定施設入居者生活介護 | D39: 令和9年度 | E39: =IF(G38="","",G38) -> 2 | F39: 令和10年度 | G39: 2 | H39: =IF(ISERROR(ROUND((G39-E39)/E39*1,3))=TRUE,"－",ROUND((G39-E39)/E39*1,3)) -> 0 | I39: =data!I5 -> -0.25 | J39: =data!J5 -> 0.35 | K39: =IF(H39="－","",IF(H39<I39,"下限値を"&ROUND((I39-H39)*100,1)&"％下回っています。",IF(H39>J39,"上限値を"&ROUND((H39-J39)*100,1)&"％上回っています。","閾値の範囲内です。"))) -> 閾値の範囲内です。 | M39: =IF(OR(H39="－",AND(I39="－",J39="－")),"",IF(OR(H39<I39,H39>J39),1,"")) | N39: =IF(AND(E39="",G39=""),"",1) -> 1
C40: =C39 -> 特定施設入居者生活介護 | D40: 令和10年度 | E40: =IF(G39="","",G39) -> 2 | F40: 令和11年度 | G40: 2 | H40: =IF(ISERROR(ROUND((G40-E40)/E40*1,3))=TRUE,"－",ROUND((G40-E40)/E40*1,3)) -> 0 | I40: =I39 -> -0.25 | J40: =J39 -> 0.35 | K40: =IF(H40="－","",IF(H40<I40,"下限値を"&ROUND((I40-H40)*100,1)&"％下回っています。",IF(H40>J40,"上限値を"&ROUND((H40-J40)*100,1)&"％上回っています。","閾値の範囲内です。"))) -> 閾値の範囲内です。 | M40: =IF(OR(H40="－",AND(I40="－",J40="－")),"",IF(OR(H40<I40,H40>J40),1,"")) | N40: =IF(AND(E40="",G40=""),"",1) -> 1
B41: 地域密着型サービス
B42: 2 | C42: 認知症対応型共同生活介護 | D42: 令和8年度 | E42: 44 | F42: 令和9年度 | G42: 46 | H42: =IF(ISERROR(ROUND((G42-E42)/E42*1,3))=TRUE,"－",ROUND((G42-E42)/E42*1,3)) -> 0.045 | I42: =I43 -> -0.1 | J42: =J43 -> 0.15 | K42: =IF(H42="－","",IF(H42<I42,"下限値を"&ROUND((I42-H42)*100,1)&"％下回っています。",IF(H42>J42,"上限値を"&ROUND((H42-J42)*100,1)&"％上回っています。","閾値の範囲内です。"))) -> 閾値の範囲内です。 | M42: =IF(OR(H42="－",AND(I42="－",J42="－")),"",IF(OR(H42<I42,H42>J42),1,"")) | N42: =IF(AND(E42="",G42=""),"",1) -> 1
C43: =C42 -> 認知症対応型共同生活介護 | D43: 令和9年度 | E43: =IF(G42="","",G42) -> 46 | F43: 令和10年度 | G43: 45 | H43: =IF(ISERROR(ROUND((G43-E43)/E43*1,3))=TRUE,"－",ROUND((G43-E43)/E43*1,3)) -> -0.022 | I43: =data!I6 -> -0.1 | J43: =data!J6 -> 0.15 | K43: =IF(H43="－","",IF(H43<I43,"下限値を"&ROUND((I43-H43)*100,1)&"％下回っています。",IF(H43>J43,"上限値を"&ROUND((H43-J43)*100,1)&"％上回っています。","閾値の範囲内です。"))) -> 閾値の範囲内です。 | M43: =IF(OR(H43="－",AND(I43="－",J43="－")),"",IF(OR(H43<I43,H43>J43),1,"")) | N43: =IF(AND(E43="",G43=""),"",1) -> 1
C44: =C43 -> 認知症対応型共同生活介護 | D44: 令和10年度 | E44: =IF(G43="","",G43) -> 45 | F44: 令和11年度 | G44: 45 | H44: =IF(ISERROR(ROUND((G44-E44)/E44*1,3))=TRUE,"－",ROUND((G44-E44)/E44*1,3)) -> 0 | I44: =I43 -> -0.1 | J44: =J43 -> 0.15 | K44: =IF(H44="－","",IF(H44<I44,"下限値を"&ROUND((I44-H44)*100,1)&"％下回っています。",IF(H44>J44,"上限値を"&ROUND((H44-J44)*100,1)&"％上回っています。","閾値の範囲内です。"))) -> 閾値の範囲内です。 | M44: =IF(OR(H44="－",AND(I44="－",J44="－")),"",IF(OR(H44<I44,H44>J44),1,"")) | N44: =IF(AND(E44="",G44=""),"",1) -> 1
B45: 3 | C45: 地域密着型特定施設入居者生活介護 | D45: 令和8年度 | E45: 0 | F45: 令和9年度 | G45: 0 | H45: =IF(ISERROR(ROUND((G45-E45)/E45*1,3))=TRUE,"－",ROUND((G45-E45)/E45*1,3)) -> － | I45: =I46 -> -0.2 | J45: =J46 -> 0.25 | K45: =IF(H45="－","",IF(H45<I45,"下限値を"&ROUND((I45-H45)*100,1)&"％下回っています。",IF(H45>J45,"上限値を"&ROUND((H45-J45)*100,1)&"％上回っています。","閾値の範囲内です。"))) | M45: =IF(OR(H45="－",AND(I45="－",J45="－")),"",IF(OR(H45<I45,H45>J45),1,"")) | N45: =IF(AND(E45="",G45=""),"",1) -> 1
C46: =C45 -> 地域密着型特定施設入居者生活介護 | D46: 令和9年度 | E46: =IF(G45="","",G45) -> 0 | F46: 令和10年度 | G46: 0 | H46: =IF(ISERROR(ROUND((G46-E46)/E46*1,3))=TRUE,"－",ROUND((G46-E46)/E46*1,3)) -> － | I46: =data!I7 -> -0.2 | J46: =data!J7 -> 0.25 | K46: =IF(H46="－","",IF(H46<I46,"下限値を"&ROUND((I46-H46)*100,1)&"％下回っています。",IF(H46>J46,"上限値を"&ROUND((H46-J46)*100,1)&"％上回っています。","閾値の範囲内です。"))) | M46: =IF(OR(H46="－",AND(I46="－",J46="－")),"",IF(OR(H46<I46,H46>J46),1,"")) | N46: =IF(AND(E46="",G46=""),"",1) -> 1
C47: =C46 -> 地域密着型特定施設入居者生活介護 | D47: 令和10年度 | E47: =IF(G46="","",G46) -> 0 | F47: 令和11年度 | G47: 0 | H47: =IF(ISERROR(ROUND((G47-E47)/E47*1,3))=TRUE,"－",ROUND((G47-E47)/E47*1,3)) -> － | I47: =I46 -> -0.2 | J47: =J46 -> 0.25 | K47: =IF(H47="－","",IF(H47<I47,"下限値を"&ROUND((I47-H47)*100,1)&"％下回っています。",IF(H47>J47,"上限値を"&ROUND((H47-J47)*100,1)&"％上回っています。","閾値の範囲内です。"))) | M47: =IF(OR(H47="－",AND(I47="－",J47="－")),"",IF(OR(H47<I47,H47>J47),1,"")) | N47: =IF(AND(E47="",G47=""),"",1) -> 1
B48: 4 | C48: 地域密着型介護老人福祉施設入所者生活介護 | D48: 令和8年度 | E48: 40 | F48: 令和9年度 | G48: 40 | H48: =IF(ISERROR(ROUND((G48-E48)/E48*1,3))=TRUE,"－",ROUND((G48-E48)/E48*1,3)) -> 0 | I48: =I49 -> -0.05 | J48: =J49 -> 0.15 | K48: =IF(H48="－","",IF(H48<I48,"下限値を"&ROUND((I48-H48)*100,1)&"％下回っています。",IF(H48>J48,"上限値を"&ROUND((H48-J48)*100,1)&"％上回っています。","閾値の範囲内です。"))) -> 閾値の範囲内です。 | M48: =IF(OR(H48="－",AND(I48="－",J48="－")),"",IF(OR(H48<I48,H48>J48),1,"")) | N48: =IF(AND(E48="",G48=""),"",1) -> 1
C49: =C48 -> 地域密着型介護老人福祉施設入所者生活介護 | D49: 令和9年度 | E49: =IF(G48="","",G48) -> 40 | F49: 令和10年度 | G49: 40 | H49: =IF(ISERROR(ROUND((G49-E49)/E49*1,3))=TRUE,"－",ROUND((G49-E49)/E49*1,3)) -> 0 | I49: =data!I8 -> -0.05 | J49: =data!J8 -> 0.15 | K49: =IF(H49="－","",IF(H49<I49,"下限値を"&ROUND((I49-H49)*100,1)&"％下回っています。",IF(H49>J49,"上限値を"&ROUND((H49-J49)*100,1)&"％上回っています。","閾値の範囲内です。"))) -> 閾値の範囲内です。 | M49: =IF(OR(H49="－",AND(I49="－",J49="－")),"",IF(OR(H49<I49,H49>J49),1,"")) | N49: =IF(AND(E49="",G49=""),"",1) -> 1
C50: =C49 -> 地域密着型介護老人福祉施設入所者生活介護 | D50: 令和10年度 | E50: =IF(G49="","",G49) -> 40 | F50: 令和11年度 | G50: 40 | H50: =IF(ISERROR(ROUND((G50-E50)/E50*1,3))=TRUE,"－",ROUND((G50-E50)/E50*1,3)) -> 0 | I50: =I49 -> -0.05 | J50: =J49 -> 0.15 | K50: =IF(H50="－","",IF(H50<I50,"下限値を"&ROUND((I50-H50)*100,1)&"％下回っています。",IF(H50>J50,"上限値を"&ROUND((H50-J50)*100,1)&"％上回っています。","閾値の範囲内です。"))) -> 閾値の範囲内です。 | M50: =IF(OR(H50="－",AND(I50="－",J50="－")),"",IF(OR(H50<I50,H50>J50),1,"")) | N50: =IF(AND(E50="",G50=""),"",1) -> 1
B51: 施設サービス | N51: =IF(AND(E51="",G51=""),"",1)
B52: 5 | C52: 介護老人福祉施設 | D52: 令和8年度 | E52: 59 | F52: 令和9年度 | G52: 59 | H52: =IF(ISERROR(ROUND((G52-E52)/E52*1,3))=TRUE,"－",ROUND((G52-E52)/E52*1,3)) -> 0 | I52: =I53 -> -0.1 | J52: =J53 -> 0.15 | K52: =IF(H52="－","",IF(AND(I52<>"－",H52<I52),"下限値を"&ROUND((I52-H52)*100,1)&"％下回っています。",IF(AND(J52<>"－",H52>J52),"上限値を"&ROUND((H52-J52)*100,1)&"％上回っています。","閾値の範囲内です。"))) -> 閾値の範囲内です。 | M52: =IF(OR(H52="－",AND(I52="－",J52="－")),"",IF(AND(K52<>"チェック対象外",OR(AND(I52<>"－",H52<I52),AND(J52<>"－",H52>J52))),1,"")) | N52: =IF(AND(E52="",G52=""),"",1) -> 1
D53: 令和9年度 | E53: =IF(G52="","",G52) -> 59 | F53: 令和10年度 | G53: 59 | H53: =IF(ISERROR(ROUND((G53-E53)/E53*1,3))=TRUE,"－",ROUND((G53-E53)/E53*1,3)) -> 0 | I53: =data!I9 -> -0.1 | J53: =data!J9 -> 0.15 | K53: =IF(H53="－","",IF(AND(I53<>"－",H53<I53),"下限値を"&ROUND((I53-H53)*100,1)&"％下回っています。",IF(AND(J53<>"－",H53>J53),"上限値を"&ROUND((H53-J53)*100,1)&"％上回っています。","閾値の範囲内です。"))) -> 閾値の範囲内です。 | M53: =IF(OR(H53="－",AND(I53="－",J53="－")),"",IF(AND(K53<>"チェック対象外",OR(AND(I53<>"－",H53<I53),AND(J53<>"－",H53>J53))),1,"")) | N53: =IF(AND(E53="",G53=""),"",1) -> 1
C54: =C53 -> 0 | D54: 令和10年度 | E54: =IF(G53="","",G53) -> 59 | F54: 令和11年度 | G54: 59 | H54: =IF(ISERROR(ROUND((G54-E54)/E54*1,3))=TRUE,"－",ROUND((G54-E54)/E54*1,3)) -> 0 | I54: =I53 -> -0.1 | J54: =J53 -> 0.15 | K54: =IF(H54="－","",IF(AND(I54<>"－",H54<I54),"下限値を"&ROUND((I54-H54)*100,1)&"％下回っています。",IF(AND(J54<>"－",H54>J54),"上限値を"&ROUND((H54-J54)*100,1)&"％上回っています。","閾値の範囲内です。"))) -> 閾値の範囲内です。 | M54: =IF(OR(H54="－",AND(I54="－",J54="－")),"",IF(AND(K54<>"チェック対象外",OR(AND(I54<>"－",H54<I54),AND(J54<>"－",H54>J54))),1,"")) | N54: =IF(AND(E54="",G54=""),"",1) -> 1
B55: 6 | C55: 介護老人保健施設 | D55: 令和8年度 | E55: 26 | F55: 令和9年度 | G55: 26 | H55: =IF(ISERROR(ROUND((G55-E55)/E55*1,3))=TRUE,"－",ROUND((G55-E55)/E55*1,3)) -> 0 | I55: =I56 -> -0.2 | J55: =J56 -> 0.25 | K55: =IF(H55="－","",IF(AND(I55<>"－",H55<I55),"下限値を"&ROUND((I55-H55)*100,1)&"％下回っています。",IF(AND(J55<>"－",H55>J55),"上限値を"&ROUND((H55-J55)*100,1)&"％上回っています。","閾値の範囲内です。"))) -> 閾値の範囲内です。 | M55: =IF(OR(H55="－",AND(I55="－",J55="－")),"",IF(AND(K55<>"チェック対象外",OR(AND(I55<>"－",H55<I55),AND(J55<>"－",H55>J55))),1,"")) | N55: =IF(AND(E55="",G55=""),"",1) -> 1
D56: 令和9年度 | E56: =IF(G55="","",G55) -> 26 | F56: 令和10年度 | G56: 26 | H56: =IF(ISERROR(ROUND((G56-E56)/E56*1,3))=TRUE,"－",ROUND((G56-E56)/E56*1,3)) -> 0 | I56: =data!I10 -> -0.2 | J56: =data!J10 -> 0.25 | K56: =IF(H56="－","",IF(AND(I56<>"－",H56<I56),"下限値を"&ROUND((I56-H56)*100,1)&"％下回っています。",IF(AND(J56<>"－",H56>J56),"上限値を"&ROUND((H56-J56)*100,1)&"％上回っています。","閾値の範囲内です。"))) -> 閾値の範囲内です。 | M56: =IF(OR(H56="－",AND(I56="－",J56="－")),"",IF(AND(K56<>"チェック対象外",OR(AND(I56<>"－",H56<I56),AND(J56<>"－",H56>J56))),1,"")) | N56: =IF(AND(E56="",G56=""),"",1) -> 1
C57: =C56 -> 0 | D57: 令和10年度 | E57: =IF(G56="","",G56) -> 26 | F57: 令和11年度 | G57: 26 | H57: =IF(ISERROR(ROUND((G57-E57)/E57*1,3))=TRUE,"－",ROUND((G57-E57)/E57*1,3)) -> 0 | I57: =I56 -> -0.2 | J57: =J56 -> 0.25 | K57: =IF(H57="－","",IF(AND(I57<>"－",H57<I57),"下限値を"&ROUND((I57-H57)*100,1)&"％下回っています。",IF(AND(J57<>"－",H57>J57),"上限値を"&ROUND((H57-J57)*100,1)&"％上回っています。","閾値の範囲内です。"))) -> 閾値の範囲内です。 | M57: =IF(OR(H57="－",AND(I57="－",J57="－")),"",IF(AND(K57<>"チェック対象外",OR(AND(I57<>"－",H57<I57),AND(J57<>"－",H57>J57))),1,"")) | N57: =IF(AND(E57="",G57=""),"",1) -> 1
B58: 7 | C58: 介護医療院 | D58: 令和8年度 | E58: 0 | F58: 令和9年度 | G58: 0 | H58: =IF(ISERROR(ROUND((G58-E58)/E58*1,3))=TRUE,"－",ROUND((G58-E58)/E58*1,3)) -> － | I58: =I59 -> -0.65 | J58: =J59 -> 0.8 | K58: =IF(H58="－","",IF(AND(I58<>"－",H58<I58),"下限値を"&ROUND((I58-H58)*100,1)&"％下回っています。",IF(AND(J58<>"－",H58>J58),"上限値を"&ROUND((H58-J58)*100,1)&"％上回っています。","閾値の範囲内です。"))) | N58: =IF(AND(E58="",G58=""),"",1) -> 1
D59: 令和9年度 | E59: =IF(G58="","",G58) -> 0 | F59: 令和10年度 | G59: 0 | H59: =IF(ISERROR(ROUND((G59-E59)/E59*1,3))=TRUE,"－",ROUND((G59-E59)/E59*1,3)) -> － | I59: =data!I11 -> -0.65 | J59: =data!J11 -> 0.8 | K59: =IF(H59="－","",IF(AND(I59<>"－",H59<I59),"下限値を"&ROUND((I59-H59)*100,1)&"％下回っています。",IF(AND(J59<>"－",H59>J59),"上限値を"&ROUND((H59-J59)*100,1)&"％上回っています。","閾値の範囲内です。"))) | N59: =IF(AND(E59="",G59=""),"",1) -> 1
D60: 令和10年度 | E60: =IF(G59="","",G59) -> 0 | F60: 令和11年度 | G60: 0 | H60: =IF(ISERROR(ROUND((G60-E60)/E60*1,3))=TRUE,"－",ROUND((G60-E60)/E60*1,3)) -> － | I60: =I59 -> -0.65 | J60: =J59 -> 0.8 | K60: =IF(H60="－","",IF(AND(I60<>"－",H60<I60),"下限値を"&ROUND((I60-H60)*100,1)&"％下回っています。",IF(AND(J60<>"－",H60>J60),"上限値を"&ROUND((H60-J60)*100,1)&"％上回っています。","閾値の範囲内です。"))) | N60: =IF(AND(E60="",G60=""),"",1) -> 1

Sheet 施策反映 在宅サービス利用者数
A1: 将来推計ワーニングチェック結果詳細
B3: ３．施策反映 在宅サービス利用者数
C5: 本シートでは、以下に示す在宅サービス毎の利用者数の施策反映値について、前年度からの変化率のチェックを行っています(画面イメージはサンプルです)。
C6: 変化率(%)＝(当該年度利用者数－前年度利用者数)÷前年度利用者数×100
B34: ワーニングチェック結果
B35: No. | C35: ワーニング対象指標値 | D35: 利用者数(総数) | H35: 変化率 (チェック対象) | I35: 閾値 | K35: チェック結果
I36: 下限値 | J36: 上限値
B37: 居宅サービス
B38: 1 | C38: 訪問介護 | D38: 令和8年度 | E38: 67 | F38: 令和9年度 | G38: 65 | H38: =IF(ISERROR(ROUND((G38-E38)/E38*1,3))=TRUE,"－",ROUND((G38-E38)/E38*1,3)) -> -0.03 | I38: =I39 -> -0.15 | J38: =J39 -> 0.25 | K38: =IF(H38="－","",IF(H38<I38,"下限値を"&ROUND((I38-H38)*100,1)&"％下回っています。",IF(H38>J38,"上限値を"&ROUND((H38-J38)*100,1)&"％上回っています。","閾値の範囲内です。"))) -> 閾値の範囲内です。 | M38: =IF(OR(H38="－",AND(I38="－",J38="－")),"",IF(OR(H38<I38,H38>J38),1,"")) | N38: =IF(AND(E38="",G38=""),"",1) -> 1
C39: =C38 -> 訪問介護 | D39: 令和9年度 | E39: =IF(G38="","",G38) -> 65 | F39: 令和10年度 | G39: 64 | H39: =IF(ISERROR(ROUND((G39-E39)/E39*1,3))=TRUE,"－",ROUND((G39-E39)/E39*1,3)) -> -0.015 | I39: =data!I12 -> -0.15 | J39: =data!J12 -> 0.25 | K39: =IF(H39="－","",IF(H39<I39,"下限値を"&ROUND((I39-H39)*100,1)&"％下回っています。",IF(H39>J39,"上限値を"&ROUND((H39-J39)*100,1)&"％上回っています。","閾値の範囲内です。"))) -> 閾値の範囲内です。 | M39: =IF(OR(H39="－",AND(I39="－",J39="－")),"",IF(OR(H39<I39,H39>J39),1,"")) | N39: =IF(AND(E39="",G39=""),"",1) -> 1
C40: =C39 -> 訪問介護 | D40: 令和10年度 | E40: =IF(G39="","",G39) -> 64 | F40: 令和11年度 | G40: 63 | H40: =IF(ISERROR(ROUND((G40-E40)/E40*1,3))=TRUE,"－",ROUND((G40-E40)/E40*1,3)) -> -0.016 | I40: =I39 -> -0.15 | J40: =J39 -> 0.25 | K40: =IF(H40="－","",IF(H40<I40,"下限値を"&ROUND((I40-H40)*100,1)&"％下回っています。",IF(H40>J40,"上限値を"&ROUND((H40-J40)*100,1)&"％上回っています。","閾値の範囲内です。"))) -> 閾値の範囲内です。 | M40: =IF(OR(H40="－",AND(I40="－",J40="－")),"",IF(OR(H40<I40,H40>J40),1,"")) | N40: =IF(AND(E40="",G40=""),"",1) -> 1
B41: =B38+1 -> 2 | C41: 訪問入浴介護 | D41: 令和8年度 | E41: 5 | F41: 令和9年度 | G41: 5 | H41: =IF(ISERROR(ROUND((G41-E41)/E41*1,3))=TRUE,"－",ROUND((G41-E41)/E41*1,3)) -> 0 | I41: =I42 -> -0.6 | J41: =J42 -> 0.6 | K41: =IF(H41="－","",IF(H41<I41,"下限値を"&ROUND((I41-H41)*100,1)&"％下回っています。",IF(H41>J41,"上限値を"&ROUND((H41-J41)*100,1)&"％上回っています。","閾値の範囲内です。"))) -> 閾値の範囲内です。 | M41: =IF(OR(H41="－",AND(I41="－",J41="－")),"",IF(OR(H41<I41,H41>J41),1,"")) | N41: =IF(AND(E41="",G41=""),"",1) -> 1
C42: =C41 -> 訪問入浴介護 | D42: 令和9年度 | E42: =IF(G41="","",G41) -> 5 | F42: 令和10年度 | G42: 5 | H42: =IF(ISERROR(ROUND((G42-E42)/E42*1,3))=TRUE,"－",ROUND((G42-E42)/E42*1,3)) -> 0 | I42: =data!I13 -> -0.6 | J42: =data!J13 -> 0.6 | K42: =IF(H42="－","",IF(H42<I42,"下限値を"&ROUND((I42-H42)*100,1)&"％下回っています。",IF(H42>J42,"上限値を"&ROUND((H42-J42)*100,1)&"％上回っています。","閾値の範囲内です。"))) -> 閾値の範囲内です。 | M42: =IF(OR(H42="－",AND(I42="－",J42="－")),"",IF(OR(H42<I42,H42>J42),1,"")) | N42: =IF(AND(E42="",G42=""),"",1) -> 1
C43: =C42 -> 訪問入浴介護 | D43: 令和10年度 | E43: =IF(G42="","",G42) -> 5 | F43: 令和11年度 | G43: 5 | H43: =IF(ISERROR(ROUND((G43-E43)/E43*1,3))=TRUE,"－",ROUND((G43-E43)/E43*1,3)) -> 0 | I43: =I42 -> -0.6 | J43: =J42 -> 0.6 | K43: =IF(H43="－","",IF(H43<I43,"下限値を"&ROUND((I43-H43)*100,1)&"％下回っています。",IF(H43>J43,"上限値を"&ROUND((H43-J43)*100,1)&"％上回っています。","閾値の範囲内です。"))) -> 閾値の範囲内です。 | M43: =IF(OR(H43="－",AND(I43="－",J43="－")),"",IF(OR(H43<I43,H43>J43),1,"")) | N43: =IF(AND(E43="",G43=""),"",1) -> 1
B44: =B41+1 -> 3 | C44: 訪問看護 | D44: 令和8年度 | E44: 52 | F44: 令和9年度 | G44: 56 | H44: =IF(ISERROR(ROUND((G44-E44)/E44*1,3))=TRUE,"－",ROUND((G44-E44)/E44*1,3)) -> 0.077 | I44: =I45 -> -0.15 | J44: =J45 -> 0.35 | K44: =IF(H44="－","",IF(H44<I44,"下限値を"&ROUND((I44-H44)*100,1)&"％下回っています。",IF(H44>J44,"上限値を"&ROUND((H44-J44)*100,1)&"％上回っています。","閾値の範囲内です。"))) -> 閾値の範囲内です。 | M44: =IF(OR(H44="－",AND(I44="－",J44="－")),"",IF(OR(H44<I44,H44>J44),1,"")) | N44: =IF(AND(E44="",G44=""),"",1) -> 1
C45: =C44 -> 訪問看護 | D45: 令和9年度 | E45: =IF(G44="","",G44) -> 56 | F45: 令和10年度 | G45: 53 | H45: =IF(ISERROR(ROUND((G45-E45)/E45*1,3))=TRUE,"－",ROUND((G45-E45)/E45*1,3)) -> -0.054 | I45: =data!I14 -> -0.15 | J45: =data!J14 -> 0.35 | K45: =IF(H45="－","",IF(H45<I45,"下限値を"&ROUND((I45-H45)*100,1)&"％下回っています。",IF(H45>J45,"上限値を"&ROUND((H45-J45)*100,1)&"％上回っています。","閾値の範囲内です。"))) -> 閾値の範囲内です。 | M45: =IF(OR(H45="－",AND(I45="－",J45="－")),"",IF(OR(H45<I45,H45>J45),1,"")) | N45: =IF(AND(E45="",G45=""),"",1) -> 1
C46: =C45 -> 訪問看護 | D46: 令和10年度 | E46: =IF(G45="","",G45) -> 53 | F46: 令和11年度 | G46: 54 | H46: =IF(ISERROR(ROUND((G46-E46)/E46*1,3))=TRUE,"－",ROUND((G46-E46)/E46*1,3)) -> 0.019 | I46: =I45 -> -0.15 | J46: =J45 -> 0.35 | K46: =IF(H46="－","",IF(H46<I46,"下限値を"&ROUND((I46-H46)*100,1)&"％下回っています。",IF(H46>J46,"上限値を"&ROUND((H46-J46)*100,1)&"％上回っています。","閾値の範囲内です。"))) -> 閾値の範囲内です。 | M46: =IF(OR(H46="－",AND(I46="－",J46="－")),"",IF(OR(H46<I46,H46>J46),1,"")) | N46: =IF(AND(E46="",G46=""),"",1) -> 1
B47: =B44+1 -> 4 | C47: 訪問リハビリテーション | D47: 令和8年度 | E47: 0 | F47: 令和9年度 | G47: 0 | H47: =IF(ISERROR(ROUND((G47-E47)/E47*1,3))=TRUE,"－",ROUND((G47-E47)/E47*1,3)) -> － | I47: =I48 -> -0.4 | J47: =J48 -> 0.55 | K47: =IF(H47="－","",IF(H47<I47,"下限値を"&ROUND((I47-H47)*100,1)&"％下回っています。",IF(H47>J47,"上限値を"&ROUND((H47-J47)*100,1)&"％上回っています。","閾値の範囲内です。"))) | M47: =IF(OR(H47="－",AND(I47="－",J47="－")),"",IF(OR(H47<I47,H47>J47),1,"")) | N47: =IF(AND(E47="",G47=""),"",1) -> 1
C48: =C47 -> 訪問リハビリテーション | D48: 令和9年度 | E48: =IF(G47="","",G47) -> 0 | F48: 令和10年度 | G48: 0 | H48: =IF(ISERROR(ROUND((G48-E48)/E48*1,3))=TRUE,"－",ROUND((G48-E48)/E48*1,3)) -> － | I48: =data!I15 -> -0.4 | J48: =data!J15 -> 0.55 | K48: =IF(H48="－","",IF(H48<I48,"下限値を"&ROUND((I48-H48)*100,1)&"％下回っています。",IF(H48>J48,"上限値を"&ROUND((H48-J48)*100,1)&"％上回っています。","閾値の範囲内です。"))) | M48: =IF(OR(H48="－",AND(I48="－",J48="－")),"",IF(OR(H48<I48,H48>J48),1,"")) | N48: =IF(AND(E48="",G48=""),"",1) -> 1
C49: =C48 -> 訪問リハビリテーション | D49: 令和10年度 | E49: =IF(G48="","",G48) -> 0 | F49: 令和11年度 | G49: 0 | H49: =IF(ISERROR(ROUND((G49-E49)/E49*1,3))=TRUE,"－",ROUND((G49-E49)/E49*1,3)) -> － | I49: =I48 -> -0.4 | J49: =J48 -> 0.55 | K49: =IF(H49="－","",IF(H49<I49,"下限値を"&ROUND((I49-H49)*100,1)&"％下回っています。",IF(H49>J49,"上限値を"&ROUND((H49-J49)*100,1)&"％上回っています。","閾値の範囲内です。"))) | M49: =IF(OR(H49="－",AND(I49="－",J49="－")),"",IF(OR(H49<I49,H49>J49),1,"")) | N49: =IF(AND(E49="",G49=""),"",1) -> 1
B50: =B47+1 -> 5 | C50: 居宅療養管理指導 | D50: 令和8年度 | E50: 9 | F50: 令和9年度 | G50: 9 | H50: =IF(ISERROR(ROUND((G50-E50)/E50*1,3))=TRUE,"－",ROUND((G50-E50)/E50*1,3)) -> 0 | I50: =I51 -> -0.15 | J50: =J51 -> 0.35 | K50: =IF(H50="－","",IF(H50<I50,"下限値を"&ROUND((I50-H50)*100,1)&"％下回っています。",IF(H50>J50,"上限値を"&ROUND((H50-J50)*100,1)&"％上回っています。","閾値の範囲内です。"))) -> 閾値の範囲内です。 | M50: =IF(OR(H50="－",AND(I50="－",J50="－")),"",IF(OR(H50<I50,H50>J50),1,"")) | N50: =IF(AND(E50="",G50=""),"",1) -> 1
C51: =C50 -> 居宅療養管理指導 | D51: 令和9年度 | E51: =IF(G50="","",G50) -> 9 | F51: 令和10年度 | G51: 9 | H51: =IF(ISERROR(ROUND((G51-E51)/E51*1,3))=TRUE,"－",ROUND((G51-E51)/E51*1,3)) -> 0 | I51: =data!I16 -> -0.15 | J51: =data!J16 -> 0.35 | K51: =IF(H51="－","",IF(H51<I51,"下限値を"&ROUND((I51-H51)*100,1)&"％下回っています。",IF(H51>J51,"上限値を"&ROUND((H51-J51)*100,1)&"％上回っています。","閾値の範囲内です。"))) -> 閾値の範囲内です。 | M51: =IF(OR(H51="－",AND(I51="－",J51="－")),"",IF(OR(H51<I51,H51>J51),1,"")) | N51: =IF(AND(E51="",G51=""),"",1) -> 1
C52: =C51 -> 居宅療養管理指導 | D52: 令和10年度 | E52: =IF(G51="","",G51) -> 9 | F52: 令和11年度 | G52: 9 | H52: =IF(ISERROR(ROUND((G52-E52)/E52*1,3))=TRUE,"－",ROUND((G52-E52)/E52*1,3)) -> 0 | I52: =I51 -> -0.15 | J52: =J51 -> 0.35 | K52: =IF(H52="－","",IF(H52<I52,"下限値を"&ROUND((I52-H52)*100,1)&"％下回っています。",IF(H52>J52,"上限値を"&ROUND((H52-J52)*100,1)&"％上回っています。","閾値の範囲内です。"))) -> 閾値の範囲内です。 | M52: =IF(OR(H52="－",AND(I52="－",J52="－")),"",IF(OR(H52<I52,H52>J52),1,"")) | N52: =IF(AND(E52="",G52=""),"",1) -> 1
B53: =B50+1 -> 6 | C53: 通所介護 | D53: 令和8年度 | E53: 169 | F53: 令和9年度 | G53: 168 | H53: =IF(ISERROR(ROUND((G53-E53)/E53*1,3))=TRUE,"－",ROUND((G53-E53)/E53*1,3)) -> -0.006 | I53: =I54 -> -0.15 | J53: =J54 -> 0.2 | K53: =IF(H53="－","",IF(H53<I53,"下限値を"&ROUND((I53-H53)*100,1)&"％下回っています。",IF(H53>J53,"上限値を"&ROUND((H53-J53)*100,1)&"％上回っています。","閾値の範囲内です。"))) -> 閾値の範囲内です。 | M53: =IF(OR(H53="－",AND(I53="－",J53="－")),"",IF(OR(H53<I53,H53>J53),1,"")) | N53: =IF(AND(E53="",G53=""),"",1) -> 1
C54: =C53 -> 通所介護 | D54: 令和9年度 | E54: =IF(G53="","",G53) -> 168 | F54: 令和10年度 | G54: 164 | H54: =IF(ISERROR(ROUND((G54-E54)/E54*1,3))=TRUE,"－",ROUND((G54-E54)/E54*1,3)) -> -0.024 | I54: =data!I17 -> -0.15 | J54: =data!J17 -> 0.2 | K54: =IF(H54="－","",IF(H54<I54,"下限値を"&ROUND((I54-H54)*100,1)&"％下回っています。",IF(H54>J54,"上限値を"&ROUND((H54-J54)*100,1)&"％上回っています。","閾値の範囲内です。"))) -> 閾値の範囲内です。 | M54: =IF(OR(H54="－",AND(I54="－",J54="－")),"",IF(OR(H54<I54,H54>J54),1,"")) | N54: =IF(AND(E54="",G54=""),"",1) -> 1
C55: =C54 -> 通所介護 | D55: 令和10年度 | E55: =IF(G54="","",G54) -> 164 | F55: 令和11年度 | G55: 162 | H55: =IF(ISERROR(ROUND((G55-E55)/E55*1,3))=TRUE,"－",ROUND((G55-E55)/E55*1,3)) -> -0.012 | I55: =I54 -> -0.15 | J55: =J54 -> 0.2 | K55: =IF(H55="－","",IF(H55<I55,"下限値を"&ROUND((I55-H55)*100,1)&"％下回っています。",IF(H55>J55,"上限値を"&ROUND((H55-J55)*100,1)&"％上回っています。","閾値の範囲内です。"))) -> 閾値の範囲内です。 | M55: =IF(OR(H55="－",AND(I55="－",J55="－")),"",IF(OR(H55<I55,H55>J55),1,"")) | N55: =IF(AND(E55="",G55=""),"",1) -> 1
B56: =B53+1 -> 7 | C56: 通所リハビリテーション | D56: 令和8年度 | E56: 66 | F56: 令和9年度 | G56: 71 | H56: =IF(ISERROR(ROUND((G56-E56)/E56*1,3))=TRUE,"－",ROUND((G56-E56)/E56*1,3)) -> 0.076 | I56: =I57 -> -0.2 | J56: =J57 -> 0.25 | K56: =IF(H56="－","",IF(H56<I56,"下限値を"&ROUND((I56-H56)*100,1)&"％下回っています。",IF(H56>J56,"上限値を"&ROUND((H56-J56)*100,1)&"％上回っています。","閾値の範囲内です。"))) -> 閾値の範囲内です。 | M56: =IF(OR(H56="－",AND(I56="－",J56="－")),"",IF(OR(H56<I56,H56>J56),1,"")) | N56: =IF(AND(E56="",G56=""),"",1) -> 1
C57: =C56 -> 通所リハビリテーション | D57: 令和9年度 | E57: =IF(G56="","",G56) -> 71 | F57: 令和10年度 | G57: 72 | H57: =IF(ISERROR(ROUND((G57-E57)/E57*1,3))=TRUE,"－",ROUND((G57-E57)/E57*1,3)) -> 0.014 | I57: =data!I18 -> -0.2 | J57: =data!J18 -> 0.25 | K57: =IF(H57="－","",IF(H57<I57,"下限値を"&ROUND((I57-H57)*100,1)&"％下回っています。",IF(H57>J57,"上限値を"&ROUND((H57-J57)*100,1)&"％上回っています。","閾値の範囲内です。"))) -> 閾値の範囲内です。 | M57: =IF(OR(H57="－",AND(I57="－",J57="－")),"",IF(OR(H57<I57,H57>J57),1,"")) | N57: =IF(AND(E57="",G57=""),"",1) -> 1
C58: =C57 -> 通所リハビリテーション | D58: 令和10年度 | E58: =IF(G57="","",G57) -> 72 | F58: 令和11年度 | G58: 72 | H58: =IF(ISERROR(ROUND((G58-E58)/E58*1,3))=TRUE,"－",ROUND((G58-E58)/E58*1,3)) -> 0 | I58: =I57 -> -0.2 | J58: =J57 -> 0.25 | K58: =IF(H58="－","",IF(H58<I58,"下限値を"&ROUND((I58-H58)*100,1)&"％下回っています。",IF(H58>J58,"上限値を"&ROUND((H58-J58)*100,1)&"％上回っています。","閾値の範囲内です。"))) -> 閾値の範囲内です。 | M58: =IF(OR(H58="－",AND(I58="－",J58="－")),"",IF(OR(H58<I58,H58>J58),1,"")) | N58: =IF(AND(E58="",G58=""),"",1) -> 1
B59: =B56+1 -> 8 | C59: 短期入所生活介護 | D59: 令和8年度 | E59: 60 | F59: 令和9年度 | G59: 61 | H59: =IF(ISERROR(ROUND((G59-E59)/E59*1,3))=TRUE,"－",ROUND((G59-E59)/E59*1,3)) -> 0.017 | I59: =I60 -> -0.25 | J59: =J60 -> 0.3 | K59: =IF(H59="－","",IF(H59<I59,"下限値を"&ROUND((I59-H59)*100,1)&"％下回っています。",IF(H59>J59,"上限値を"&ROUND((H59-J59)*100,1)&"％上回っています。","閾値の範囲内です。"))) -> 閾値の範囲内です。 | M59: =IF(OR(H59="－",AND(I59="－",J59="－")),"",IF(OR(H59<I59,H59>J59),1,"")) | N59: =IF(AND(E59="",G59=""),"",1) -> 1
C60: =C59 -> 短期入所生活介護 | D60: 令和9年度 | E60: =IF(G59="","",G59) -> 61 | F60: 令和10年度 | G60: 60 | H60: =IF(ISERROR(ROUND((G60-E60)/E60*1,3))=TRUE,"－",ROUND((G60-E60)/E60*1,3)) -> -0.016 | I60: =data!I19 -> -0.25 | J60: =data!J19 -> 0.3 | K60: =IF(H60="－","",IF(H60<I60,"下限値を"&ROUND((I60-H60)*100,1)&"％下回っています。",IF(H60>J60,"上限値を"&ROUND((H60-J60)*100,1)&"％上回っています。","閾値の範囲内です。"))) -> 閾値の範囲内です。 | M60: =IF(OR(H60="－",AND(I60="－",J60="－")),"",IF(OR(H60<I60,H60>J60),1,"")) | N60: =IF(AND(E60="",G60=""),"",1) -> 1
C61: =C60 -> 短期入所生活介護 | D61: 令和10年度 | E61: =IF(G60="","",G60) -> 60 | F61: 令和11年度 | G61: 60 | H61: =IF(ISERROR(ROUND((G61-E61)/E61*1,3))=TRUE,"－",ROUND((G61-E61)/E61*1,3)) -> 0 | I61: =I60 -> -0.25 | J61: =J60 -> 0.3 | K61: =IF(H61="－","",IF(H61<I61,"下限値を"&ROUND((I61-H61)*100,1)&"％下回っています。",IF(H61>J61,"上限値を"&ROUND((H61-J61)*100,1)&"％上回っています。","閾値の範囲内です。"))) -> 閾値の範囲内です。 | M61: =IF(OR(H61="－",AND(I61="－",J61="－")),"",IF(OR(H61<I61,H61>J61),1,"")) | N61: =IF(AND(E61="",G61=""),"",1) -> 1
B62: =B59+1 -> 9 | C62: 短期入所療養介護（老健） | D62: 令和8年度 | E62: 2 | F62: 令和9年度 | G62: 2 | H62: =IF(ISERROR(ROUND((G62-E62)/E62*1,3))=TRUE,"－",ROUND((G62-E62)/E62*1,3)) -> 0 | I62: =I63 -> -0.7 | J62: =J63 -> 0.75 | K62: =IF(H62="－","",IF(H62<I62,"下限値を"&ROUND((I62-H62)*100,1)&"％下回っています。",IF(H62>J62,"上限値を"&ROUND((H62-J62)*100,1)&"％上回っています。","閾値の範囲内です。"))) -> 閾値の範囲内です。 | M62: =IF(OR(H62="－",AND(I62="－",J62="－")),"",IF(OR(H62<I62,H62>J62),1,"")) | N62: =IF(AND(E62="",G62=""),"",1) -> 1
C63: =C62 -> 短期入所療養介護（老健） | D63: 令和9年度 | E63: =IF(G62="","",G62) -> 2 | F63: 令和10年度 | G63: 2 | H63: =IF(ISERROR(ROUND((G63-E63)/E63*1,3))=TRUE,"－",ROUND((G63-E63)/E63*1,3)) -> 0 | I63: =data!I20 -> -0.7 | J63: =data!J20 -> 0.75 | K63: =IF(H63="－","",IF(H63<I63,"下限値を"&ROUND((I63-H63)*100,1)&"％下回っています。",IF(H63>J63,"上限値を"&ROUND((H63-J63)*100,1)&"％上回っています。","閾値の範囲内です。"))) -> 閾値の範囲内です。 | M63: =IF(OR(H63="－",AND(I63="－",J63="－")),"",IF(OR(H63<I63,H63>J63),1,"")) | N63: =IF(AND(E63="",G63=""),"",1) -> 1
C64: =C63 -> 短期入所療養介護（老健） | D64: 令和10年度 | E64: =IF(G63="","",G63) -> 2 | F64: 令和11年度 | G64: 2 | H64: =IF(ISERROR(ROUND((G64-E64)/E64*1,3))=TRUE,"－",ROUND((G64-E64)/E64*1,3)) -> 0 | I64: =I63 -> -0.7 | J64: =J63 -> 0.75 | K64: =IF(H64="－","",IF(H64<I64,"下限値を"&ROUND((I64-H64)*100,1)&"％下回っています。",IF(H64>J64,"上限値を"&ROUND((H64-J64)*100,1)&"％上回っています。","閾値の範囲内です。"))) -> 閾値の範囲内です。 | M64: =IF(OR(H64="－",AND(I64="－",J64="－")),"",IF(OR(H64<I64,H64>J64),1,"")) | N64: =IF(AND(E64="",G64=""),"",1) -> 1
B65: =B62+1 -> 10 | C65: 短期入所療養介護（病院等） | D65: 令和8年度 | E65: 0 | F65: 令和9年度 | G65: 0 | H65: =IF(ISERROR(ROUND((G65-E65)/E65*1,3))=TRUE,"－",ROUND((G65-E65)/E65*1,3)) -> － | I65: =I66 -> -2.9 | J65: =J66 -> 1.95 | K65: =IF(H65="－","",IF(H65<I65,"下限値を"&ROUND((I65-H65)*100,1)&"％下回っています。",IF(H65>J65,"上限値を"&ROUND((H65-J65)*100,1)&"％上回っています。","閾値の範囲内です。"))) | M65: =IF(OR(H65="－",AND(I65="－",J65="－")),"",IF(OR(H65<I65,H65>J65),1,"")) | N65: =IF(AND(E65="",G65=""),"",1) -> 1
C66: =C65 -> 短期入所療養介護（病院等） | D66: 令和9年度 | E66: =IF(G65="","",G65) -> 0 | F66: 令和10年度 | G66: 0 | H66: =IF(ISERROR(ROUND((G66-E66)/E66*1,3))=TRUE,"－",ROUND((G66-E66)/E66*1,3)) -> － | I66: =data!I21 -> -2.9 | J66: =data!J21 -> 1.95 | K66: =IF(H66="－","",IF(H66<I66,"下限値を"&ROUND((I66-H66)*100,1)&"％下回っています。",IF(H66>J66,"上限値を"&ROUND((H66-J66)*100,1)&"％上回っています。","閾値の範囲内です。"))) | M66: =IF(OR(H66="－",AND(I66="－",J66="－")),"",IF(OR(H66<I66,H66>J66),1,"")) | N66: =IF(AND(E66="",G66=""),"",1) -> 1
C67: =C66 -> 短期入所療養介護（病院等） | D67: 令和10年度 | E67: =IF(G66="","",G66) -> 0 | F67: 令和11年度 | G67: 0 | H67: =IF(ISERROR(ROUND((G67-E67)/E67*1,3))=TRUE,"－",ROUND((G67-E67)/E67*1,3)) -> － | I67: =I66 -> -2.9 | J67: =J66 -> 1.95 | K67: =IF(H67="－","",IF(H67<I67,"下限値を"&ROUND((I67-H67)*100,1)&"％下回っています。",IF(H67>J67,"上限値を"&ROUND((H67-J67)*100,1)&"％上回っています。","閾値の範囲内です。"))) | M67: =IF(OR(H67="－",AND(I67="－",J67="－")),"",IF(OR(H67<I67,H67>J67),1,"")) | N67: =IF(AND(E67="",G67=""),"",1) -> 1
B68: =B65+1 -> 11 | C68: 短期入所療養介護（介護医療院） | D68: 令和8年度 | E68: 0 | F68: 令和9年度 | G68: 0 | H68: =IF(ISERROR(ROUND((G68-E68)/E68*1,3))=TRUE,"－",ROUND((G68-E68)/E68*1,3)) -> － | I68: =I69 -> -3.35 | J68: =J69 -> 2.8 | K68: =IF(H68="－","",IF(H68<I68,"下限値を"&ROUND((I68-H68)*100,1)&"％下回っています。",IF(H68>J68,"上限値を"&ROUND((H68-J68)*100,1)&"％上回っています。","閾値の範囲内です。"))) | M68: =IF(OR(H68="－",AND(I68="－",J68="－")),"",IF(OR(H68<I68,H68>J68),1,"")) | N68: =IF(AND(E68="",G68=""),"",1) -> 1
C69: =C68 -> 短期入所療養介護（介護医療院） | D69: 令和9年度 | E69: =IF(G68="","",G68) -> 0 | F69: 令和10年度 | G69: 0 | H69: =IF(ISERROR(ROUND((G69-E69)/E69*1,3))=TRUE,"－",ROUND((G69-E69)/E69*1,3)) -> － | I69: =data!I22 -> -3.35 | J69: =data!J22 -> 2.8 | K69: =IF(H69="－","",IF(H69<I69,"下限値を"&ROUND((I69-H69)*100,1)&"％下回っています。",IF(H69>J69,"上限値を"&ROUND((H69-J69)*100,1)&"％上回っています。","閾値の範囲内です。"))) | M69: =IF(OR(H69="－",AND(I69="－",J69="－")),"",IF(OR(H69<I69,H69>J69),1,"")) | N69: =IF(AND(E69="",G69=""),"",1) -> 1
C70: =C69 -> 短期入所療養介護（介護医療院） | D70: 令和10年度 | E70: =IF(G69="","",G69) -> 0 | F70: 令和11年度 | G70: 0 | H70: =IF(ISERROR(ROUND((G70-E70)/E70*1,3))=TRUE,"－",ROUND((G70-E70)/E70*1,3)) -> － | I70: =I69 -> -3.35 | J70: =J69 -> 2.8 | K70: =IF(H70="－","",IF(H70<I70,"下限値を"&ROUND((I70-H70)*100,1)&"％下回っています。",IF(H70>J70,"上限値を"&ROUND((H70-J70)*100,1)&"％上回っています。","閾値の範囲内です。"))) | M70: =IF(OR(H70="－",AND(I70="－",J70="－")),"",IF(OR(H70<I70,H70>J70),1,"")) | N70: =IF(AND(E70="",G70=""),"",1) -> 1
B71: =B68+1 -> 12 | C71: 福祉用具貸与 | D71: 令和8年度 | E71: 270 | F71: 令和9年度 | G71: 280 | H71: =IF(ISERROR(ROUND((G71-E71)/E71*1,3))=TRUE,"－",ROUND((G71-E71)/E71*1,3)) -> 0.037 | I71: =I72 -> -0.05 | J71: =J72 -> 0.15 | K71: =IF(H71="－","",IF(H71<I71,"下限値を"&ROUND((I71-H71)*100,1)&"％下回っています。",IF(H71>J71,"上限値を"&ROUND((H71-J71)*100,1)&"％上回っています。","閾値の範囲内です。"))) -> 閾値の範囲内です。 | M71: =IF(OR(H71="－",AND(I71="－",J71="－")),"",IF(OR(H71<I71,H71>J71),1,"")) | N71: =IF(AND(E71="",G71=""),"",1) -> 1
C72: =C71 -> 福祉用具貸与 | D72: 令和9年度 | E72: =IF(G71="","",G71) -> 280 | F72: 令和10年度 | G72: 277 | H72: =IF(ISERROR(ROUND((G72-E72)/E72*1,3))=TRUE,"－",ROUND((G72-E72)/E72*1,3)) -> -0.011 | I72: =data!I23 -> -0.05 | J72: =data!J23 -> 0.15 | K72: =IF(H72="－","",IF(H72<I72,"下限値を"&ROUND((I72-H72)*100,1)&"％下回っています。",IF(H72>J72,"上限値を"&ROUND((H72-J72)*100,1)&"％上回っています。","閾値の範囲内です。"))) -> 閾値の範囲内です。 | M72: =IF(OR(H72="－",AND(I72="－",J72="－")),"",IF(OR(H72<I72,H72>J72),1,"")) | N72: =IF(AND(E72="",G72=""),"",1) -> 1
C73: =C72 -> 福祉用具貸与 | D73: 令和10年度 | E73: =IF(G72="","",G72) -> 277 | F73: 令和11年度 | G73: 277 | H73: =IF(ISERROR(ROUND((G73-E73)/E73*1,3))=TRUE,"－",ROUND((G73-E73)/E73*1,3)) -> 0 | I73: =I72 -> -0.05 | J73: =J72 -> 0.15 | K73: =IF(H73="－","",IF(H73<I73,"下限値を"&ROUND((I73-H73)*100,1)&"％下回っています。",IF(H73>J73,"上限値を"&ROUND((H73-J73)*100,1)&"％上回っています。","閾値の範囲内です。"))) -> 閾値の範囲内です。 | M73: =IF(OR(H73="－",AND(I73="－",J73="－")),"",IF(OR(H73<I73,H73>J73),1,"")) | N73: =IF(AND(E73="",G73=""),"",1) -> 1
B74: =B71+1 -> 13 | C74: 特定福祉用具購入費 | D74: 令和8年度 | E74: 0 | F74: 令和9年度 | G74: 0 | H74: =IF(ISERROR(ROUND((G74-E74)/E74*1,3))=TRUE,"－",ROUND((G74-E74)/E74*1,3)) -> － | I74: =I75 -> -0.4 | J74: =J75 -> 0.75 | K74: =IF(H74="－","",IF(H74<I74,"下限値を"&ROUND((I74-H74)*100,1)&"％下回っています。",IF(H74>J74,"上限値を"&ROUND((H74-J74)*100,1)&"％上回っています。","閾値の範囲内です。"))) | M74: =IF(OR(H74="－",AND(I74="－",J74="－")),"",IF(OR(H74<I74,H74>J74),1,"")) | N74: =IF(AND(E74="",G74=""),"",1) -> 1
C75: =C74 -> 特定福祉用具購入費 | D75: 令和9年度 | E75: =IF(G74="","",G74) -> 0 | F75: 令和10年度 | G75: 0 | H75: =IF(ISERROR(ROUND((G75-E75)/E75*1,3))=TRUE,"－",ROUND((G75-E75)/E75*1,3)) -> － | I75: =data!I24 -> -0.4 | J75: =data!J24 -> 0.75 | K75: =IF(H75="－","",IF(H75<I75,"下限値を"&ROUND((I75-H75)*100,1)&"％下回っています。",IF(H75>J75,"上限値を"&ROUND((H75-J75)*100,1)&"％上回っています。","閾値の範囲内です。"))) | M75: =IF(OR(H75="－",AND(I75="－",J75="－")),"",IF(OR(H75<I75,H75>J75),1,"")) | N75: =IF(AND(E75="",G75=""),"",1) -> 1
C76: =C75 -> 特定福祉用具購入費 | D76: 令和10年度 | E76: =IF(G75="","",G75) -> 0 | F76: 令和11年度 | G76: 0 | H76: =IF(ISERROR(ROUND((G76-E76)/E76*1,3))=TRUE,"－",ROUND((G76-E76)/E76*1,3)) -> － | I76: =I75 -> -0.4 | J76: =J75 -> 0.75 | K76: =IF(H76="－","",IF(H76<I76,"下限値を"&ROUND((I76-H76)*100,1)&"％下回っています。",IF(H76>J76,"上限値を"&ROUND((H76-J76)*100,1)&"％上回っています。","閾値の範囲内です。"))) | M76: =IF(OR(H76="－",AND(I76="－",J76="－")),"",IF(OR(H76<I76,H76>J76),1,"")) | N76: =IF(AND(E76="",G76=""),"",1) -> 1
B77: =B74+1 -> 14 | C77: 住宅改修費 | D77: 令和8年度 | E77: 0 | F77: 令和9年度 | G77: 0 | H77: =IF(ISERROR(ROUND((G77-E77)/E77*1,3))=TRUE,"－",ROUND((G77-E77)/E77*1,3)) -> － | I77: =I78 -> -0.5 | J77: =J78 -> 0.55 | K77: =IF(H77="－","",IF(H77<I77,"下限値を"&ROUND((I77-H77)*100,1)&"％下回っています。",IF(H77>J77,"上限値を"&ROUND((H77-J77)*100,1)&"％上回っています。","閾値の範囲内です。"))) | M77: =IF(OR(H77="－",AND(I77="－",J77="－")),"",IF(OR(H77<I77,H77>J77),1,"")) | N77: =IF(AND(E77="",G77=""),"",1) -> 1
C78: =C77 -> 住宅改修費 | D78: 令和9年度 | E78: =IF(G77="","",G77) -> 0 | F78: 令和10年度 | G78: 0 | H78: =IF(ISERROR(ROUND((G78-E78)/E78*1,3))=TRUE,"－",ROUND((G78-E78)/E78*1,3)) -> － | I78: =data!I25 -> -0.5 | J78: =data!J25 -> 0.55 | K78: =IF(H78="－","",IF(H78<I78,"下限値を"&ROUND((I78-H78)*100,1)&"％下回っています。",IF(H78>J78,"上限値を"&ROUND((H78-J78)*100,1)&"％上回っています。","閾値の範囲内です。"))) | M78: =IF(OR(H78="－",AND(I78="－",J78="－")),"",IF(OR(H78<I78,H78>J78),1,"")) | N78: =IF(AND(E78="",G78=""),"",1) -> 1
C79: =C78 -> 住宅改修費 | D79: 令和10年度 | E79: =IF(G78="","",G78) -> 0 | F79: 令和11年度 | G79: 0 | H79: =IF(ISERROR(ROUND((G79-E79)/E79*1,3))=TRUE,"－",ROUND((G79-E79)/E79*1,3)) -> － | I79: =I78 -> -0.5 | J79: =J78 -> 0.55 | K79: =IF(H79="－","",IF(H79<I79,"下限値を"&ROUND((I79-H79)*100,1)&"％下回っています。",IF(H79>J79,"上限値を"&ROUND((H79-J79)*100,1)&"％上回っています。","閾値の範囲内です。"))) | M79: =IF(OR(H79="－",AND(I79="－",J79="－")),"",IF(OR(H79<I79,H79>J79),1,"")) | N79: =IF(AND(E79="",G79=""),"",1) -> 1
B80: =B77+1 -> 15 | C80: 介護予防支援・居宅介護支援 | D80: 令和8年度 | E80: 353 | F80: 令和9年度 | G80: 365 | H80: =IF(ISERROR(ROUND((G80-E80)/E80*1,3))=TRUE,"－",ROUND((G80-E80)/E80*1,3)) -> 0.034 | I80: =I81 -> -0.05 | J80: =J81 -> 0.15 | K80: =IF(H80="－","",IF(H80<I80,"下限値を"&ROUND((I80-H80)*100,1)&"％下回っています。",IF(H80>J80,"上限値を"&ROUND((H80-J80)*100,1)&"％上回っています。","閾値の範囲内です。"))) -> 閾値の範囲内です。 | M80: =IF(OR(H80="－",AND(I80="－",J80="－")),"",IF(OR(H80<I80,H80>J80),1,"")) | N80: =IF(AND(E80="",G80=""),"",1) -> 1
C81: =C80 -> 介護予防支援・居宅介護支援 | D81: 令和9年度 | E81: =IF(G80="","",G80) -> 365 | F81: 令和10年度 | G81: 363 | H81: =IF(ISERROR(ROUND((G81-E81)/E81*1,3))=TRUE,"－",ROUND((G81-E81)/E81*1,3)) -> -0.005 | I81: =data!I26 -> -0.05 | J81: =data!J26 -> 0.15 | K81: =IF(H81="－","",IF(H81<I81,"下限値を"&ROUND((I81-H81)*100,1)&"％下回っています。",IF(H81>J81,"上限値を"&ROUND((H81-J81)*100,1)&"％上回っています。","閾値の範囲内です。"))) -> 閾値の範囲内です。 | M81: =IF(OR(H81="－",AND(I81="－",J81="－")),"",IF(OR(H81<I81,H81>J81),1,"")) | N81: =IF(AND(E81="",G81=""),"",1) -> 1
C82: =C81 -> 介護予防支援・居宅介護支援 | D82: 令和10年度 | E82: =IF(G81="","",G81) -> 363 | F82: 令和11年度 | G82: 364 | H82: =IF(ISERROR(ROUND((G82-E82)/E82*1,3))=TRUE,"－",ROUND((G82-E82)/E82*1,3)) -> 0.003 | I82: =I81 -> -0.05 | J82: =J81 -> 0.15 | K82: =IF(H82="－","",IF(H82<I82,"下限値を"&ROUND((I82-H82)*100,1)&"％下回っています。",IF(H82>J82,"上限値を"&ROUND((H82-J82)*100,1)&"％上回っています。","閾値の範囲内です。"))) -> 閾値の範囲内です。 | M82: =IF(OR(H82="－",AND(I82="－",J82="－")),"",IF(OR(H82<I82,H82>J82),1,"")) | N82: =IF(AND(E82="",G82=""),"",1) -> 1
B83: =B80+1 -> 16 | C83: 登録施設介護支援 | D83: 令和8年度 | F83: 令和9年度 | H83: =IF(ISERROR(ROUND((G83-E83)/E83*1,3))=TRUE,"－",ROUND((G83-E83)/E83*1,3)) -> － | I83: =I84 -> － | J83: =J84 -> － | K83: チェック対象外 | M83: =IF(OR(H83="－",AND(I83="－",J83="－")),"",IF(OR(H83<I83,H83>J83),1,"")) | N83: =IF(AND(E83="",G83=""),"",1)
C84: =C83 -> 登録施設介護支援 | D84: 令和9年度 | E84: =IF(G83="","",G83) | F84: 令和10年度 | G84: 0 | H84: =IF(ISERROR(ROUND((G84-E84)/E84*1,3))=TRUE,"－",ROUND((G84-E84)/E84*1,3)) -> － | I84: － | J84: － | K84: チェック対象外 | M84: =IF(OR(H84="－",AND(I84="－",J84="－")),"",IF(OR(H84<I84,H84>J84),1,"")) | N84: =IF(AND(E84="",G84=""),"",1) -> 1
C85: =C84 -> 登録施設介護支援 | D85: 令和10年度 | E85: =IF(G84="","",G84) -> 0 | F85: 令和11年度 | G85: 0 | H85: =IF(ISERROR(ROUND((G85-E85)/E85*1,3))=TRUE,"－",ROUND((G85-E85)/E85*1,3)) -> － | I85: =I84 -> － | J85: =J84 -> － | K85: チェック対象外 | M85: =IF(OR(H85="－",AND(I85="－",J85="－")),"",IF(OR(H85<I85,H85>J85),1,"")) | N85: =IF(AND(E85="",G85=""),"",1) -> 1
B86: 地域密着型サービス
B87: =B83+1 -> 17 | C87: 定期巡回・随時対応型訪問介護看護 | D87: 令和8年度 | E87: 0 | F87: 令和9年度 | G87: 0 | H87: =IF(ISERROR(ROUND((G87-E87)/E87*1,3))=TRUE,"－",ROUND((G87-E87)/E87*1,3)) -> － | I87: =I88 -> -1 | J87: =J88 -> 1.25 | K87: =IF(H87="－","",IF(H87<I87,"下限値を"&ROUND((I87-H87)*100,1)&"％下回っています。",IF(H87>J87,"上限値を"&ROUND((H87-J87)*100,1)&"％上回っています。","閾値の範囲内です。"))) | M87: =IF(OR(H87="－",AND(I87="－",J87="－")),"",IF(OR(H87<I87,H87>J87),1,"")) | N87: =IF(AND(E87="",G87=""),"",1) -> 1
C88: =C87 -> 定期巡回・随時対応型訪問介護看護 | D88: 令和9年度 | E88: =IF(G87="","",G87) -> 0 | F88: 令和10年度 | G88: 0 | H88: =IF(ISERROR(ROUND((G88-E88)/E88*1,3))=TRUE,"－",ROUND((G88-E88)/E88*1,3)) -> － | I88: =data!I28 -> -1 | J88: =data!J28 -> 1.25 | K88: =IF(H88="－","",IF(H88<I88,"下限値を"&ROUND((I88-H88)*100,1)&"％下回っています。",IF(H88>J88,"上限値を"&ROUND((H88-J88)*100,1)&"％上回っています。","閾値の範囲内です。"))) | M88: =IF(OR(H88="－",AND(I88="－",J88="－")),"",IF(OR(H88<I88,H88>J88),1,"")) | N88: =IF(AND(E88="",G88=""),"",1) -> 1
C89: =C88 -> 定期巡回・随時対応型訪問介護看護 | D89: 令和10年度 | E89: =IF(G88="","",G88) -> 0 | F89: 令和11年度 | G89: 0 | H89: =IF(ISERROR(ROUND((G89-E89)/E89*1,3))=TRUE,"－",ROUND((G89-E89)/E89*1,3)) -> － | I89: =I88 -> -1 | J89: =J88 -> 1.25 | K89: =IF(H89="－","",IF(H89<I89,"下限値を"&ROUND((I89-H89)*100,1)&"％下回っています。",IF(H89>J89,"上限値を"&ROUND((H89-J89)*100,1)&"％上回っています。","閾値の範囲内です。"))) | M89: =IF(OR(H89="－",AND(I89="－",J89="－")),"",IF(OR(H89<I89,H89>J89),1,"")) | N89: =IF(AND(E89="",G89=""),"",1) -> 1
B90: =B87+1 -> 18 | C90: 夜間対応型訪問介護 | D90: 令和8年度 | E90: 0 | F90: 令和9年度 | G90: 0 | H90: =IF(ISERROR(ROUND((G90-E90)/E90*1,3))=TRUE,"－",ROUND((G90-E90)/E90*1,3)) -> － | I90: =I91 -> -1.05 | J90: =J91 -> 0.9 | K90: =IF(H90="－","",IF(H90<I90,"下限値を"&ROUND((I90-H90)*100,1)&"％下回っています。",IF(H90>J90,"上限値を"&ROUND((H90-J90)*100,1)&"％上回っています。","閾値の範囲内です。"))) | M90: =IF(OR(H90="－",AND(I90="－",J90="－")),"",IF(OR(H90<I90,H90>J90),1,"")) | N90: =IF(AND(E90="",G90=""),"",1) -> 1
C91: =C90 -> 夜間対応型訪問介護 | D91: 令和9年度 | E91: =IF(G90="","",G90) -> 0 | F91: 令和10年度 | G91: 0 | H91: =IF(ISERROR(ROUND((G91-E91)/E91*1,3))=TRUE,"－",ROUND((G91-E91)/E91*1,3)) -> － | I91: =data!I29 -> -1.05 | J91: =data!J29 -> 0.9 | K91: =IF(H91="－","",IF(H91<I91,"下限値を"&ROUND((I91-H91)*100,1)&"％下回っています。",IF(H91>J91,"上限値を"&ROUND((H91-J91)*100,1)&"％上回っています。","閾値の範囲内です。"))) | M91: =IF(OR(H91="－",AND(I91="－",J91="－")),"",IF(OR(H91<I91,H91>J91),1,"")) | N91: =IF(AND(E91="",G91=""),"",1) -> 1
C92: =C91 -> 夜間対応型訪問介護 | D92: 令和10年度 | E92: =IF(G91="","",G91) -> 0 | F92: 令和11年度 | G92: 0 | H92: =IF(ISERROR(ROUND((G92-E92)/E92*1,3))=TRUE,"－",ROUND((G92-E92)/E92*1,3)) -> － | I92: =I91 -> -1.05 | J92: =J91 -> 0.9 | K92: =IF(H92="－","",IF(H92<I92,"下限値を"&ROUND((I92-H92)*100,1)&"％下回っています。",IF(H92>J92,"上限値を"&ROUND((H92-J92)*100,1)&"％上回っています。","閾値の範囲内です。"))) | M92: =IF(OR(H92="－",AND(I92="－",J92="－")),"",IF(OR(H92<I92,H92>J92),1,"")) | N92: =IF(AND(E92="",G92=""),"",1) -> 1
B93: =B90+1 -> 19 | C93: 地域密着型通所介護 | D93: 令和8年度 | E93: 0 | F93: 令和9年度 | G93: 0 | H93: =IF(ISERROR(ROUND((G93-E93)/E93*1,3))=TRUE,"－",ROUND((G93-E93)/E93*1,3)) -> － | I93: =I94 -> -0.3 | J93: =J94 -> 0.35 | K93: =IF(H93="－","",IF(H93<I93,"下限値を"&ROUND((I93-H93)*100,1)&"％下回っています。",IF(H93>J93,"上限値を"&ROUND((H93-J93)*100,1)&"％上回っています。","閾値の範囲内です。"))) | M93: =IF(OR(H93="－",AND(I93="－",J93="－")),"",IF(OR(H93<I93,H93>J93),1,"")) | N93: =IF(AND(E93="",G93=""),"",1) -> 1
C94: =C93 -> 地域密着型通所介護 | D94: 令和9年度 | E94: =IF(G93="","",G93) -> 0 | F94: 令和10年度 | G94: 0 | H94: =IF(ISERROR(ROUND((G94-E94)/E94*1,3))=TRUE,"－",ROUND((G94-E94)/E94*1,3)) -> － | I94: =data!I30 -> -0.3 | J94: =data!J30 -> 0.35 | K94: =IF(H94="－","",IF(H94<I94,"下限値を"&ROUND((I94-H94)*100,1)&"％下回っています。",IF(H94>J94,"上限値を"&ROUND((H94-J94)*100,1)&"％上回っています。","閾値の範囲内です。"))) | M94: =IF(OR(H94="－",AND(I94="－",J94="－")),"",IF(OR(H94<I94,H94>J94),1,"")) | N94: =IF(AND(E94="",G94=""),"",1) -> 1
C95: =C94 -> 地域密着型通所介護 | D95: 令和10年度 | E95: =IF(G94="","",G94) -> 0 | F95: 令和11年度 | G95: 0 | H95: =IF(ISERROR(ROUND((G95-E95)/E95*1,3))=TRUE,"－",ROUND((G95-E95)/E95*1,3)) -> － | I95: =I94 -> -0.3 | J95: =J94 -> 0.35 | K95: =IF(H95="－","",IF(H95<I95,"下限値を"&ROUND((I95-H95)*100,1)&"％下回っています。",IF(H95>J95,"上限値を"&ROUND((H95-J95)*100,1)&"％上回っています。","閾値の範囲内です。"))) | M95: =IF(OR(H95="－",AND(I95="－",J95="－")),"",IF(OR(H95<I95,H95>J95),1,"")) | N95: =IF(AND(E95="",G95=""),"",1) -> 1
B96: =B93+1 -> 20 | C96: 認知症対応型通所介護 | D96: 令和8年度 | E96: 14 | F96: 令和9年度 | G96: 15 | H96: =IF(ISERROR(ROUND((G96-E96)/E96*1,3))=TRUE,"－",ROUND((G96-E96)/E96*1,3)) -> 0.071 | I96: =I97 -> -0.6 | J96: =J97 -> 0.6 | K96: =IF(H96="－","",IF(H96<I96,"下限値を"&ROUND((I96-H96)*100,1)&"％下回っています。",IF(H96>J96,"上限値を"&ROUND((H96-J96)*100,1)&"％上回っています。","閾値の範囲内です。"))) -> 閾値の範囲内です。 | M96: =IF(OR(H96="－",AND(I96="－",J96="－")),"",IF(OR(H96<I96,H96>J96),1,"")) | N96: =IF(AND(E96="",G96=""),"",1) -> 1
C97: =C96 -> 認知症対応型通所介護 | D97: 令和9年度 | E97: =IF(G96="","",G96) -> 15 | F97: 令和10年度 | G97: 15 | H97: =IF(ISERROR(ROUND((G97-E97)/E97*1,3))=TRUE,"－",ROUND((G97-E97)/E97*1,3)) -> 0 | I97: =data!I31 -> -0.6 | J97: =data!J31 -> 0.6 | K97: =IF(H97="－","",IF(H97<I97,"下限値を"&ROUND((I97-H97)*100,1)&"％下回っています。",IF(H97>J97,"上限値を"&ROUND((H97-J97)*100,1)&"％上回っています。","閾値の範囲内です。"))) -> 閾値の範囲内です。 | M97: =IF(OR(H97="－",AND(I97="－",J97="－")),"",IF(OR(H97<I97,H97>J97),1,"")) | N97: =IF(AND(E97="",G97=""),"",1) -> 1
C98: =C97 -> 認知症対応型通所介護 | D98: 令和10年度 | E98: =IF(G97="","",G97) -> 15 | F98: 令和11年度 | G98: 15 | H98: =IF(ISERROR(ROUND((G98-E98)/E98*1,3))=TRUE,"－",ROUND((G98-E98)/E98*1,3)) -> 0 | I98: =I97 -> -0.6 | J98: =J97 -> 0.6 | K98: =IF(H98="－","",IF(H98<I98,"下限値を"&ROUND((I98-H98)*100,1)&"％下回っています。",IF(H98>J98,"上限値を"&ROUND((H98-J98)*100,1)&"％上回っています。","閾値の範囲内です。"))) -> 閾値の範囲内です。 | M98: =IF(OR(H98="－",AND(I98="－",J98="－")),"",IF(OR(H98<I98,H98>J98),1,"")) | N98: =IF(AND(E98="",G98=""),"",1) -> 1
B99: =B96+1 -> 21 | C99: 小規模多機能型居宅介護 | D99: 令和8年度 | E99: 32 | F99: 令和9年度 | G99: 30 | H99: =IF(ISERROR(ROUND((G99-E99)/E99*1,3))=TRUE,"－",ROUND((G99-E99)/E99*1,3)) -> -0.063 | I99: =I100 -> -0.35 | J99: =J100 -> 0.35 | K99: =IF(H99="－","",IF(H99<I99,"下限値を"&ROUND((I99-H99)*100,1)&"％下回っています。",IF(H99>J99,"上限値を"&ROUND((H99-J99)*100,1)&"％上回っています。","閾値の範囲内です。"))) -> 閾値の範囲内です。 | M99: =IF(OR(H99="－",AND(I99="－",J99="－")),"",IF(OR(H99<I99,H99>J99),1,"")) | N99: =IF(AND(E99="",G99=""),"",1) -> 1
C100: =C99 -> 小規模多機能型居宅介護 | D100: 令和9年度 | E100: =IF(G99="","",G99) -> 30 | F100: 令和10年度 | G100: 31 | H100: =IF(ISERROR(ROUND((G100-E100)/E100*1,3))=TRUE,"－",ROUND((G100-E100)/E100*1,3)) -> 0.033 | I100: =data!I32 -> -0.35 | J100: =data!J32 -> 0.35 | K100: =IF(H100="－","",IF(H100<I100,"下限値を"&ROUND((I100-H100)*100,1)&"％下回っています。",IF(H100>J100,"上限値を"&ROUND((H100-J100)*100,1)&"％上回っています。","閾値の範囲内です。"))) -> 閾値の範囲内です。 | M100: =IF(OR(H100="－",AND(I100="－",J100="－")),"",IF(OR(H100<I100,H100>J100),1,"")) | N100: =IF(AND(E100="",G100=""),"",1) -> 1
C101: =C100 -> 小規模多機能型居宅介護 | D101: 令和10年度 | E101: =IF(G100="","",G100) -> 31 | F101: 令和11年度 | G101: 31 | H101: =IF(ISERROR(ROUND((G101-E101)/E101*1,3))=TRUE,"－",ROUND((G101-E101)/E101*1,3)) -> 0 | I101: =I100 -> -0.35 | J101: =J100 -> 0.35 | K101: =IF(H101="－","",IF(H101<I101,"下限値を"&ROUND((I101-H101)*100,1)&"％下回っています。",IF(H101>J101,"上限値を"&ROUND((H101-J101)*100,1)&"％上回っています。","閾値の範囲内です。"))) -> 閾値の範囲内です。 | M101: =IF(OR(H101="－",AND(I101="－",J101="－")),"",IF(OR(H101<I101,H101>J101),1,"")) | N101: =IF(AND(E101="",G101=""),"",1) -> 1
B102: =B99+1 -> 22 | C102: 看護小規模多機能型居宅介護 | D102: 令和8年度 | E102: 0 | F102: 令和9年度 | G102: 0 | H102: =IF(ISERROR(ROUND((G102-E102)/E102*1,3))=TRUE,"－",ROUND((G102-E102)/E102*1,3)) -> － | I102: =I103 -> -0.7 | J102: =J103 -> 0.85 | K102: =IF(H102="－","",IF(H102<I102,"下限値を"&ROUND((I102-H102)*100,1)&"％下回っています。",IF(H102>J102,"上限値を"&ROUND((H102-J102)*100,1)&"％上回っています。","閾値の範囲内です。"))) | M102: =IF(OR(H102="－",AND(I102="－",J102="－")),"",IF(OR(H102<I102,H102>J102),1,"")) | N102: =IF(AND(E102="",G102=""),"",1) -> 1
C103: =C102 -> 看護小規模多機能型居宅介護 | D103: 令和9年度 | E103: =IF(G102="","",G102) -> 0 | F103: 令和10年度 | G103: 0 | H103: =IF(ISERROR(ROUND((G103-E103)/E103*1,3))=TRUE,"－",ROUND((G103-E103)/E103*1,3)) -> － | I103: =data!I33 -> -0.7 | J103: =data!J33 -> 0.85 | K103: =IF(H103="－","",IF(H103<I103,"下限値を"&ROUND((I103-H103)*100,1)&"％下回っています。",IF(H103>J103,"上限値を"&ROUND((H103-J103)*100,1)&"％上回っています。","閾値の範囲内です。"))) | M103: =IF(OR(H103="－",AND(I103="－",J103="－")),"",IF(OR(H103<I103,H103>J103),1,"")) | N103: =IF(AND(E103="",G103=""),"",1) -> 1
C104: =C103 -> 看護小規模多機能型居宅介護 | D104: 令和10年度 | E104: =IF(G103="","",G103) -> 0 | F104: 令和11年度 | G104: 0 | H104: =IF(ISERROR(ROUND((G104-E104)/E104*1,3))=TRUE,"－",ROUND((G104-E104)/E104*1,3)) -> － | I104: =I103 -> -0.7 | J104: =J103 -> 0.85 | K104: =IF(H104="－","",IF(H104<I104,"下限値を"&ROUND((I104-H104)*100,1)&"％下回っています。",IF(H104>J104,"上限値を"&ROUND((H104-J104)*100,1)&"％上回っています。","閾値の範囲内です。"))) | M104: =IF(OR(H104="－",AND(I104="－",J104="－")),"",IF(OR(H104<I104,H104>J104),1,"")) | N104: =IF(AND(E104="",G104=""),"",1) -> 1
B105: =B102+1 -> 23 | D105: 令和8年度 | F105: 令和9年度 | H105: =IF(ISERROR(ROUND((G105-E105)/E105*1,3))=TRUE,"－",ROUND((G105-E105)/E105*1,3)) -> － | I105: =I106 -> － | J105: =J106 -> － | K105: チェック対象外 | M105: =IF(OR(H105="－",AND(I105="－",J105="－")),"",IF(OR(H105<I105,H105>J105),1,"")) | N105: =IF(AND(E105="",G105=""),"",1)
D106: 令和9年度 | F106: 令和10年度 | H106: =IF(ISERROR(ROUND((G106-E106)/E106*1,3))=TRUE,"－",ROUND((G106-E106)/E106*1,3)) -> － | I106: － | J106: － | K106: チェック対象外 | M106: =IF(OR(H106="－",AND(I106="－",J106="－")),"",IF(OR(H106<I106,H106>J106),1,"")) | N106: =IF(AND(E106="",G106=""),"",1)
D107: 令和10年度 | F107: 令和11年度 | H107: =IF(ISERROR(ROUND((G107-E107)/E107*1,3))=TRUE,"－",ROUND((G107-E107)/E107*1,3)) -> － | I107: =I106 -> － | J107: =J106 -> － | K107: チェック対象外 | M107: =IF(OR(H107="－",AND(I107="－",J107="－")),"",IF(OR(H107<I107,H107>J107),1,"")) | N107: =IF(AND(E107="",G107=""),"",1)
N108: =IF(COUNTIF(N37:N104,1)>0,1,"") -> 1

Sheet (参考)在宅・居住系・施設1人1月あたり給付費
A1: 将来推計ワーニングチェック結果詳細
B3: （参考）在宅サービス／居住系サービス／施設サービス別の1人1月あたり給付費
B5: No. | C5: ワーニング対象指標値 | D5: 年度／要介護(支援) | F5: 給付費 | G5: 利用者数 | H5: 給付費÷利用者数÷12 (チェック対象) | I5: 閾値 | K5: チェック結果
I6: 下限値 | J6: 上限値
B7: 1 | C7: 在宅サービス | D7: 令和9年度 | E7: 要支援1 | F7: =IF('(参考)1人(1回(日))1月あたり給付費(在宅)'!$O$517="","",O7) -> 9737340 | G7: =IF('(参考)1人(1回(日))1月あたり給付費(在宅)'!$O$517="","",P7) -> 78 | H7: =IF(ISERROR((F7/G7)/12)=TRUE,"－",(F7/G7)/12) -> 10403.141 | I7: =data!I34 -> 5290 | J7: =data!J34 -> 14725 | K7: =IF(H7="－","",IF(H7<I7,"下限値を\"&TEXT(ROUND(I7-H7,0),"#,##0")&"下回っています。",IF(H7>J7,"上限値を\"&TEXT(ROUND(H7-J7,0),"#,##0")&"上回っています。","閾値の範囲内です。"))) -> 閾値の範囲内です。 | M7: =IF(OR(H7="－",AND(I7="－",J7="－")),"",IF(OR(H7<I7,H7>J7),1,"")) | N7: =IF(AND(F7="",G7=""),"",1) -> 1 | O7: =SUM('(参考)1人(1回(日))1月あたり給付費(在宅)'!F25,'(参考)1人(1回(日))1月あたり給付費(在宅)'!F49,'(参考)1人(1回(日))1月あたり給付費(在宅)'!F73,'(参考)1人(1回(日))1月あたり給付費(在宅)'!F97,'(参考)1人(1回(日))1月あたり給付費(在宅)'!F139,'(参考)1人(1回(日))1月あたり給付費(在宅)'!F163,'(参考)1人(1回(日))1月あたり給付費(在宅)'!F187,'(参考)1人(1回(日))1月あたり給付費(在宅)'!F211,'(参考)1人(1回(日))1月あたり給付費(在宅)'!F259,'(参考)1人(1回(日))1月あたり給付費(在宅)'!F283,'(参考)1人(1回(日))1月あたり給付費(在宅)'!F307,'(参考)1人(1回(日))1月あたり給付費(在宅)'!F331,'(参考)1人(1回(日))1月あたり給付費(在宅)'!F433,'(参考)1人(1回(日))1月あたり給付費(在宅)'!F457) -> 9737340 | P7: =SUM('(参考)1人(1回(日))1月あたり給付費(在宅)'!G25,'(参考)1人(1回(日))1月あたり給付費(在宅)'!G49,'(参考)1人(1回(日))1月あたり給付費(在宅)'!G73,'(参考)1人(1回(日))1月あたり給付費(在宅)'!G97,'(参考)1人(1回(日))1月あたり給付費(在宅)'!G139,'(参考)1人(1回(日))1月あたり給付費(在宅)'!G163,'(参考)1人(1回(日))1月あたり給付費(在宅)'!G187,'(参考)1人(1回(日))1月あたり給付費(在宅)'!G211,'(参考)1人(1回(日))1月あたり給付費(在宅)'!G259,'(参考)1人(1回(日))1月あたり給付費(在宅)'!G283,'(参考)1人(1回(日))1月あたり給付費(在宅)'!G307,'(参考)1人(1回(日))1月あたり給付費(在宅)'!G331,'(参考)1人(1回(日))1月あたり給付費(在宅)'!G433,'(参考)1人(1回(日))1月あたり給付費(在宅)'!G457) -> 78
C8: =C7 -> 在宅サービス | E8: 要支援2 | F8: =IF('(参考)1人(1回(日))1月あたり給付費(在宅)'!$O$517="","",O8) -> 27885607 | G8: =IF('(参考)1人(1回(日))1月あたり給付費(在宅)'!$O$517="","",P8) -> 146 | H8: =IF(ISERROR((F8/G8)/12)=TRUE,"－",(F8/G8)/12) -> 15916.442 | I8: =data!I35 -> 5555 | J8: =data!J35 -> 20285 | K8: =IF(H8="－","",IF(H8<I8,"下限値を\"&TEXT(ROUND(I8-H8,0),"#,##0")&"下回っています。",IF(H8>J8,"上限値を\"&TEXT(ROUND(H8-J8,0),"#,##0")&"上回っています。","閾値の範囲内です。"))) -> 閾値の範囲内です。 | M8: =IF(OR(H8="－",AND(I8="－",J8="－")),"",IF(OR(H8<I8,H8>J8),1,"")) | N8: =IF(AND(F8="",G8=""),"",1) -> 1 | O8: =SUM('(参考)1人(1回(日))1月あたり給付費(在宅)'!F26,'(参考)1人(1回(日))1月あたり給付費(在宅)'!F50,'(参考)1人(1回(日))1月あたり給付費(在宅)'!F74,'(参考)1人(1回(日))1月あたり給付費(在宅)'!F98,'(参考)1人(1回(日))1月あたり給付費(在宅)'!F140,'(参考)1人(1回(日))1月あたり給付費(在宅)'!F164,'(参考)1人(1回(日))1月あたり給付費(在宅)'!F188,'(参考)1人(1回(日))1月あたり給付費(在宅)'!F212,'(参考)1人(1回(日))1月あたり給付費(在宅)'!F260,'(参考)1人(1回(日))1月あたり給付費(在宅)'!F284,'(参考)1人(1回(日))1月あたり給付費(在宅)'!F308,'(参考)1人(1回(日))1月あたり給付費(在宅)'!F332,'(参考)1人(1回(日))1月あたり給付費(在宅)'!F434,'(参考)1人(1回(日))1月あたり給付費(在宅)'!F458) -> 27885607 | P8: =SUM('(参考)1人(1回(日))1月あたり給付費(在宅)'!G26,'(参考)1人(1回(日))1月あたり給付費(在宅)'!G50,'(参考)1人(1回(日))1月あたり給付費(在宅)'!G74,'(参考)1人(1回(日))1月あたり給付費(在宅)'!G98,'(参考)1人(1回(日))1月あたり給付費(在宅)'!G140,'(参考)1人(1回(日))1月あたり給付費(在宅)'!G164,'(参考)1人(1回(日))1月あたり給付費(在宅)'!G188,'(参考)1人(1回(日))1月あたり給付費(在宅)'!G212,'(参考)1人(1回(日))1月あたり給付費(在宅)'!G260,'(参考)1人(1回(日))1月あたり給付費(在宅)'!G284,'(参考)1人(1回(日))1月あたり給付費(在宅)'!G308,'(参考)1人(1回(日))1月あたり給付費(在宅)'!G332,'(参考)1人(1回(日))1月あたり給付費(在宅)'!G434,'(参考)1人(1回(日))1月あたり給付費(在宅)'!G458) -> 146
C9: =C8 -> 在宅サービス | E9: 要介護1 | F9: =IF('(参考)1人(1回(日))1月あたり給付費(在宅)'!$O$517="","",O9) -> 98526185 | G9: =IF('(参考)1人(1回(日))1月あたり給付費(在宅)'!$O$517="","",P9) -> 267 | H9: =IF(ISERROR((F9/G9)/12)=TRUE,"－",(F9/G9)/12) -> 30750.994 | I9: =data!I36 -> 19435 | J9: =data!J36 -> 43955 | K9: =IF(H9="－","",IF(H9<I9,"下限値を\"&TEXT(ROUND(I9-H9,0),"#,##0")&"下回っています。",IF(H9>J9,"上限値を\"&TEXT(ROUND(H9-J9,0),"#,##0")&"上回っています。","閾値の範囲内です。"))) -> 閾値の範囲内です。 | M9: =IF(OR(H9="－",AND(I9="－",J9="－")),"",IF(OR(H9<I9,H9>J9),1,"")) | N9: =IF(AND(F9="",G9=""),"",1) -> 1 | O9: =SUM('(参考)1人(1回(日))1月あたり給付費(在宅)'!F7,'(参考)1人(1回(日))1月あたり給付費(在宅)'!F27,'(参考)1人(1回(日))1月あたり給付費(在宅)'!F51,'(参考)1人(1回(日))1月あたり給付費(在宅)'!F75,'(参考)1人(1回(日))1月あたり給付費(在宅)'!F99,'(参考)1人(1回(日))1月あたり給付費(在宅)'!F121,'(参考)1人(1回(日))1月あたり給付費(在宅)'!F141,'(参考)1人(1回(日))1月あたり給付費(在宅)'!F165,'(参考)1人(1回(日))1月あたり給付費(在宅)'!F189,'(参考)1人(1回(日))1月あたり給付費(在宅)'!F213,'(参考)1人(1回(日))1月あたり給付費(在宅)'!F261,'(参考)1人(1回(日))1月あたり給付費(在宅)'!F285,'(参考)1人(1回(日))1月あたり給付費(在宅)'!F309,'(参考)1人(1回(日))1月あたり給付費(在宅)'!F333,'(参考)1人(1回(日))1月あたり給付費(在宅)'!F379,'(参考)1人(1回(日))1月あたり給付費(在宅)'!F397,'(参考)1人(1回(日))1月あたり給付費(在宅)'!F435,'(参考)1人(1回(日))1月あたり給付費(在宅)'!F459,'(参考)1人(1回(日))1月あたり給付費(在宅)'!F481,'(参考)1人(1回(日))1月あたり給付費(在宅)'!F415) -> 98526185 | P9: =SUM('(参考)1人(1回(日))1月あたり給付費(在宅)'!G7,'(参考)1人(1回(日))1月あたり給付費(在宅)'!G27,'(参考)1人(1回(日))1月あたり給付費(在宅)'!G51,'(参考)1人(1回(日))1月あたり給付費(在宅)'!G75,'(参考)1人(1回(日))1月あたり給付費(在宅)'!G99,'(参考)1人(1回(日))1月あたり給付費(在宅)'!G121,'(参考)1人(1回(日))1月あたり給付費(在宅)'!G141,'(参考)1人(1回(日))1月あたり給付費(在宅)'!G165,'(参考)1人(1回(日))1月あたり給付費(在宅)'!G189,'(参考)1人(1回(日))1月あたり給付費(在宅)'!G213,'(参考)1人(1回(日))1月あたり給付費(在宅)'!G261,'(参考)1人(1回(日))1月あたり給付費(在宅)'!G285,'(参考)1人(1回(日))1月あたり給付費(在宅)'!G309,'(参考)1人(1回(日))1月あたり給付費(在宅)'!G333,'(参考)1人(1回(日))1月あたり給付費(在宅)'!G379,'(参考)1人(1回(日))1月あたり給付費(在宅)'!G397,'(参考)1人(1回(日))1月あたり給付費(在宅)'!G435,'(参考)1人(1回(日))1月あたり給付費(在宅)'!G459,'(参考)1人(1回(日))1月あたり給付費(在宅)'!G481,'(参考)1人(1回(日))1月あたり給付費(在宅)'!G415) -> 267
C10: =C9 -> 在宅サービス | E10: 要介護2 | F10: =IF('(参考)1人(1回(日))1月あたり給付費(在宅)'!$O$517="","",O10) -> 101057376 | G10: =IF('(参考)1人(1回(日))1月あたり給付費(在宅)'!$O$517="","",P10) -> 216 | H10: =IF(ISERROR((F10/G10)/12)=TRUE,"－",(F10/G10)/12) -> 38988.185 | I10: =data!I37 -> 24565 | J10: =data!J37 -> 51160 | K10: =IF(H10="－","",IF(H10<I10,"下限値を\"&TEXT(ROUND(I10-H10,0),"#,##0")&"下回っています。",IF(H10>J10,"上限値を\"&TEXT(ROUND(H10-J10,0),"#,##0")&"上回っています。","閾値の範囲内です。"))) -> 閾値の範囲内です。 | M10: =IF(OR(H10="－",AND(I10="－",J10="－")),"",IF(OR(H10<I10,H10>J10),1,"")) | N10: =IF(AND(F10="",G10=""),"",1) -> 1 | O10: =SUM('(参考)1人(1回(日))1月あたり給付費(在宅)'!F8,'(参考)1人(1回(日))1月あたり給付費(在宅)'!F28,'(参考)1人(1回(日))1月あたり給付費(在宅)'!F52,'(参考)1人(1回(日))1月あたり給付費(在宅)'!F76,'(参考)1人(1回(日))1月あたり給付費(在宅)'!F100,'(参考)1人(1回(日))1月あたり給付費(在宅)'!F122,'(参考)1人(1回(日))1月あたり給付費(在宅)'!F142,'(参考)1人(1回(日))1月あたり給付費(在宅)'!F166,'(参考)1人(1回(日))1月あたり給付費(在宅)'!F190,'(参考)1人(1回(日))1月あたり給付費(在宅)'!F214,'(参考)1人(1回(日))1月あたり給付費(在宅)'!F262,'(参考)1人(1回(日))1月あたり給付費(在宅)'!F286,'(参考)1人(1回(日))1月あたり給付費(在宅)'!F310,'(参考)1人(1回(日))1月あたり給付費(在宅)'!F334,'(参考)1人(1回(日))1月あたり給付費(在宅)'!F380,'(参考)1人(1回(日))1月あたり給付費(在宅)'!F398,'(参考)1人(1回(日))1月あたり給付費(在宅)'!F436,'(参考)1人(1回(日))1月あたり給付費(在宅)'!F460,'(参考)1人(1回(日))1月あたり給付費(在宅)'!F482,'(参考)1人(1回(日))1月あたり給付費(在宅)'!F416) -> 101057376 | P10: =SUM('(参考)1人(1回(日))1月あたり給付費(在宅)'!G8,'(参考)1人(1回(日))1月あたり給付費(在宅)'!G28,'(参考)1人(1回(日))1月あたり給付費(在宅)'!G52,'(参考)1人(1回(日))1月あたり給付費(在宅)'!G76,'(参考)1人(1回(日))1月あたり給付費(在宅)'!G100,'(参考)1人(1回(日))1月あたり給付費(在宅)'!G122,'(参考)1人(1回(日))1月あたり給付費(在宅)'!G142,'(参考)1人(1回(日))1月あたり給付費(在宅)'!G166,'(参考)1人(1回(日))1月あたり給付費(在宅)'!G190,'(参考)1人(1回(日))1月あたり給付費(在宅)'!G214,'(参考)1人(1回(日))1月あたり給付費(在宅)'!G262,'(参考)1人(1回(日))1月あたり給付費(在宅)'!G286,'(参考)1人(1回(日))1月あたり給付費(在宅)'!G310,'(参考)1人(1回(日))1月あたり給付費(在宅)'!G334,'(参考)1人(1回(日))1月あたり給付費(在宅)'!G380,'(参考)1人(1回(日))1月あたり給付費(在宅)'!G398,'(参考)1人(1回(日))1月あたり給付費(在宅)'!G436,'(参考)1人(1回(日))1月あたり給付費(在宅)'!G460,'(参考)1人(1回(日))1月あたり給付費(在宅)'!G482,'(参考)1人(1回(日))1月あたり給付費(在宅)'!G416) -> 216
C11: =C10 -> 在宅サービス | E11: 要介護3 | F11: =IF('(参考)1人(1回(日))1月あたり給付費(在宅)'!$O$517="","",O11) -> 1.6155892e+08 | G11: =IF('(参考)1人(1回(日))1月あたり給付費(在宅)'!$O$517="","",P11) -> 246 | H11: =IF(ISERROR((F11/G11)/12)=TRUE,"－",(F11/G11)/12) -> 54728.631 | I11: =data!I38 -> 33300 | J11: =data!J38 -> 70005 | K11: =IF(H11="－","",IF(H11<I11,"下限値を\"&TEXT(ROUND(I11-H11,0),"#,##0")&"下回っています。",IF(H11>J11,"上限値を\"&TEXT(ROUND(H11-J11,0),"#,##0")&"上回っています。","閾値の範囲内です。"))) -> 閾値の範囲内です。 | M11: =IF(OR(H11="－",AND(I11="－",J11="－")),"",IF(OR(H11<I11,H11>J11),1,"")) | N11: =IF(AND(F11="",G11=""),"",1) -> 1 | O11: =SUM('(参考)1人(1回(日))1月あたり給付費(在宅)'!F9,'(参考)1人(1回(日))1月あたり給付費(在宅)'!F29,'(参考)1人(1回(日))1月あたり給付費(在宅)'!F53,'(参考)1人(1回(日))1月あたり給付費(在宅)'!F77,'(参考)1人(1回(日))1月あたり給付費(在宅)'!F101,'(参考)1人(1回(日))1月あたり給付費(在宅)'!F123,'(参考)1人(1回(日))1月あたり給付費(在宅)'!F143,'(参考)1人(1回(日))1月あたり給付費(在宅)'!F167,'(参考)1人(1回(日))1月あたり給付費(在宅)'!F191,'(参考)1人(1回(日))1月あたり給付費(在宅)'!F215,'(参考)1人(1回(日))1月あたり給付費(在宅)'!F263,'(参考)1人(1回(日))1月あたり給付費(在宅)'!F287,'(参考)1人(1回(日))1月あたり給付費(在宅)'!F311,'(参考)1人(1回(日))1月あたり給付費(在宅)'!F335,'(参考)1人(1回(日))1月あたり給付費(在宅)'!F381,'(参考)1人(1回(日))1月あたり給付費(在宅)'!F399,'(参考)1人(1回(日))1月あたり給付費(在宅)'!F437,'(参考)1人(1回(日))1月あたり給付費(在宅)'!F461,'(参考)1人(1回(日))1月あたり給付費(在宅)'!F483,'(参考)1人(1回(日))1月あたり給付費(在宅)'!F417) -> 1.6155892e+08 | P11: =SUM('(参考)1人(1回(日))1月あたり給付費(在宅)'!G9,'(参考)1人(1回(日))1月あたり給付費(在宅)'!G29,'(参考)1人(1回(日))1月あたり給付費(在宅)'!G53,'(参考)1人(1回(日))1月あたり給付費(在宅)'!G77,'(参考)1人(1回(日))1月あたり給付費(在宅)'!G101,'(参考)1人(1回(日))1月あたり給付費(在宅)'!G123,'(参考)1人(1回(日))1月あたり給付費(在宅)'!G143,'(参考)1人(1回(日))1月あたり給付費(在宅)'!G167,'(参考)1人(1回(日))1月あたり給付費(在宅)'!G191,'(参考)1人(1回(日))1月あたり給付費(在宅)'!G215,'(参考)1人(1回(日))1月あたり給付費(在宅)'!G263,'(参考)1人(1回(日))1月あたり給付費(在宅)'!G287,'(参考)1人(1回(日))1月あたり給付費(在宅)'!G311,'(参考)1人(1回(日))1月あたり給付費(在宅)'!G335,'(参考)1人(1回(日))1月あたり給付費(在宅)'!G381,'(参考)1人(1回(日))1月あたり給付費(在宅)'!G399,'(参考)1人(1回(日))1月あたり給付費(在宅)'!G437,'(参考)1人(1回(日))1月あたり給付費(在宅)'!G461,'(参考)1人(1回(日))1月あたり給付費(在宅)'!G483,'(参考)1人(1回(日))1月あたり給付費(在宅)'!G417) -> 246
C12: =C11 -> 在宅サービス | E12: 要介護4 | F12: =IF('(参考)1人(1回(日))1月あたり給付費(在宅)'!$O$517="","",O12) -> 96423727 | G12: =IF('(参考)1人(1回(日))1月あたり給付費(在宅)'!$O$517="","",P12) -> 137 | H12: =IF(ISERROR((F12/G12)/12)=TRUE,"－",(F12/G12)/12) -> 58651.902 | I12: =data!I39 -> 36055 | J12: =data!J39 -> 78330 | K12: =IF(H12="－","",IF(H12<I12,"下限値を\"&TEXT(ROUND(I12-H12,0),"#,##0")&"下回っています。",IF(H12>J12,"上限値を\"&TEXT(ROUND(H12-J12,0),"#,##0")&"上回っています。","閾値の範囲内です。"))) -> 閾値の範囲内です。 | M12: =IF(OR(H12="－",AND(I12="－",J12="－")),"",IF(OR(H12<I12,H12>J12),1,"")) | N12: =IF(AND(F12="",G12=""),"",1) -> 1 | O12: =SUM('(参考)1人(1回(日))1月あたり給付費(在宅)'!F10,'(参考)1人(1回(日))1月あたり給付費(在宅)'!F30,'(参考)1人(1回(日))1月あたり給付費(在宅)'!F54,'(参考)1人(1回(日))1月あたり給付費(在宅)'!F78,'(参考)1人(1回(日))1月あたり給付費(在宅)'!F102,'(参考)1人(1回(日))1月あたり給付費(在宅)'!F124,'(参考)1人(1回(日))1月あたり給付費(在宅)'!F144,'(参考)1人(1回(日))1月あたり給付費(在宅)'!F168,'(参考)1人(1回(日))1月あたり給付費(在宅)'!F192,'(参考)1人(1回(日))1月あたり給付費(在宅)'!F216,'(参考)1人(1回(日))1月あたり給付費(在宅)'!F264,'(参考)1人(1回(日))1月あたり給付費(在宅)'!F288,'(参考)1人(1回(日))1月あたり給付費(在宅)'!F312,'(参考)1人(1回(日))1月あたり給付費(在宅)'!F336,'(参考)1人(1回(日))1月あたり給付費(在宅)'!F382,'(参考)1人(1回(日))1月あたり給付費(在宅)'!F400,'(参考)1人(1回(日))1月あたり給付費(在宅)'!F438,'(参考)1人(1回(日))1月あたり給付費(在宅)'!F462,'(参考)1人(1回(日))1月あたり給付費(在宅)'!F484,'(参考)1人(1回(日))1月あたり給付費(在宅)'!F418) -> 96423727 | P12: =SUM('(参考)1人(1回(日))1月あたり給付費(在宅)'!G10,'(参考)1人(1回(日))1月あたり給付費(在宅)'!G30,'(参考)1人(1回(日))1月あたり給付費(在宅)'!G54,'(参考)1人(1回(日))1月あたり給付費(在宅)'!G78,'(参考)1人(1回(日))1月あたり給付費(在宅)'!G102,'(参考)1人(1回(日))1月あたり給付費(在宅)'!G124,'(参考)1人(1回(日))1月あたり給付費(在宅)'!G144,'(参考)1人(1回(日))1月あたり給付費(在宅)'!G168,'(参考)1人(1回(日))1月あたり給付費(在宅)'!G192,'(参考)1人(1回(日))1月あたり給付費(在宅)'!G216,'(参考)1人(1回(日))1月あたり給付費(在宅)'!G264,'(参考)1人(1回(日))1月あたり給付費(在宅)'!G288,'(参考)1人(1回(日))1月あたり給付費(在宅)'!G312,'(参考)1人(1回(日))1月あたり給付費(在宅)'!G336,'(参考)1人(1回(日))1月あたり給付費(在宅)'!G382,'(参考)1人(1回(日))1月あたり給付費(在宅)'!G400,'(参考)1人(1回(日))1月あたり給付費(在宅)'!G438,'(参考)1人(1回(日))1月あたり給付費(在宅)'!G462,'(参考)1人(1回(日))1月あたり給付費(在宅)'!G484,'(参考)1人(1回(日))1月あたり給付費(在宅)'!G418) -> 137
C13: =C12 -> 在宅サービス | E13: 要介護5 | F13: =IF('(参考)1人(1回(日))1月あたり給付費(在宅)'!$O$517="","",O13) -> 28218767 | G13: =IF('(参考)1人(1回(日))1月あたり給付費(在宅)'!$O$517="","",P13) -> 37 | H13: =IF(ISERROR((F13/G13)/12)=TRUE,"－",(F13/G13)/12) -> 63555.781 | I13: =data!I40 -> 35705 | J13: =data!J40 -> 90745 | K13: =IF(H13="－","",IF(H13<I13,"下限値を\"&TEXT(ROUND(I13-H13,0),"#,##0")&"下回っています。",IF(H13>J13,"上限値を\"&TEXT(ROUND(H13-J13,0),"#,##0")&"上回っています。","閾値の範囲内です。"))) -> 閾値の範囲内です。 | M13: =IF(OR(H13="－",AND(I13="－",J13="－")),"",IF(OR(H13<I13,H13>J13),1,"")) | N13: =IF(AND(F13="",G13=""),"",1) -> 1 | O13: =SUM('(参考)1人(1回(日))1月あたり給付費(在宅)'!F11,'(参考)1人(1回(日))1月あたり給付費(在宅)'!F31,'(参考)1人(1回(日))1月あたり給付費(在宅)'!F55,'(参考)1人(1回(日))1月あたり給付費(在宅)'!F79,'(参考)1人(1回(日))1月あたり給付費(在宅)'!F103,'(参考)1人(1回(日))1月あたり給付費(在宅)'!F125,'(参考)1人(1回(日))1月あたり給付費(在宅)'!F145,'(参考)1人(1回(日))1月あたり給付費(在宅)'!F169,'(参考)1人(1回(日))1月あたり給付費(在宅)'!F193,'(参考)1人(1回(日))1月あたり給付費(在宅)'!F217,'(参考)1人(1回(日))1月あたり給付費(在宅)'!F265,'(参考)1人(1回(日))1月あたり給付費(在宅)'!F289,'(参考)1人(1回(日))1月あたり給付費(在宅)'!F313,'(参考)1人(1回(日))1月あたり給付費(在宅)'!F337,'(参考)1人(1回(日))1月あたり給付費(在宅)'!F383,'(参考)1人(1回(日))1月あたり給付費(在宅)'!F401,'(参考)1人(1回(日))1月あたり給付費(在宅)'!F439,'(参考)1人(1回(日))1月あたり給付費(在宅)'!F463,'(参考)1人(1回(日))1月あたり給付費(在宅)'!F485,'(参考)1人(1回(日))1月あたり給付費(在宅)'!F419) -> 28218767 | P13: =SUM('(参考)1人(1回(日))1月あたり給付費(在宅)'!G11,'(参考)1人(1回(日))1月あたり給付費(在宅)'!G31,'(参考)1人(1回(日))1月あたり給付費(在宅)'!G55,'(参考)1人(1回(日))1月あたり給付費(在宅)'!G79,'(参考)1人(1回(日))1月あたり給付費(在宅)'!G103,'(参考)1人(1回(日))1月あたり給付費(在宅)'!G125,'(参考)1人(1回(日))1月あたり給付費(在宅)'!G145,'(参考)1人(1回(日))1月あたり給付費(在宅)'!G169,'(参考)1人(1回(日))1月あたり給付費(在宅)'!G193,'(参考)1人(1回(日))1月あたり給付費(在宅)'!G217,'(参考)1人(1回(日))1月あたり給付費(在宅)'!G265,'(参考)1人(1回(日))1月あたり給付費(在宅)'!G289,'(参考)1人(1回(日))1月あたり給付費(在宅)'!G313,'(参考)1人(1回(日))1月あたり給付費(在宅)'!G337,'(参考)1人(1回(日))1月あたり給付費(在宅)'!G383,'(参考)1人(1回(日))1月あたり給付費(在宅)'!G401,'(参考)1人(1回(日))1月あたり給付費(在宅)'!G439,'(参考)1人(1回(日))1月あたり給付費(在宅)'!G463,'(参考)1人(1回(日))1月あたり給付費(在宅)'!G485,'(参考)1人(1回(日))1月あたり給付費(在宅)'!G419) -> 37
C14: =C13 -> 在宅サービス | E14: 合計 | F14: =SUM(F7:F13) -> 5.2340792e+08 | G14: =SUM(G7:G13) -> 1127 | H14: =IF(ISERROR((F14/G14)/12)=TRUE,"－",(F14/G14)/12) -> 38702.153 | I14: =data!I41 -> 24765 | J14: =data!J41 -> 51080 | K14: =IF(H14="－","",IF(H14<I14,"下限値を\"&TEXT(ROUND(I14-H14,0),"#,##0")&"下回っています。",IF(H14>J14,"上限値を\"&TEXT(ROUND(H14-J14,0),"#,##0")&"上回っています。","閾値の範囲内です。"))) -> 閾値の範囲内です。 | M14: =IF(OR(H14="－",AND(I14="－",J14="－")),"",IF(OR(H14<I14,H14>J14),1,""))
C15: =C14 -> 在宅サービス | D15: 令和10年度 | E15: 要支援1 | F15: =IF('(参考)1人(1回(日))1月あたり給付費(在宅)'!$O$517="","",O15) -> 9792024 | G15: =IF('(参考)1人(1回(日))1月あたり給付費(在宅)'!$O$517="","",P15) -> 79 | H15: =IF(ISERROR((F15/G15)/12)=TRUE,"－",(F15/G15)/12) -> 10329.139 | I15: =I7 -> 5290 | J15: =J7 -> 14725 | K15: =IF(H15="－","",IF(H15<I15,"下限値を\"&TEXT(ROUND(I15-H15,0),"#,##0")&"下回っています。",IF(H15>J15,"上限値を\"&TEXT(ROUND(H15-J15,0),"#,##0")&"上回っています。","閾値の範囲内です。"))) -> 閾値の範囲内です。 | M15: =IF(OR(H15="－",AND(I15="－",J15="－")),"",IF(OR(H15<I15,H15>J15),1,"")) | N15: =IF(AND(F15="",G15=""),"",1) -> 1 | O15: =SUM('(参考)1人(1回(日))1月あたり給付費(在宅)'!F33,'(参考)1人(1回(日))1月あたり給付費(在宅)'!F57,'(参考)1人(1回(日))1月あたり給付費(在宅)'!F81,'(参考)1人(1回(日))1月あたり給付費(在宅)'!F105,'(参考)1人(1回(日))1月あたり給付費(在宅)'!F147,'(参考)1人(1回(日))1月あたり給付費(在宅)'!F171,'(参考)1人(1回(日))1月あたり給付費(在宅)'!F195,'(参考)1人(1回(日))1月あたり給付費(在宅)'!F219,'(参考)1人(1回(日))1月あたり給付費(在宅)'!F267,'(参考)1人(1回(日))1月あたり給付費(在宅)'!F291,'(参考)1人(1回(日))1月あたり給付費(在宅)'!F315,'(参考)1人(1回(日))1月あたり給付費(在宅)'!F339,'(参考)1人(1回(日))1月あたり給付費(在宅)'!F441,'(参考)1人(1回(日))1月あたり給付費(在宅)'!F465) -> 9792024 | P15: =SUM('(参考)1人(1回(日))1月あたり給付費(在宅)'!G33,'(参考)1人(1回(日))1月あたり給付費(在宅)'!G57,'(参考)1人(1回(日))1月あたり給付費(在宅)'!G81,'(参考)1人(1回(日))1月あたり給付費(在宅)'!G105,'(参考)1人(1回(日))1月あたり給付費(在宅)'!G147,'(参考)1人(1回(日))1月あたり給付費(在宅)'!G171,'(参考)1人(1回(日))1月あたり給付費(在宅)'!G195,'(参考)1人(1回(日))1月あたり給付費(在宅)'!G219,'(参考)1人(1回(日))1月あたり給付費(在宅)'!G267,'(参考)1人(1回(日))1月あたり給付費(在宅)'!G291,'(参考)1人(1回(日))1月あたり給付費(在宅)'!G315,'(参考)1人(1回(日))1月あたり給付費(在宅)'!G339,'(参考)1人(1回(日))1月あたり給付費(在宅)'!G441,'(参考)1人(1回(日))1月あたり給付費(在宅)'!G465) -> 79
C16: =C15 -> 在宅サービス | E16: 要支援2 | F16: =IF('(参考)1人(1回(日))1月あたり給付費(在宅)'!$O$517="","",O16) -> 30048703 | G16: =IF('(参考)1人(1回(日))1月あたり給付費(在宅)'!$O$517="","",P16) -> 152 | H16: =IF(ISERROR((F16/G16)/12)=TRUE,"－",(F16/G16)/12) -> 16474.07 | I16: =I8 -> 5555 | J16: =J8 -> 20285 | K16: =IF(H16="－","",IF(H16<I16,"下限値を\"&TEXT(ROUND(I16-H16,0),"#,##0")&"下回っています。",IF(H16>J16,"上限値を\"&TEXT(ROUND(H16-J16,0),"#,##0")&"上回っています。","閾値の範囲内です。"))) -> 閾値の範囲内です。 | M16: =IF(OR(H16="－",AND(I16="－",J16="－")),"",IF(OR(H16<I16,H16>J16),1,"")) | N16: =IF(AND(F16="",G16=""),"",1) -> 1 | O16: =SUM('(参考)1人(1回(日))1月あたり給付費(在宅)'!F34,'(参考)1人(1回(日))1月あたり給付費(在宅)'!F58,'(参考)1人(1回(日))1月あたり給付費(在宅)'!F82,'(参考)1人(1回(日))1月あたり給付費(在宅)'!F106,'(参考)1人(1回(日))1月あたり給付費(在宅)'!F148,'(参考)1人(1回(日))1月あたり給付費(在宅)'!F172,'(参考)1人(1回(日))1月あたり給付費(在宅)'!F196,'(参考)1人(1回(日))1月あたり給付費(在宅)'!F220,'(参考)1人(1回(日))1月あたり給付費(在宅)'!F268,'(参考)1人(1回(日))1月あたり給付費(在宅)'!F292,'(参考)1人(1回(日))1月あたり給付費(在宅)'!F316,'(参考)1人(1回(日))1月あたり給付費(在宅)'!F340,'(参考)1人(1回(日))1月あたり給付費(在宅)'!F442,'(参考)1人(1回(日))1月あたり給付費(在宅)'!F466) -> 30048703 | P16: =SUM('(参考)1人(1回(日))1月あたり給付費(在宅)'!G34,'(参考)1人(1回(日))1月あたり給付費(在宅)'!G58,'(参考)1人(1回(日))1月あたり給付費(在宅)'!G82,'(参考)1人(1回(日))1月あたり給付費(在宅)'!G106,'(参考)1人(1回(日))1月あたり給付費(在宅)'!G148,'(参考)1人(1回(日))1月あたり給付費(在宅)'!G172,'(参考)1人(1回(日))1月あたり給付費(在宅)'!G196,'(参考)1人(1回(日))1月あたり給付費(在宅)'!G220,'(参考)1人(1回(日))1月あたり給付費(在宅)'!G268,'(参考)1人(1回(日))1月あたり給付費(在宅)'!G292,'(参考)1人(1回(日))1月あたり給付費(在宅)'!G316,'(参考)1人(1回(日))1月あたり給付費(在宅)'!G340,'(参考)1人(1回(日))1月あたり給付費(在宅)'!G442,'(参考)1人(1回(日))1月あたり給付費(在宅)'!G466) -> 152
C17: =C16 -> 在宅サービス | E17: 要介護1 | F17: =IF('(参考)1人(1回(日))1月あたり給付費(在宅)'!$O$517="","",O17) -> 97197245 | G17: =IF('(参考)1人(1回(日))1月あたり給付費(在宅)'!$O$517="","",P17) -> 266 | H17: =IF(ISERROR((F17/G17)/12)=TRUE,"－",(F17/G17)/12) -> 30450.265 | I17: =I9 -> 19435 | J17: =J9 -> 43955 | K17: =IF(H17="－","",IF(H17<I17,"下限値を\"&TEXT(ROUND(I17-H17,0),"#,##0")&"下回っています。",IF(H17>J17,"上限値を\"&TEXT(ROUND(H17-J17,0),"#,##0")&"上回っています。","閾値の範囲内です。"))) -> 閾値の範囲内です。 | M17: =IF(OR(H17="－",AND(I17="－",J17="－")),"",IF(OR(H17<I17,H17>J17),1,"")) | N17: =IF(AND(F17="",G17=""),"",1) -> 1 | O17: =SUM('(参考)1人(1回(日))1月あたり給付費(在宅)'!F13,'(参考)1人(1回(日))1月あたり給付費(在宅)'!F35,'(参考)1人(1回(日))1月あたり給付費(在宅)'!F59,'(参考)1人(1回(日))1月あたり給付費(在宅)'!F83,'(参考)1人(1回(日))1月あたり給付費(在宅)'!F107,'(参考)1人(1回(日))1月あたり給付費(在宅)'!F127,'(参考)1人(1回(日))1月あたり給付費(在宅)'!F149,'(参考)1人(1回(日))1月あたり給付費(在宅)'!F173,'(参考)1人(1回(日))1月あたり給付費(在宅)'!F197,'(参考)1人(1回(日))1月あたり給付費(在宅)'!F221,'(参考)1人(1回(日))1月あたり給付費(在宅)'!F269,'(参考)1人(1回(日))1月あたり給付費(在宅)'!F293,'(参考)1人(1回(日))1月あたり給付費(在宅)'!F317,'(参考)1人(1回(日))1月あたり給付費(在宅)'!F341,'(参考)1人(1回(日))1月あたり給付費(在宅)'!F385,'(参考)1人(1回(日))1月あたり給付費(在宅)'!F403,'(参考)1人(1回(日))1月あたり給付費(在宅)'!F443,'(参考)1人(1回(日))1月あたり給付費(在宅)'!F467,'(参考)1人(1回(日))1月あたり給付費(在宅)'!F487,'(参考)1人(1回(日))1月あたり給付費(在宅)'!F421) -> 97197245 | P17: =SUM('(参考)1人(1回(日))1月あたり給付費(在宅)'!G13,'(参考)1人(1回(日))1月あたり給付費(在宅)'!G35,'(参考)1人(1回(日))1月あたり給付費(在宅)'!G59,'(参考)1人(1回(日))1月あたり給付費(在宅)'!G83,'(参考)1人(1回(日))1月あたり給付費(在宅)'!G107,'(参考)1人(1回(日))1月あたり給付費(在宅)'!G127,'(参考)1人(1回(日))1月あたり給付費(在宅)'!G149,'(参考)1人(1回(日))1月あたり給付費(在宅)'!G173,'(参考)1人(1回(日))1月あたり給付費(在宅)'!G197,'(参考)1人(1回(日))1月あたり給付費(在宅)'!G221,'(参考)1人(1回(日))1月あたり給付費(在宅)'!G269,'(参考)1人(1回(日))1月あたり給付費(在宅)'!G293,'(参考)1人(1回(日))1月あたり給付費(在宅)'!G317,'(参考)1人(1回(日))1月あたり給付費(在宅)'!G341,'(参考)1人(1回(日))1月あたり給付費(在宅)'!G385,'(参考)1人(1回(日))1月あたり給付費(在宅)'!G403,'(参考)1人(1回(日))1月あたり給付費(在宅)'!G443,'(参考)1人(1回(日))1月あたり給付費(在宅)'!G467,'(参考)1人(1回(日))1月あたり給付費(在宅)'!G487,'(参考)1人(1回(日))1月あたり給付費(在宅)'!G421) -> 266
C18: =C17 -> 在宅サービス | E18: 要介護2 | F18: =IF('(参考)1人(1回(日))1月あたり給付費(在宅)'!$O$517="","",O18) -> 99349368 | G18: =IF('(参考)1人(1回(日))1月あたり給付費(在宅)'!$O$517="","",P18) -> 212 | H18: =IF(ISERROR((F18/G18)/12)=TRUE,"－",(F18/G18)/12) -> 39052.425 | I18: =I10 -> 24565 | J18: =J10 -> 51160 | K18: =IF(H18="－","",IF(H18<I18,"下限値を\"&TEXT(ROUND(I18-H18,0),"#,##0")&"下回っています。",IF(H18>J18,"上限値を\"&TEXT(ROUND(H18-J18,0),"#,##0")&"上回っています。","閾値の範囲内です。"))) -> 閾値の範囲内です。 | M18: =IF(OR(H18="－",AND(I18="－",J18="－")),"",IF(OR(H18<I18,H18>J18),1,"")) | N18: =IF(AND(F18="",G18=""),"",1) -> 1 | O18: =SUM('(参考)1人(1回(日))1月あたり給付費(在宅)'!F14,'(参考)1人(1回(日))1月あたり給付費(在宅)'!F36,'(参考)1人(1回(日))1月あたり給付費(在宅)'!F60,'(参考)1人(1回(日))1月あたり給付費(在宅)'!F84,'(参考)1人(1回(日))1月あたり給付費(在宅)'!F108,'(参考)1人(1回(日))1月あたり給付費(在宅)'!F128,'(参考)1人(1回(日))1月あたり給付費(在宅)'!F150,'(参考)1人(1回(日))1月あたり給付費(在宅)'!F174,'(参考)1人(1回(日))1月あたり給付費(在宅)'!F198,'(参考)1人(1回(日))1月あたり給付費(在宅)'!F222,'(参考)1人(1回(日))1月あたり給付費(在宅)'!F270,'(参考)1人(1回(日))1月あたり給付費(在宅)'!F294,'(参考)1人(1回(日))1月あたり給付費(在宅)'!F318,'(参考)1人(1回(日))1月あたり給付費(在宅)'!F342,'(参考)1人(1回(日))1月あたり給付費(在宅)'!F386,'(参考)1人(1回(日))1月あたり給付費(在宅)'!F404,'(参考)1人(1回(日))1月あたり給付費(在宅)'!F444,'(参考)1人(1回(日))1月あたり給付費(在宅)'!F468,'(参考)1人(1回(日))1月あたり給付費(在宅)'!F488,'(参考)1人(1回(日))1月あたり給付費(在宅)'!F422) -> 99349368 | P18: =SUM('(参考)1人(1回(日))1月あたり給付費(在宅)'!G14,'(参考)1人(1回(日))1月あたり給付費(在宅)'!G36,'(参考)1人(1回(日))1月あたり給付費(在宅)'!G60,'(参考)1人(1回(日))1月あたり給付費(在宅)'!G84,'(参考)1人(1回(日))1月あたり給付費(在宅)'!G108,'(参考)1人(1回(日))1月あたり給付費(在宅)'!G128,'(参考)1人(1回(日))1月あたり給付費(在宅)'!G150,'(参考)1人(1回(日))1月あたり給付費(在宅)'!G174,'(参考)1人(1回(日))1月あたり給付費(在宅)'!G198,'(参考)1人(1回(日))1月あたり給付費(在宅)'!G222,'(参考)1人(1回(日))1月あたり給付費(在宅)'!G270,'(参考)1人(1回(日))1月あたり給付費(在宅)'!G294,'(参考)1人(1回(日))1月あたり給付費(在宅)'!G318,'(参考)1人(1回(日))1月あたり給付費(在宅)'!G342,'(参考)1人(1回(日))1月あたり給付費(在宅)'!G386,'(参考)1人(1回(日))1月あたり給付費(在宅)'!G404,'(参考)1人(1回(日))1月あたり給付費(在宅)'!G444,'(参考)1人(1回(日))1月あたり給付費(在宅)'!G468,'(参考)1人(1回(日))1月あたり給付費(在宅)'!G488,'(参考)1人(1回(日))1月あたり給付費(在宅)'!G422) -> 212
C19: =C18 -> 在宅サービス | E19: 要介護3 | F19: =IF('(参考)1人(1回(日))1月あたり給付費(在宅)'!$O$517="","",O19) -> 1.6074576e+08 | G19: =IF('(参考)1人(1回(日))1月あたり給付費(在宅)'!$O$517="","",P19) -> 242 | H19: =IF(ISERROR((F19/G19)/12)=TRUE,"－",(F19/G19)/12) -> 55353.224 | I19: =I11 -> 33300 | J19: =J11 -> 70005 | K19: =IF(H19="－","",IF(H19<I19,"下限値を\"&TEXT(ROUND(I19-H19,0),"#,##0")&"下回っています。",IF(H19>J19,"上限値を\"&TEXT(ROUND(H19-J19,0),"#,##0")&"上回っています。","閾値の範囲内です。"))) -> 閾値の範囲内です。 | M19: =IF(OR(H19="－",AND(I19="－",J19="－")),"",IF(OR(H19<I19,H19>J19),1,"")) | N19: =IF(AND(F19="",G19=""),"",1) -> 1 | O19: =SUM('(参考)1人(1回(日))1月あたり給付費(在宅)'!F15,'(参考)1人(1回(日))1月あたり給付費(在宅)'!F37,'(参考)1人(1回(日))1月あたり給付費(在宅)'!F61,'(参考)1人(1回(日))1月あたり給付費(在宅)'!F85,'(参考)1人(1回(日))1月あたり給付費(在宅)'!F109,'(参考)1人(1回(日))1月あたり給付費(在宅)'!F129,'(参考)1人(1回(日))1月あたり給付費(在宅)'!F151,'(参考)1人(1回(日))1月あたり給付費(在宅)'!F175,'(参考)1人(1回(日))1月あたり給付費(在宅)'!F199,'(参考)1人(1回(日))1月あたり給付費(在宅)'!F223,'(参考)1人(1回(日))1月あたり給付費(在宅)'!F271,'(参考)1人(1回(日))1月あたり給付費(在宅)'!F295,'(参考)1人(1回(日))1月あたり給付費(在宅)'!F319,'(参考)1人(1回(日))1月あたり給付費(在宅)'!F343,'(参考)1人(1回(日))1月あたり給付費(在宅)'!F387,'(参考)1人(1回(日))1月あたり給付費(在宅)'!F405,'(参考)1人(1回(日))1月あたり給付費(在宅)'!F445,'(参考)1人(1回(日))1月あたり給付費(在宅)'!F469,'(参考)1人(1回(日))1月あたり給付費(在宅)'!F489,'(参考)1人(1回(日))1月あたり給付費(在宅)'!F423) -> 1.6074576e+08 | P19: =SUM('(参考)1人(1回(日))1月あたり給付費(在宅)'!G15,'(参考)1人(1回(日))1月あたり給付費(在宅)'!G37,'(参考)1人(1回(日))1月あたり給付費(在宅)'!G61,'(参考)1人(1回(日))1月あたり給付費(在宅)'!G85,'(参考)1人(1回(日))1月あたり給付費(在宅)'!G109,'(参考)1人(1回(日))1月あたり給付費(在宅)'!G129,'(参考)1人(1回(日))1月あたり給付費(在宅)'!G151,'(参考)1人(1回(日))1月あたり給付費(在宅)'!G175,'(参考)1人(1回(日))1月あたり給付費(在宅)'!G199,'(参考)1人(1回(日))1月あたり給付費(在宅)'!G223,'(参考)1人(1回(日))1月あたり給付費(在宅)'!G271,'(参考)1人(1回(日))1月あたり給付費(在宅)'!G295,'(参考)1人(1回(日))1月あたり給付費(在宅)'!G319,'(参考)1人(1回(日))1月あたり給付費(在宅)'!G343,'(参考)1人(1回(日))1月あたり給付費(在宅)'!G387,'(参考)1人(1回(日))1月あたり給付費(在宅)'!G405,'(参考)1人(1回(日))1月あたり給付費(在宅)'!G445,'(参考)1人(1回(日))1月あたり給付費(在宅)'!G469,'(参考)1人(1回(日))1月あたり給付費(在宅)'!G489,'(参考)1人(1回(日))1月あたり給付費(在宅)'!G423) -> 242
C20: =C19 -> 在宅サービス | E20: 要介護4 | F20: =IF('(参考)1人(1回(日))1月あたり給付費(在宅)'!$O$517="","",O20) -> 90322954 | G20: =IF('(参考)1人(1回(日))1月あたり給付費(在宅)'!$O$517="","",P20) -> 128 | H20: =IF(ISERROR((F20/G20)/12)=TRUE,"－",(F20/G20)/12) -> 58804.006 | I20: =I12 -> 36055 | J20: =J12 -> 78330 | K20: =IF(H20="－","",IF(H20<I20,"下限値を\"&TEXT(ROUND(I20-H20,0),"#,##0")&"下回っています。",IF(H20>J20,"上限値を\"&TEXT(ROUND(H20-J20,0),"#,##0")&"上回っています。","閾値の範囲内です。"))) -> 閾値の範囲内です。 | M20: =IF(OR(H20="－",AND(I20="－",J20="－")),"",IF(OR(H20<I20,H20>J20),1,"")) | N20: =IF(AND(F20="",G20=""),"",1) -> 1 | O20: =SUM('(参考)1人(1回(日))1月あたり給付費(在宅)'!F16,'(参考)1人(1回(日))1月あたり給付費(在宅)'!F38,'(参考)1人(1回(日))1月あたり給付費(在宅)'!F62,'(参考)1人(1回(日))1月あたり給付費(在宅)'!F86,'(参考)1人(1回(日))1月あたり給付費(在宅)'!F110,'(参考)1人(1回(日))1月あたり給付費(在宅)'!F130,'(参考)1人(1回(日))1月あたり給付費(在宅)'!F152,'(参考)1人(1回(日))1月あたり給付費(在宅)'!F176,'(参考)1人(1回(日))1月あたり給付費(在宅)'!F200,'(参考)1人(1回(日))1月あたり給付費(在宅)'!F224,'(参考)1人(1回(日))1月あたり給付費(在宅)'!F272,'(参考)1人(1回(日))1月あたり給付費(在宅)'!F296,'(参考)1人(1回(日))1月あたり給付費(在宅)'!F320,'(参考)1人(1回(日))1月あたり給付費(在宅)'!F344,'(参考)1人(1回(日))1月あたり給付費(在宅)'!F388,'(参考)1人(1回(日))1月あたり給付費(在宅)'!F406,'(参考)1人(1回(日))1月あたり給付費(在宅)'!F446,'(参考)1人(1回(日))1月あたり給付費(在宅)'!F470,'(参考)1人(1回(日))1月あたり給付費(在宅)'!F490,'(参考)1人(1回(日))1月あたり給付費(在宅)'!F424) -> 90322954 | P20: =SUM('(参考)1人(1回(日))1月あたり給付費(在宅)'!G16,'(参考)1人(1回(日))1月あたり給付費(在宅)'!G38,'(参考)1人(1回(日))1月あたり給付費(在宅)'!G62,'(参考)1人(1回(日))1月あたり給付費(在宅)'!G86,'(参考)1人(1回(日))1月あたり給付費(在宅)'!G110,'(参考)1人(1回(日))1月あたり給付費(在宅)'!G130,'(参考)1人(1回(日))1月あたり給付費(在宅)'!G152,'(参考)1人(1回(日))1月あたり給付費(在宅)'!G176,'(参考)1人(1回(日))1月あたり給付費(在宅)'!G200,'(参考)1人(1回(日))1月あたり給付費(在宅)'!G224,'(参考)1人(1回(日))1月あたり給付費(在宅)'!G272,'(参考)1人(1回(日))1月あたり給付費(在宅)'!G296,'(参考)1人(1回(日))1月あたり給付費(在宅)'!G320,'(参考)1人(1回(日))1月あたり給付費(在宅)'!G344,'(参考)1人(1回(日))1月あたり給付費(在宅)'!G388,'(参考)1人(1回(日))1月あたり給付費(在宅)'!G406,'(参考)1人(1回(日))1月あたり給付費(在宅)'!G446,'(参考)1人(1回(日))1月あたり給付費(在宅)'!G470,'(参考)1人(1回(日))1月あたり給付費(在宅)'!G490,'(参考)1人(1回(日))1月あたり給付費(在宅)'!G424) -> 128
C21: =C20 -> 在宅サービス | E21: 要介護5 | F21: =IF('(参考)1人(1回(日))1月あたり給付費(在宅)'!$O$517="","",O21) -> 27334151 | G21: =IF('(参考)1人(1回(日))1月あたり給付費(在宅)'!$O$517="","",P21) -> 36 | H21: =IF(ISERROR((F21/G21)/12)=TRUE,"－",(F21/G21)/12) -> 63273.497 | I21: =I13 -> 35705 | J21: =J13 -> 90745 | K21: =IF(H21="－","",IF(H21<I21,"下限値を\"&TEXT(ROUND(I21-H21,0),"#,##0")&"下回っています。",IF(H21>J21,"上限値を\"&TEXT(ROUND(H21-J21,0),"#,##0")&"上回っています。","閾値の範囲内です。"))) -> 閾値の範囲内です。 | M21: =IF(OR(H21="－",AND(I21="－",J21="－")),"",IF(OR(H21<I21,H21>J21),1,"")) | N21: =IF(AND(F21="",G21=""),"",1) -> 1 | O21: =SUM('(参考)1人(1回(日))1月あたり給付費(在宅)'!F17,'(参考)1人(1回(日))1月あたり給付費(在宅)'!F39,'(参考)1人(1回(日))1月あたり給付費(在宅)'!F63,'(参考)1人(1回(日))1月あたり給付費(在宅)'!F87,'(参考)1人(1回(日))1月あたり給付費(在宅)'!F111,'(参考)1人(1回(日))1月あたり給付費(在宅)'!F131,'(参考)1人(1回(日))1月あたり給付費(在宅)'!F153,'(参考)1人(1回(日))1月あたり給付費(在宅)'!F177,'(参考)1人(1回(日))1月あたり給付費(在宅)'!F201,'(参考)1人(1回(日))1月あたり給付費(在宅)'!F225,'(参考)1人(1回(日))1月あたり給付費(在宅)'!F273,'(参考)1人(1回(日))1月あたり給付費(在宅)'!F297,'(参考)1人(1回(日))1月あたり給付費(在宅)'!F321,'(参考)1人(1回(日))1月あたり給付費(在宅)'!F345,'(参考)1人(1回(日))1月あたり給付費(在宅)'!F389,'(参考)1人(1回(日))1月あたり給付費(在宅)'!F407,'(参考)1人(1回(日))1月あたり給付費(在宅)'!F447,'(参考)1人(1回(日))1月あたり給付費(在宅)'!F471,'(参考)1人(1回(日))1月あたり給付費(在宅)'!F491,'(参考)1人(1回(日))1月あたり給付費(在宅)'!F425) -> 27334151 | P21: =SUM('(参考)1人(1回(日))1月あたり給付費(在宅)'!G17,'(参考)1人(1回(日))1月あたり給付費(在宅)'!G39,'(参考)1人(1回(日))1月あたり給付費(在宅)'!G63,'(参考)1人(1回(日))1月あたり給付費(在宅)'!G87,'(参考)1人(1回(日))1月あたり給付費(在宅)'!G111,'(参考)1人(1回(日))1月あたり給付費(在宅)'!G131,'(参考)1人(1回(日))1月あたり給付費(在宅)'!G153,'(参考)1人(1回(日))1月あたり給付費(在宅)'!G177,'(参考)1人(1回(日))1月あたり給付費(在宅)'!G201,'(参考)1人(1回(日))1月あたり給付費(在宅)'!G225,'(参考)1人(1回(日))1月あたり給付費(在宅)'!G273,'(参考)1人(1回(日))1月あたり給付費(在宅)'!G297,'(参考)1人(1回(日))1月あたり給付費(在宅)'!G321,'(参考)1人(1回(日))1月あたり給付費(在宅)'!G345,'(参考)1人(1回(日))1月あたり給付費(在宅)'!G389,'(参考)1人(1回(日))1月あたり給付費(在宅)'!G407,'(参考)1人(1回(日))1月あたり給付費(在宅)'!G447,'(参考)1人(1回(日))1月あたり給付費(在宅)'!G471,'(参考)1人(1回(日))1月あたり給付費(在宅)'!G491,'(参考)1人(1回(日))1月あたり給付費(在宅)'!G425) -> 36
C22: =C21 -> 在宅サービス | E22: 合計 | F22: =SUM(F15:F21) -> 5.1479021e+08 | G22: =SUM(G15:G21) -> 1115 | H22: =IF(ISERROR((F22/G22)/12)=TRUE,"－",(F22/G22)/12) -> 38474.604 | I22: =I14 -> 24765 | J22: =J14 -> 51080 | K22: =IF(H22="－","",IF(H22<I22,"下限値を\"&TEXT(ROUND(I22-H22,0),"#,##0")&"下回っています。",IF(H22>J22,"上限値を\"&TEXT(ROUND(H22-J22,0),"#,##0")&"上回っています。","閾値の範囲内です。"))) -> 閾値の範囲内です。 | M22: =IF(OR(H22="－",AND(I22="－",J22="－")),"",IF(OR(H22<I22,H22>J22),1,""))
C23: =C22 -> 在宅サービス | D23: 令和11年度 | E23: 要支援1 | F23: =IF('(参考)1人(1回(日))1月あたり給付費(在宅)'!$O$517="","",O23) -> 9731436 | G23: =IF('(参考)1人(1回(日))1月あたり給付費(在宅)'!$O$517="","",P23) -> 79 | H23: =IF(ISERROR((F23/G23)/12)=TRUE,"－",(F23/G23)/12) -> 10265.228 | I23: =I15 -> 5290 | J23: =J15 -> 14725 | K23: =IF(H23="－","",IF(H23<I23,"下限値を\"&TEXT(ROUND(I23-H23,0),"#,##0")&"下回っています。",IF(H23>J23,"上限値を\"&TEXT(ROUND(H23-J23,0),"#,##0")&"上回っています。","閾値の範囲内です。"))) -> 閾値の範囲内です。 | M23: =IF(OR(H23="－",AND(I23="－",J23="－")),"",IF(OR(H23<I23,H23>J23),1,"")) | N23: =IF(AND(F23="",G23=""),"",1) -> 1 | O23: =SUM('(参考)1人(1回(日))1月あたり給付費(在宅)'!F41,'(参考)1人(1回(日))1月あたり給付費(在宅)'!F65,'(参考)1人(1回(日))1月あたり給付費(在宅)'!F89,'(参考)1人(1回(日))1月あたり給付費(在宅)'!F113,'(参考)1人(1回(日))1月あたり給付費(在宅)'!F155,'(参考)1人(1回(日))1月あたり給付費(在宅)'!F179,'(参考)1人(1回(日))1月あたり給付費(在宅)'!F203,'(参考)1人(1回(日))1月あたり給付費(在宅)'!F227,'(参考)1人(1回(日))1月あたり給付費(在宅)'!F275,'(参考)1人(1回(日))1月あたり給付費(在宅)'!F299,'(参考)1人(1回(日))1月あたり給付費(在宅)'!F323,'(参考)1人(1回(日))1月あたり給付費(在宅)'!F347,'(参考)1人(1回(日))1月あたり給付費(在宅)'!F449,'(参考)1人(1回(日))1月あたり給付費(在宅)'!F473) -> 9731436 | P23: =SUM('(参考)1人(1回(日))1月あたり給付費(在宅)'!G41,'(参考)1人(1回(日))1月あたり給付費(在宅)'!G65,'(参考)1人(1回(日))1月あたり給付費(在宅)'!G89,'(参考)1人(1回(日))1月あたり給付費(在宅)'!G113,'(参考)1人(1回(日))1月あたり給付費(在宅)'!G155,'(参考)1人(1回(日))1月あたり給付費(在宅)'!G179,'(参考)1人(1回(日))1月あたり給付費(在宅)'!G203,'(参考)1人(1回(日))1月あたり給付費(在宅)'!G227,'(参考)1人(1回(日))1月あたり給付費(在宅)'!G275,'(参考)1人(1回(日))1月あたり給付費(在宅)'!G299,'(参考)1人(1回(日))1月あたり給付費(在宅)'!G323,'(参考)1人(1回(日))1月あたり給付費(在宅)'!G347,'(参考)1人(1回(日))1月あたり給付費(在宅)'!G449,'(参考)1人(1回(日))1月あたり給付費(在宅)'!G473) -> 79
C24: =C23 -> 在宅サービス | E24: 要支援2 | F24: =IF('(参考)1人(1回(日))1月あたり給付費(在宅)'!$O$517="","",O24) -> 30048703 | G24: =IF('(参考)1人(1回(日))1月あたり給付費(在宅)'!$O$517="","",P24) -> 152 | H24: =IF(ISERROR((F24/G24)/12)=TRUE,"－",(F24/G24)/12) -> 16474.07 | I24: =I16 -> 5555 | J24: =J16 -> 20285 | K24: =IF(H24="－","",IF(H24<I24,"下限値を\"&TEXT(ROUND(I24-H24,0),"#,##0")&"下回っています。",IF(H24>J24,"上限値を\"&TEXT(ROUND(H24-J24,0),"#,##0")&"上回っています。","閾値の範囲内です。"))) -> 閾値の範囲内です。 | M24: =IF(OR(H24="－",AND(I24="－",J24="－")),"",IF(OR(H24<I24,H24>J24),1,"")) | N24: =IF(AND(F24="",G24=""),"",1) -> 1 | O24: =SUM('(参考)1人(1回(日))1月あたり給付費(在宅)'!F42,'(参考)1人(1回(日))1月あたり給付費(在宅)'!F66,'(参考)1人(1回(日))1月あたり給付費(在宅)'!F90,'(参考)1人(1回(日))1月あたり給付費(在宅)'!F114,'(参考)1人(1回(日))1月あたり給付費(在宅)'!F156,'(参考)1人(1回(日))1月あたり給付費(在宅)'!F180,'(参考)1人(1回(日))1月あたり給付費(在宅)'!F204,'(参考)1人(1回(日))1月あたり給付費(在宅)'!F228,'(参考)1人(1回(日))1月あたり給付費(在宅)'!F276,'(参考)1人(1回(日))1月あたり給付費(在宅)'!F300,'(参考)1人(1回(日))1月あたり給付費(在宅)'!F324,'(参考)1人(1回(日))1月あたり給付費(在宅)'!F348,'(参考)1人(1回(日))1月あたり給付費(在宅)'!F450,'(参考)1人(1回(日))1月あたり給付費(在宅)'!F474) -> 30048703 | P24: =SUM('(参考)1人(1回(日))1月あたり給付費(在宅)'!G42,'(参考)1人(1回(日))1月あたり給付費(在宅)'!G66,'(参考)1人(1回(日))1月あたり給付費(在宅)'!G90,'(参考)1人(1回(日))1月あたり給付費(在宅)'!G114,'(参考)1人(1回(日))1月あたり給付費(在宅)'!G156,'(参考)1人(1回(日))1月あたり給付費(在宅)'!G180,'(参考)1人(1回(日))1月あたり給付費(在宅)'!G204,'(参考)1人(1回(日))1月あたり給付費(在宅)'!G228,'(参考)1人(1回(日))1月あたり給付費(在宅)'!G276,'(参考)1人(1回(日))1月あたり給付費(在宅)'!G300,'(参考)1人(1回(日))1月あたり給付費(在宅)'!G324,'(参考)1人(1回(日))1月あたり給付費(在宅)'!G348,'(参考)1人(1回(日))1月あたり給付費(在宅)'!G450,'(参考)1人(1回(日))1月あたり給付費(在宅)'!G474) -> 152
C25: =C24 -> 在宅サービス | E25: 要介護1 | F25: =IF('(参考)1人(1回(日))1月あたり給付費(在宅)'!$O$517="","",O25) -> 96514109 | G25: =IF('(参考)1人(1回(日))1月あたり給付費(在宅)'!$O$517="","",P25) -> 265 | H25: =IF(ISERROR((F25/G25)/12)=TRUE,"－",(F25/G25)/12) -> 30350.349 | I25: =I17 -> 19435 | J25: =J17 -> 43955 | K25: =IF(H25="－","",IF(H25<I25,"下限値を\"&TEXT(ROUND(I25-H25,0),"#,##0")&"下回っています。",IF(H25>J25,"上限値を\"&TEXT(ROUND(H25-J25,0),"#,##0")&"上回っています。","閾値の範囲内です。"))) -> 閾値の範囲内です。 | M25: =IF(OR(H25="－",AND(I25="－",J25="－")),"",IF(OR(H25<I25,H25>J25),1,"")) | N25: =IF(AND(F25="",G25=""),"",1) -> 1 | O25: =SUM('(参考)1人(1回(日))1月あたり給付費(在宅)'!F19,'(参考)1人(1回(日))1月あたり給付費(在宅)'!F43,'(参考)1人(1回(日))1月あたり給付費(在宅)'!F67,'(参考)1人(1回(日))1月あたり給付費(在宅)'!F91,'(参考)1人(1回(日))1月あたり給付費(在宅)'!F115,'(参考)1人(1回(日))1月あたり給付費(在宅)'!F133,'(参考)1人(1回(日))1月あたり給付費(在宅)'!F157,'(参考)1人(1回(日))1月あたり給付費(在宅)'!F181,'(参考)1人(1回(日))1月あたり給付費(在宅)'!F205,'(参考)1人(1回(日))1月あたり給付費(在宅)'!F229,'(参考)1人(1回(日))1月あたり給付費(在宅)'!F277,'(参考)1人(1回(日))1月あたり給付費(在宅)'!F301,'(参考)1人(1回(日))1月あたり給付費(在宅)'!F325,'(参考)1人(1回(日))1月あたり給付費(在宅)'!F349,'(参考)1人(1回(日))1月あたり給付費(在宅)'!F391,'(参考)1人(1回(日))1月あたり給付費(在宅)'!F409,'(参考)1人(1回(日))1月あたり給付費(在宅)'!F451,'(参考)1人(1回(日))1月あたり給付費(在宅)'!F475,'(参考)1人(1回(日))1月あたり給付費(在宅)'!F493,'(参考)1人(1回(日))1月あたり給付費(在宅)'!F427) -> 96514109 | P25: =SUM('(参考)1人(1回(日))1月あたり給付費(在宅)'!G19,'(参考)1人(1回(日))1月あたり給付費(在宅)'!G43,'(参考)1人(1回(日))1月あたり給付費(在宅)'!G67,'(参考)1人(1回(日))1月あたり給付費(在宅)'!G91,'(参考)1人(1回(日))1月あたり給付費(在宅)'!G115,'(参考)1人(1回(日))1月あたり給付費(在宅)'!G133,'(参考)1人(1回(日))1月あたり給付費(在宅)'!G157,'(参考)1人(1回(日))1月あたり給付費(在宅)'!G181,'(参考)1人(1回(日))1月あたり給付費(在宅)'!G205,'(参考)1人(1回(日))1月あたり給付費(在宅)'!G229,'(参考)1人(1回(日))1月あたり給付費(在宅)'!G277,'(参考)1人(1回(日))1月あたり給付費(在宅)'!G301,'(参考)1人(1回(日))1月あたり給付費(在宅)'!G325,'(参考)1人(1回(日))1月あたり給付費(在宅)'!G349,'(参考)1人(1回(日))1月あたり給付費(在宅)'!G391,'(参考)1人(1回(日))1月あたり給付費(在宅)'!G409,'(参考)1人(1回(日))1月あたり給付費(在宅)'!G451,'(参考)1人(1回(日))1月あたり給付費(在宅)'!G475,'(参考)1人(1回(日))1月あたり給付費(在宅)'!G493,'(参考)1人(1回(日))1月あたり給付費(在宅)'!G427) -> 265
C26: =C25 -> 在宅サービス | E26: 要介護2 | F26: =IF('(参考)1人(1回(日))1月あたり給付費(在宅)'!$O$517="","",O26) -> 99509292 | G26: =IF('(参考)1人(1回(日))1月あたり給付費(在宅)'!$O$517="","",P26) -> 213 | H26: =IF(ISERROR((F26/G26)/12)=TRUE,"－",(F26/G26)/12) -> 38931.648 | I26: =I18 -> 24565 | J26: =J18 -> 51160 | K26: =IF(H26="－","",IF(H26<I26,"下限値を\"&TEXT(ROUND(I26-H26,0),"#,##0")&"下回っています。",IF(H26>J26,"上限値を\"&TEXT(ROUND(H26-J26,0),"#,##0")&"上回っています。","閾値の範囲内です。"))) -> 閾値の範囲内です。 | M26: =IF(OR(H26="－",AND(I26="－",J26="－")),"",IF(OR(H26<I26,H26>J26),1,"")) | N26: =IF(AND(F26="",G26=""),"",1) -> 1 | O26: =SUM('(参考)1人(1回(日))1月あたり給付費(在宅)'!F20,'(参考)1人(1回(日))1月あたり給付費(在宅)'!F44,'(参考)1人(1回(日))1月あたり給付費(在宅)'!F68,'(参考)1人(1回(日))1月あたり給付費(在宅)'!F92,'(参考)1人(1回(日))1月あたり給付費(在宅)'!F116,'(参考)1人(1回(日))1月あたり給付費(在宅)'!F134,'(参考)1人(1回(日))1月あたり給付費(在宅)'!F158,'(参考)1人(1回(日))1月あたり給付費(在宅)'!F182,'(参考)1人(1回(日))1月あたり給付費(在宅)'!F206,'(参考)1人(1回(日))1月あたり給付費(在宅)'!F230,'(参考)1人(1回(日))1月あたり給付費(在宅)'!F278,'(参考)1人(1回(日))1月あたり給付費(在宅)'!F302,'(参考)1人(1回(日))1月あたり給付費(在宅)'!F326,'(参考)1人(1回(日))1月あたり給付費(在宅)'!F350,'(参考)1人(1回(日))1月あたり給付費(在宅)'!F392,'(参考)1人(1回(日))1月あたり給付費(在宅)'!F410,'(参考)1人(1回(日))1月あたり給付費(在宅)'!F452,'(参考)1人(1回(日))1月あたり給付費(在宅)'!F476,'(参考)1人(1回(日))1月あたり給付費(在宅)'!F494,'(参考)1人(1回(日))1月あたり給付費(在宅)'!F428) -> 99509292 | P26: =SUM('(参考)1人(1回(日))1月あたり給付費(在宅)'!G20,'(参考)1人(1回(日))1月あたり給付費(在宅)'!G44,'(参考)1人(1回(日))1月あたり給付費(在宅)'!G68,'(参考)1人(1回(日))1月あたり給付費(在宅)'!G92,'(参考)1人(1回(日))1月あたり給付費(在宅)'!G116,'(参考)1人(1回(日))1月あたり給付費(在宅)'!G134,'(参考)1人(1回(日))1月あたり給付費(在宅)'!G158,'(参考)1人(1回(日))1月あたり給付費(在宅)'!G182,'(参考)1人(1回(日))1月あたり給付費(在宅)'!G206,'(参考)1人(1回(日))1月あたり給付費(在宅)'!G230,'(参考)1人(1回(日))1月あたり給付費(在宅)'!G278,'(参考)1人(1回(日))1月あたり給付費(在宅)'!G302,'(参考)1人(1回(日))1月あたり給付費(在宅)'!G326,'(参考)1人(1回(日))1月あたり給付費(在宅)'!G350,'(参考)1人(1回(日))1月あたり給付費(在宅)'!G392,'(参考)1人(1回(日))1月あたり給付費(在宅)'!G410,'(参考)1人(1回(日))1月あたり給付費(在宅)'!G452,'(参考)1人(1回(日))1月あたり給付費(在宅)'!G476,'(参考)1人(1回(日))1月あたり給付費(在宅)'!G494,'(参考)1人(1回(日))1月あたり給付費(在宅)'!G428) -> 213
C27: =C26 -> 在宅サービス | E27: 要介護3 | F27: =IF('(参考)1人(1回(日))1月あたり給付費(在宅)'!$O$517="","",O27) -> 157289652 | G27: =IF('(参考)1人(1回(日))1月あたり給付費(在宅)'!$O$517="","",P27) -> 237 | H27: =IF(ISERROR((F27/G27)/12)=TRUE,"－",(F27/G27)/12) -> 55305.785 | I27: =I19 -> 33300 | J27: =J19 -> 70005 | K27: =IF(H27="－","",IF(H27<I27,"下限値を\"&TEXT(ROUND(I27-H27,0),"#,##0")&"下回っています。",IF(H27>J27,"上限値を\"&TEXT(ROUND(H27-J27,0),"#,##0")&"上回っています。","閾値の範囲内です。"))) -> 閾値の範囲内です。 | M27: =IF(OR(H27="－",AND(I27="－",J27="－")),"",IF(OR(H27<I27,H27>J27),1,"")) | N27: =IF(AND(F27="",G27=""),"",1) -> 1 | O27: =SUM('(参考)1人(1回(日))1月あたり給付費(在宅)'!F21,'(参考)1人(1回(日))1月あたり給付費(在宅)'!F45,'(参考)1人(1回(日))1月あたり給付費(在宅)'!F69,'(参考)1人(1回(日))1月あたり給付費(在宅)'!F93,'(参考)1人(1回(日))1月あたり給付費(在宅)'!F117,'(参考)1人(1回(日))1月あたり給付費(在宅)'!F135,'(参考)1人(1回(日))1月あたり給付費(在宅)'!F159,'(参考)1人(1回(日))1月あたり給付費(在宅)'!F183,'(参考)1人(1回(日))1月あたり給付費(在宅)'!F207,'(参考)1人(1回(日))1月あたり給付費(在宅)'!F231,'(参考)1人(1回(日))1月あたり給付費(在宅)'!F279,'(参考)1人(1回(日))1月あたり給付費(在宅)'!F303,'(参考)1人(1回(日))1月あたり給付費(在宅)'!F327,'(参考)1人(1回(日))1月あたり給付費(在宅)'!F351,'(参考)1人(1回(日))1月あたり給付費(在宅)'!F393,'(参考)1人(1回(日))1月あたり給付費(在宅)'!F411,'(参考)1人(1回(日))1月あたり給付費(在宅)'!F453,'(参考)1人(1回(日))1月あたり給付費(在宅)'!F477,'(参考)1人(1回(日))1月あたり給付費(在宅)'!F495,'(参考)1人(1回(日))1月あたり給付費(在宅)'!F429) -> 157289652 | P27: =SUM('(参考)1人(1回(日))1月あたり給付費(在宅)'!G21,'(参考)1人(1回(日))1月あたり給付費(在宅)'!G45,'(参考)1人(1回(日))1月あたり給付費(在宅)'!G69,'(参考)1人(1回(日))1月あたり給付費(在宅)'!G93,'(参考)1人(1回(日))1月あたり給付費(在宅)'!G117,'(参考)1人(1回(日))1月あたり給付費(在宅)'!G135,'(参考)1人(1回(日))1月あたり給付費(在宅)'!G159,'(参考)1人(1回(日))1月あたり給付費(在宅)'!G183,'(参考)1人(1回(日))1月あたり給付費(在宅)'!G207,'(参考)1人(1回(日))1月あたり給付費(在宅)'!G231,'(参考)1人(1回(日))1月あたり給付費(在宅)'!G279,'(参考)1人(1回(日))1月あたり給付費(在宅)'!G303,'(参考)1人(1回(日))1月あたり給付費(在宅)'!G327,'(参考)1人(1回(日))1月あたり給付費(在宅)'!G351,'(参考)1人(1回(日))1月あたり給付費(在宅)'!G393,'(参考)1人(1回(日))1月あたり給付費(在宅)'!G411,'(参考)1人(1回(日))1月あたり給付費(在宅)'!G453,'(参考)1人(1回(日))1月あたり給付費(在宅)'!G477,'(参考)1人(1回(日))1月あたり給付費(在宅)'!G495,'(参考)1人(1回(日))1月あたり給付費(在宅)'!G429) -> 237
C28: =C27 -> 在宅サービス | E28: 要介護4 | F28: =IF('(参考)1人(1回(日))1月あたり給付費(在宅)'!$O$517="","",O28) -> 92787293 | G28: =IF('(参考)1人(1回(日))1月あたり給付費(在宅)'!$O$517="","",P28) -> 132 | H28: =IF(ISERROR((F28/G28)/12)=TRUE,"－",(F28/G28)/12) -> 58577.836 | I28: =I20 -> 36055 | J28: =J20 -> 78330 | K28: =IF(H28="－","",IF(H28<I28,"下限値を\"&TEXT(ROUND(I28-H28,0),"#,##0")&"下回っています。",IF(H28>J28,"上限値を\"&TEXT(ROUND(H28-J28,0),"#,##0")&"上回っています。","閾値の範囲内です。"))) -> 閾値の範囲内です。 | M28: =IF(OR(H28="－",AND(I28="－",J28="－")),"",IF(OR(H28<I28,H28>J28),1,"")) | N28: =IF(AND(F28="",G28=""),"",1) -> 1 | O28: =SUM('(参考)1人(1回(日))1月あたり給付費(在宅)'!F22,'(参考)1人(1回(日))1月あたり給付費(在宅)'!F46,'(参考)1人(1回(日))1月あたり給付費(在宅)'!F70,'(参考)1人(1回(日))1月あたり給付費(在宅)'!F94,'(参考)1人(1回(日))1月あたり給付費(在宅)'!F118,'(参考)1人(1回(日))1月あたり給付費(在宅)'!F136,'(参考)1人(1回(日))1月あたり給付費(在宅)'!F160,'(参考)1人(1回(日))1月あたり給付費(在宅)'!F184,'(参考)1人(1回(日))1月あたり給付費(在宅)'!F208,'(参考)1人(1回(日))1月あたり給付費(在宅)'!F232,'(参考)1人(1回(日))1月あたり給付費(在宅)'!F280,'(参考)1人(1回(日))1月あたり給付費(在宅)'!F304,'(参考)1人(1回(日))1月あたり給付費(在宅)'!F328,'(参考)1人(1回(日))1月あたり給付費(在宅)'!F352,'(参考)1人(1回(日))1月あたり給付費(在宅)'!F394,'(参考)1人(1回(日))1月あたり給付費(在宅)'!F412,'(参考)1人(1回(日))1月あたり給付費(在宅)'!F454,'(参考)1人(1回(日))1月あたり給付費(在宅)'!F478,'(参考)1人(1回(日))1月あたり給付費(在宅)'!F496,'(参考)1人(1回(日))1月あたり給付費(在宅)'!F430) -> 92787293 | P28: =SUM('(参考)1人(1回(日))1月あたり給付費(在宅)'!G22,'(参考)1人(1回(日))1月あたり給付費(在宅)'!G46,'(参考)1人(1回(日))1月あたり給付費(在宅)'!G70,'(参考)1人(1回(日))1月あたり給付費(在宅)'!G94,'(参考)1人(1回(日))1月あたり給付費(在宅)'!G118,'(参考)1人(1回(日))1月あたり給付費(在宅)'!G136,'(参考)1人(1回(日))1月あたり給付費(在宅)'!G160,'(参考)1人(1回(日))1月あたり給付費(在宅)'!G184,'(参考)1人(1回(日))1月あたり給付費(在宅)'!G208,'(参考)1人(1回(日))1月あたり給付費(在宅)'!G232,'(参考)1人(1回(日))1月あたり給付費(在宅)'!G280,'(参考)1人(1回(日))1月あたり給付費(在宅)'!G304,'(参考)1人(1回(日))1月あたり給付費(在宅)'!G328,'(参考)1人(1回(日))1月あたり給付費(在宅)'!G352,'(参考)1人(1回(日))1月あたり給付費(在宅)'!G394,'(参考)1人(1回(日))1月あたり給付費(在宅)'!G412,'(参考)1人(1回(日))1月あたり給付費(在宅)'!G454,'(参考)1人(1回(日))1月あたり給付費(在宅)'!G478,'(参考)1人(1回(日))1月あたり給付費(在宅)'!G496,'(参考)1人(1回(日))1月あたり給付費(在宅)'!G430) -> 132
C29: =C28 -> 在宅サービス | E29: 要介護5 | F29: =IF('(参考)1人(1回(日))1月あたり給付費(在宅)'!$O$517="","",O29) -> 27334151 | G29: =IF('(参考)1人(1回(日))1月あたり給付費(在宅)'!$O$517="","",P29) -> 36 | H29: =IF(ISERROR((F29/G29)/12)=TRUE,"－",(F29/G29)/12) -> 63273.497 | I29: =I21 -> 35705 | J29: =J21 -> 90745 | K29: =IF(H29="－","",IF(H29<I29,"下限値を\"&TEXT(ROUND(I29-H29,0),"#,##0")&"下回っています。",IF(H29>J29,"上限値を\"&TEXT(ROUND(H29-J29,0),"#,##0")&"上回っています。","閾値の範囲内です。"))) -> 閾値の範囲内です。 | M29: =IF(OR(H29="－",AND(I29="－",J29="－")),"",IF(OR(H29<I29,H29>J29),1,"")) | N29: =IF(AND(F29="",G29=""),"",1) -> 1 | O29: =SUM('(参考)1人(1回(日))1月あたり給付費(在宅)'!F23,'(参考)1人(1回(日))1月あたり給付費(在宅)'!F47,'(参考)1人(1回(日))1月あたり給付費(在宅)'!F71,'(参考)1人(1回(日))1月あたり給付費(在宅)'!F95,'(参考)1人(1回(日))1月あたり給付費(在宅)'!F119,'(参考)1人(1回(日))1月あたり給付費(在宅)'!F137,'(参考)1人(1回(日))1月あたり給付費(在宅)'!F161,'(参考)1人(1回(日))1月あたり給付費(在宅)'!F185,'(参考)1人(1回(日))1月あたり給付費(在宅)'!F209,'(参考)1人(1回(日))1月あたり給付費(在宅)'!F233,'(参考)1人(1回(日))1月あたり給付費(在宅)'!F281,'(参考)1人(1回(日))1月あたり給付費(在宅)'!F305,'(参考)1人(1回(日))1月あたり給付費(在宅)'!F329,'(参考)1人(1回(日))1月あたり給付費(在宅)'!F353,'(参考)1人(1回(日))1月あたり給付費(在宅)'!F395,'(参考)1人(1回(日))1月あたり給付費(在宅)'!F413,'(参考)1人(1回(日))1月あたり給付費(在宅)'!F455,'(参考)1人(1回(日))1月あたり給付費(在宅)'!F479,'(参考)1人(1回(日))1月あたり給付費(在宅)'!F497,'(参考)1人(1回(日))1月あたり給付費(在宅)'!F431) -> 27334151 | P29: =SUM('(参考)1人(1回(日))1月あたり給付費(在宅)'!G23,'(参考)1人(1回(日))1月あたり給付費(在宅)'!G47,'(参考)1人(1回(日))1月あたり給付費(在宅)'!G71,'(参考)1人(1回(日))1月あたり給付費(在宅)'!G95,'(参考)1人(1回(日))1月あたり給付費(在宅)'!G119,'(参考)1人(1回(日))1月あたり給付費(在宅)'!G137,'(参考)1人(1回(日))1月あたり給付費(在宅)'!G161,'(参考)1人(1回(日))1月あたり給付費(在宅)'!G185,'(参考)1人(1回(日))1月あたり給付費(在宅)'!G209,'(参考)1人(1回(日))1月あたり給付費(在宅)'!G233,'(参考)1人(1回(日))1月あたり給付費(在宅)'!G281,'(参考)1人(1回(日))1月あたり給付費(在宅)'!G305,'(参考)1人(1回(日))1月あたり給付費(在宅)'!G329,'(参考)1人(1回(日))1月あたり給付費(在宅)'!G353,'(参考)1人(1回(日))1月あたり給付費(在宅)'!G395,'(参考)1人(1回(日))1月あたり給付費(在宅)'!G413,'(参考)1人(1回(日))1月あたり給付費(在宅)'!G455,'(参考)1人(1回(日))1月あたり給付費(在宅)'!G479,'(参考)1人(1回(日))1月あたり給付費(在宅)'!G497,'(参考)1人(1回(日))1月あたり給付費(在宅)'!G431) -> 36
C30: =C29 -> 在宅サービス | E30: 合計 | F30: =SUM(F23:F29) -> 5.1321464e+08 | G30: =SUM(G23:G29) -> 1114 | H30: =IF(ISERROR((F30/G30)/12)=TRUE,"－",(F30/G30)/12) -> 38391.28 | I30: =I22 -> 24765 | J30: =J22 -> 51080 | K30: =IF(H30="－","",IF(H30<I30,"下限値を\"&TEXT(ROUND(I30-H30,0),"#,##0")&"下回っています。",IF(H30>J30,"上限値を\"&TEXT(ROUND(H30-J30,0),"#,##0")&"上回っています。","閾値の範囲内です。"))) -> 閾値の範囲内です。 | M30: =IF(OR(H30="－",AND(I30="－",J30="－")),"",IF(OR(H30<I30,H30>J30),1,""))
B31: 2 | C31: 居住系サービス | D31: 令和9年度 | E31: 要支援1 | F31: =IF('(参考)1人(1回(日))1月あたり給付費(居住系)'!$O$91="","",O31) -> 0 | G31: =IF('(参考)1人(1回(日))1月あたり給付費(居住系)'!$O$91="","",P31) -> 0 | H31: =IF(ISERROR((F31/G31)/12)=TRUE,"－",(F31/G31)/12) -> － | I31: － | J31: － | K31: チェック対象外 | M31: =IF(OR(H31="－",AND(I31="－",J31="－")),"",IF(OR(H31<I31,H31>J31),1,"")) | N31: =IF(AND(F31="",G31=""),"",1) -> 1 | O31: =SUM('(参考)1人(1回(日))1月あたり給付費(居住系)'!F7,'(参考)1人(1回(日))1月あたり給付費(居住系)'!F31) -> 0 | P31: =SUM('(参考)1人(1回(日))1月あたり給付費(居住系)'!G7,'(参考)1人(1回(日))1月あたり給付費(居住系)'!G31) -> 0
C32: =C31 -> 居住系サービス | E32: 要支援2 | F32: =IF('(参考)1人(1回(日))1月あたり給付費(居住系)'!$O$91="","",O32) -> 2865744 | G32: =IF('(参考)1人(1回(日))1月あたり給付費(居住系)'!$O$91="","",P32) -> 1 | H32: =IF(ISERROR((F32/G32)/12)=TRUE,"－",(F32/G32)/12) -> 238812 | I32: － | J32: － | K32: チェック対象外 | M32: =IF(OR(H32="－",AND(I32="－",J32="－")),"",IF(OR(H32<I32,H32>J32),1,"")) | N32: =IF(AND(F32="",G32=""),"",1) -> 1 | O32: =SUM('(参考)1人(1回(日))1月あたり給付費(居住系)'!F8,'(参考)1人(1回(日))1月あたり給付費(居住系)'!F32) -> 2865744 | P32: =SUM('(参考)1人(1回(日))1月あたり給付費(居住系)'!G8,'(参考)1人(1回(日))1月あたり給付費(居住系)'!G32) -> 1
C33: =C32 -> 居住系サービス | E33: 要介護1 | F33: =IF('(参考)1人(1回(日))1月あたり給付費(居住系)'!$O$91="","",O33) -> 22853376 | G33: =IF('(参考)1人(1回(日))1月あたり給付費(居住系)'!$O$91="","",P33) -> 8 | H33: =IF(ISERROR((F33/G33)/12)=TRUE,"－",(F33/G33)/12) -> 238056 | I33: =data!I44 -> 128285 | J33: =data!J44 -> 291845 | K33: =IF(H33="－","",IF(H33<I33,"下限値を\"&TEXT(ROUND(I33-H33,0),"#,##0")&"下回っています。",IF(H33>J33,"上限値を\"&TEXT(ROUND(H33-J33,0),"#,##0")&"上回っています。","閾値の範囲内です。"))) -> 閾値の範囲内です。 | M33: =IF(OR(H33="－",AND(I33="－",J33="－")),"",IF(OR(H33<I33,H33>J33),1,"")) | N33: =IF(AND(F33="",G33=""),"",1) -> 1 | O33: =SUM('(参考)1人(1回(日))1月あたり給付費(居住系)'!F9,'(参考)1人(1回(日))1月あたり給付費(居住系)'!F33,'(参考)1人(1回(日))1月あたり給付費(居住系)'!F55,'(参考)1人(1回(日))1月あたり給付費(居住系)'!F73) -> 22853376 | P33: =SUM('(参考)1人(1回(日))1月あたり給付費(居住系)'!G9,'(参考)1人(1回(日))1月あたり給付費(居住系)'!G33,'(参考)1人(1回(日))1月あたり給付費(居住系)'!G55,'(参考)1人(1回(日))1月あたり給付費(居住系)'!G73) -> 8
C34: =C33 -> 居住系サービス | E34: 要介護2 | F34: =IF('(参考)1人(1回(日))1月あたり給付費(居住系)'!$O$91="","",O34) -> 60236472 | G34: =IF('(参考)1人(1回(日))1月あたり給付費(居住系)'!$O$91="","",P34) -> 20 | H34: =IF(ISERROR((F34/G34)/12)=TRUE,"－",(F34/G34)/12) -> 250985.3 | I34: =data!I45 -> 161985 | J34: =data!J45 -> 300070 | K34: =IF(H34="－","",IF(H34<I34,"下限値を\"&TEXT(ROUND(I34-H34,0),"#,##0")&"下回っています。",IF(H34>J34,"上限値を\"&TEXT(ROUND(H34-J34,0),"#,##0")&"上回っています。","閾値の範囲内です。"))) -> 閾値の範囲内です。 | M34: =IF(OR(H34="－",AND(I34="－",J34="－")),"",IF(OR(H34<I34,H34>J34),1,"")) | N34: =IF(AND(F34="",G34=""),"",1) -> 1 | O34: =SUM('(参考)1人(1回(日))1月あたり給付費(居住系)'!F10,'(参考)1人(1回(日))1月あたり給付費(居住系)'!F34,'(参考)1人(1回(日))1月あたり給付費(居住系)'!F56,'(参考)1人(1回(日))1月あたり給付費(居住系)'!F74) -> 60236472 | P34: =SUM('(参考)1人(1回(日))1月あたり給付費(居住系)'!G10,'(参考)1人(1回(日))1月あたり給付費(居住系)'!G34,'(参考)1人(1回(日))1月あたり給付費(居住系)'!G56,'(参考)1人(1回(日))1月あたり給付費(居住系)'!G74) -> 20
C35: =C34 -> 居住系サービス | E35: 要介護3 | F35: =IF('(参考)1人(1回(日))1月あたり給付費(居住系)'!$O$91="","",O35) -> 76953168 | G35: =IF('(参考)1人(1回(日))1月あたり給付費(居住系)'!$O$91="","",P35) -> 26 | H35: =IF(ISERROR((F35/G35)/12)=TRUE,"－",(F35/G35)/12) -> 246644.77 | I35: =data!I46 -> 192270 | J35: =data!J46 -> 300885 | K35: =IF(H35="－","",IF(H35<I35,"下限値を\"&TEXT(ROUND(I35-H35,0),"#,##0")&"下回っています。",IF(H35>J35,"上限値を\"&TEXT(ROUND(H35-J35,0),"#,##0")&"上回っています。","閾値の範囲内です。"))) -> 閾値の範囲内です。 | M35: =IF(OR(H35="－",AND(I35="－",J35="－")),"",IF(OR(H35<I35,H35>J35),1,"")) | N35: =IF(AND(F35="",G35=""),"",1) -> 1 | O35: =SUM('(参考)1人(1回(日))1月あたり給付費(居住系)'!F11,'(参考)1人(1回(日))1月あたり給付費(居住系)'!F35,'(参考)1人(1回(日))1月あたり給付費(居住系)'!F57,'(参考)1人(1回(日))1月あたり給付費(居住系)'!F75) -> 76953168 | P35: =SUM('(参考)1人(1回(日))1月あたり給付費(居住系)'!G11,'(参考)1人(1回(日))1月あたり給付費(居住系)'!G35,'(参考)1人(1回(日))1月あたり給付費(居住系)'!G57,'(参考)1人(1回(日))1月あたり給付費(居住系)'!G75) -> 26
C36: =C35 -> 居住系サービス | E36: 要介護4 | F36: =IF('(参考)1人(1回(日))1月あたり給付費(居住系)'!$O$91="","",O36) -> 69113568 | G36: =IF('(参考)1人(1回(日))1月あたり給付費(居住系)'!$O$91="","",P36) -> 22 | H36: =IF(ISERROR((F36/G36)/12)=TRUE,"－",(F36/G36)/12) -> 261793.82 | I36: =data!I47 -> 202285 | J36: =data!J47 -> 302595 | K36: =IF(H36="－","",IF(H36<I36,"下限値を\"&TEXT(ROUND(I36-H36,0),"#,##0")&"下回っています。",IF(H36>J36,"上限値を\"&TEXT(ROUND(H36-J36,0),"#,##0")&"上回っています。","閾値の範囲内です。"))) -> 閾値の範囲内です。 | M36: =IF(OR(H36="－",AND(I36="－",J36="－")),"",IF(OR(H36<I36,H36>J36),1,"")) | N36: =IF(AND(F36="",G36=""),"",1) -> 1 | O36: =SUM('(参考)1人(1回(日))1月あたり給付費(居住系)'!F12,'(参考)1人(1回(日))1月あたり給付費(居住系)'!F36,'(参考)1人(1回(日))1月あたり給付費(居住系)'!F58,'(参考)1人(1回(日))1月あたり給付費(居住系)'!F76) -> 69113568 | P36: =SUM('(参考)1人(1回(日))1月あたり給付費(居住系)'!G12,'(参考)1人(1回(日))1月あたり給付費(居住系)'!G36,'(参考)1人(1回(日))1月あたり給付費(居住系)'!G58,'(参考)1人(1回(日))1月あたり給付費(居住系)'!G76) -> 22
C37: =C36 -> 居住系サービス | E37: 要介護5 | F37: =IF('(参考)1人(1回(日))1月あたり給付費(居住系)'!$O$91="","",O37) -> 36055932 | G37: =IF('(参考)1人(1回(日))1月あたり給付費(居住系)'!$O$91="","",P37) -> 11 | H37: =IF(ISERROR((F37/G37)/12)=TRUE,"－",(F37/G37)/12) -> 273151 | I37: =data!I48 -> 222955 | J37: =data!J48 -> 310575 | K37: =IF(H37="－","",IF(H37<I37,"下限値を\"&TEXT(ROUND(I37-H37,0),"#,##0")&"下回っています。",IF(H37>J37,"上限値を\"&TEXT(ROUND(H37-J37,0),"#,##0")&"上回っています。","閾値の範囲内です。"))) -> 閾値の範囲内です。 | M37: =IF(OR(H37="－",AND(I37="－",J37="－")),"",IF(OR(H37<I37,H37>J37),1,"")) | N37: =IF(AND(F37="",G37=""),"",1) -> 1 | O37: =SUM('(参考)1人(1回(日))1月あたり給付費(居住系)'!F13,'(参考)1人(1回(日))1月あたり給付費(居住系)'!F37,'(参考)1人(1回(日))1月あたり給付費(居住系)'!F59,'(参考)1人(1回(日))1月あたり給付費(居住系)'!F77) -> 36055932 | P37: =SUM('(参考)1人(1回(日))1月あたり給付費(居住系)'!G13,'(参考)1人(1回(日))1月あたり給付費(居住系)'!G37,'(参考)1人(1回(日))1月あたり給付費(居住系)'!G59,'(参考)1人(1回(日))1月あたり給付費(居住系)'!G77) -> 11
C38: =C37 -> 居住系サービス | E38: 合計 | F38: =SUM(F31:F37) -> 268078260 | G38: =SUM(G31:G37) -> 88 | H38: =IF(ISERROR((F38/G38)/12)=TRUE,"－",(F38/G38)/12) -> 253861.99 | I38: =data!I49 -> 163840 | J38: =data!J49 -> 295375 | K38: =IF(H38="－","",IF(H38<I38,"下限値を\"&TEXT(ROUND(I38-H38,0),"#,##0")&"下回っています。",IF(H38>J38,"上限値を\"&TEXT(ROUND(H38-J38,0),"#,##0")&"上回っています。","閾値の範囲内です。"))) -> 閾値の範囲内です。 | M38: =IF(OR(H38="－",AND(I38="－",J38="－")),"",IF(OR(H38<I38,H38>J38),1,""))
C39: =C38 -> 居住系サービス | D39: 令和10年度 | E39: 要支援1 | F39: =IF('(参考)1人(1回(日))1月あたり給付費(居住系)'!$O$91="","",O39) -> 0 | G39: =IF('(参考)1人(1回(日))1月あたり給付費(居住系)'!$O$91="","",P39) -> 0 | H39: =IF(ISERROR((F39/G39)/12)=TRUE,"－",(F39/G39)/12) -> － | I39: =I31 -> － | J39: =J31 -> － | K39: チェック対象外 | M39: =IF(OR(H39="－",AND(I39="－",J39="－")),"",IF(OR(H39<I39,H39>J39),1,"")) | N39: =IF(AND(F39="",G39=""),"",1) -> 1 | O39: =SUM('(参考)1人(1回(日))1月あたり給付費(居住系)'!F15,'(参考)1人(1回(日))1月あたり給付費(居住系)'!F39) -> 0 | P39: =SUM('(参考)1人(1回(日))1月あたり給付費(居住系)'!G15,'(参考)1人(1回(日))1月あたり給付費(居住系)'!G39) -> 0
C40: =C39 -> 居住系サービス | E40: 要支援2 | F40: =IF('(参考)1人(1回(日))1月あたり給付費(居住系)'!$O$91="","",O40) -> 2865744 | G40: =IF('(参考)1人(1回(日))1月あたり給付費(居住系)'!$O$91="","",P40) -> 1 | H40: =IF(ISERROR((F40/G40)/12)=TRUE,"－",(F40/G40)/12) -> 238812 | I40: =I32 -> － | J40: =J32 -> － | K40: チェック対象外 | M40: =IF(OR(H40="－",AND(I40="－",J40="－")),"",IF(OR(H40<I40,H40>J40),1,"")) | N40: =IF(AND(F40="",G40=""),"",1) -> 1 | O40: =SUM('(参考)1人(1回(日))1月あたり給付費(居住系)'!F16,'(参考)1人(1回(日))1月あたり給付費(居住系)'!F40) -> 2865744 | P40: =SUM('(参考)1人(1回(日))1月あたり給付費(居住系)'!G16,'(参考)1人(1回(日))1月あたり給付費(居住系)'!G40) -> 1
C41: =C40 -> 居住系サービス | E41: 要介護1 | F41: =IF('(参考)1人(1回(日))1月あたり給付費(居住系)'!$O$91="","",O41) -> 22853376 | G41: =IF('(参考)1人(1回(日))1月あたり給付費(居住系)'!$O$91="","",P41) -> 8 | H41: =IF(ISERROR((F41/G41)/12)=TRUE,"－",(F41/G41)/12) -> 238056 | I41: =I33 -> 128285 | J41: =J33 -> 291845 | K41: =IF(H41="－","",IF(H41<I41,"下限値を\"&TEXT(ROUND(I41-H41,0),"#,##0")&"下回っています。",IF(H41>J41,"上限値を\"&TEXT(ROUND(H41-J41,0),"#,##0")&"上回っています。","閾値の範囲内です。"))) -> 閾値の範囲内です。 | M41: =IF(OR(H41="－",AND(I41="－",J41="－")),"",IF(OR(H41<I41,H41>J41),1,"")) | N41: =IF(AND(F41="",G41=""),"",1) -> 1 | O41: =SUM('(参考)1人(1回(日))1月あたり給付費(居住系)'!F17,'(参考)1人(1回(日))1月あたり給付費(居住系)'!F41,'(参考)1人(1回(日))1月あたり給付費(居住系)'!F61,'(参考)1人(1回(日))1月あたり給付費(居住系)'!F79) -> 22853376 | P41: =SUM('(参考)1人(1回(日))1月あたり給付費(居住系)'!G17,'(参考)1人(1回(日))1月あたり給付費(居住系)'!G41,'(参考)1人(1回(日))1月あたり給付費(居住系)'!G61,'(参考)1人(1回(日))1月あたり給付費(居住系)'!G79) -> 8
C42: =C41 -> 居住系サービス | E42: 要介護2 | F42: =IF('(参考)1人(1回(日))1月あたり給付費(居住系)'!$O$91="","",O42) -> 57152340 | G42: =IF('(参考)1人(1回(日))1月あたり給付費(居住系)'!$O$91="","",P42) -> 19 | H42: =IF(ISERROR((F42/G42)/12)=TRUE,"－",(F42/G42)/12) -> 250668.16 | I42: =I34 -> 161985 | J42: =J34 -> 300070 | K42: =IF(H42="－","",IF(H42<I42,"下限値を\"&TEXT(ROUND(I42-H42,0),"#,##0")&"下回っています。",IF(H42>J42,"上限値を\"&TEXT(ROUND(H42-J42,0),"#,##0")&"上回っています。","閾値の範囲内です。"))) -> 閾値の範囲内です。 | M42: =IF(OR(H42="－",AND(I42="－",J42="－")),"",IF(OR(H42<I42,H42>J42),1,"")) | N42: =IF(AND(F42="",G42=""),"",1) -> 1 | O42: =SUM('(参考)1人(1回(日))1月あたり給付費(居住系)'!F18,'(参考)1人(1回(日))1月あたり給付費(居住系)'!F42,'(参考)1人(1回(日))1月あたり給付費(居住系)'!F62,'(参考)1人(1回(日))1月あたり給付費(居住系)'!F80) -> 57152340 | P42: =SUM('(参考)1人(1回(日))1月あたり給付費(居住系)'!G18,'(参考)1人(1回(日))1月あたり給付費(居住系)'!G42,'(参考)1人(1回(日))1月あたり給付費(居住系)'!G62,'(参考)1人(1回(日))1月あたり給付費(居住系)'!G80) -> 19
C43: =C42 -> 居住系サービス | E43: 要介護3 | F43: =IF('(参考)1人(1回(日))1月あたり給付費(居住系)'!$O$91="","",O43) -> 76953168 | G43: =IF('(参考)1人(1回(日))1月あたり給付費(居住系)'!$O$91="","",P43) -> 26 | H43: =IF(ISERROR((F43/G43)/12)=TRUE,"－",(F43/G43)/12) -> 246644.77 | I43: =I35 -> 192270 | J43: =J35 -> 300885 | K43: =IF(H43="－","",IF(H43<I43,"下限値を\"&TEXT(ROUND(I43-H43,0),"#,##0")&"下回っています。",IF(H43>J43,"上限値を\"&TEXT(ROUND(H43-J43,0),"#,##0")&"上回っています。","閾値の範囲内です。"))) -> 閾値の範囲内です。 | M43: =IF(OR(H43="－",AND(I43="－",J43="－")),"",IF(OR(H43<I43,H43>J43),1,"")) | N43: =IF(AND(F43="",G43=""),"",1) -> 1 | O43: =SUM('(参考)1人(1回(日))1月あたり給付費(居住系)'!F19,'(参考)1人(1回(日))1月あたり給付費(居住系)'!F43,'(参考)1人(1回(日))1月あたり給付費(居住系)'!F63,'(参考)1人(1回(日))1月あたり給付費(居住系)'!F81) -> 76953168 | P43: =SUM('(参考)1人(1回(日))1月あたり給付費(居住系)'!G19,'(参考)1人(1回(日))1月あたり給付費(居住系)'!G43,'(参考)1人(1回(日))1月あたり給付費(居住系)'!G63,'(参考)1人(1回(日))1月あたり給付費(居住系)'!G81) -> 26
C44: =C43 -> 居住系サービス | E44: 要介護4 | F44: =IF('(参考)1人(1回(日))1月あたり給付費(居住系)'!$O$91="","",O44) -> 69113568 | G44: =IF('(参考)1人(1回(日))1月あたり給付費(居住系)'!$O$91="","",P44) -> 22 | H44: =IF(ISERROR((F44/G44)/12)=TRUE,"－",(F44/G44)/12) -> 261793.82 | I44: =I36 -> 202285 | J44: =J36 -> 302595 | K44: =IF(H44="－","",IF(H44<I44,"下限値を\"&TEXT(ROUND(I44-H44,0),"#,##0")&"下回っています。",IF(H44>J44,"上限値を\"&TEXT(ROUND(H44-J44,0),"#,##0")&"上回っています。","閾値の範囲内です。"))) -> 閾値の範囲内です。 | M44: =IF(OR(H44="－",AND(I44="－",J44="－")),"",IF(OR(H44<I44,H44>J44),1,"")) | N44: =IF(AND(F44="",G44=""),"",1) -> 1 | O44: =SUM('(参考)1人(1回(日))1月あたり給付費(居住系)'!F20,'(参考)1人(1回(日))1月あたり給付費(居住系)'!F44,'(参考)1人(1回(日))1月あたり給付費(居住系)'!F64,'(参考)1人(1回(日))1月あたり給付費(居住系)'!F82) -> 69113568 | P44: =SUM('(参考)1人(1回(日))1月あたり給付費(居住系)'!G20,'(参考)1人(1回(日))1月あたり給付費(居住系)'!G44,'(参考)1人(1回(日))1月あたり給付費(居住系)'!G64,'(参考)1人(1回(日))1月あたり給付費(居住系)'!G82) -> 22
C45: =C44 -> 居住系サービス | E45: 要介護5 | F45: =IF('(参考)1人(1回(日))1月あたり給付費(居住系)'!$O$91="","",O45) -> 36055932 | G45: =IF('(参考)1人(1回(日))1月あたり給付費(居住系)'!$O$91="","",P45) -> 11 | H45: =IF(ISERROR((F45/G45)/12)=TRUE,"－",(F45/G45)/12) -> 273151 | I45: =I37 -> 222955 | J45: =J37 -> 310575 | K45: =IF(H45="－","",IF(H45<I45,"下限値を\"&TEXT(ROUND(I45-H45,0),"#,##0")&"下回っています。",IF(H45>J45,"上限値を\"&TEXT(ROUND(H45-J45,0),"#,##0")&"上回っています。","閾値の範囲内です。"))) -> 閾値の範囲内です。 | M45: =IF(OR(H45="－",AND(I45="－",J45="－")),"",IF(OR(H45<I45,H45>J45),1,"")) | N45: =IF(AND(F45="",G45=""),"",1) -> 1 | O45: =SUM('(参考)1人(1回(日))1月あたり給付費(居住系)'!F21,'(参考)1人(1回(日))1月あたり給付費(居住系)'!F45,'(参考)1人(1回(日))1月あたり給付費(居住系)'!F65,'(参考)1人(1回(日))1月あたり給付費(居住系)'!F83) -> 36055932 | P45: =SUM('(参考)1人(1回(日))1月あたり給付費(居住系)'!G21,'(参考)1人(1回(日))1月あたり給付費(居住系)'!G45,'(参考)1人(1回(日))1月あたり給付費(居住系)'!G65,'(参考)1人(1回(日))1月あたり給付費(居住系)'!G83) -> 11
C46: =C45 -> 居住系サービス | E46: 合計 | F46: =SUM(F39:F45) -> 264994128 | G46: =SUM(G39:G45) -> 87 | H46: =IF(ISERROR((F46/G46)/12)=TRUE,"－",(F46/G46)/12) -> 253825.79 | I46: =I38 -> 163840 | J46: =J38 -> 295375 | K46: =IF(H46="－","",IF(H46<I46,"下限値を\"&TEXT(ROUND(I46-H46,0),"#,##0")&"下回っています。",IF(H46>J46,"上限値を\"&TEXT(ROUND(H46-J46,0),"#,##0")&"上回っています。","閾値の範囲内です。"))) -> 閾値の範囲内です。 | M46: =IF(OR(H46="－",AND(I46="－",J46="－")),"",IF(OR(H46<I46,H46>J46),1,""))
C47: =C46 -> 居住系サービス | D47: 令和11年度 | E47: 要支援1 | F47: =IF('(参考)1人(1回(日))1月あたり給付費(居住系)'!$O$91="","",O47) -> 0 | G47: =IF('(参考)1人(1回(日))1月あたり給付費(居住系)'!$O$91="","",P47) -> 0 | H47: =IF(ISERROR((F47/G47)/12)=TRUE,"－",(F47/G47)/12) -> － | I47: =I39 -> － | J47: =J39 -> － | K47: チェック対象外 | M47: =IF(OR(H47="－",AND(I47="－",J47="－")),"",IF(OR(H47<I47,H47>J47),1,"")) | N47: =IF(AND(F47="",G47=""),"",1) -> 1 | O47: =SUM('(参考)1人(1回(日))1月あたり給付費(居住系)'!F23,'(参考)1人(1回(日))1月あたり給付費(居住系)'!F47) -> 0 | P47: =SUM('(参考)1人(1回(日))1月あたり給付費(居住系)'!G23,'(参考)1人(1回(日))1月あたり給付費(居住系)'!G47) -> 0
C48: =C47 -> 居住系サービス | E48: 要支援2 | F48: =IF('(参考)1人(1回(日))1月あたり給付費(居住系)'!$O$91="","",O48) -> 2865744 | G48: =IF('(参考)1人(1回(日))1月あたり給付費(居住系)'!$O$91="","",P48) -> 1 | H48: =IF(ISERROR((F48/G48)/12)=TRUE,"－",(F48/G48)/12) -> 238812 | I48: =I40 -> － | J48: =J40 -> － | K48: チェック対象外 | M48: =IF(OR(H48="－",AND(I48="－",J48="－")),"",IF(OR(H48<I48,H48>J48),1,"")) | N48: =IF(AND(F48="",G48=""),"",1) -> 1 | O48: =SUM('(参考)1人(1回(日))1月あたり給付費(居住系)'!F24,'(参考)1人(1回(日))1月あたり給付費(居住系)'!F48) -> 2865744 | P48: =SUM('(参考)1人(1回(日))1月あたり給付費(居住系)'!G24,'(参考)1人(1回(日))1月あたり給付費(居住系)'!G48) -> 1
C49: =C48 -> 居住系サービス | E49: 要介護1 | F49: =IF('(参考)1人(1回(日))1月あたり給付費(居住系)'!$O$91="","",O49) -> 22853376 | G49: =IF('(参考)1人(1回(日))1月あたり給付費(居住系)'!$O$91="","",P49) -> 8 | H49: =IF(ISERROR((F49/G49)/12)=TRUE,"－",(F49/G49)/12) -> 238056 | I49: =I41 -> 128285 | J49: =J41 -> 291845 | K49: =IF(H49="－","",IF(H49<I49,"下限値を\"&TEXT(ROUND(I49-H49,0),"#,##0")&"下回っています。",IF(H49>J49,"上限値を\"&TEXT(ROUND(H49-J49,0),"#,##0")&"上回っています。","閾値の範囲内です。"))) -> 閾値の範囲内です。 | M49: =IF(OR(H49="－",AND(I49="－",J49="－")),"",IF(OR(H49<I49,H49>J49),1,"")) | N49: =IF(AND(F49="",G49=""),"",1) -> 1 | O49: =SUM('(参考)1人(1回(日))1月あたり給付費(居住系)'!F25,'(参考)1人(1回(日))1月あたり給付費(居住系)'!F49,'(参考)1人(1回(日))1月あたり給付費(居住系)'!F67,'(参考)1人(1回(日))1月あたり給付費(居住系)'!F85) -> 22853376 | P49: =SUM('(参考)1人(1回(日))1月あたり給付費(居住系)'!G25,'(参考)1人(1回(日))1月あたり給付費(居住系)'!G49,'(参考)1人(1回(日))1月あたり給付費(居住系)'!G67,'(参考)1人(1回(日))1月あたり給付費(居住系)'!G85) -> 8
C50: =C49 -> 居住系サービス | E50: 要介護2 | F50: =IF('(参考)1人(1回(日))1月あたり給付費(居住系)'!$O$91="","",O50) -> 57152340 | G50: =IF('(参考)1人(1回(日))1月あたり給付費(居住系)'!$O$91="","",P50) -> 19 | H50: =IF(ISERROR((F50/G50)/12)=TRUE,"－",(F50/G50)/12) -> 250668.16 | I50: =I42 -> 161985 | J50: =J42 -> 300070 | K50: =IF(H50="－","",IF(H50<I50,"下限値を\"&TEXT(ROUND(I50-H50,0),"#,##0")&"下回っています。",IF(H50>J50,"上限値を\"&TEXT(ROUND(H50-J50,0),"#,##0")&"上回っています。","閾値の範囲内です。"))) -> 閾値の範囲内です。 | M50: =IF(OR(H50="－",AND(I50="－",J50="－")),"",IF(OR(H50<I50,H50>J50),1,"")) | N50: =IF(AND(F50="",G50=""),"",1) -> 1 | O50: =SUM('(参考)1人(1回(日))1月あたり給付費(居住系)'!F26,'(参考)1人(1回(日))1月あたり給付費(居住系)'!F50,'(参考)1人(1回(日))1月あたり給付費(居住系)'!F68,'(参考)1人(1回(日))1月あたり給付費(居住系)'!F86) -> 57152340 | P50: =SUM('(参考)1人(1回(日))1月あたり給付費(居住系)'!G26,'(参考)1人(1回(日))1月あたり給付費(居住系)'!G50,'(参考)1人(1回(日))1月あたり給付費(居住系)'!G68,'(参考)1人(1回(日))1月あたり給付費(居住系)'!G86) -> 19
C51: =C50 -> 居住系サービス | E51: 要介護3 | F51: =IF('(参考)1人(1回(日))1月あたり給付費(居住系)'!$O$91="","",O51) -> 76953168 | G51: =IF('(参考)1人(1回(日))1月あたり給付費(居住系)'!$O$91="","",P51) -> 26 | H51: =IF(ISERROR((F51/G51)/12)=TRUE,"－",(F51/G51)/12) -> 246644.77 | I51: =I43 -> 192270 | J51: =J43 -> 300885 | K51: =IF(H51="－","",IF(H51<I51,"下限値を\"&TEXT(ROUND(I51-H51,0),"#,##0")&"下回っています。",IF(H51>J51,"上限値を\"&TEXT(ROUND(H51-J51,0),"#,##0")&"上回っています。","閾値の範囲内です。"))) -> 閾値の範囲内です。 | M51: =IF(OR(H51="－",AND(I51="－",J51="－")),"",IF(OR(H51<I51,H51>J51),1,"")) | N51: =IF(AND(F51="",G51=""),"",1) -> 1 | O51: =SUM('(参考)1人(1回(日))1月あたり給付費(居住系)'!F27,'(参考)1人(1回(日))1月あたり給付費(居住系)'!F51,'(参考)1人(1回(日))1月あたり給付費(居住系)'!F69,'(参考)1人(1回(日))1月あたり給付費(居住系)'!F87) -> 76953168 | P51: =SUM('(参考)1人(1回(日))1月あたり給付費(居住系)'!G27,'(参考)1人(1回(日))1月あたり給付費(居住系)'!G51,'(参考)1人(1回(日))1月あたり給付費(居住系)'!G69,'(参考)1人(1回(日))1月あたり給付費(居住系)'!G87) -> 26
C52: =C51 -> 居住系サービス | E52: 要介護4 | F52: =IF('(参考)1人(1回(日))1月あたり給付費(居住系)'!$O$91="","",O52) -> 69113568 | G52: =IF('(参考)1人(1回(日))1月あたり給付費(居住系)'!$O$91="","",P52) -> 22 | H52: =IF(ISERROR((F52/G52)/12)=TRUE,"－",(F52/G52)/12) -> 261793.82 | I52: =I44 -> 202285 | J52: =J44 -> 302595 | K52: =IF(H52="－","",IF(H52<I52,"下限値を\"&TEXT(ROUND(I52-H52,0),"#,##0")&"下回っています。",IF(H52>J52,"上限値を\"&TEXT(ROUND(H52-J52,0),"#,##0")&"上回っています。","閾値の範囲内です。"))) -> 閾値の範囲内です。 | M52: =IF(OR(H52="－",AND(I52="－",J52="－")),"",IF(OR(H52<I52,H52>J52),1,"")) | N52: =IF(AND(F52="",G52=""),"",1) -> 1 | O52: =SUM('(参考)1人(1回(日))1月あたり給付費(居住系)'!F28,'(参考)1人(1回(日))1月あたり給付費(居住系)'!F52,'(参考)1人(1回(日))1月あたり給付費(居住系)'!F70,'(参考)1人(1回(日))1月あたり給付費(居住系)'!F88) -> 69113568 | P52: =SUM('(参考)1人(1回(日))1月あたり給付費(居住系)'!G28,'(参考)1人(1回(日))1月あたり給付費(居住系)'!G52,'(参考)1人(1回(日))1月あたり給付費(居住系)'!G70,'(参考)1人(1回(日))1月あたり給付費(居住系)'!G88) -> 22
C53: =C52 -> 居住系サービス | E53: 要介護5 | F53: =IF('(参考)1人(1回(日))1月あたり給付費(居住系)'!$O$91="","",O53) -> 36055932 | G53: =IF('(参考)1人(1回(日))1月あたり給付費(居住系)'!$O$91="","",P53) -> 11 | H53: =IF(ISERROR((F53/G53)/12)=TRUE,"－",(F53/G53)/12) -> 273151 | I53: =I45 -> 222955 | J53: =J45 -> 310575 | K53: =IF(H53="－","",IF(H53<I53,"下限値を\"&TEXT(ROUND(I53-H53,0),"#,##0")&"下回っています。",IF(H53>J53,"上限値を\"&TEXT(ROUND(H53-J53,0),"#,##0")&"上回っています。","閾値の範囲内です。"))) -> 閾値の範囲内です。 | M53: =IF(OR(H53="－",AND(I53="－",J53="－")),"",IF(OR(H53<I53,H53>J53),1,"")) | N53: =IF(AND(F53="",G53=""),"",1) -> 1 | O53: =SUM('(参考)1人(1回(日))1月あたり給付費(居住系)'!F29,'(参考)1人(1回(日))1月あたり給付費(居住系)'!F53,'(参考)1人(1回(日))1月あたり給付費(居住系)'!F71,'(参考)1人(1回(日))1月あたり給付費(居住系)'!F89) -> 36055932 | P53: =SUM('(参考)1人(1回(日))1月あたり給付費(居住系)'!G29,'(参考)1人(1回(日))1月あたり給付費(居住系)'!G53,'(参考)1人(1回(日))1月あたり給付費(居住系)'!G71,'(参考)1人(1回(日))1月あたり給付費(居住系)'!G89) -> 11
C54: =C53 -> 居住系サービス | E54: 合計 | F54: =SUM(F47:F53) -> 264994128 | G54: =SUM(G47:G53) -> 87 | H54: =IF(ISERROR((F54/G54)/12)=TRUE,"－",(F54/G54)/12) -> 253825.79 | I54: =I46 -> 163840 | J54: =J46 -> 295375 | K54: =IF(H54="－","",IF(H54<I54,"下限値を\"&TEXT(ROUND(I54-H54,0),"#,##0")&"下回っています。",IF(H54>J54,"上限値を\"&TEXT(ROUND(H54-J54,0),"#,##0")&"上回っています。","閾値の範囲内です。"))) -> 閾値の範囲内です。 | M54: =IF(OR(H54="－",AND(I54="－",J54="－")),"",IF(OR(H54<I54,H54>J54),1,""))
B55: 3 | C55: 施設サービス | D55: 令和9年度 | E55: 要介護1 | F55: =IF('(参考)1人(1回(日))1月あたり給付費(施設)'!$O$61="","",O55) -> 11250972 | G55: =IF('(参考)1人(1回(日))1月あたり給付費(施設)'!$O$61="","",P55) -> 4 | H55: =IF(ISERROR((F55/G55)/12)=TRUE,"－",(F55/G55)/12) -> 234395.25 | I55: =data!I50 -> 201915 | J55: =data!J50 -> 298995 | K55: =IF(H55="－","",IF(H55<I55,"下限値を\"&TEXT(ROUND(I55-H55,0),"#,##0")&"下回っています。",IF(H55>J55,"上限値を\"&TEXT(ROUND(H55-J55,0),"#,##0")&"上回っています。","閾値の範囲内です。"))) -> 閾値の範囲内です。 | M55: =IF(OR(H55="－",AND(I55="－",J55="－")),"",IF(OR(H55<I55,H55>J55),1,"")) | N55: =IF(AND(F55="",G55=""),"",1) -> 1 | O55: =SUM('(参考)1人(1回(日))1月あたり給付費(施設)'!F7,'(参考)1人(1回(日))1月あたり給付費(施設)'!F25,'(参考)1人(1回(日))1月あたり給付費(施設)'!F43) -> 11250972 | P55: =SUM('(参考)1人(1回(日))1月あたり給付費(施設)'!G7,'(参考)1人(1回(日))1月あたり給付費(施設)'!G25,'(参考)1人(1回(日))1月あたり給付費(施設)'!G43) -> 4
C56: =C55 -> 施設サービス | E56: 要介護2 | F56: =IF('(参考)1人(1回(日))1月あたり給付費(施設)'!$O$61="","",O56) -> 15819876 | G56: =IF('(参考)1人(1回(日))1月あたり給付費(施設)'!$O$61="","",P56) -> 5 | H56: =IF(ISERROR((F56/G56)/12)=TRUE,"－",(F56/G56)/12) -> 263664.6 | I56: =data!I51 -> 216100 | J56: =data!J51 -> 317030 | K56: =IF(H56="－","",IF(H56<I56,"下限値を\"&TEXT(ROUND(I56-H56,0),"#,##0")&"下回っています。",IF(H56>J56,"上限値を\"&TEXT(ROUND(H56-J56,0),"#,##0")&"上回っています。","閾値の範囲内です。"))) -> 閾値の範囲内です。 | M56: =IF(OR(H56="－",AND(I56="－",J56="－")),"",IF(OR(H56<I56,H56>J56),1,"")) | N56: =IF(AND(F56="",G56=""),"",1) -> 1 | O56: =SUM('(参考)1人(1回(日))1月あたり給付費(施設)'!F8,'(参考)1人(1回(日))1月あたり給付費(施設)'!F26,'(参考)1人(1回(日))1月あたり給付費(施設)'!F44) -> 15819876 | P56: =SUM('(参考)1人(1回(日))1月あたり給付費(施設)'!G8,'(参考)1人(1回(日))1月あたり給付費(施設)'!G26,'(参考)1人(1回(日))1月あたり給付費(施設)'!G44) -> 5
C57: =C56 -> 施設サービス | E57: 要介護3 | F57: =IF('(参考)1人(1回(日))1月あたり給付費(施設)'!$O$61="","",O57) -> 79739952 | G57: =IF('(参考)1人(1回(日))1月あたり給付費(施設)'!$O$61="","",P57) -> 26 | H57: =IF(ISERROR((F57/G57)/12)=TRUE,"－",(F57/G57)/12) -> 255576.77 | I57: =data!I52 -> 227895 | J57: =data!J52 -> 311125 | K57: =IF(H57="－","",IF(H57<I57,"下限値を\"&TEXT(ROUND(I57-H57,0),"#,##0")&"下回っています。",IF(H57>J57,"上限値を\"&TEXT(ROUND(H57-J57,0),"#,##0")&"上回っています。","閾値の範囲内です。"))) -> 閾値の範囲内です。 | M57: =IF(OR(H57="－",AND(I57="－",J57="－")),"",IF(OR(H57<I57,H57>J57),1,"")) | N57: =IF(AND(F57="",G57=""),"",1) -> 1 | O57: =SUM('(参考)1人(1回(日))1月あたり給付費(施設)'!F9,'(参考)1人(1回(日))1月あたり給付費(施設)'!F27,'(参考)1人(1回(日))1月あたり給付費(施設)'!F45) -> 79739952 | P57: =SUM('(参考)1人(1回(日))1月あたり給付費(施設)'!G9,'(参考)1人(1回(日))1月あたり給付費(施設)'!G27,'(参考)1人(1回(日))1月あたり給付費(施設)'!G45) -> 26
C58: =C57 -> 施設サービス | E58: 要介護4 | F58: =IF('(参考)1人(1回(日))1月あたり給付費(施設)'!$O$61="","",O58) -> 107043060 | G58: =IF('(参考)1人(1回(日))1月あたり給付費(施設)'!$O$61="","",P58) -> 35 | H58: =IF(ISERROR((F58/G58)/12)=TRUE,"－",(F58/G58)/12) -> 254864.43 | I58: =data!I53 -> 245085 | J58: =data!J53 -> 332735 | K58: =IF(H58="－","",IF(H58<I58,"下限値を\"&TEXT(ROUND(I58-H58,0),"#,##0")&"下回っています。",IF(H58>J58,"上限値を\"&TEXT(ROUND(H58-J58,0),"#,##0")&"上回っています。","閾値の範囲内です。"))) -> 閾値の範囲内です。 | M58: =IF(OR(H58="－",AND(I58="－",J58="－")),"",IF(OR(H58<I58,H58>J58),1,"")) | N58: =IF(AND(F58="",G58=""),"",1) -> 1 | O58: =SUM('(参考)1人(1回(日))1月あたり給付費(施設)'!F10,'(参考)1人(1回(日))1月あたり給付費(施設)'!F28,'(参考)1人(1回(日))1月あたり給付費(施設)'!F46) -> 107043060 | P58: =SUM('(参考)1人(1回(日))1月あたり給付費(施設)'!G10,'(参考)1人(1回(日))1月あたり給付費(施設)'!G28,'(参考)1人(1回(日))1月あたり給付費(施設)'!G46) -> 35
C59: =C58 -> 施設サービス | E59: 要介護5 | F59: =IF('(参考)1人(1回(日))1月あたり給付費(施設)'!$O$61="","",O59) -> 50484864 | G59: =IF('(参考)1人(1回(日))1月あたり給付費(施設)'!$O$61="","",P59) -> 15 | H59: =IF(ISERROR((F59/G59)/12)=TRUE,"－",(F59/G59)/12) -> 280471.47 | I59: =data!I54 -> 260980 | J59: =data!J54 -> 358565 | K59: =IF(H59="－","",IF(H59<I59,"下限値を\"&TEXT(ROUND(I59-H59,0),"#,##0")&"下回っています。",IF(H59>J59,"上限値を\"&TEXT(ROUND(H59-J59,0),"#,##0")&"上回っています。","閾値の範囲内です。"))) -> 閾値の範囲内です。 | M59: =IF(OR(H59="－",AND(I59="－",J59="－")),"",IF(OR(H59<I59,H59>J59),1,"")) | N59: =IF(AND(F59="",G59=""),"",1) -> 1 | O59: =SUM('(参考)1人(1回(日))1月あたり給付費(施設)'!F11,'(参考)1人(1回(日))1月あたり給付費(施設)'!F29,'(参考)1人(1回(日))1月あたり給付費(施設)'!F47) -> 50484864 | P59: =SUM('(参考)1人(1回(日))1月あたり給付費(施設)'!G11,'(参考)1人(1回(日))1月あたり給付費(施設)'!G29,'(参考)1人(1回(日))1月あたり給付費(施設)'!G47) -> 15
C60: =C59 -> 施設サービス | E60: 合計 | F60: =SUM(F55:F59) -> 264338724 | G60: =SUM(G55:G59) -> 85 | H60: =IF(ISERROR((F60/G60)/12)=TRUE,"－",(F60/G60)/12) -> 259155.61 | I60: =data!I55 -> 243520 | J60: =data!J55 -> 326890 | K60: =IF(H60="－","",IF(H60<I60,"下限値を\"&TEXT(ROUND(I60-H60,0),"#,##0")&"下回っています。",IF(H60>J60,"上限値を\"&TEXT(ROUND(H60-J60,0),"#,##0")&"上回っています。","閾値の範囲内です。"))) -> 閾値の範囲内です。 | M60: =IF(OR(H60="－",AND(I60="－",J60="－")),"",IF(OR(H60<I60,H60>J60),1,""))
C61: =C60 -> 施設サービス | D61: 令和10年度 | E61: 要介護1 | F61: =IF('(参考)1人(1回(日))1月あたり給付費(施設)'!$O$61="","",O61) -> 11250972 | G61: =IF('(参考)1人(1回(日))1月あたり給付費(施設)'!$O$61="","",P61) -> 4 | H61: =IF(ISERROR((F61/G61)/12)=TRUE,"－",(F61/G61)/12) -> 234395.25 | I61: =I55 -> 201915 | J61: =J55 -> 298995 | K61: =IF(H61="－","",IF(H61<I61,"下限値を\"&TEXT(ROUND(I61-H61,0),"#,##0")&"下回っています。",IF(H61>J61,"上限値を\"&TEXT(ROUND(H61-J61,0),"#,##0")&"上回っています。","閾値の範囲内です。"))) -> 閾値の範囲内です。 | M61: =IF(OR(H61="－",AND(I61="－",J61="－")),"",IF(OR(H61<I61,H61>J61),1,"")) | N61: =IF(AND(F61="",G61=""),"",1) -> 1 | O61: =SUM('(参考)1人(1回(日))1月あたり給付費(施設)'!F13,'(参考)1人(1回(日))1月あたり給付費(施設)'!F31,'(参考)1人(1回(日))1月あたり給付費(施設)'!F49) -> 11250972 | P61: =SUM('(参考)1人(1回(日))1月あたり給付費(施設)'!G13,'(参考)1人(1回(日))1月あたり給付費(施設)'!G31,'(参考)1人(1回(日))1月あたり給付費(施設)'!G49) -> 4
C62: =C61 -> 施設サービス | E62: 要介護2 | F62: =IF('(参考)1人(1回(日))1月あたり給付費(施設)'!$O$61="","",O62) -> 15819876 | G62: =IF('(参考)1人(1回(日))1月あたり給付費(施設)'!$O$61="","",P62) -> 5 | H62: =IF(ISERROR((F62/G62)/12)=TRUE,"－",(F62/G62)/12) -> 263664.6 | I62: =I56 -> 216100 | J62: =J56 -> 317030 | K62: =IF(H62="－","",IF(H62<I62,"下限値を\"&TEXT(ROUND(I62-H62,0),"#,##0")&"下回っています。",IF(H62>J62,"上限値を\"&TEXT(ROUND(H62-J62,0),"#,##0")&"上回っています。","閾値の範囲内です。"))) -> 閾値の範囲内です。 | M62: =IF(OR(H62="－",AND(I62="－",J62="－")),"",IF(OR(H62<I62,H62>J62),1,"")) | N62: =IF(AND(F62="",G62=""),"",1) -> 1 | O62: =SUM('(参考)1人(1回(日))1月あたり給付費(施設)'!F14,'(参考)1人(1回(日))1月あたり給付費(施設)'!F32,'(参考)1人(1回(日))1月あたり給付費(施設)'!F50) -> 15819876 | P62: =SUM('(参考)1人(1回(日))1月あたり給付費(施設)'!G14,'(参考)1人(1回(日))1月あたり給付費(施設)'!G32,'(参考)1人(1回(日))1月あたり給付費(施設)'!G50) -> 5
C63: =C62 -> 施設サービス | E63: 要介護3 | F63: =IF('(参考)1人(1回(日))1月あたり給付費(施設)'!$O$61="","",O63) -> 79739952 | G63: =IF('(参考)1人(1回(日))1月あたり給付費(施設)'!$O$61="","",P63) -> 26 | H63: =IF(ISERROR((F63/G63)/12)=TRUE,"－",(F63/G63)/12) -> 255576.77 | I63: =I57 -> 227895 | J63: =J57 -> 311125 | K63: =IF(H63="－","",IF(H63<I63,"下限値を\"&TEXT(ROUND(I63-H63,0),"#,##0")&"下回っています。",IF(H63>J63,"上限値を\"&TEXT(ROUND(H63-J63,0),"#,##0")&"上回っています。","閾値の範囲内です。"))) -> 閾値の範囲内です。 | M63: =IF(OR(H63="－",AND(I63="－",J63="－")),"",IF(OR(H63<I63,H63>J63),1,"")) | N63: =IF(AND(F63="",G63=""),"",1) -> 1 | O63: =SUM('(参考)1人(1回(日))1月あたり給付費(施設)'!F15,'(参考)1人(1回(日))1月あたり給付費(施設)'!F33,'(参考)1人(1回(日))1月あたり給付費(施設)'!F51) -> 79739952 | P63: =SUM('(参考)1人(1回(日))1月あたり給付費(施設)'!G15,'(参考)1人(1回(日))1月あたり給付費(施設)'!G33,'(参考)1人(1回(日))1月あたり給付費(施設)'!G51) -> 26
C64: =C63 -> 施設サービス | E64: 要介護4 | F64: =IF('(参考)1人(1回(日))1月あたり給付費(施設)'!$O$61="","",O64) -> 107043060 | G64: =IF('(参考)1人(1回(日))1月あたり給付費(施設)'!$O$61="","",P64) -> 35 | H64: =IF(ISERROR((F64/G64)/12)=TRUE,"－",(F64/G64)/12) -> 254864.43 | I64: =I58 -> 245085 | J64: =J58 -> 332735 | K64: =IF(H64="－","",IF(H64<I64,"下限値を\"&TEXT(ROUND(I64-H64,0),"#,##0")&"下回っています。",IF(H64>J64,"上限値を\"&TEXT(ROUND(H64-J64,0),"#,##0")&"上回っています。","閾値の範囲内です。"))) -> 閾値の範囲内です。 | M64: =IF(OR(H64="－",AND(I64="－",J64="－")),"",IF(OR(H64<I64,H64>J64),1,"")) | N64: =IF(AND(F64="",G64=""),"",1) -> 1 | O64: =SUM('(参考)1人(1回(日))1月あたり給付費(施設)'!F16,'(参考)1人(1回(日))1月あたり給付費(施設)'!F34,'(参考)1人(1回(日))1月あたり給付費(施設)'!F52) -> 107043060 | P64: =SUM('(参考)1人(1回(日))1月あたり給付費(施設)'!G16,'(参考)1人(1回(日))1月あたり給付費(施設)'!G34,'(参考)1人(1回(日))1月あたり給付費(施設)'!G52) -> 35
C65: =C64 -> 施設サービス | E65: 要介護5 | F65: =IF('(参考)1人(1回(日))1月あたり給付費(施設)'!$O$61="","",O65) -> 50484864 | G65: =IF('(参考)1人(1回(日))1月あたり給付費(施設)'!$O$61="","",P65) -> 15 | H65: =IF(ISERROR((F65/G65)/12)=TRUE,"－",(F65/G65)/12) -> 280471.47 | I65: =I59 -> 260980 | J65: =J59 -> 358565 | K65: =IF(H65="－","",IF(H65<I65,"下限値を\"&TEXT(ROUND(I65-H65,0),"#,##0")&"下回っています。",IF(H65>J65,"上限値を\"&TEXT(ROUND(H65-J65,0),"#,##0")&"上回っています。","閾値の範囲内です。"))) -> 閾値の範囲内です。 | M65: =IF(OR(H65="－",AND(I65="－",J65="－")),"",IF(OR(H65<I65,H65>J65),1,"")) | N65: =IF(AND(F65="",G65=""),"",1) -> 1 | O65: =SUM('(参考)1人(1回(日))1月あたり給付費(施設)'!F17,'(参考)1人(1回(日))1月あたり給付費(施設)'!F35,'(参考)1人(1回(日))1月あたり給付費(施設)'!F53) -> 50484864 | P65: =SUM('(参考)1人(1回(日))1月あたり給付費(施設)'!G17,'(参考)1人(1回(日))1月あたり給付費(施設)'!G35,'(参考)1人(1回(日))1月あたり給付費(施設)'!G53) -> 15
C66: =C65 -> 施設サービス | E66: 合計 | F66: =SUM(F61:F65) -> 264338724 | G66: =SUM(G61:G65) -> 85 | H66: =IF(ISERROR((F66/G66)/12)=TRUE,"－",(F66/G66)/12) -> 259155.61 | I66: =I60 -> 243520 | J66: =J60 -> 326890 | K66: =IF(H66="－","",IF(H66<I66,"下限値を\"&TEXT(ROUND(I66-H66,0),"#,##0")&"下回っています。",IF(H66>J66,"上限値を\"&TEXT(ROUND(H66-J66,0),"#,##0")&"上回っています。","閾値の範囲内です。"))) -> 閾値の範囲内です。 | M66: =IF(OR(H66="－",AND(I66="－",J66="－")),"",IF(OR(H66<I66,H66>J66),1,""))
C67: =C66 -> 施設サービス | D67: 令和11年度 | E67: 要介護1 | F67: =IF('(参考)1人(1回(日))1月あたり給付費(施設)'!$O$61="","",O67) -> 11250972 | G67: =IF('(参考)1人(1回(日))1月あたり給付費(施設)'!$O$61="","",P67) -> 4 | H67: =IF(ISERROR((F67/G67)/12)=TRUE,"－",(F67/G67)/12) -> 234395.25 | I67: =I61 -> 201915 | J67: =J61 -> 298995 | K67: =IF(H67="－","",IF(H67<I67,"下限値を\"&TEXT(ROUND(I67-H67,0),"#,##0")&"下回っています。",IF(H67>J67,"上限値を\"&TEXT(ROUND(H67-J67,0),"#,##0")&"上回っています。","閾値の範囲内です。"))) -> 閾値の範囲内です。 | M67: =IF(OR(H67="－",AND(I67="－",J67="－")),"",IF(OR(H67<I67,H67>J67),1,"")) | N67: =IF(AND(F67="",G67=""),"",1) -> 1 | O67: =SUM('(参考)1人(1回(日))1月あたり給付費(施設)'!F19,'(参考)1人(1回(日))1月あたり給付費(施設)'!F37,'(参考)1人(1回(日))1月あたり給付費(施設)'!F55) -> 11250972 | P67: =SUM('(参考)1人(1回(日))1月あたり給付費(施設)'!G19,'(参考)1人(1回(日))1月あたり給付費(施設)'!G37,'(参考)1人(1回(日))1月あたり給付費(施設)'!G55) -> 4
C68: =C67 -> 施設サービス | E68: 要介護2 | F68: =IF('(参考)1人(1回(日))1月あたり給付費(施設)'!$O$61="","",O68) -> 15819876 | G68: =IF('(参考)1人(1回(日))1月あたり給付費(施設)'!$O$61="","",P68) -> 5 | H68: =IF(ISERROR((F68/G68)/12)=TRUE,"－",(F68/G68)/12) -> 263664.6 | I68: =I62 -> 216100 | J68: =J62 -> 317030 | K68: =IF(H68="－","",IF(H68<I68,"下限値を\"&TEXT(ROUND(I68-H68,0),"#,##0")&"下回っています。",IF(H68>J68,"上限値を\"&TEXT(ROUND(H68-J68,0),"#,##0")&"上回っています。","閾値の範囲内です。"))) -> 閾値の範囲内です。 | M68: =IF(OR(H68="－",AND(I68="－",J68="－")),"",IF(OR(H68<I68,H68>J68),1,"")) | N68: =IF(AND(F68="",G68=""),"",1) -> 1 | O68: =SUM('(参考)1人(1回(日))1月あたり給付費(施設)'!F20,'(参考)1人(1回(日))1月あたり給付費(施設)'!F38,'(参考)1人(1回(日))1月あたり給付費(施設)'!F56) -> 15819876 | P68: =SUM('(参考)1人(1回(日))1月あたり給付費(施設)'!G20,'(参考)1人(1回(日))1月あたり給付費(施設)'!G38,'(参考)1人(1回(日))1月あたり給付費(施設)'!G56) -> 5
C69: =C68 -> 施設サービス | E69: 要介護3 | F69: =IF('(参考)1人(1回(日))1月あたり給付費(施設)'!$O$61="","",O69) -> 79739952 | G69: =IF('(参考)1人(1回(日))1月あたり給付費(施設)'!$O$61="","",P69) -> 26 | H69: =IF(ISERROR((F69/G69)/12)=TRUE,"－",(F69/G69)/12) -> 255576.77 | I69: =I63 -> 227895 | J69: =J63 -> 311125 | K69: =IF(H69="－","",IF(H69<I69,"下限値を\"&TEXT(ROUND(I69-H69,0),"#,##0")&"下回っています。",IF(H69>J69,"上限値を\"&TEXT(ROUND(H69-J69,0),"#,##0")&"上回っています。","閾値の範囲内です。"))) -> 閾値の範囲内です。 | M69: =IF(OR(H69="－",AND(I69="－",J69="－")),"",IF(OR(H69<I69,H69>J69),1,"")) | N69: =IF(AND(F69="",G69=""),"",1) -> 1 | O69: =SUM('(参考)1人(1回(日))1月あたり給付費(施設)'!F21,'(参考)1人(1回(日))1月あたり給付費(施設)'!F39,'(参考)1人(1回(日))1月あたり給付費(施設)'!F57) -> 79739952 | P69: =SUM('(参考)1人(1回(日))1月あたり給付費(施設)'!G21,'(参考)1人(1回(日))1月あたり給付費(施設)'!G39,'(参考)1人(1回(日))1月あたり給付費(施設)'!G57) -> 26
C70: =C69 -> 施設サービス | E70: 要介護4 | F70: =IF('(参考)1人(1回(日))1月あたり給付費(施設)'!$O$61="","",O70) -> 107043060 | G70: =IF('(参考)1人(1回(日))1月あたり給付費(施設)'!$O$61="","",P70) -> 35 | H70: =IF(ISERROR((F70/G70)/12)=TRUE,"－",(F70/G70)/12) -> 254864.43 | I70: =I64 -> 245085 | J70: =J64 -> 332735 | K70: =IF(H70="－","",IF(H70<I70,"下限値を\"&TEXT(ROUND(I70-H70,0),"#,##0")&"下回っています。",IF(H70>J70,"上限値を\"&TEXT(ROUND(H70-J70,0),"#,##0")&"上回っています。","閾値の範囲内です。"))) -> 閾値の範囲内です。 | M70: =IF(OR(H70="－",AND(I70="－",J70="－")),"",IF(OR(H70<I70,H70>J70),1,"")) | N70: =IF(AND(F70="",G70=""),"",1) -> 1 | O70: =SUM('(参考)1人(1回(日))1月あたり給付費(施設)'!F22,'(参考)1人(1回(日))1月あたり給付費(施設)'!F40,'(参考)1人(1回(日))1月あたり給付費(施設)'!F58) -> 107043060 | P70: =SUM('(参考)1人(1回(日))1月あたり給付費(施設)'!G22,'(参考)1人(1回(日))1月あたり給付費(施設)'!G40,'(参考)1人(1回(日))1月あたり給付費(施設)'!G58) -> 35
C71: =C70 -> 施設サービス | E71: 要介護5 | F71: =IF('(参考)1人(1回(日))1月あたり給付費(施設)'!$O$61="","",O71) -> 50484864 | G71: =IF('(参考)1人(1回(日))1月あたり給付費(施設)'!$O$61="","",P71) -> 15 | H71: =IF(ISERROR((F71/G71)/12)=TRUE,"－",(F71/G71)/12) -> 280471.47 | I71: =I65 -> 260980 | J71: =J65 -> 358565 | K71: =IF(H71="－","",IF(H71<I71,"下限値を\"&TEXT(ROUND(I71-H71,0),"#,##0")&"下回っています。",IF(H71>J71,"上限値を\"&TEXT(ROUND(H71-J71,0),"#,##0")&"上回っています。","閾値の範囲内です。"))) -> 閾値の範囲内です。 | M71: =IF(OR(H71="－",AND(I71="－",J71="－")),"",IF(OR(H71<I71,H71>J71),1,"")) | N71: =IF(AND(F71="",G71=""),"",1) -> 1 | O71: =SUM('(参考)1人(1回(日))1月あたり給付費(施設)'!F23,'(参考)1人(1回(日))1月あたり給付費(施設)'!F41,'(参考)1人(1回(日))1月あたり給付費(施設)'!F59) -> 50484864 | P71: =SUM('(参考)1人(1回(日))1月あたり給付費(施設)'!G23,'(参考)1人(1回(日))1月あたり給付費(施設)'!G41,'(参考)1人(1回(日))1月あたり給付費(施設)'!G59) -> 15
C72: =C71 -> 施設サービス | E72: 合計 | F72: =SUM(F67:F71) -> 264338724 | G72: =SUM(G67:G71) -> 85 | H72: =IF(ISERROR((F72/G72)/12)=TRUE,"－",(F72/G72)/12) -> 259155.61 | I72: =I66 -> 243520 | J72: =J66 -> 326890 | K72: =IF(H72="－","",IF(H72<I72,"下限値を\"&TEXT(ROUND(I72-H72,0),"#,##0")&"下回っています。",IF(H72>J72,"上限値を\"&TEXT(ROUND(H72-J72,0),"#,##0")&"上回っています。","閾値の範囲内です。"))) -> 閾値の範囲内です。 | M72: =IF(OR(H72="－",AND(I72="－",J72="－")),"",IF(OR(H72<I72,H72>J72),1,""))
N73: =IF(COUNTIF(N7:N72,1)>0,1,"") -> 1

Sheet (参考)1人(1回(日))1月あたり給付費(在宅)
A1: 将来推計ワーニングチェック結果詳細
B3: （参考）サービス種類毎の要介護度別1人(1回(日))1月あたり給付費【在宅サービス】
B5: No. | C5: ワーニング対象指標値 | D5: 年度／要介護(支援) | F5: 給付費 | G5: 利用者数 | H5: 利用回(日)数 | I5: 給付費÷利用者数(÷利用回(日)数)÷12 (チェック対象) | J5: 閾値 | L5: チェック結果
J6: 下限値 | K6: 上限値
B7: 1 | C7: 訪問介護 | D7: 令和9年度 | E7: 要介護1 | F7: 5234616 | G7: 15 | H7: 9.2 | I7: =IF(H7="－",IF(ISERROR(F7/G7/12)=TRUE,"－",F7/G7/12),IF(ISERROR(F7/G7/H7/12)=TRUE,"－",F7/G7/H7/12)) -> 3161 | J7: =IF(data!I56<0,0,data!I56) -> 1935 | K7: =IF(data!J56<0,0,data!J56) -> 4205 | L7: =IF(I7="－","",IF(I7<J7,"下限値を\"&TEXT(ROUND(J7-I7,0),"#,##0")&"下回っています。",IF(I7>K7,"上限値を\"&TEXT(ROUND(I7-K7,0),"#,##0")&"上回っています。","閾値の範囲内です。"))) -> 閾値の範囲内です。 | N7: =IF(OR(I7="－",AND(J7="－",K7="－")),"",IF(OR(I7<J7,I7>K7),1,"")) | O7: =IF(OR(AND(F7="",G7="",H7="－"),AND(F7="",G7="",H7="")),"",1) -> 1
C8: =C7 -> 訪問介護 | E8: 要介護2 | F8: 4644948 | G8: 10 | H8: 12.1 | I8: =IF(H8="－",IF(ISERROR(F8/G8/12)=TRUE,"－",F8/G8/12),IF(ISERROR(F8/G8/H8/12)=TRUE,"－",F8/G8/H8/12)) -> 3199 | J8: =IF(data!I57<0,0,data!I57) -> 1860 | K8: =IF(data!J57<0,0,data!J57) -> 4110 | L8: =IF(I8="－","",IF(I8<J8,"下限値を\"&TEXT(ROUND(J8-I8,0),"#,##0")&"下回っています。",IF(I8>K8,"上限値を\"&TEXT(ROUND(I8-K8,0),"#,##0")&"上回っています。","閾値の範囲内です。"))) -> 閾値の範囲内です。 | N8: =IF(OR(I8="－",AND(J8="－",K8="－")),"",IF(OR(I8<J8,I8>K8),1,"")) | O8: =IF(OR(AND(F8="",G8="",H8="－"),AND(F8="",G8="",H8="")),"",1) -> 1
C9: =C8 -> 訪問介護 | E9: 要介護3 | F9: 16773473 | G9: 21 | H9: 19.4 | I9: =IF(H9="－",IF(ISERROR(F9/G9/12)=TRUE,"－",F9/G9/12),IF(ISERROR(F9/G9/H9/12)=TRUE,"－",F9/G9/H9/12)) -> 3431 | J9: =IF(data!I58<0,0,data!I58) -> 1820 | K9: =IF(data!J58<0,0,data!J58) -> 3875 | L9: =IF(I9="－","",IF(I9<J9,"下限値を\"&TEXT(ROUND(J9-I9,0),"#,##0")&"下回っています。",IF(I9>K9,"上限値を\"&TEXT(ROUND(I9-K9,0),"#,##0")&"上回っています。","閾値の範囲内です。"))) -> 閾値の範囲内です。 | N9: =IF(OR(I9="－",AND(J9="－",K9="－")),"",IF(OR(I9<J9,I9>K9),1,"")) | O9: =IF(OR(AND(F9="",G9="",H9="－"),AND(F9="",G9="",H9="")),"",1) -> 1
C10: =C9 -> 訪問介護 | E10: 要介護4 | F10: 6600355.2 | G10: 8 | H10: 23.7 | I10: =IF(H10="－",IF(ISERROR(F10/G10/12)=TRUE,"－",F10/G10/12),IF(ISERROR(F10/G10/H10/12)=TRUE,"－",F10/G10/H10/12)) -> 2901 | J10: =IF(data!I59<0,0,data!I59) -> 1810 | K10: =IF(data!J59<0,0,data!J59) -> 3855 | L10: =IF(I10="－","",IF(I10<J10,"下限値を\"&TEXT(ROUND(J10-I10,0),"#,##0")&"下回っています。",IF(I10>K10,"上限値を\"&TEXT(ROUND(I10-K10,0),"#,##0")&"上回っています。","閾値の範囲内です。"))) -> 閾値の範囲内です。 | N10: =IF(OR(I10="－",AND(J10="－",K10="－")),"",IF(OR(I10<J10,I10>K10),1,"")) | O10: =IF(OR(AND(F10="",G10="",H10="－"),AND(F10="",G10="",H10="")),"",1) -> 1
C11: =C10 -> 訪問介護 | E11: 要介護5 | F11: 12712036 | G11: 11 | H11: 39.1 | I11: =IF(H11="－",IF(ISERROR(F11/G11/12)=TRUE,"－",F11/G11/12),IF(ISERROR(F11/G11/H11/12)=TRUE,"－",F11/G11/H11/12)) -> 2463 | J11: =IF(data!I60<0,0,data!I60) -> 1765 | K11: =IF(data!J60<0,0,data!J60) -> 4205 | L11: =IF(I11="－","",IF(I11<J11,"下限値を\"&TEXT(ROUND(J11-I11,0),"#,##0")&"下回っています。",IF(I11>K11,"上限値を\"&TEXT(ROUND(I11-K11,0),"#,##0")&"上回っています。","閾値の範囲内です。"))) -> 閾値の範囲内です。 | N11: =IF(OR(I11="－",AND(J11="－",K11="－")),"",IF(OR(I11<J11,I11>K11),1,"")) | O11: =IF(OR(AND(F11="",G11="",H11="－"),AND(F11="",G11="",H11="")),"",1) -> 1
C12: =C11 -> 訪問介護 | E12: 合計 | F12: =SUM(F7:F11) -> 45965428 | G12: =SUM(G7:G11) -> 65 | H12: =IF(ISERROR((G7*H7+G8*H8+G9*H9+G10*H10+G11*H11)/G12)=TRUE,"－",(G7*H7+G8*H8+G9*H9+G10*H10+G11*H11)/G12) -> 19.786154 | I12: =IF(H12="－",IF(ISERROR(F12/G12/12)=TRUE,"－",F12/G12/12),IF(ISERROR(F12/G12/H12/12)=TRUE,"－",F12/G12/H12/12)) -> 2978.3472 | J12: =IF(data!I61<0,0,data!I61) -> 2025 | K12: =IF(data!J61<0,0,data!J61) -> 3820 | L12: =IF(I12="－","",IF(I12<J12,"下限値を\"&TEXT(ROUND(J12-I12,0),"#,##0")&"下回っています。",IF(I12>K12,"上限値を\"&TEXT(ROUND(I12-K12,0),"#,##0")&"上回っています。","閾値の範囲内です。"))) -> 閾値の範囲内です。 | N12: =IF(OR(I12="－",AND(J12="－",K12="－")),"",IF(OR(I12<J12,I12>K12),1,""))
C13: =C12 -> 訪問介護 | D13: 令和10年度 | E13: 要介護1 | F13: 5234616 | G13: 15 | H13: 9.2 | I13: =IF(H13="－",IF(ISERROR(F13/G13/12)=TRUE,"－",F13/G13/12),IF(ISERROR(F13/G13/H13/12)=TRUE,"－",F13/G13/H13/12)) -> 3161 | J13: =J7 -> 1935 | K13: =K7 -> 4205 | L13: =IF(I13="－","",IF(I13<J13,"下限値を\"&TEXT(ROUND(J13-I13,0),"#,##0")&"下回っています。",IF(I13>K13,"上限値を\"&TEXT(ROUND(I13-K13,0),"#,##0")&"上回っています。","閾値の範囲内です。"))) -> 閾値の範囲内です。 | N13: =IF(OR(I13="－",AND(J13="－",K13="－")),"",IF(OR(I13<J13,I13>K13),1,"")) | O13: =IF(OR(AND(F13="",G13="",H13="－"),AND(F13="",G13="",H13="")),"",1) -> 1
C14: =C13 -> 訪問介護 | E14: 要介護2 | F14: 4644948 | G14: 10 | H14: 12.1 | I14: =IF(H14="－",IF(ISERROR(F14/G14/12)=TRUE,"－",F14/G14/12),IF(ISERROR(F14/G14/H14/12)=TRUE,"－",F14/G14/H14/12)) -> 3199 | J14: =J8 -> 1860 | K14: =K8 -> 4110 | L14: =IF(I14="－","",IF(I14<J14,"下限値を\"&TEXT(ROUND(J14-I14,0),"#,##0")&"下回っています。",IF(I14>K14,"上限値を\"&TEXT(ROUND(I14-K14,0),"#,##0")&"上回っています。","閾値の範囲内です。"))) -> 閾値の範囲内です。 | N14: =IF(OR(I14="－",AND(J14="－",K14="－")),"",IF(OR(I14<J14,I14>K14),1,"")) | O14: =IF(OR(AND(F14="",G14="",H14="－"),AND(F14="",G14="",H14="")),"",1) -> 1
C15: =C14 -> 訪問介護 | E15: 要介護3 | F15: 16773473 | G15: 21 | H15: 19.4 | I15: =IF(H15="－",IF(ISERROR(F15/G15/12)=TRUE,"－",F15/G15/12),IF(ISERROR(F15/G15/H15/12)=TRUE,"－",F15/G15/H15/12)) -> 3431 | J15: =J9 -> 1820 | K15: =K9 -> 3875 | L15: =IF(I15="－","",IF(I15<J15,"下限値を\"&TEXT(ROUND(J15-I15,0),"#,##0")&"下回っています。",IF(I15>K15,"上限値を\"&TEXT(ROUND(I15-K15,0),"#,##0")&"上回っています。","閾値の範囲内です。"))) -> 閾値の範囲内です。 | N15: =IF(OR(I15="－",AND(J15="－",K15="－")),"",IF(OR(I15<J15,I15>K15),1,"")) | O15: =IF(OR(AND(F15="",G15="",H15="－"),AND(F15="",G15="",H15="")),"",1) -> 1
C16: =C15 -> 訪問介護 | E16: 要介護4 | F16: 5775310.8 | G16: 7 | H16: 23.7 | I16: =IF(H16="－",IF(ISERROR(F16/G16/12)=TRUE,"－",F16/G16/12),IF(ISERROR(F16/G16/H16/12)=TRUE,"－",F16/G16/H16/12)) -> 2901 | J16: =J10 -> 1810 | K16: =K10 -> 3855 | L16: =IF(I16="－","",IF(I16<J16,"下限値を\"&TEXT(ROUND(J16-I16,0),"#,##0")&"下回っています。",IF(I16>K16,"上限値を\"&TEXT(ROUND(I16-K16,0),"#,##0")&"上回っています。","閾値の範囲内です。"))) -> 閾値の範囲内です。 | N16: =IF(OR(I16="－",AND(J16="－",K16="－")),"",IF(OR(I16<J16,I16>K16),1,"")) | O16: =IF(OR(AND(F16="",G16="",H16="－"),AND(F16="",G16="",H16="")),"",1) -> 1
C17: =C16 -> 訪問介護 | E17: 要介護5 | F17: 12712036 | G17: 11 | H17: 39.1 | I17: =IF(H17="－",IF(ISERROR(F17/G17/12)=TRUE,"－",F17/G17/12),IF(ISERROR(F17/G17/H17/12)=TRUE,"－",F17/G17/H17/12)) -> 2463 | J17: =J11 -> 1765 | K17: =K11 -> 4205 | L17: =IF(I17="－","",IF(I17<J17,"下限値を\"&TEXT(ROUND(J17-I17,0),"#,##0")&"下回っています。",IF(I17>K17,"上限値を\"&TEXT(ROUND(I17-K17,0),"#,##0")&"上回っています。","閾値の範囲内です。"))) -> 閾値の範囲内です。 | N17: =IF(OR(I17="－",AND(J17="－",K17="－")),"",IF(OR(I17<J17,I17>K17),1,"")) | O17: =IF(OR(AND(F17="",G17="",H17="－"),AND(F17="",G17="",H17="")),"",1) -> 1
C18: =C17 -> 訪問介護 | E18: 合計 | F18: =SUM(F13:F17) -> 45140383 | G18: =SUM(G13:G17) -> 64 | H18: =IF(ISERROR((G13*H13+G14*H14+G15*H15+G16*H16+G17*H17)/G18)=TRUE,"－",(G13*H13+G14*H14+G15*H15+G16*H16+G17*H17)/G18) -> 19.725 | I18: =IF(H18="－",IF(ISERROR(F18/G18/12)=TRUE,"－",F18/G18/12),IF(ISERROR(F18/G18/H18/12)=TRUE,"－",F18/G18/H18/12)) -> 2979.7993 | J18: =J12 -> 2025 | K18: =K12 -> 3820 | L18: =IF(I18="－","",IF(I18<J18,"下限値を\"&TEXT(ROUND(J18-I18,0),"#,##0")&"下回っています。",IF(I18>K18,"上限値を\"&TEXT(ROUND(I18-K18,0),"#,##0")&"上回っています。","閾値の範囲内です。"))) -> 閾値の範囲内です。 | N18: =IF(OR(I18="－",AND(J18="－",K18="－")),"",IF(OR(I18<J18,I18>K18),1,""))
C19: =C18 -> 訪問介護 | D19: 令和11年度 | E19: 要介護1 | F19: 5234616 | G19: 15 | H19: 9.2 | I19: =IF(H19="－",IF(ISERROR(F19/G19/12)=TRUE,"－",F19/G19/12),IF(ISERROR(F19/G19/H19/12)=TRUE,"－",F19/G19/H19/12)) -> 3161 | J19: =J13 -> 1935 | K19: =K13 -> 4205 | L19: =IF(I19="－","",IF(I19<J19,"下限値を\"&TEXT(ROUND(J19-I19,0),"#,##0")&"下回っています。",IF(I19>K19,"上限値を\"&TEXT(ROUND(I19-K19,0),"#,##0")&"上回っています。","閾値の範囲内です。"))) -> 閾値の範囲内です。 | N19: =IF(OR(I19="－",AND(J19="－",K19="－")),"",IF(OR(I19<J19,I19>K19),1,"")) | O19: =IF(OR(AND(F19="",G19="",H19="－"),AND(F19="",G19="",H19="")),"",1) -> 1
C20: =C19 -> 訪問介護 | E20: 要介護2 | F20: 4644948 | G20: 10 | H20: 12.1 | I20: =IF(H20="－",IF(ISERROR(F20/G20/12)=TRUE,"－",F20/G20/12),IF(ISERROR(F20/G20/H20/12)=TRUE,"－",F20/G20/H20/12)) -> 3199 | J20: =J14 -> 1860 | K20: =K14 -> 4110 | L20: =IF(I20="－","",IF(I20<J20,"下限値を\"&TEXT(ROUND(J20-I20,0),"#,##0")&"下回っています。",IF(I20>K20,"上限値を\"&TEXT(ROUND(I20-K20,0),"#,##0")&"上回っています。","閾値の範囲内です。"))) -> 閾値の範囲内です。 | N20: =IF(OR(I20="－",AND(J20="－",K20="－")),"",IF(OR(I20<J20,I20>K20),1,"")) | O20: =IF(OR(AND(F20="",G20="",H20="－"),AND(F20="",G20="",H20="")),"",1) -> 1
C21: =C20 -> 訪問介護 | E21: 要介護3 | F21: 15974736 | G21: 20 | H21: 19.4 | I21: =IF(H21="－",IF(ISERROR(F21/G21/12)=TRUE,"－",F21/G21/12),IF(ISERROR(F21/G21/H21/12)=TRUE,"－",F21/G21/H21/12)) -> 3431 | J21: =J15 -> 1820 | K21: =K15 -> 3875 | L21: =IF(I21="－","",IF(I21<J21,"下限値を\"&TEXT(ROUND(J21-I21,0),"#,##0")&"下回っています。",IF(I21>K21,"上限値を\"&TEXT(ROUND(I21-K21,0),"#,##0")&"上回っています。","閾値の範囲内です。"))) -> 閾値の範囲内です。 | N21: =IF(OR(I21="－",AND(J21="－",K21="－")),"",IF(OR(I21<J21,I21>K21),1,"")) | O21: =IF(OR(AND(F21="",G21="",H21="－"),AND(F21="",G21="",H21="")),"",1) -> 1
C22: =C21 -> 訪問介護 | E22: 要介護4 | F22: 5775310.8 | G22: 7 | H22: 23.7 | I22: =IF(H22="－",IF(ISERROR(F22/G22/12)=TRUE,"－",F22/G22/12),IF(ISERROR(F22/G22/H22/12)=TRUE,"－",F22/G22/H22/12)) -> 2901 | J22: =J16 -> 1810 | K22: =K16 -> 3855 | L22: =IF(I22="－","",IF(I22<J22,"下限値を\"&TEXT(ROUND(J22-I22,0),"#,##0")&"下回っています。",IF(I22>K22,"上限値を\"&TEXT(ROUND(I22-K22,0),"#,##0")&"上回っています。","閾値の範囲内です。"))) -> 閾値の範囲内です。 | N22: =IF(OR(I22="－",AND(J22="－",K22="－")),"",IF(OR(I22<J22,I22>K22),1,"")) | O22: =IF(OR(AND(F22="",G22="",H22="－"),AND(F22="",G22="",H22="")),"",1) -> 1
C23: =C22 -> 訪問介護 | E23: 要介護5 | F23: 12712036 | G23: 11 | H23: 39.1 | I23: =IF(H23="－",IF(ISERROR(F23/G23/12)=TRUE,"－",F23/G23/12),IF(ISERROR(F23/G23/H23/12)=TRUE,"－",F23/G23/H23/12)) -> 2463 | J23: =J17 -> 1765 | K23: =K17 -> 4205 | L23: =IF(I23="－","",IF(I23<J23,"下限値を\"&TEXT(ROUND(J23-I23,0),"#,##0")&"下回っています。",IF(I23>K23,"上限値を\"&TEXT(ROUND(I23-K23,0),"#,##0")&"上回っています。","閾値の範囲内です。"))) -> 閾値の範囲内です。 | N23: =IF(OR(I23="－",AND(J23="－",K23="－")),"",IF(OR(I23<J23,I23>K23),1,"")) | O23: =IF(OR(AND(F23="",G23="",H23="－"),AND(F23="",G23="",H23="")),"",1) -> 1
C24: =C23 -> 訪問介護 | E24: 合計 | F24: =SUM(F19:F23) -> 44341646 | G24: =SUM(G19:G23) -> 63 | H24: =IF(ISERROR((G19*H19+G20*H20+G21*H21+G22*H22+G23*H23)/G24)=TRUE,"－",(G19*H19+G20*H20+G21*H21+G22*H22+G23*H23)/G24) -> 19.730159 | I24: =IF(H24="－",IF(ISERROR(F24/G24/12)=TRUE,"－",F24/G24/12),IF(ISERROR(F24/G24/H24/12)=TRUE,"－",F24/G24/H24/12)) -> 2972.7572 | J24: =J18 -> 2025 | K24: =K18 -> 3820 | L24: =IF(I24="－","",IF(I24<J24,"下限値を\"&TEXT(ROUND(J24-I24,0),"#,##0")&"下回っています。",IF(I24>K24,"上限値を\"&TEXT(ROUND(I24-K24,0),"#,##0")&"上回っています。","閾値の範囲内です。"))) -> 閾値の範囲内です。 | N24: =IF(OR(I24="－",AND(J24="－",K24="－")),"",IF(OR(I24<J24,I24>K24),1,""))
B25: 2 | C25: 訪問入浴介護 | D25: 令和9年度 | E25: 要支援1 | F25: 0 | G25: 0 | H25: 0 | I25: =IF(H25="－",IF(ISERROR(F25/G25/12)=TRUE,"－",F25/G25/12),IF(ISERROR(F25/G25/H25/12)=TRUE,"－",F25/G25/H25/12)) -> － | J25: =IF(data!I62<0,0,data!I62) -> 5650 | K25: =IF(data!J62<0,0,data!J62) -> 13305 | L25: =IF(I25="－","",IF(I25<J25,"下限値を\"&TEXT(ROUND(J25-I25,0),"#,##0")&"下回っています。",IF(I25>K25,"上限値を\"&TEXT(ROUND(I25-K25,0),"#,##0")&"上回っています。","閾値の範囲内です。"))) | N25: =IF(OR(I25="－",AND(J25="－",K25="－")),"",IF(OR(I25<J25,I25>K25),1,"")) | O25: =IF(OR(AND(F25="",G25="",H25="－"),AND(F25="",G25="",H25="")),"",1) -> 1
C26: =C25 -> 訪問入浴介護 | E26: 要支援2 | F26: 0 | G26: 0 | H26: 0 | I26: =IF(H26="－",IF(ISERROR(F26/G26/12)=TRUE,"－",F26/G26/12),IF(ISERROR(F26/G26/H26/12)=TRUE,"－",F26/G26/H26/12)) -> － | J26: =IF(data!I63<0,0,data!I63) -> 6785 | K26: =IF(data!J63<0,0,data!J63) -> 11115 | L26: =IF(I26="－","",IF(I26<J26,"下限値を\"&TEXT(ROUND(J26-I26,0),"#,##0")&"下回っています。",IF(I26>K26,"上限値を\"&TEXT(ROUND(I26-K26,0),"#,##0")&"上回っています。","閾値の範囲内です。"))) | N26: =IF(OR(I26="－",AND(J26="－",K26="－")),"",IF(OR(I26<J26,I26>K26),1,"")) | O26: =IF(OR(AND(F26="",G26="",H26="－"),AND(F26="",G26="",H26="")),"",1) -> 1
C27: =C26 -> 訪問入浴介護 | E27: 要介護1 | F27: 604864.8 | G27: 1 | H27: 4.1 | I27: =IF(H27="－",IF(ISERROR(F27/G27/12)=TRUE,"－",F27/G27/12),IF(ISERROR(F27/G27/H27/12)=TRUE,"－",F27/G27/H27/12)) -> 12294 | J27: =IF(data!I64<0,0,data!I64) -> 10560 | K27: =IF(data!J64<0,0,data!J64) -> 15385 | L27: =IF(I27="－","",IF(I27<J27,"下限値を\"&TEXT(ROUND(J27-I27,0),"#,##0")&"下回っています。",IF(I27>K27,"上限値を\"&TEXT(ROUND(I27-K27,0),"#,##0")&"上回っています。","閾値の範囲内です。"))) -> 閾値の範囲内です。 | N27: =IF(OR(I27="－",AND(J27="－",K27="－")),"",IF(OR(I27<J27,I27>K27),1,"")) | O27: =IF(OR(AND(F27="",G27="",H27="－"),AND(F27="",G27="",H27="")),"",1) -> 1
C28: =C27 -> 訪問入浴介護 | E28: 要介護2 | F28: 0 | G28: 0 | H28: 0 | I28: =IF(H28="－",IF(ISERROR(F28/G28/12)=TRUE,"－",F28/G28/12),IF(ISERROR(F28/G28/H28/12)=TRUE,"－",F28/G28/H28/12)) -> － | J28: =IF(data!I65<0,0,data!I65) -> 10880 | K28: =IF(data!J65<0,0,data!J65) -> 14730 | L28: =IF(I28="－","",IF(I28<J28,"下限値を\"&TEXT(ROUND(J28-I28,0),"#,##0")&"下回っています。",IF(I28>K28,"上限値を\"&TEXT(ROUND(I28-K28,0),"#,##0")&"上回っています。","閾値の範囲内です。"))) | N28: =IF(OR(I28="－",AND(J28="－",K28="－")),"",IF(OR(I28<J28,I28>K28),1,"")) | O28: =IF(OR(AND(F28="",G28="",H28="－"),AND(F28="",G28="",H28="")),"",1) -> 1
C29: =C28 -> 訪問入浴介護 | E29: 要介護3 | F29: 0 | G29: 0 | H29: 2.3 | I29: =IF(H29="－",IF(ISERROR(F29/G29/12)=TRUE,"－",F29/G29/12),IF(ISERROR(F29/G29/H29/12)=TRUE,"－",F29/G29/H29/12)) -> － | J29: =IF(data!I66<0,0,data!I66) -> 11075 | K29: =IF(data!J66<0,0,data!J66) -> 14475 | L29: =IF(I29="－","",IF(I29<J29,"下限値を\"&TEXT(ROUND(J29-I29,0),"#,##0")&"下回っています。",IF(I29>K29,"上限値を\"&TEXT(ROUND(I29-K29,0),"#,##0")&"上回っています。","閾値の範囲内です。"))) | N29: =IF(OR(I29="－",AND(J29="－",K29="－")),"",IF(OR(I29<J29,I29>K29),1,"")) | O29: =IF(OR(AND(F29="",G29="",H29="－"),AND(F29="",G29="",H29="")),"",1) -> 1
C30: =C29 -> 訪問入浴介護 | E30: 要介護4 | F30: 2268302.4 | G30: 4 | H30: 3.9 | I30: =IF(H30="－",IF(ISERROR(F30/G30/12)=TRUE,"－",F30/G30/12),IF(ISERROR(F30/G30/H30/12)=TRUE,"－",F30/G30/H30/12)) -> 12117 | J30: =IF(data!I67<0,0,data!I67) -> 11090 | K30: =IF(data!J67<0,0,data!J67) -> 14385 | L30: =IF(I30="－","",IF(I30<J30,"下限値を\"&TEXT(ROUND(J30-I30,0),"#,##0")&"下回っています。",IF(I30>K30,"上限値を\"&TEXT(ROUND(I30-K30,0),"#,##0")&"上回っています。","閾値の範囲内です。"))) -> 閾値の範囲内です。 | N30: =IF(OR(I30="－",AND(J30="－",K30="－")),"",IF(OR(I30<J30,I30>K30),1,"")) | O30: =IF(OR(AND(F30="",G30="",H30="－"),AND(F30="",G30="",H30="")),"",1) -> 1
C31: =C30 -> 訪問入浴介護 | E31: 要介護5 | F31: 0 | G31: 0 | H31: 2.9 | I31: =IF(H31="－",IF(ISERROR(F31/G31/12)=TRUE,"－",F31/G31/12),IF(ISERROR(F31/G31/H31/12)=TRUE,"－",F31/G31/H31/12)) -> － | J31: =IF(data!I68<0,0,data!I68) -> 11120 | K31: =IF(data!J68<0,0,data!J68) -> 14290 | L31: =IF(I31="－","",IF(I31<J31,"下限値を\"&TEXT(ROUND(J31-I31,0),"#,##0")&"下回っています。",IF(I31>K31,"上限値を\"&TEXT(ROUND(I31-K31,0),"#,##0")&"上回っています。","閾値の範囲内です。"))) | N31: =IF(OR(I31="－",AND(J31="－",K31="－")),"",IF(OR(I31<J31,I31>K31),1,"")) | O31: =IF(OR(AND(F31="",G31="",H31="－"),AND(F31="",G31="",H31="")),"",1) -> 1
C32: =C31 -> 訪問入浴介護 | E32: 合計 | F32: =SUM(F25:F31) -> 2873167.2 | G32: =SUM(G25:G31) -> 5 | H32: =IF(ISERROR((G25*H25+G26*H26+G27*H27+G28*H28+G29*H29+G30*H30+G31*H31)/G32)=TRUE,"－",(G25*H25+G26*H26+G27*H27+G28*H28+G29*H29+G30*H30+G31*H31)/G32) -> 3.94 | I32: =IF(H32="－",IF(ISERROR(F32/G32/12)=TRUE,"－",F32/G32/12),IF(ISERROR(F32/G32/H32/12)=TRUE,"－",F32/G32/H32/12)) -> 12153.838 | J32: =IF(data!I69<0,0,data!I69) -> 11115 | K32: =IF(data!J69<0,0,data!J69) -> 14240 | L32: =IF(I32="－","",IF(I32<J32,"下限値を\"&TEXT(ROUND(J32-I32,0),"#,##0")&"下回っています。",IF(I32>K32,"上限値を\"&TEXT(ROUND(I32-K32,0),"#,##0")&"上回っています。","閾値の範囲内です。"))) -> 閾値の範囲内です。 | N32: =IF(OR(I32="－",AND(J32="－",K32="－")),"",IF(OR(I32<J32,I32>K32),1,""))
C33: =C32 -> 訪問入浴介護 | D33: 令和10年度 | E33: 要支援1 | F33: 0 | G33: 0 | H33: 0 | I33: =IF(H33="－",IF(ISERROR(F33/G33/12)=TRUE,"－",F33/G33/12),IF(ISERROR(F33/G33/H33/12)=TRUE,"－",F33/G33/H33/12)) -> － | J33: =J25 -> 5650 | K33: =K25 -> 13305 | L33: =IF(I33="－","",IF(I33<J33,"下限値を\"&TEXT(ROUND(J33-I33,0),"#,##0")&"下回っています。",IF(I33>K33,"上限値を\"&TEXT(ROUND(I33-K33,0),"#,##0")&"上回っています。","閾値の範囲内です。"))) | N33: =IF(OR(I33="－",AND(J33="－",K33="－")),"",IF(OR(I33<J33,I33>K33),1,"")) | O33: =IF(OR(AND(F33="",G33="",H33="－"),AND(F33="",G33="",H33="")),"",1) -> 1
C34: =C33 -> 訪問入浴介護 | E34: 要支援2 | F34: 0 | G34: 0 | H34: 0 | I34: =IF(H34="－",IF(ISERROR(F34/G34/12)=TRUE,"－",F34/G34/12),IF(ISERROR(F34/G34/H34/12)=TRUE,"－",F34/G34/H34/12)) -> － | J34: =J26 -> 6785 | K34: =K26 -> 11115 | L34: =IF(I34="－","",IF(I34<J34,"下限値を\"&TEXT(ROUND(J34-I34,0),"#,##0")&"下回っています。",IF(I34>K34,"上限値を\"&TEXT(ROUND(I34-K34,0),"#,##0")&"上回っています。","閾値の範囲内です。"))) | N34: =IF(OR(I34="－",AND(J34="－",K34="－")),"",IF(OR(I34<J34,I34>K34),1,"")) | O34: =IF(OR(AND(F34="",G34="",H34="－"),AND(F34="",G34="",H34="")),"",1) -> 1
C35: =C34 -> 訪問入浴介護 | E35: 要介護1 | F35: 604864.8 | G35: 1 | H35: 4.1 | I35: =IF(H35="－",IF(ISERROR(F35/G35/12)=TRUE,"－",F35/G35/12),IF(ISERROR(F35/G35/H35/12)=TRUE,"－",F35/G35/H35/12)) -> 12294 | J35: =J27 -> 10560 | K35: =K27 -> 15385 | L35: =IF(I35="－","",IF(I35<J35,"下限値を\"&TEXT(ROUND(J35-I35,0),"#,##0")&"下回っています。",IF(I35>K35,"上限値を\"&TEXT(ROUND(I35-K35,0),"#,##0")&"上回っています。","閾値の範囲内です。"))) -> 閾値の範囲内です。 | N35: =IF(OR(I35="－",AND(J35="－",K35="－")),"",IF(OR(I35<J35,I35>K35),1,"")) | O35: =IF(OR(AND(F35="",G35="",H35="－"),AND(F35="",G35="",H35="")),"",1) -> 1
C36: =C35 -> 訪問入浴介護 | E36: 要介護2 | F36: 0 | G36: 0 | H36: 0 | I36: =IF(H36="－",IF(ISERROR(F36/G36/12)=TRUE,"－",F36/G36/12),IF(ISERROR(F36/G36/H36/12)=TRUE,"－",F36/G36/H36/12)) -> － | J36: =J28 -> 10880 | K36: =K28 -> 14730 | L36: =IF(I36="－","",IF(I36<J36,"下限値を\"&TEXT(ROUND(J36-I36,0),"#,##0")&"下回っています。",IF(I36>K36,"上限値を\"&TEXT(ROUND(I36-K36,0),"#,##0")&"上回っています。","閾値の範囲内です。"))) | N36: =IF(OR(I36="－",AND(J36="－",K36="－")),"",IF(OR(I36<J36,I36>K36),1,"")) | O36: =IF(OR(AND(F36="",G36="",H36="－"),AND(F36="",G36="",H36="")),"",1) -> 1
C37: =C36 -> 訪問入浴介護 | E37: 要介護3 | F37: 0 | G37: 0 | H37: 2.3 | I37: =IF(H37="－",IF(ISERROR(F37/G37/12)=TRUE,"－",F37/G37/12),IF(ISERROR(F37/G37/H37/12)=TRUE,"－",F37/G37/H37/12)) -> － | J37: =J29 -> 11075 | K37: =K29 -> 14475 | L37: =IF(I37="－","",IF(I37<J37,"下限値を\"&TEXT(ROUND(J37-I37,0),"#,##0")&"下回っています。",IF(I37>K37,"上限値を\"&TEXT(ROUND(I37-K37,0),"#,##0")&"上回っています。","閾値の範囲内です。"))) | N37: =IF(OR(I37="－",AND(J37="－",K37="－")),"",IF(OR(I37<J37,I37>K37),1,"")) | O37: =IF(OR(AND(F37="",G37="",H37="－"),AND(F37="",G37="",H37="")),"",1) -> 1
C38: =C37 -> 訪問入浴介護 | E38: 要介護4 | F38: 2268302.4 | G38: 4 | H38: 3.9 | I38: =IF(H38="－",IF(ISERROR(F38/G38/12)=TRUE,"－",F38/G38/12),IF(ISERROR(F38/G38/H38/12)=TRUE,"－",F38/G38/H38/12)) -> 12117 | J38: =J30 -> 11090 | K38: =K30 -> 14385 | L38: =IF(I38="－","",IF(I38<J38,"下限値を\"&TEXT(ROUND(J38-I38,0),"#,##0")&"下回っています。",IF(I38>K38,"上限値を\"&TEXT(ROUND(I38-K38,0),"#,##0")&"上回っています。","閾値の範囲内です。"))) -> 閾値の範囲内です。 | N38: =IF(OR(I38="－",AND(J38="－",K38="－")),"",IF(OR(I38<J38,I38>K38),1,"")) | O38: =IF(OR(AND(F38="",G38="",H38="－"),AND(F38="",G38="",H38="")),"",1) -> 1
C39: =C38 -> 訪問入浴介護 | E39: 要介護5 | F39: 0 | G39: 0 | H39: 2.9 | I39: =IF(H39="－",IF(ISERROR(F39/G39/12)=TRUE,"－",F39/G39/12),IF(ISERROR(F39/G39/H39/12)=TRUE,"－",F39/G39/H39/12)) -> － | J39: =J31 -> 11120 | K39: =K31 -> 14290 | L39: =IF(I39="－","",IF(I39<J39,"下限値を\"&TEXT(ROUND(J39-I39,0),"#,##0")&"下回っています。",IF(I39>K39,"上限値を\"&TEXT(ROUND(I39-K39,0),"#,##0")&"上回っています。","閾値の範囲内です。"))) | N39: =IF(OR(I39="－",AND(J39="－",K39="－")),"",IF(OR(I39<J39,I39>K39),1,"")) | O39: =IF(OR(AND(F39="",G39="",H39="－"),AND(F39="",G39="",H39="")),"",1) -> 1
C40: =C39 -> 訪問入浴介護 | E40: 合計 | F40: =SUM(F33:F39) -> 2873167.2 | G40: =SUM(G33:G39) -> 5 | H40: =IF(ISERROR((G33*H33+G34*H34+G35*H35+G36*H36+G37*H37+G38*H38+G39*H39)/G40)=TRUE,"－",(G33*H33+G34*H34+G35*H35+G36*H36+G37*H37+G38*H38+G39*H39)/G40) -> 3.94 | I40: =IF(H40="－",IF(ISERROR(F40/G40/12)=TRUE,"－",F40/G40/12),IF(ISERROR(F40/G40/H40/12)=TRUE,"－",F40/G40/H40/12)) -> 12153.838 | J40: =J32 -> 11115 | K40: =K32 -> 14240 | L40: =IF(I40="－","",IF(I40<J40,"下限値を\"&TEXT(ROUND(J40-I40,0),"#,##0")&"下回っています。",IF(I40>K40,"上限値を\"&TEXT(ROUND(I40-K40,0),"#,##0")&"上回っています。","閾値の範囲内です。"))) -> 閾値の範囲内です。 | N40: =IF(OR(I40="－",AND(J40="－",K40="－")),"",IF(OR(I40<J40,I40>K40),1,""))
C41: =C40 -> 訪問入浴介護 | D41: 令和11年度 | E41: 要支援1 | F41: 0 | G41: 0 | H41: 0 | I41: =IF(H41="－",IF(ISERROR(F41/G41/12)=TRUE,"－",F41/G41/12),IF(ISERROR(F41/G41/H41/12)=TRUE,"－",F41/G41/H41/12)) -> － | J41: =J33 -> 5650 | K41: =K33 -> 13305 | L41: =IF(I41="－","",IF(I41<J41,"下限値を\"&TEXT(ROUND(J41-I41,0),"#,##0")&"下回っています。",IF(I41>K41,"上限値を\"&TEXT(ROUND(I41-K41,0),"#,##0")&"上回っています。","閾値の範囲内です。"))) | N41: =IF(OR(I41="－",AND(J41="－",K41="－")),"",IF(OR(I41<J41,I41>K41),1,"")) | O41: =IF(OR(AND(F41="",G41="",H41="－"),AND(F41="",G41="",H41="")),"",1) -> 1
C42: =C41 -> 訪問入浴介護 | E42: 要支援2 | F42: 0 | G42: 0 | H42: 0 | I42: =IF(H42="－",IF(ISERROR(F42/G42/12)=TRUE,"－",F42/G42/12),IF(ISERROR(F42/G42/H42/12)=TRUE,"－",F42/G42/H42/12)) -> － | J42: =J34 -> 6785 | K42: =K34 -> 11115 | L42: =IF(I42="－","",IF(I42<J42,"下限値を\"&TEXT(ROUND(J42-I42,0),"#,##0")&"下回っています。",IF(I42>K42,"上限値を\"&TEXT(ROUND(I42-K42,0),"#,##0")&"上回っています。","閾値の範囲内です。"))) | N42: =IF(OR(I42="－",AND(J42="－",K42="－")),"",IF(OR(I42<J42,I42>K42),1,"")) | O42: =IF(OR(AND(F42="",G42="",H42="－"),AND(F42="",G42="",H42="")),"",1) -> 1
C43: =C42 -> 訪問入浴介護 | E43: 要介護1 | F43: 604864.8 | G43: 1 | H43: 4.1 | I43: =IF(H43="－",IF(ISERROR(F43/G43/12)=TRUE,"－",F43/G43/12),IF(ISERROR(F43/G43/H43/12)=TRUE,"－",F43/G43/H43/12)) -> 12294 | J43: =J35 -> 10560 | K43: =K35 -> 15385 | L43: =IF(I43="－","",IF(I43<J43,"下限値を\"&TEXT(ROUND(J43-I43,0),"#,##0")&"下回っています。",IF(I43>K43,"上限値を\"&TEXT(ROUND(I43-K43,0),"#,##0")&"上回っています。","閾値の範囲内です。"))) -> 閾値の範囲内です。 | N43: =IF(OR(I43="－",AND(J43="－",K43="－")),"",IF(OR(I43<J43,I43>K43),1,"")) | O43: =IF(OR(AND(F43="",G43="",H43="－"),AND(F43="",G43="",H43="")),"",1) -> 1
C44: =C43 -> 訪問入浴介護 | E44: 要介護2 | F44: 0 | G44: 0 | H44: 0 | I44: =IF(H44="－",IF(ISERROR(F44/G44/12)=TRUE,"－",F44/G44/12),IF(ISERROR(F44/G44/H44/12)=TRUE,"－",F44/G44/H44/12)) -> － | J44: =J36 -> 10880 | K44: =K36 -> 14730 | L44: =IF(I44="－","",IF(I44<J44,"下限値を\"&TEXT(ROUND(J44-I44,0),"#,##0")&"下回っています。",IF(I44>K44,"上限値を\"&TEXT(ROUND(I44-K44,0),"#,##0")&"上回っています。","閾値の範囲内です。"))) | N44: =IF(OR(I44="－",AND(J44="－",K44="－")),"",IF(OR(I44<J44,I44>K44),1,"")) | O44: =IF(OR(AND(F44="",G44="",H44="－"),AND(F44="",G44="",H44="")),"",1) -> 1
C45: =C44 -> 訪問入浴介護 | E45: 要介護3 | F45: 0 | G45: 0 | H45: 2.3 | I45: =IF(H45="－",IF(ISERROR(F45/G45/12)=TRUE,"－",F45/G45/12),IF(ISERROR(F45/G45/H45/12)=TRUE,"－",F45/G45/H45/12)) -> － | J45: =J37 -> 11075 | K45: =K37 -> 14475 | L45: =IF(I45="－","",IF(I45<J45,"下限値を\"&TEXT(ROUND(J45-I45,0),"#,##0")&"下回っています。",IF(I45>K45,"上限値を\"&TEXT(ROUND(I45-K45,0),"#,##0")&"上回っています。","閾値の範囲内です。"))) | N45: =IF(OR(I45="－",AND(J45="－",K45="－")),"",IF(OR(I45<J45,I45>K45),1,"")) | O45: =IF(OR(AND(F45="",G45="",H45="－"),AND(F45="",G45="",H45="")),"",1) -> 1
C46: =C45 -> 訪問入浴介護 | E46: 要介護4 | F46: 2268302.4 | G46: 4 | H46: 3.9 | I46: =IF(H46="－",IF(ISERROR(F46/G46/12)=TRUE,"－",F46/G46/12),IF(ISERROR(F46/G46/H46/12)=TRUE,"－",F46/G46/H46/12)) -> 12117 | J46: =J38 -> 11090 | K46: =K38 -> 14385 | L46: =IF(I46="－","",IF(I46<J46,"下限値を\"&TEXT(ROUND(J46-I46,0),"#,##0")&"下回っています。",IF(I46>K46,"上限値を\"&TEXT(ROUND(I46-K46,0),"#,##0")&"上回っています。","閾値の範囲内です。"))) -> 閾値の範囲内です。 | N46: =IF(OR(I46="－",AND(J46="－",K46="－")),"",IF(OR(I46<J46,I46>K46),1,"")) | O46: =IF(OR(AND(F46="",G46="",H46="－"),AND(F46="",G46="",H46="")),"",1) -> 1
C47: =C46 -> 訪問入浴介護 | E47: 要介護5 | F47: 0 | G47: 0 | H47: 2.9 | I47: =IF(H47="－",IF(ISERROR(F47/G47/12)=TRUE,"－",F47/G47/12),IF(ISERROR(F47/G47/H47/12)=TRUE,"－",F47/G47/H47/12)) -> － | J47: =J39 -> 11120 | K47: =K39 -> 14290 | L47: =IF(I47="－","",IF(I47<J47,"下限値を\"&TEXT(ROUND(J47-I47,0),"#,##0")&"下回っています。",IF(I47>K47,"上限値を\"&TEXT(ROUND(I47-K47,0),"#,##0")&"上回っています。","閾値の範囲内です。"))) | N47: =IF(OR(I47="－",AND(J47="－",K47="－")),"",IF(OR(I47<J47,I47>K47),1,"")) | O47: =IF(OR(AND(F47="",G47="",H47="－"),AND(F47="",G47="",H47="")),"",1) -> 1
C48: =C47 -> 訪問入浴介護 | E48: 合計 | F48: =SUM(F41:F47) -> 2873167.2 | G48: =SUM(G41:G47) -> 5 | H48: =IF(ISERROR((G41*H41+G42*H42+G43*H43+G44*H44+G45*H45+G46*H46+G47*H47)/G48)=TRUE,"－",(G41*H41+G42*H42+G43*H43+G44*H44+G45*H45+G46*H46+G47*H47)/G48) -> 3.94 | I48: =IF(H48="－",IF(ISERROR(F48/G48/12)=TRUE,"－",F48/G48/12),IF(ISERROR(F48/G48/H48/12)=TRUE,"－",F48/G48/H48/12)) -> 12153.838 | J48: =J40 -> 11115 | K48: =K40 -> 14240 | L48: =IF(I48="－","",IF(I48<J48,"下限値を\"&TEXT(ROUND(J48-I48,0),"#,##0")&"下回っています。",IF(I48>K48,"上限値を\"&TEXT(ROUND(I48-K48,0),"#,##0")&"上回っています。","閾値の範囲内です。"))) -> 閾値の範囲内です。 | N48: =IF(OR(I48="－",AND(J48="－",K48="－")),"",IF(OR(I48<J48,I48>K48),1,""))
B49: 3 | C49: 訪問看護 | D49: 令和9年度 | E49: 要支援1 | F49: 429792 | G49: 2 | H49: 2.2 | I49: =IF(H49="－",IF(ISERROR(F49/G49/12)=TRUE,"－",F49/G49/12),IF(ISERROR(F49/G49/H49/12)=TRUE,"－",F49/G49/H49/12)) -> 8140 | J49: =IF(data!I70<0,0,data!I70) -> 370 | K49: =IF(data!J70<0,0,data!J70) -> 8415 | L49: =IF(I49="－","",IF(I49<J49,"下限値を\"&TEXT(ROUND(J49-I49,0),"#,##0")&"下回っています。",IF(I49>K49,"上限値を\"&TEXT(ROUND(I49-K49,0),"#,##0")&"上回っています。","閾値の範囲内です。"))) -> 閾値の範囲内です。 | N49: =IF(OR(I49="－",AND(J49="－",K49="－")),"",IF(OR(I49<J49,I49>K49),1,"")) | O49: =IF(OR(AND(F49="",G49="",H49="－"),AND(F49="",G49="",H49="")),"",1) -> 1
C50: =C49 -> 訪問看護 | E50: 要支援2 | F50: 1433059.2 | G50: 4 | H50: 5.1 | I50: =IF(H50="－",IF(ISERROR(F50/G50/12)=TRUE,"－",F50/G50/12),IF(ISERROR(F50/G50/H50/12)=TRUE,"－",F50/G50/H50/12)) -> 5854 | J50: =IF(data!I71<0,0,data!I71) -> 425 | K50: =IF(data!J71<0,0,data!J71) -> 8370 | L50: =IF(I50="－","",IF(I50<J50,"下限値を\"&TEXT(ROUND(J50-I50,0),"#,##0")&"下回っています。",IF(I50>K50,"上限値を\"&TEXT(ROUND(I50-K50,0),"#,##0")&"上回っています。","閾値の範囲内です。"))) -> 閾値の範囲内です。 | N50: =IF(OR(I50="－",AND(J50="－",K50="－")),"",IF(OR(I50<J50,I50>K50),1,"")) | O50: =IF(OR(AND(F50="",G50="",H50="－"),AND(F50="",G50="",H50="")),"",1) -> 1
C51: =C50 -> 訪問看護 | E51: 要介護1 | F51: 3960660 | G51: 10 | H51: 5.5 | I51: =IF(H51="－",IF(ISERROR(F51/G51/12)=TRUE,"－",F51/G51/12),IF(ISERROR(F51/G51/H51/12)=TRUE,"－",F51/G51/H51/12)) -> 6001 | J51: =IF(data!I72<0,0,data!I72) -> 1285 | K51: =IF(data!J72<0,0,data!J72) -> 8635 | L51: =IF(I51="－","",IF(I51<J51,"下限値を\"&TEXT(ROUND(J51-I51,0),"#,##0")&"下回っています。",IF(I51>K51,"上限値を\"&TEXT(ROUND(I51-K51,0),"#,##0")&"上回っています。","閾値の範囲内です。"))) -> 閾値の範囲内です。 | N51: =IF(OR(I51="－",AND(J51="－",K51="－")),"",IF(OR(I51<J51,I51>K51),1,"")) | O51: =IF(OR(AND(F51="",G51="",H51="－"),AND(F51="",G51="",H51="")),"",1) -> 1
C52: =C51 -> 訪問看護 | E52: 要介護2 | F52: 3246739.2 | G52: 8 | H52: 5.4 | I52: =IF(H52="－",IF(ISERROR(F52/G52/12)=TRUE,"－",F52/G52/12),IF(ISERROR(F52/G52/H52/12)=TRUE,"－",F52/G52/H52/12)) -> 6263 | J52: =IF(data!I73<0,0,data!I73) -> 1365 | K52: =IF(data!J73<0,0,data!J73) -> 8445 | L52: =IF(I52="－","",IF(I52<J52,"下限値を\"&TEXT(ROUND(J52-I52,0),"#,##0")&"下回っています。",IF(I52>K52,"上限値を\"&TEXT(ROUND(I52-K52,0),"#,##0")&"上回っています。","閾値の範囲内です。"))) -> 閾値の範囲内です。 | N52: =IF(OR(I52="－",AND(J52="－",K52="－")),"",IF(OR(I52<J52,I52>K52),1,"")) | O52: =IF(OR(AND(F52="",G52="",H52="－"),AND(F52="",G52="",H52="")),"",1) -> 1
C53: =C52 -> 訪問看護 | E53: 要介護3 | F53: 9996448.8 | G53: 17 | H53: 9.4 | I53: =IF(H53="－",IF(ISERROR(F53/G53/12)=TRUE,"－",F53/G53/12),IF(ISERROR(F53/G53/H53/12)=TRUE,"－",F53/G53/H53/12)) -> 5213 | J53: =IF(data!I74<0,0,data!I74) -> 1110 | K53: =IF(data!J74<0,0,data!J74) -> 9105 | L53: =IF(I53="－","",IF(I53<J53,"下限値を\"&TEXT(ROUND(J53-I53,0),"#,##0")&"下回っています。",IF(I53>K53,"上限値を\"&TEXT(ROUND(I53-K53,0),"#,##0")&"上回っています。","閾値の範囲内です。"))) -> 閾値の範囲内です。 | N53: =IF(OR(I53="－",AND(J53="－",K53="－")),"",IF(OR(I53<J53,I53>K53),1,"")) | O53: =IF(OR(AND(F53="",G53="",H53="－"),AND(F53="",G53="",H53="")),"",1) -> 1
C54: =C53 -> 訪問看護 | E54: 要介護4 | F54: 6674486.4 | G54: 12 | H54: 6.7 | I54: =IF(H54="－",IF(ISERROR(F54/G54/12)=TRUE,"－",F54/G54/12),IF(ISERROR(F54/G54/H54/12)=TRUE,"－",F54/G54/H54/12)) -> 6918 | J54: =IF(data!I75<0,0,data!I75) -> 1360 | K54: =IF(data!J75<0,0,data!J75) -> 9275 | L54: =IF(I54="－","",IF(I54<J54,"下限値を\"&TEXT(ROUND(J54-I54,0),"#,##0")&"下回っています。",IF(I54>K54,"上限値を\"&TEXT(ROUND(I54-K54,0),"#,##0")&"上回っています。","閾値の範囲内です。"))) -> 閾値の範囲内です。 | N54: =IF(OR(I54="－",AND(J54="－",K54="－")),"",IF(OR(I54<J54,I54>K54),1,"")) | O54: =IF(OR(AND(F54="",G54="",H54="－"),AND(F54="",G54="",H54="")),"",1) -> 1
C55: =C54 -> 訪問看護 | E55: 要介護5 | F55: 2653848 | G55: 3 | H55: 12.4 | I55: =IF(H55="－",IF(ISERROR(F55/G55/12)=TRUE,"－",F55/G55/12),IF(ISERROR(F55/G55/H55/12)=TRUE,"－",F55/G55/H55/12)) -> 5945 | J55: =IF(data!I76<0,0,data!I76) -> 1565 | K55: =IF(data!J76<0,0,data!J76) -> 9665 | L55: =IF(I55="－","",IF(I55<J55,"下限値を\"&TEXT(ROUND(J55-I55,0),"#,##0")&"下回っています。",IF(I55>K55,"上限値を\"&TEXT(ROUND(I55-K55,0),"#,##0")&"上回っています。","閾値の範囲内です。"))) -> 閾値の範囲内です。 | N55: =IF(OR(I55="－",AND(J55="－",K55="－")),"",IF(OR(I55<J55,I55>K55),1,"")) | O55: =IF(OR(AND(F55="",G55="",H55="－"),AND(F55="",G55="",H55="")),"",1) -> 1
C56: =C55 -> 訪問看護 | E56: 合計 | F56: =SUM(F49:F55) -> 28395034 | G56: =SUM(G49:G55) -> 56 | H56: =IF(ISERROR((G49*H49+G50*H50+G51*H51+G52*H52+G53*H53+G54*H54+G55*H55)/G56)=TRUE,"－",(G49*H49+G50*H50+G51*H51+G52*H52+G53*H53+G54*H54+G55*H55)/G56) -> 7.15 | I56: =IF(H56="－",IF(ISERROR(F56/G56/12)=TRUE,"－",F56/G56/12),IF(ISERROR(F56/G56/H56/12)=TRUE,"－",F56/G56/H56/12)) -> 5909.7223 | J56: =IF(data!I77<0,0,data!I77) -> 1720 | K56: =IF(data!J77<0,0,data!J77) -> 8275 | L56: =IF(I56="－","",IF(I56<J56,"下限値を\"&TEXT(ROUND(J56-I56,0),"#,##0")&"下回っています。",IF(I56>K56,"上限値を\"&TEXT(ROUND(I56-K56,0),"#,##0")&"上回っています。","閾値の範囲内です。"))) -> 閾値の範囲内です。 | N56: =IF(OR(I56="－",AND(J56="－",K56="－")),"",IF(OR(I56<J56,I56>K56),1,""))
C57: =C56 -> 訪問看護 | D57: 令和10年度 | E57: 要支援1 | F57: 429792 | G57: 2 | H57: 2.2 | I57: =IF(H57="－",IF(ISERROR(F57/G57/12)=TRUE,"－",F57/G57/12),IF(ISERROR(F57/G57/H57/12)=TRUE,"－",F57/G57/H57/12)) -> 8140 | J57: =J49 -> 370 | K57: =K49 -> 8415 | L57: =IF(I57="－","",IF(I57<J57,"下限値を\"&TEXT(ROUND(J57-I57,0),"#,##0")&"下回っています。",IF(I57>K57,"上限値を\"&TEXT(ROUND(I57-K57,0),"#,##0")&"上回っています。","閾値の範囲内です。"))) -> 閾値の範囲内です。 | N57: =IF(OR(I57="－",AND(J57="－",K57="－")),"",IF(OR(I57<J57,I57>K57),1,"")) | O57: =IF(OR(AND(F57="",G57="",H57="－"),AND(F57="",G57="",H57="")),"",1) -> 1
C58: =C57 -> 訪問看護 | E58: 要支援2 | F58: 1433059.2 | G58: 4 | H58: 5.1 | I58: =IF(H58="－",IF(ISERROR(F58/G58/12)=TRUE,"－",F58/G58/12),IF(ISERROR(F58/G58/H58/12)=TRUE,"－",F58/G58/H58/12)) -> 5854 | J58: =J50 -> 425 | K58: =K50 -> 8370 | L58: =IF(I58="－","",IF(I58<J58,"下限値を\"&TEXT(ROUND(J58-I58,0),"#,##0")&"下回っています。",IF(I58>K58,"上限値を\"&TEXT(ROUND(I58-K58,0),"#,##0")&"上回っています。","閾値の範囲内です。"))) -> 閾値の範囲内です。 | N58: =IF(OR(I58="－",AND(J58="－",K58="－")),"",IF(OR(I58<J58,I58>K58),1,"")) | O58: =IF(OR(AND(F58="",G58="",H58="－"),AND(F58="",G58="",H58="")),"",1) -> 1
C59: =C58 -> 訪問看護 | E59: 要介護1 | F59: 3960660 | G59: 10 | H59: 5.5 | I59: =IF(H59="－",IF(ISERROR(F59/G59/12)=TRUE,"－",F59/G59/12),IF(ISERROR(F59/G59/H59/12)=TRUE,"－",F59/G59/H59/12)) -> 6001 | J59: =J51 -> 1285 | K59: =K51 -> 8635 | L59: =IF(I59="－","",IF(I59<J59,"下限値を\"&TEXT(ROUND(J59-I59,0),"#,##0")&"下回っています。",IF(I59>K59,"上限値を\"&TEXT(ROUND(I59-K59,0),"#,##0")&"上回っています。","閾値の範囲内です。"))) -> 閾値の範囲内です。 | N59: =IF(OR(I59="－",AND(J59="－",K59="－")),"",IF(OR(I59<J59,I59>K59),1,"")) | O59: =IF(OR(AND(F59="",G59="",H59="－"),AND(F59="",G59="",H59="")),"",1) -> 1
C60: =C59 -> 訪問看護 | E60: 要介護2 | F60: 2840896.8 | G60: 7 | H60: 5.4 | I60: =IF(H60="－",IF(ISERROR(F60/G60/12)=TRUE,"－",F60/G60/12),IF(ISERROR(F60/G60/H60/12)=TRUE,"－",F60/G60/H60/12)) -> 6263 | J60: =J52 -> 1365 | K60: =K52 -> 8445 | L60: =IF(I60="－","",IF(I60<J60,"下限値を\"&TEXT(ROUND(J60-I60,0),"#,##0")&"下回っています。",IF(I60>K60,"上限値を\"&TEXT(ROUND(I60-K60,0),"#,##0")&"上回っています。","閾値の範囲内です。"))) -> 閾値の範囲内です。 | N60: =IF(OR(I60="－",AND(J60="－",K60="－")),"",IF(OR(I60<J60,I60>K60),1,"")) | O60: =IF(OR(AND(F60="",G60="",H60="－"),AND(F60="",G60="",H60="")),"",1) -> 1
C61: =C60 -> 訪問看護 | E61: 要介護3 | F61: 9996448.8 | G61: 17 | H61: 9.4 | I61: =IF(H61="－",IF(ISERROR(F61/G61/12)=TRUE,"－",F61/G61/12),IF(ISERROR(F61/G61/H61/12)=TRUE,"－",F61/G61/H61/12)) -> 5213 | J61: =J53 -> 1110 | K61: =K53 -> 9105 | L61: =IF(I61="－","",IF(I61<J61,"下限値を\"&TEXT(ROUND(J61-I61,0),"#,##0")&"下回っています。",IF(I61>K61,"上限値を\"&TEXT(ROUND(I61-K61,0),"#,##0")&"上回っています。","閾値の範囲内です。"))) -> 閾値の範囲内です。 | N61: =IF(OR(I61="－",AND(J61="－",K61="－")),"",IF(OR(I61<J61,I61>K61),1,"")) | O61: =IF(OR(AND(F61="",G61="",H61="－"),AND(F61="",G61="",H61="")),"",1) -> 1
C62: =C61 -> 訪問看護 | E62: 要介護4 | F62: 6118279.2 | G62: 11 | H62: 6.7 | I62: =IF(H62="－",IF(ISERROR(F62/G62/12)=TRUE,"－",F62/G62/12),IF(ISERROR(F62/G62/H62/12)=TRUE,"－",F62/G62/H62/12)) -> 6918 | J62: =J54 -> 1360 | K62: =K54 -> 9275 | L62: =IF(I62="－","",IF(I62<J62,"下限値を\"&TEXT(ROUND(J62-I62,0),"#,##0")&"下回っています。",IF(I62>K62,"上限値を\"&TEXT(ROUND(I62-K62,0),"#,##0")&"上回っています。","閾値の範囲内です。"))) -> 閾値の範囲内です。 | N62: =IF(OR(I62="－",AND(J62="－",K62="－")),"",IF(OR(I62<J62,I62>K62),1,"")) | O62: =IF(OR(AND(F62="",G62="",H62="－"),AND(F62="",G62="",H62="")),"",1) -> 1
C63: =C62 -> 訪問看護 | E63: 要介護5 | F63: 1769232 | G63: 2 | H63: 12.4 | I63: =IF(H63="－",IF(ISERROR(F63/G63/12)=TRUE,"－",F63/G63/12),IF(ISERROR(F63/G63/H63/12)=TRUE,"－",F63/G63/H63/12)) -> 5945 | J63: =J55 -> 1565 | K63: =K55 -> 9665 | L63: =IF(I63="－","",IF(I63<J63,"下限値を\"&TEXT(ROUND(J63-I63,0),"#,##0")&"下回っています。",IF(I63>K63,"上限値を\"&TEXT(ROUND(I63-K63,0),"#,##0")&"上回っています。","閾値の範囲内です。"))) -> 閾値の範囲内です。 | N63: =IF(OR(I63="－",AND(J63="－",K63="－")),"",IF(OR(I63<J63,I63>K63),1,"")) | O63: =IF(OR(AND(F63="",G63="",H63="－"),AND(F63="",G63="",H63="")),"",1) -> 1
C64: =C63 -> 訪問看護 | E64: 合計 | F64: =SUM(F57:F63) -> 26548368 | G64: =SUM(G57:G63) -> 53 | H64: =IF(ISERROR((G57*H57+G58*H58+G59*H59+G60*H60+G61*H61+G62*H62+G63*H63)/G64)=TRUE,"－",(G57*H57+G58*H58+G59*H59+G60*H60+G61*H61+G62*H62+G63*H63)/G64) -> 7.0924528 | I64: =IF(H64="－",IF(ISERROR(F64/G64/12)=TRUE,"－",F64/G64/12),IF(ISERROR(F64/G64/H64/12)=TRUE,"－",F64/G64/H64/12)) -> 5885.5121 | J64: =J56 -> 1720 | K64: =K56 -> 8275 | L64: =IF(I64="－","",IF(I64<J64,"下限値を\"&TEXT(ROUND(J64-I64,0),"#,##0")&"下回っています。",IF(I64>K64,"上限値を\"&TEXT(ROUND(I64-K64,0),"#,##0")&"上回っています。","閾値の範囲内です。"))) -> 閾値の範囲内です。 | N64: =IF(OR(I64="－",AND(J64="－",K64="－")),"",IF(OR(I64<J64,I64>K64),1,""))
C65: =C64 -> 訪問看護 | D65: 令和11年度 | E65: 要支援1 | F65: 429792 | G65: 2 | H65: 2.2 | I65: =IF(H65="－",IF(ISERROR(F65/G65/12)=TRUE,"－",F65/G65/12),IF(ISERROR(F65/G65/H65/12)=TRUE,"－",F65/G65/H65/12)) -> 8140 | J65: =J57 -> 370 | K65: =K57 -> 8415 | L65: =IF(I65="－","",IF(I65<J65,"下限値を\"&TEXT(ROUND(J65-I65,0),"#,##0")&"下回っています。",IF(I65>K65,"上限値を\"&TEXT(ROUND(I65-K65,0),"#,##0")&"上回っています。","閾値の範囲内です。"))) -> 閾値の範囲内です。 | N65: =IF(OR(I65="－",AND(J65="－",K65="－")),"",IF(OR(I65<J65,I65>K65),1,"")) | O65: =IF(OR(AND(F65="",G65="",H65="－"),AND(F65="",G65="",H65="")),"",1) -> 1
C66: =C65 -> 訪問看護 | E66: 要支援2 | F66: 1433059.2 | G66: 4 | H66: 5.1 | I66: =IF(H66="－",IF(ISERROR(F66/G66/12)=TRUE,"－",F66/G66/12),IF(ISERROR(F66/G66/H66/12)=TRUE,"－",F66/G66/H66/12)) -> 5854 | J66: =J58 -> 425 | K66: =K58 -> 8370 | L66: =IF(I66="－","",IF(I66<J66,"下限値を\"&TEXT(ROUND(J66-I66,0),"#,##0")&"下回っています。",IF(I66>K66,"上限値を\"&TEXT(ROUND(I66-K66,0),"#,##0")&"上回っています。","閾値の範囲内です。"))) -> 閾値の範囲内です。 | N66: =IF(OR(I66="－",AND(J66="－",K66="－")),"",IF(OR(I66<J66,I66>K66),1,"")) | O66: =IF(OR(AND(F66="",G66="",H66="－"),AND(F66="",G66="",H66="")),"",1) -> 1
C67: =C66 -> 訪問看護 | E67: 要介護1 | F67: 3960660 | G67: 10 | H67: 5.5 | I67: =IF(H67="－",IF(ISERROR(F67/G67/12)=TRUE,"－",F67/G67/12),IF(ISERROR(F67/G67/H67/12)=TRUE,"－",F67/G67/H67/12)) -> 6001 | J67: =J59 -> 1285 | K67: =K59 -> 8635 | L67: =IF(I67="－","",IF(I67<J67,"下限値を\"&TEXT(ROUND(J67-I67,0),"#,##0")&"下回っています。",IF(I67>K67,"上限値を\"&TEXT(ROUND(I67-K67,0),"#,##0")&"上回っています。","閾値の範囲内です。"))) -> 閾値の範囲内です。 | N67: =IF(OR(I67="－",AND(J67="－",K67="－")),"",IF(OR(I67<J67,I67>K67),1,"")) | O67: =IF(OR(AND(F67="",G67="",H67="－"),AND(F67="",G67="",H67="")),"",1) -> 1
C68: =C67 -> 訪問看護 | E68: 要介護2 | F68: 2840896.8 | G68: 7 | H68: 5.4 | I68: =IF(H68="－",IF(ISERROR(F68/G68/12)=TRUE,"－",F68/G68/12),IF(ISERROR(F68/G68/H68/12)=TRUE,"－",F68/G68/H68/12)) -> 6263 | J68: =J60 -> 1365 | K68: =K60 -> 8445 | L68: =IF(I68="－","",IF(I68<J68,"下限値を\"&TEXT(ROUND(J68-I68,0),"#,##0")&"下回っています。",IF(I68>K68,"上限値を\"&TEXT(ROUND(I68-K68,0),"#,##0")&"上回っています。","閾値の範囲内です。"))) -> 閾値の範囲内です。 | N68: =IF(OR(I68="－",AND(J68="－",K68="－")),"",IF(OR(I68<J68,I68>K68),1,"")) | O68: =IF(OR(AND(F68="",G68="",H68="－"),AND(F68="",G68="",H68="")),"",1) -> 1
C69: =C68 -> 訪問看護 | E69: 要介護3 | F69: 9996448.8 | G69: 17 | H69: 9.4 | I69: =IF(H69="－",IF(ISERROR(F69/G69/12)=TRUE,"－",F69/G69/12),IF(ISERROR(F69/G69/H69/12)=TRUE,"－",F69/G69/H69/12)) -> 5213 | J69: =J61 -> 1110 | K69: =K61 -> 9105 | L69: =IF(I69="－","",IF(I69<J69,"下限値を\"&TEXT(ROUND(J69-I69,0),"#,##0")&"下回っています。",IF(I69>K69,"上限値を\"&TEXT(ROUND(I69-K69,0),"#,##0")&"上回っています。","閾値の範囲内です。"))) -> 閾値の範囲内です。 | N69: =IF(OR(I69="－",AND(J69="－",K69="－")),"",IF(OR(I69<J69,I69>K69),1,"")) | O69: =IF(OR(AND(F69="",G69="",H69="－"),AND(F69="",G69="",H69="")),"",1) -> 1
C70: =C69 -> 訪問看護 | E70: 要介護4 | F70: 6674486.4 | G70: 12 | H70: 6.7 | I70: =IF(H70="－",IF(ISERROR(F70/G70/12)=TRUE,"－",F70/G70/12),IF(ISERROR(F70/G70/H70/12)=TRUE,"－",F70/G70/H70/12)) -> 6918 | J70: =J62 -> 1360 | K70: =K62 -> 9275 | L70: =IF(I70="－","",IF(I70<J70,"下限値を\"&TEXT(ROUND(J70-I70,0),"#,##0")&"下回っています。",IF(I70>K70,"上限値を\"&TEXT(ROUND(I70-K70,0),"#,##0")&"上回っています。","閾値の範囲内です。"))) -> 閾値の範囲内です。 | N70: =IF(OR(I70="－",AND(J70="－",K70="－")),"",IF(OR(I70<J70,I70>K70),1,"")) | O70: =IF(OR(AND(F70="",G70="",H70="－"),AND(F70="",G70="",H70="")),"",1) -> 1
C71: =C70 -> 訪問看護 | E71: 要介護5 | F71: 1769232 | G71: 2 | H71: 12.4 | I71: =IF(H71="－",IF(ISERROR(F71/G71/12)=TRUE,"－",F71/G71/12),IF(ISERROR(F71/G71/H71/12)=TRUE,"－",F71/G71/H71/12)) -> 5945 | J71: =J63 -> 1565 | K71: =K63 -> 9665 | L71: =IF(I71="－","",IF(I71<J71,"下限値を\"&TEXT(ROUND(J71-I71,0),"#,##0")&"下回っています。",IF(I71>K71,"上限値を\"&TEXT(ROUND(I71-K71,0),"#,##0")&"上回っています。","閾値の範囲内です。"))) -> 閾値の範囲内です。 | N71: =IF(OR(I71="－",AND(J71="－",K71="－")),"",IF(OR(I71<J71,I71>K71),1,"")) | O71: =IF(OR(AND(F71="",G71="",H71="－"),AND(F71="",G71="",H71="")),"",1) -> 1
C72: =C71 -> 訪問看護 | E72: 合計 | F72: =SUM(F65:F71) -> 27104575 | G72: =SUM(G65:G71) -> 54 | H72: =IF(ISERROR((G65*H65+G66*H66+G67*H67+G68*H68+G69*H69+G70*H70+G71*H71)/G72)=TRUE,"－",(G65*H65+G66*H66+G67*H67+G68*H68+G69*H69+G70*H70+G71*H71)/G72) -> 7.0851852 | I72: =IF(H72="－",IF(ISERROR(F72/G72/12)=TRUE,"－",F72/G72/12),IF(ISERROR(F72/G72/H72/12)=TRUE,"－",F72/G72/H72/12)) -> 5903.5928 | J72: =J64 -> 1720 | K72: =K64 -> 8275 | L72: =IF(I72="－","",IF(I72<J72,"下限値を\"&TEXT(ROUND(J72-I72,0),"#,##0")&"下回っています。",IF(I72>K72,"上限値を\"&TEXT(ROUND(I72-K72,0),"#,##0")&"上回っています。","閾値の範囲内です。"))) -> 閾値の範囲内です。 | N72: =IF(OR(I72="－",AND(J72="－",K72="－")),"",IF(OR(I72<J72,I72>K72),1,""))
B73: 4 | C73: 訪問リハビリテーション | D73: 令和9年度 | E73: 要支援1 | F73: 0 | G73: 0 | H73: 0 | I73: =IF(H73="－",IF(ISERROR(F73/G73/12)=TRUE,"－",F73/G73/12),IF(ISERROR(F73/G73/H73/12)=TRUE,"－",F73/G73/H73/12)) -> － | J73: =IF(data!I78<0,0,data!I78) -> 2205 | K73: =IF(data!J78<0,0,data!J78) -> 3150 | L73: =IF(I73="－","",IF(I73<J73,"下限値を\"&TEXT(ROUND(J73-I73,0),"#,##0")&"下回っています。",IF(I73>K73,"上限値を\"&TEXT(ROUND(I73-K73,0),"#,##0")&"上回っています。","閾値の範囲内です。"))) | N73: =IF(OR(I73="－",AND(J73="－",K73="－")),"",IF(OR(I73<J73,I73>K73),1,"")) | O73: =IF(OR(AND(F73="",G73="",H73="－"),AND(F73="",G73="",H73="")),"",1) -> 1
C74: =C73 -> 訪問リハビリテーション | E74: 要支援2 | F74: 0 | G74: 0 | H74: 0 | I74: =IF(H74="－",IF(ISERROR(F74/G74/12)=TRUE,"－",F74/G74/12),IF(ISERROR(F74/G74/H74/12)=TRUE,"－",F74/G74/H74/12)) -> － | J74: =IF(data!I79<0,0,data!I79) -> 2235 | K74: =IF(data!J79<0,0,data!J79) -> 3170 | L74: =IF(I74="－","",IF(I74<J74,"下限値を\"&TEXT(ROUND(J74-I74,0),"#,##0")&"下回っています。",IF(I74>K74,"上限値を\"&TEXT(ROUND(I74-K74,0),"#,##0")&"上回っています。","閾値の範囲内です。"))) | N74: =IF(OR(I74="－",AND(J74="－",K74="－")),"",IF(OR(I74<J74,I74>K74),1,"")) | O74: =IF(OR(AND(F74="",G74="",H74="－"),AND(F74="",G74="",H74="")),"",1) -> 1
C75: =C74 -> 訪問リハビリテーション | E75: 要介護1 | F75: 0 | G75: 0 | H75: 0 | I75: =IF(H75="－",IF(ISERROR(F75/G75/12)=TRUE,"－",F75/G75/12),IF(ISERROR(F75/G75/H75/12)=TRUE,"－",F75/G75/H75/12)) -> － | J75: =IF(data!I80<0,0,data!I80) -> 2295 | K75: =IF(data!J80<0,0,data!J80) -> 3680 | L75: =IF(I75="－","",IF(I75<J75,"下限値を\"&TEXT(ROUND(J75-I75,0),"#,##0")&"下回っています。",IF(I75>K75,"上限値を\"&TEXT(ROUND(I75-K75,0),"#,##0")&"上回っています。","閾値の範囲内です。"))) | N75: =IF(OR(I75="－",AND(J75="－",K75="－")),"",IF(OR(I75<J75,I75>K75),1,"")) | O75: =IF(OR(AND(F75="",G75="",H75="－"),AND(F75="",G75="",H75="")),"",1) -> 1
C76: =C75 -> 訪問リハビリテーション | E76: 要介護2 | F76: 0 | G76: 0 | H76: 0 | I76: =IF(H76="－",IF(ISERROR(F76/G76/12)=TRUE,"－",F76/G76/12),IF(ISERROR(F76/G76/H76/12)=TRUE,"－",F76/G76/H76/12)) -> － | J76: =IF(data!I81<0,0,data!I81) -> 2335 | K76: =IF(data!J81<0,0,data!J81) -> 3615 | L76: =IF(I76="－","",IF(I76<J76,"下限値を\"&TEXT(ROUND(J76-I76,0),"#,##0")&"下回っています。",IF(I76>K76,"上限値を\"&TEXT(ROUND(I76-K76,0),"#,##0")&"上回っています。","閾値の範囲内です。"))) | N76: =IF(OR(I76="－",AND(J76="－",K76="－")),"",IF(OR(I76<J76,I76>K76),1,"")) | O76: =IF(OR(AND(F76="",G76="",H76="－"),AND(F76="",G76="",H76="")),"",1) -> 1
C77: =C76 -> 訪問リハビリテーション | E77: 要介護3 | F77: 0 | G77: 0 | H77: 0 | I77: =IF(H77="－",IF(ISERROR(F77/G77/12)=TRUE,"－",F77/G77/12),IF(ISERROR(F77/G77/H77/12)=TRUE,"－",F77/G77/H77/12)) -> － | J77: =IF(data!I82<0,0,data!I82) -> 2310 | K77: =IF(data!J82<0,0,data!J82) -> 3685 | L77: =IF(I77="－","",IF(I77<J77,"下限値を\"&TEXT(ROUND(J77-I77,0),"#,##0")&"下回っています。",IF(I77>K77,"上限値を\"&TEXT(ROUND(I77-K77,0),"#,##0")&"上回っています。","閾値の範囲内です。"))) | N77: =IF(OR(I77="－",AND(J77="－",K77="－")),"",IF(OR(I77<J77,I77>K77),1,"")) | O77: =IF(OR(AND(F77="",G77="",H77="－"),AND(F77="",G77="",H77="")),"",1) -> 1
C78: =C77 -> 訪問リハビリテーション | E78: 要介護4 | F78: 0 | G78: 0 | H78: 0 | I78: =IF(H78="－",IF(ISERROR(F78/G78/12)=TRUE,"－",F78/G78/12),IF(ISERROR(F78/G78/H78/12)=TRUE,"－",F78/G78/H78/12)) -> － | J78: =IF(data!I83<0,0,data!I83) -> 2270 | K78: =IF(data!J83<0,0,data!J83) -> 3735 | L78: =IF(I78="－","",IF(I78<J78,"下限値を\"&TEXT(ROUND(J78-I78,0),"#,##0")&"下回っています。",IF(I78>K78,"上限値を\"&TEXT(ROUND(I78-K78,0),"#,##0")&"上回っています。","閾値の範囲内です。"))) | N78: =IF(OR(I78="－",AND(J78="－",K78="－")),"",IF(OR(I78<J78,I78>K78),1,"")) | O78: =IF(OR(AND(F78="",G78="",H78="－"),AND(F78="",G78="",H78="")),"",1) -> 1
C79: =C78 -> 訪問リハビリテーション | E79: 要介護5 | F79: 0 | G79: 0 | H79: 0 | I79: =IF(H79="－",IF(ISERROR(F79/G79/12)=TRUE,"－",F79/G79/12),IF(ISERROR(F79/G79/H79/12)=TRUE,"－",F79/G79/H79/12)) -> － | J79: =IF(data!I84<0,0,data!I84) -> 2255 | K79: =IF(data!J84<0,0,data!J84) -> 3675 | L79: =IF(I79="－","",IF(I79<J79,"下限値を\"&TEXT(ROUND(J79-I79,0),"#,##0")&"下回っています。",IF(I79>K79,"上限値を\"&TEXT(ROUND(I79-K79,0),"#,##0")&"上回っています。","閾値の範囲内です。"))) | N79: =IF(OR(I79="－",AND(J79="－",K79="－")),"",IF(OR(I79<J79,I79>K79),1,"")) | O79: =IF(OR(AND(F79="",G79="",H79="－"),AND(F79="",G79="",H79="")),"",1) -> 1
C80: =C79 -> 訪問リハビリテーション | E80: 合計 | F80: =SUM(F73:F79) -> 0 | G80: =SUM(G73:G79) -> 0 | H80: =IF(ISERROR((G73*H73+G74*H74+G75*H75+G76*H76+G77*H77+G78*H78+G79*H79)/G80)=TRUE,"－",(G73*H73+G74*H74+G75*H75+G76*H76+G77*H77+G78*H78+G79*H79)/G80) -> － | I80: =IF(H80="－",IF(ISERROR(F80/G80/12)=TRUE,"－",F80/G80/12),IF(ISERROR(F80/G80/H80/12)=TRUE,"－",F80/G80/H80/12)) -> － | J80: =IF(data!I85<0,0,data!I85) -> 2365 | K80: =IF(data!J85<0,0,data!J85) -> 3495 | L80: =IF(I80="－","",IF(I80<J80,"下限値を\"&TEXT(ROUND(J80-I80,0),"#,##0")&"下回っています。",IF(I80>K80,"上限値を\"&TEXT(ROUND(I80-K80,0),"#,##0")&"上回っています。","閾値の範囲内です。"))) | N80: =IF(OR(I80="－",AND(J80="－",K80="－")),"",IF(OR(I80<J80,I80>K80),1,""))
C81: =C80 -> 訪問リハビリテーション | D81: 令和10年度 | E81: 要支援1 | F81: 0 | G81: 0 | H81: 0 | I81: =IF(H81="－",IF(ISERROR(F81/G81/12)=TRUE,"－",F81/G81/12),IF(ISERROR(F81/G81/H81/12)=TRUE,"－",F81/G81/H81/12)) -> － | J81: =J73 -> 2205 | K81: =K73 -> 3150 | L81: =IF(I81="－","",IF(I81<J81,"下限値を\"&TEXT(ROUND(J81-I81,0),"#,##0")&"下回っています。",IF(I81>K81,"上限値を\"&TEXT(ROUND(I81-K81,0),"#,##0")&"上回っています。","閾値の範囲内です。"))) | N81: =IF(OR(I81="－",AND(J81="－",K81="－")),"",IF(OR(I81<J81,I81>K81),1,"")) | O81: =IF(OR(AND(F81="",G81="",H81="－"),AND(F81="",G81="",H81="")),"",1) -> 1
C82: =C81 -> 訪問リハビリテーション | E82: 要支援2 | F82: 0 | G82: 0 | H82: 0 | I82: =IF(H82="－",IF(ISERROR(F82/G82/12)=TRUE,"－",F82/G82/12),IF(ISERROR(F82/G82/H82/12)=TRUE,"－",F82/G82/H82/12)) -> － | J82: =J74 -> 2235 | K82: =K74 -> 3170 | L82: =IF(I82="－","",IF(I82<J82,"下限値を\"&TEXT(ROUND(J82-I82,0),"#,##0")&"下回っています。",IF(I82>K82,"上限値を\"&TEXT(ROUND(I82-K82,0),"#,##0")&"上回っています。","閾値の範囲内です。"))) | N82: =IF(OR(I82="－",AND(J82="－",K82="－")),"",IF(OR(I82<J82,I82>K82),1,"")) | O82: =IF(OR(AND(F82="",G82="",H82="－"),AND(F82="",G82="",H82="")),"",1) -> 1
C83: =C82 -> 訪問リハビリテーション | E83: 要介護1 | F83: 0 | G83: 0 | H83: 0 | I83: =IF(H83="－",IF(ISERROR(F83/G83/12)=TRUE,"－",F83/G83/12),IF(ISERROR(F83/G83/H83/12)=TRUE,"－",F83/G83/H83/12)) -> － | J83: =J75 -> 2295 | K83: =K75 -> 3680 | L83: =IF(I83="－","",IF(I83<J83,"下限値を\"&TEXT(ROUND(J83-I83,0),"#,##0")&"下回っています。",IF(I83>K83,"上限値を\"&TEXT(ROUND(I83-K83,0),"#,##0")&"上回っています。","閾値の範囲内です。"))) | N83: =IF(OR(I83="－",AND(J83="－",K83="－")),"",IF(OR(I83<J83,I83>K83),1,"")) | O83: =IF(OR(AND(F83="",G83="",H83="－"),AND(F83="",G83="",H83="")),"",1) -> 1
C84: =C83 -> 訪問リハビリテーション | E84: 要介護2 | F84: 0 | G84: 0 | H84: 0 | I84: =IF(H84="－",IF(ISERROR(F84/G84/12)=TRUE,"－",F84/G84/12),IF(ISERROR(F84/G84/H84/12)=TRUE,"－",F84/G84/H84/12)) -> － | J84: =J76 -> 2335 | K84: =K76 -> 3615 | L84: =IF(I84="－","",IF(I84<J84,"下限値を\"&TEXT(ROUND(J84-I84,0),"#,##0")&"下回っています。",IF(I84>K84,"上限値を\"&TEXT(ROUND(I84-K84,0),"#,##0")&"上回っています。","閾値の範囲内です。"))) | N84: =IF(OR(I84="－",AND(J84="－",K84="－")),"",IF(OR(I84<J84,I84>K84),1,"")) | O84: =IF(OR(AND(F84="",G84="",H84="－"),AND(F84="",G84="",H84="")),"",1) -> 1
C85: =C84 -> 訪問リハビリテーション | E85: 要介護3 | F85: 0 | G85: 0 | H85: 0 | I85: =IF(H85="－",IF(ISERROR(F85/G85/12)=TRUE,"－",F85/G85/12),IF(ISERROR(F85/G85/H85/12)=TRUE,"－",F85/G85/H85/12)) -> － | J85: =J77 -> 2310 | K85: =K77 -> 3685 | L85: =IF(I85="－","",IF(I85<J85,"下限値を\"&TEXT(ROUND(J85-I85,0),"#,##0")&"下回っています。",IF(I85>K85,"上限値を\"&TEXT(ROUND(I85-K85,0),"#,##0")&"上回っています。","閾値の範囲内です。"))) | N85: =IF(OR(I85="－",AND(J85="－",K85="－")),"",IF(OR(I85<J85,I85>K85),1,"")) | O85: =IF(OR(AND(F85="",G85="",H85="－"),AND(F85="",G85="",H85="")),"",1) -> 1
C86: =C85 -> 訪問リハビリテーション | E86: 要介護4 | F86: 0 | G86: 0 | H86: 0 | I86: =IF(H86="－",IF(ISERROR(F86/G86/12)=TRUE,"－",F86/G86/12),IF(ISERROR(F86/G86/H86/12)=TRUE,"－",F86/G86/H86/12)) -> － | J86: =J78 -> 2270 | K86: =K78 -> 3735 | L86: =IF(I86="－","",IF(I86<J86,"下限値を\"&TEXT(ROUND(J86-I86,0),"#,##0")&"下回っています。",IF(I86>K86,"上限値を\"&TEXT(ROUND(I86-K86,0),"#,##0")&"上回っています。","閾値の範囲内です。"))) | N86: =IF(OR(I86="－",AND(J86="－",K86="－")),"",IF(OR(I86<J86,I86>K86),1,"")) | O86: =IF(OR(AND(F86="",G86="",H86="－"),AND(F86="",G86="",H86="")),"",1) -> 1
C87: =C86 -> 訪問リハビリテーション | E87: 要介護5 | F87: 0 | G87: 0 | H87: 0 | I87: =IF(H87="－",IF(ISERROR(F87/G87/12)=TRUE,"－",F87/G87/12),IF(ISERROR(F87/G87/H87/12)=TRUE,"－",F87/G87/H87/12)) -> － | J87: =J79 -> 2255 | K87: =K79 -> 3675 | L87: =IF(I87="－","",IF(I87<J87,"下限値を\"&TEXT(ROUND(J87-I87,0),"#,##0")&"下回っています。",IF(I87>K87,"上限値を\"&TEXT(ROUND(I87-K87,0),"#,##0")&"上回っています。","閾値の範囲内です。"))) | N87: =IF(OR(I87="－",AND(J87="－",K87="－")),"",IF(OR(I87<J87,I87>K87),1,"")) | O87: =IF(OR(AND(F87="",G87="",H87="－"),AND(F87="",G87="",H87="")),"",1) -> 1
C88: =C87 -> 訪問リハビリテーション | E88: 合計 | F88: =SUM(F81:F87) -> 0 | G88: =SUM(G81:G87) -> 0 | H88: =IF(ISERROR((G81*H81+G82*H82+G83*H83+G84*H84+G85*H85+G86*H86+G87*H87)/G88)=TRUE,"－",(G81*H81+G82*H82+G83*H83+G84*H84+G85*H85+G86*H86+G87*H87)/G88) -> － | I88: =IF(H88="－",IF(ISERROR(F88/G88/12)=TRUE,"－",F88/G88/12),IF(ISERROR(F88/G88/H88/12)=TRUE,"－",F88/G88/H88/12)) -> － | J88: =J80 -> 2365 | K88: =K80 -> 3495 | L88: =IF(I88="－","",IF(I88<J88,"下限値を\"&TEXT(ROUND(J88-I88,0),"#,##0")&"下回っています。",IF(I88>K88,"上限値を\"&TEXT(ROUND(I88-K88,0),"#,##0")&"上回っています。","閾値の範囲内です。"))) | N88: =IF(OR(I88="－",AND(J88="－",K88="－")),"",IF(OR(I88<J88,I88>K88),1,""))
C89: =C88 -> 訪問リハビリテーション | D89: 令和11年度 | E89: 要支援1 | F89: 0 | G89: 0 | H89: 0 | I89: =IF(H89="－",IF(ISERROR(F89/G89/12)=TRUE,"－",F89/G89/12),IF(ISERROR(F89/G89/H89/12)=TRUE,"－",F89/G89/H89/12)) -> － | J89: =J81 -> 2205 | K89: =K81 -> 3150 | L89: =IF(I89="－","",IF(I89<J89,"下限値を\"&TEXT(ROUND(J89-I89,0),"#,##0")&"下回っています。",IF(I89>K89,"上限値を\"&TEXT(ROUND(I89-K89,0),"#,##0")&"上回っています。","閾値の範囲内です。"))) | N89: =IF(OR(I89="－",AND(J89="－",K89="－")),"",IF(OR(I89<J89,I89>K89),1,"")) | O89: =IF(OR(AND(F89="",G89="",H89="－"),AND(F89="",G89="",H89="")),"",1) -> 1
C90: =C89 -> 訪問リハビリテーション | E90: 要支援2 | F90: 0 | G90: 0 | H90: 0 | I90: =IF(H90="－",IF(ISERROR(F90/G90/12)=TRUE,"－",F90/G90/12),IF(ISERROR(F90/G90/H90/12)=TRUE,"－",F90/G90/H90/12)) -> － | J90: =J82 -> 2235 | K90: =K82 -> 3170 | L90: =IF(I90="－","",IF(I90<J90,"下限値を\"&TEXT(ROUND(J90-I90,0),"#,##0")&"下回っています。",IF(I90>K90,"上限値を\"&TEXT(ROUND(I90-K90,0),"#,##0")&"上回っています。","閾値の範囲内です。"))) | N90: =IF(OR(I90="－",AND(J90="－",K90="－")),"",IF(OR(I90<J90,I90>K90),1,"")) | O90: =IF(OR(AND(F90="",G90="",H90="－"),AND(F90="",G90="",H90="")),"",1) -> 1
C91: =C90 -> 訪問リハビリテーション | E91: 要介護1 | F91: 0 | G91: 0 | H91: 0 | I91: =IF(H91="－",IF(ISERROR(F91/G91/12)=TRUE,"－",F91/G91/12),IF(ISERROR(F91/G91/H91/12)=TRUE,"－",F91/G91/H91/12)) -> － | J91: =J83 -> 2295 | K91: =K83 -> 3680 | L91: =IF(I91="－","",IF(I91<J91,"下限値を\"&TEXT(ROUND(J91-I91,0),"#,##0")&"下回っています。",IF(I91>K91,"上限値を\"&TEXT(ROUND(I91-K91,0),"#,##0")&"上回っています。","閾値の範囲内です。"))) | N91: =IF(OR(I91="－",AND(J91="－",K91="－")),"",IF(OR(I91<J91,I91>K91),1,"")) | O91: =IF(OR(AND(F91="",G91="",H91="－"),AND(F91="",G91="",H91="")),"",1) -> 1
C92: =C91 -> 訪問リハビリテーション | E92: 要介護2 | F92: 0 | G92: 0 | H92: 0 | I92: =IF(H92="－",IF(ISERROR(F92/G92/12)=TRUE,"－",F92/G92/12),IF(ISERROR(F92/G92/H92/12)=TRUE,"－",F92/G92/H92/12)) -> － | J92: =J84 -> 2335 | K92: =K84 -> 3615 | L92: =IF(I92="－","",IF(I92<J92,"下限値を\"&TEXT(ROUND(J92-I92,0),"#,##0")&"下回っています。",IF(I92>K92,"上限値を\"&TEXT(ROUND(I92-K92,0),"#,##0")&"上回っています。","閾値の範囲内です。"))) | N92: =IF(OR(I92="－",AND(J92="－",K92="－")),"",IF(OR(I92<J92,I92>K92),1,"")) | O92: =IF(OR(AND(F92="",G92="",H92="－"),AND(F92="",G92="",H92="")),"",1) -> 1
C93: =C92 -> 訪問リハビリテーション | E93: 要介護3 | F93: 0 | G93: 0 | H93: 0 | I93: =IF(H93="－",IF(ISERROR(F93/G93/12)=TRUE,"－",F93/G93/12),IF(ISERROR(F93/G93/H93/12)=TRUE,"－",F93/G93/H93/12)) -> － | J93: =J85 -> 2310 | K93: =K85 -> 3685 | L93: =IF(I93="－","",IF(I93<J93,"下限値を\"&TEXT(ROUND(J93-I93,0),"#,##0")&"下回っています。",IF(I93>K93,"上限値を\"&TEXT(ROUND(I93-K93,0),"#,##0")&"上回っています。","閾値の範囲内です。"))) | N93: =IF(OR(I93="－",AND(J93="－",K93="－")),"",IF(OR(I93<J93,I93>K93),1,"")) | O93: =IF(OR(AND(F93="",G93="",H93="－"),AND(F93="",G93="",H93="")),"",1) -> 1
C94: =C93 -> 訪問リハビリテーション | E94: 要介護4 | F94: 0 | G94: 0 | H94: 0 | I94: =IF(H94="－",IF(ISERROR(F94/G94/12)=TRUE,"－",F94/G94/12),IF(ISERROR(F94/G94/H94/12)=TRUE,"－",F94/G94/H94/12)) -> － | J94: =J86 -> 2270 | K94: =K86 -> 3735 | L94: =IF(I94="－","",IF(I94<J94,"下限値を\"&TEXT(ROUND(J94-I94,0),"#,##0")&"下回っています。",IF(I94>K94,"上限値を\"&TEXT(ROUND(I94-K94,0),"#,##0")&"上回っています。","閾値の範囲内です。"))) | N94: =IF(OR(I94="－",AND(J94="－",K94="－")),"",IF(OR(I94<J94,I94>K94),1,"")) | O94: =IF(OR(AND(F94="",G94="",H94="－"),AND(F94="",G94="",H94="")),"",1) -> 1
C95: =C94 -> 訪問リハビリテーション | E95: 要介護5 | F95: 0 | G95: 0 | H95: 0 | I95: =IF(H95="－",IF(ISERROR(F95/G95/12)=TRUE,"－",F95/G95/12),IF(ISERROR(F95/G95/H95/12)=TRUE,"－",F95/G95/H95/12)) -> － | J95: =J87 -> 2255 | K95: =K87 -> 3675 | L95: =IF(I95="－","",IF(I95<J95,"下限値を\"&TEXT(ROUND(J95-I95,0),"#,##0")&"下回っています。",IF(I95>K95,"上限値を\"&TEXT(ROUND(I95-K95,0),"#,##0")&"上回っています。","閾値の範囲内です。"))) | N95: =IF(OR(I95="－",AND(J95="－",K95="－")),"",IF(OR(I95<J95,I95>K95),1,"")) | O95: =IF(OR(AND(F95="",G95="",H95="－"),AND(F95="",G95="",H95="")),"",1) -> 1
C96: =C95 -> 訪問リハビリテーション | E96: 合計 | F96: =SUM(F89:F95) -> 0 | G96: =SUM(G89:G95) -> 0 | H96: =IF(ISERROR((G89*H89+G90*H90+G91*H91+G92*H92+G93*H93+G94*H94+G95*H95)/G96)=TRUE,"－",(G89*H89+G90*H90+G91*H91+G92*H92+G93*H93+G94*H94+G95*H95)/G96) -> － | I96: =IF(H96="－",IF(ISERROR(F96/G96/12)=TRUE,"－",F96/G96/12),IF(ISERROR(F96/G96/H96/12)=TRUE,"－",F96/G96/H96/12)) -> － | J96: =J88 -> 2365 | K96: =K88 -> 3495 | L96: =IF(I96="－","",IF(I96<J96,"下限値を\"&TEXT(ROUND(J96-I96,0),"#,##0")&"下回っています。",IF(I96>K96,"上限値を\"&TEXT(ROUND(I96-K96,0),"#,##0")&"上回っています。","閾値の範囲内です。"))) | N96: =IF(OR(I96="－",AND(J96="－",K96="－")),"",IF(OR(I96<J96,I96>K96),1,""))
B97: 5 | C97: 居宅療養管理指導 | D97: 令和9年度 | E97: 要支援1 | F97: 0 | G97: 0 | H97: － | I97: =IF(H97="－",IF(ISERROR(F97/G97/12)=TRUE,"－",F97/G97/12),IF(ISERROR(F97/G97/H97/12)=TRUE,"－",F97/G97/H97/12)) -> － | J97: =IF(data!I86<0,0,data!I86) -> 0 | K97: =IF(data!J86<0,0,data!J86) -> 20195 | L97: =IF(I97="－","",IF(I97<J97,"下限値を\"&TEXT(ROUND(J97-I97,0),"#,##0")&"下回っています。",IF(I97>K97,"上限値を\"&TEXT(ROUND(I97-K97,0),"#,##0")&"上回っています。","閾値の範囲内です。"))) | N97: =IF(OR(I97="－",AND(J97="－",K97="－")),"",IF(OR(I97<J97,I97>K97),1,"")) | O97: =IF(OR(AND(F97="",G97="",H97="－"),AND(F97="",G97="",H97="")),"",1) -> 1
C98: =C97 -> 居宅療養管理指導 | E98: 要支援2 | F98: 122184 | G98: 1 | H98: － | I98: =IF(H98="－",IF(ISERROR(F98/G98/12)=TRUE,"－",F98/G98/12),IF(ISERROR(F98/G98/H98/12)=TRUE,"－",F98/G98/H98/12)) -> 10182 | J98: =IF(data!I87<0,0,data!I87) -> 0 | K98: =IF(data!J87<0,0,data!J87) -> 18200 | L98: =IF(I98="－","",IF(I98<J98,"下限値を\"&TEXT(ROUND(J98-I98,0),"#,##0")&"下回っています。",IF(I98>K98,"上限値を\"&TEXT(ROUND(I98-K98,0),"#,##0")&"上回っています。","閾値の範囲内です。"))) -> 閾値の範囲内です。 | N98: =IF(OR(I98="－",AND(J98="－",K98="－")),"",IF(OR(I98<J98,I98>K98),1,"")) | O98: =IF(OR(AND(F98="",G98="",H98="－"),AND(F98="",G98="",H98="")),"",1) -> 1
C99: =C98 -> 居宅療養管理指導 | E99: 要介護1 | F99: 0 | G99: 0 | H99: － | I99: =IF(H99="－",IF(ISERROR(F99/G99/12)=TRUE,"－",F99/G99/12),IF(ISERROR(F99/G99/H99/12)=TRUE,"－",F99/G99/H99/12)) -> － | J99: =IF(data!I88<0,0,data!I88) -> 0 | K99: =IF(data!J88<0,0,data!J88) -> 20285 | L99: =IF(I99="－","",IF(I99<J99,"下限値を\"&TEXT(ROUND(J99-I99,0),"#,##0")&"下回っています。",IF(I99>K99,"上限値を\"&TEXT(ROUND(I99-K99,0),"#,##0")&"上回っています。","閾値の範囲内です。"))) | N99: =IF(OR(I99="－",AND(J99="－",K99="－")),"",IF(OR(I99<J99,I99>K99),1,"")) | O99: =IF(OR(AND(F99="",G99="",H99="－"),AND(F99="",G99="",H99="")),"",1) -> 1
C100: =C99 -> 居宅療養管理指導 | E100: 要介護2 | F100: 134424 | G100: 2 | H100: － | I100: =IF(H100="－",IF(ISERROR(F100/G100/12)=TRUE,"－",F100/G100/12),IF(ISERROR(F100/G100/H100/12)=TRUE,"－",F100/G100/H100/12)) -> 5601 | J100: =IF(data!I89<0,0,data!I89) -> 0 | K100: =IF(data!J89<0,0,data!J89) -> 21150 | L100: =IF(I100="－","",IF(I100<J100,"下限値を\"&TEXT(ROUND(J100-I100,0),"#,##0")&"下回っています。",IF(I100>K100,"上限値を\"&TEXT(ROUND(I100-K100,0),"#,##0")&"上回っています。","閾値の範囲内です。"))) -> 閾値の範囲内です。 | N100: =IF(OR(I100="－",AND(J100="－",K100="－")),"",IF(OR(I100<J100,I100>K100),1,"")) | O100: =IF(OR(AND(F100="",G100="",H100="－"),AND(F100="",G100="",H100="")),"",1) -> 1
C101: =C100 -> 居宅療養管理指導 | E101: 要介護3 | F101: 81432 | G101: 2 | H101: － | I101: =IF(H101="－",IF(ISERROR(F101/G101/12)=TRUE,"－",F101/G101/12),IF(ISERROR(F101/G101/H101/12)=TRUE,"－",F101/G101/H101/12)) -> 3393 | J101: =IF(data!I90<0,0,data!I90) -> 0 | K101: =IF(data!J90<0,0,data!J90) -> 22210 | L101: =IF(I101="－","",IF(I101<J101,"下限値を\"&TEXT(ROUND(J101-I101,0),"#,##0")&"下回っています。",IF(I101>K101,"上限値を\"&TEXT(ROUND(I101-K101,0),"#,##0")&"上回っています。","閾値の範囲内です。"))) -> 閾値の範囲内です。 | N101: =IF(OR(I101="－",AND(J101="－",K101="－")),"",IF(OR(I101<J101,I101>K101),1,"")) | O101: =IF(OR(AND(F101="",G101="",H101="－"),AND(F101="",G101="",H101="")),"",1) -> 1
C102: =C101 -> 居宅療養管理指導 | E102: 要介護4 | F102: 65736 | G102: 2 | H102: － | I102: =IF(H102="－",IF(ISERROR(F102/G102/12)=TRUE,"－",F102/G102/12),IF(ISERROR(F102/G102/H102/12)=TRUE,"－",F102/G102/H102/12)) -> 2739 | J102: =IF(data!I91<0,0,data!I91) -> 0 | K102: =IF(data!J91<0,0,data!J91) -> 23085 | L102: =IF(I102="－","",IF(I102<J102,"下限値を\"&TEXT(ROUND(J102-I102,0),"#,##0")&"下回っています。",IF(I102>K102,"上限値を\"&TEXT(ROUND(I102-K102,0),"#,##0")&"上回っています。","閾値の範囲内です。"))) -> 閾値の範囲内です。 | N102: =IF(OR(I102="－",AND(J102="－",K102="－")),"",IF(OR(I102<J102,I102>K102),1,"")) | O102: =IF(OR(AND(F102="",G102="",H102="－"),AND(F102="",G102="",H102="")),"",1) -> 1
...

Sheet (参考)1人(1回(日))1月あたり給付費(居住系)
A1: 将来推計ワーニングチェック結果詳細
B3: （参考）サービス種類毎の要介護度別1人(1回(日))1月あたり給付費【居住系サービス】
B5: No. | C5: ワーニング対象指標値 | D5: 年度／要介護(支援) | F5: 給付費 | G5: 利用者数 | H5: 利用回(日)数 | I5: 給付費÷利用者数(÷利用回(日)数)÷12 (チェック対象) | J5: 閾値 | L5: チェック結果
J6: 下限値 | K6: 上限値
B7: 23 | C7: 特定施設入居者生活介護 | D7: 令和9年度 | E7: 要支援1 | F7: 0 | G7: 0 | H7: － | I7: =IF(H7="－",IF(ISERROR(F7/G7/12)=TRUE,"－",F7/G7/12),IF(ISERROR(F7/G7/H7/12)=TRUE,"－",F7/G7/H7/12)) -> － | J7: =IF(data!I220<0,0,data!I220) -> 47870 | K7: =IF(data!J220<0,0,data!J220) -> 71270 | L7: =IF(I7="－","",IF(I7<J7,"下限値を\"&TEXT(ROUND(J7-I7,0),"#,##0")&"下回っています。",IF(I7>K7,"上限値を\"&TEXT(ROUND(I7-K7,0),"#,##0")&"上回っています。","閾値の範囲内です。"))) | N7: =IF(OR(I7="－",AND(J7="－",K7="－")),"",IF(OR(I7<J7,I7>K7),1,"")) | O7: =IF(OR(AND(F7="",G7="",H7="－"),AND(F7="",G7="",H7="")),"",1) -> 1
C8: =C7 -> 特定施設入居者生活介護 | E8: 要支援2 | F8: 0 | G8: 0 | H8: － | I8: =IF(H8="－",IF(ISERROR(F8/G8/12)=TRUE,"－",F8/G8/12),IF(ISERROR(F8/G8/H8/12)=TRUE,"－",F8/G8/H8/12)) -> － | J8: =IF(data!I221<0,0,data!I221) -> 78790 | K8: =IF(data!J221<0,0,data!J221) -> 116365 | L8: =IF(I8="－","",IF(I8<J8,"下限値を\"&TEXT(ROUND(J8-I8,0),"#,##0")&"下回っています。",IF(I8>K8,"上限値を\"&TEXT(ROUND(I8-K8,0),"#,##0")&"上回っています。","閾値の範囲内です。"))) | N8: =IF(OR(I8="－",AND(J8="－",K8="－")),"",IF(OR(I8<J8,I8>K8),1,"")) | O8: =IF(OR(AND(F8="",G8="",H8="－"),AND(F8="",G8="",H8="")),"",1) -> 1
C9: =C8 -> 特定施設入居者生活介護 | E9: 要介護1 | F9: 0 | G9: 0 | H9: － | I9: =IF(H9="－",IF(ISERROR(F9/G9/12)=TRUE,"－",F9/G9/12),IF(ISERROR(F9/G9/H9/12)=TRUE,"－",F9/G9/H9/12)) -> － | J9: =IF(data!I222<0,0,data!I222) -> 143605 | K9: =IF(data!J222<0,0,data!J222) -> 192175 | L9: =IF(I9="－","",IF(I9<J9,"下限値を\"&TEXT(ROUND(J9-I9,0),"#,##0")&"下回っています。",IF(I9>K9,"上限値を\"&TEXT(ROUND(I9-K9,0),"#,##0")&"上回っています。","閾値の範囲内です。"))) | N9: =IF(OR(I9="－",AND(J9="－",K9="－")),"",IF(OR(I9<J9,I9>K9),1,"")) | O9: =IF(OR(AND(F9="",G9="",H9="－"),AND(F9="",G9="",H9="")),"",1) -> 1
C10: =C9 -> 特定施設入居者生活介護 | E10: 要介護2 | F10: 4722096 | G10: 2 | H10: － | I10: =IF(H10="－",IF(ISERROR(F10/G10/12)=TRUE,"－",F10/G10/12),IF(ISERROR(F10/G10/H10/12)=TRUE,"－",F10/G10/H10/12)) -> 196754 | J10: =IF(data!I223<0,0,data!I223) -> 158835 | K10: =IF(data!J223<0,0,data!J223) -> 214660 | L10: =IF(I10="－","",IF(I10<J10,"下限値を\"&TEXT(ROUND(J10-I10,0),"#,##0")&"下回っています。",IF(I10>K10,"上限値を\"&TEXT(ROUND(I10-K10,0),"#,##0")&"上回っています。","閾値の範囲内です。"))) -> 閾値の範囲内です。 | N10: =IF(OR(I10="－",AND(J10="－",K10="－")),"",IF(OR(I10<J10,I10>K10),1,"")) | O10: =IF(OR(AND(F10="",G10="",H10="－"),AND(F10="",G10="",H10="")),"",1) -> 1
C11: =C10 -> 特定施設入居者生活介護 | E11: 要介護3 | F11: 0 | G11: 0 | H11: － | I11: =IF(H11="－",IF(ISERROR(F11/G11/12)=TRUE,"－",F11/G11/12),IF(ISERROR(F11/G11/H11/12)=TRUE,"－",F11/G11/H11/12)) -> － | J11: =IF(data!I224<0,0,data!I224) -> 172585 | K11: =IF(data!J224<0,0,data!J224) -> 242310 | L11: =IF(I11="－","",IF(I11<J11,"下限値を\"&TEXT(ROUND(J11-I11,0),"#,##0")&"下回っています。",IF(I11>K11,"上限値を\"&TEXT(ROUND(I11-K11,0),"#,##0")&"上回っています。","閾値の範囲内です。"))) | N11: =IF(OR(I11="－",AND(J11="－",K11="－")),"",IF(OR(I11<J11,I11>K11),1,"")) | O11: =IF(OR(AND(F11="",G11="",H11="－"),AND(F11="",G11="",H11="")),"",1) -> 1
C12: =C11 -> 特定施設入居者生活介護 | E12: 要介護4 | F12: 0 | G12: 0 | H12: － | I12: =IF(H12="－",IF(ISERROR(F12/G12/12)=TRUE,"－",F12/G12/12),IF(ISERROR(F12/G12/H12/12)=TRUE,"－",F12/G12/H12/12)) -> － | J12: =IF(data!I225<0,0,data!I225) -> 188740 | K12: =IF(data!J225<0,0,data!J225) -> 265000 | L12: =IF(I12="－","",IF(I12<J12,"下限値を\"&TEXT(ROUND(J12-I12,0),"#,##0")&"下回っています。",IF(I12>K12,"上限値を\"&TEXT(ROUND(I12-K12,0),"#,##0")&"上回っています。","閾値の範囲内です。"))) | N12: =IF(OR(I12="－",AND(J12="－",K12="－")),"",IF(OR(I12<J12,I12>K12),1,"")) | O12: =IF(OR(AND(F12="",G12="",H12="－"),AND(F12="",G12="",H12="")),"",1) -> 1
C13: =C12 -> 特定施設入居者生活介護 | E13: 要介護5 | F13: 0 | G13: 0 | H13: － | I13: =IF(H13="－",IF(ISERROR(F13/G13/12)=TRUE,"－",F13/G13/12),IF(ISERROR(F13/G13/H13/12)=TRUE,"－",F13/G13/H13/12)) -> － | J13: =IF(data!I226<0,0,data!I226) -> 205100 | K13: =IF(data!J226<0,0,data!J226) -> 293865 | L13: =IF(I13="－","",IF(I13<J13,"下限値を\"&TEXT(ROUND(J13-I13,0),"#,##0")&"下回っています。",IF(I13>K13,"上限値を\"&TEXT(ROUND(I13-K13,0),"#,##0")&"上回っています。","閾値の範囲内です。"))) | N13: =IF(OR(I13="－",AND(J13="－",K13="－")),"",IF(OR(I13<J13,I13>K13),1,"")) | O13: =IF(OR(AND(F13="",G13="",H13="－"),AND(F13="",G13="",H13="")),"",1) -> 1
C14: =C13 -> 特定施設入居者生活介護 | E14: 合計 | F14: =SUM(F7:F13) -> 4722096 | G14: =SUM(G7:G13) -> 2 | H14: － | I14: =IF(H14="－",IF(ISERROR(F14/G14/12)=TRUE,"－",F14/G14/12),IF(ISERROR(F14/G14/H14/12)=TRUE,"－",F14/G14/H14/12)) -> 196754 | J14: =IF(data!I227<0,0,data!I227) -> 134255 | K14: =IF(data!J227<0,0,data!J227) -> 236890 | L14: =IF(I14="－","",IF(I14<J14,"下限値を\"&TEXT(ROUND(J14-I14,0),"#,##0")&"下回っています。",IF(I14>K14,"上限値を\"&TEXT(ROUND(I14-K14,0),"#,##0")&"上回っています。","閾値の範囲内です。"))) -> 閾値の範囲内です。 | N14: =IF(OR(I14="－",AND(J14="－",K14="－")),"",IF(OR(I14<J14,I14>K14),1,""))
C15: =C14 -> 特定施設入居者生活介護 | D15: 令和10年度 | E15: 要支援1 | F15: 0 | G15: 0 | H15: － | I15: =IF(H15="－",IF(ISERROR(F15/G15/12)=TRUE,"－",F15/G15/12),IF(ISERROR(F15/G15/H15/12)=TRUE,"－",F15/G15/H15/12)) -> － | J15: =J7 -> 47870 | K15: =K7 -> 71270 | L15: =IF(I15="－","",IF(I15<J15,"下限値を\"&TEXT(ROUND(J15-I15,0),"#,##0")&"下回っています。",IF(I15>K15,"上限値を\"&TEXT(ROUND(I15-K15,0),"#,##0")&"上回っています。","閾値の範囲内です。"))) | N15: =IF(OR(I15="－",AND(J15="－",K15="－")),"",IF(OR(I15<J15,I15>K15),1,"")) | O15: =IF(OR(AND(F15="",G15="",H15="－"),AND(F15="",G15="",H15="")),"",1) -> 1
C16: =C15 -> 特定施設入居者生活介護 | E16: 要支援2 | F16: 0 | G16: 0 | H16: － | I16: =IF(H16="－",IF(ISERROR(F16/G16/12)=TRUE,"－",F16/G16/12),IF(ISERROR(F16/G16/H16/12)=TRUE,"－",F16/G16/H16/12)) -> － | J16: =J8 -> 78790 | K16: =K8 -> 116365 | L16: =IF(I16="－","",IF(I16<J16,"下限値を\"&TEXT(ROUND(J16-I16,0),"#,##0")&"下回っています。",IF(I16>K16,"上限値を\"&TEXT(ROUND(I16-K16,0),"#,##0")&"上回っています。","閾値の範囲内です。"))) | N16: =IF(OR(I16="－",AND(J16="－",K16="－")),"",IF(OR(I16<J16,I16>K16),1,"")) | O16: =IF(OR(AND(F16="",G16="",H16="－"),AND(F16="",G16="",H16="")),"",1) -> 1
C17: =C16 -> 特定施設入居者生活介護 | E17: 要介護1 | F17: 0 | G17: 0 | H17: － | I17: =IF(H17="－",IF(ISERROR(F17/G17/12)=TRUE,"－",F17/G17/12),IF(ISERROR(F17/G17/H17/12)=TRUE,"－",F17/G17/H17/12)) -> － | J17: =J9 -> 143605 | K17: =K9 -> 192175 | L17: =IF(I17="－","",IF(I17<J17,"下限値を\"&TEXT(ROUND(J17-I17,0),"#,##0")&"下回っています。",IF(I17>K17,"上限値を\"&TEXT(ROUND(I17-K17,0),"#,##0")&"上回っています。","閾値の範囲内です。"))) | N17: =IF(OR(I17="－",AND(J17="－",K17="－")),"",IF(OR(I17<J17,I17>K17),1,"")) | O17: =IF(OR(AND(F17="",G17="",H17="－"),AND(F17="",G17="",H17="")),"",1) -> 1
C18: =C17 -> 特定施設入居者生活介護 | E18: 要介護2 | F18: 4722096 | G18: 2 | H18: － | I18: =IF(H18="－",IF(ISERROR(F18/G18/12)=TRUE,"－",F18/G18/12),IF(ISERROR(F18/G18/H18/12)=TRUE,"－",F18/G18/H18/12)) -> 196754 | J18: =J10 -> 158835 | K18: =K10 -> 214660 | L18: =IF(I18="－","",IF(I18<J18,"下限値を\"&TEXT(ROUND(J18-I18,0),"#,##0")&"下回っています。",IF(I18>K18,"上限値を\"&TEXT(ROUND(I18-K18,0),"#,##0")&"上回っています。","閾値の範囲内です。"))) -> 閾値の範囲内です。 | N18: =IF(OR(I18="－",AND(J18="－",K18="－")),"",IF(OR(I18<J18,I18>K18),1,"")) | O18: =IF(OR(AND(F18="",G18="",H18="－"),AND(F18="",G18="",H18="")),"",1) -> 1
C19: =C18 -> 特定施設入居者生活介護 | E19: 要介護3 | F19: 0 | G19: 0 | H19: － | I19: =IF(H19="－",IF(ISERROR(F19/G19/12)=TRUE,"－",F19/G19/12),IF(ISERROR(F19/G19/H19/12)=TRUE,"－",F19/G19/H19/12)) -> － | J19: =J11 -> 172585 | K19: =K11 -> 242310 | L19: =IF(I19="－","",IF(I19<J19,"下限値を\"&TEXT(ROUND(J19-I19,0),"#,##0")&"下回っています。",IF(I19>K19,"上限値を\"&TEXT(ROUND(I19-K19,0),"#,##0")&"上回っています。","閾値の範囲内です。"))) | N19: =IF(OR(I19="－",AND(J19="－",K19="－")),"",IF(OR(I19<J19,I19>K19),1,"")) | O19: =IF(OR(AND(F19="",G19="",H19="－"),AND(F19="",G19="",H19="")),"",1) -> 1
C20: =C19 -> 特定施設入居者生活介護 | E20: 要介護4 | F20: 0 | G20: 0 | H20: － | I20: =IF(H20="－",IF(ISERROR(F20/G20/12)=TRUE,"－",F20/G20/12),IF(ISERROR(F20/G20/H20/12)=TRUE,"－",F20/G20/H20/12)) -> － | J20: =J12 -> 188740 | K20: =K12 -> 265000 | L20: =IF(I20="－","",IF(I20<J20,"下限値を\"&TEXT(ROUND(J20-I20,0),"#,##0")&"下回っています。",IF(I20>K20,"上限値を\"&TEXT(ROUND(I20-K20,0),"#,##0")&"上回っています。","閾値の範囲内です。"))) | N20: =IF(OR(I20="－",AND(J20="－",K20="－")),"",IF(OR(I20<J20,I20>K20),1,"")) | O20: =IF(OR(AND(F20="",G20="",H20="－"),AND(F20="",G20="",H20="")),"",1) -> 1
C21: =C20 -> 特定施設入居者生活介護 | E21: 要介護5 | F21: 0 | G21: 0 | H21: － | I21: =IF(H21="－",IF(ISERROR(F21/G21/12)=TRUE,"－",F21/G21/12),IF(ISERROR(F21/G21/H21/12)=TRUE,"－",F21/G21/H21/12)) -> － | J21: =J13 -> 205100 | K21: =K13 -> 293865 | L21: =IF(I21="－","",IF(I21<J21,"下限値を\"&TEXT(ROUND(J21-I21,0),"#,##0")&"下回っています。",IF(I21>K21,"上限値を\"&TEXT(ROUND(I21-K21,0),"#,##0")&"上回っています。","閾値の範囲内です。"))) | N21: =IF(OR(I21="－",AND(J21="－",K21="－")),"",IF(OR(I21<J21,I21>K21),1,"")) | O21: =IF(OR(AND(F21="",G21="",H21="－"),AND(F21="",G21="",H21="")),"",1) -> 1
C22: =C21 -> 特定施設入居者生活介護 | E22: 合計 | F22: =SUM(F15:F21) -> 4722096 | G22: =SUM(G15:G21) -> 2 | H22: － | I22: =IF(H22="－",IF(ISERROR(F22/G22/12)=TRUE,"－",F22/G22/12),IF(ISERROR(F22/G22/H22/12)=TRUE,"－",F22/G22/H22/12)) -> 196754 | J22: =J14 -> 134255 | K22: =K14 -> 236890 | L22: =IF(I22="－","",IF(I22<J22,"下限値を\"&TEXT(ROUND(J22-I22,0),"#,##0")&"下回っています。",IF(I22>K22,"上限値を\"&TEXT(ROUND(I22-K22,0),"#,##0")&"上回っています。","閾値の範囲内です。"))) -> 閾値の範囲内です。 | N22: =IF(OR(I22="－",AND(J22="－",K22="－")),"",IF(OR(I22<J22,I22>K22),1,""))
C23: =C22 -> 特定施設入居者生活介護 | D23: 令和11年度 | E23: 要支援1 | F23: 0 | G23: 0 | H23: － | I23: =IF(H23="－",IF(ISERROR(F23/G23/12)=TRUE,"－",F23/G23/12),IF(ISERROR(F23/G23/H23/12)=TRUE,"－",F23/G23/H23/12)) -> － | J23: =J15 -> 47870 | K23: =K15 -> 71270 | L23: =IF(I23="－","",IF(I23<J23,"下限値を\"&TEXT(ROUND(J23-I23,0),"#,##0")&"下回っています。",IF(I23>K23,"上限値を\"&TEXT(ROUND(I23-K23,0),"#,##0")&"上回っています。","閾値の範囲内です。"))) | N23: =IF(OR(I23="－",AND(J23="－",K23="－")),"",IF(OR(I23<J23,I23>K23),1,"")) | O23: =IF(OR(AND(F23="",G23="",H23="－"),AND(F23="",G23="",H23="")),"",1) -> 1
C24: =C23 -> 特定施設入居者生活介護 | E24: 要支援2 | F24: 0 | G24: 0 | H24: － | I24: =IF(H24="－",IF(ISERROR(F24/G24/12)=TRUE,"－",F24/G24/12),IF(ISERROR(F24/G24/H24/12)=TRUE,"－",F24/G24/H24/12)) -> － | J24: =J16 -> 78790 | K24: =K16 -> 116365 | L24: =IF(I24="－","",IF(I24<J24,"下限値を\"&TEXT(ROUND(J24-I24,0),"#,##0")&"下回っています。",IF(I24>K24,"上限値を\"&TEXT(ROUND(I24-K24,0),"#,##0")&"上回っています。","閾値の範囲内です。"))) | N24: =IF(OR(I24="－",AND(J24="－",K24="－")),"",IF(OR(I24<J24,I24>K24),1,"")) | O24: =IF(OR(AND(F24="",G24="",H24="－"),AND(F24="",G24="",H24="")),"",1) -> 1
C25: =C24 -> 特定施設入居者生活介護 | E25: 要介護1 | F25: 0 | G25: 0 | H25: － | I25: =IF(H25="－",IF(ISERROR(F25/G25/12)=TRUE,"－",F25/G25/12),IF(ISERROR(F25/G25/H25/12)=TRUE,"－",F25/G25/H25/12)) -> － | J25: =J17 -> 143605 | K25: =K17 -> 192175 | L25: =IF(I25="－","",IF(I25<J25,"下限値を\"&TEXT(ROUND(J25-I25,0),"#,##0")&"下回っています。",IF(I25>K25,"上限値を\"&TEXT(ROUND(I25-K25,0),"#,##0")&"上回っています。","閾値の範囲内です。"))) | N25: =IF(OR(I25="－",AND(J25="－",K25="－")),"",IF(OR(I25<J25,I25>K25),1,"")) | O25: =IF(OR(AND(F25="",G25="",H25="－"),AND(F25="",G25="",H25="")),"",1) -> 1
C26: =C25 -> 特定施設入居者生活介護 | E26: 要介護2 | F26: 4722096 | G26: 2 | H26: － | I26: =IF(H26="－",IF(ISERROR(F26/G26/12)=TRUE,"－",F26/G26/12),IF(ISERROR(F26/G26/H26/12)=TRUE,"－",F26/G26/H26/12)) -> 196754 | J26: =J18 -> 158835 | K26: =K18 -> 214660 | L26: =IF(I26="－","",IF(I26<J26,"下限値を\"&TEXT(ROUND(J26-I26,0),"#,##0")&"下回っています。",IF(I26>K26,"上限値を\"&TEXT(ROUND(I26-K26,0),"#,##0")&"上回っています。","閾値の範囲内です。"))) -> 閾値の範囲内です。 | N26: =IF(OR(I26="－",AND(J26="－",K26="－")),"",IF(OR(I26<J26,I26>K26),1,"")) | O26: =IF(OR(AND(F26="",G26="",H26="－"),AND(F26="",G26="",H26="")),"",1) -> 1
C27: =C26 -> 特定施設入居者生活介護 | E27: 要介護3 | F27: 0 | G27: 0 | H27: － | I27: =IF(H27="－",IF(ISERROR(F27/G27/12)=TRUE,"－",F27/G27/12),IF(ISERROR(F27/G27/H27/12)=TRUE,"－",F27/G27/H27/12)) -> － | J27: =J19 -> 172585 | K27: =K19 -> 242310 | L27: =IF(I27="－","",IF(I27<J27,"下限値を\"&TEXT(ROUND(J27-I27,0),"#,##0")&"下回っています。",IF(I27>K27,"上限値を\"&TEXT(ROUND(I27-K27,0),"#,##0")&"上回っています。","閾値の範囲内です。"))) | N27: =IF(OR(I27="－",AND(J27="－",K27="－")),"",IF(OR(I27<J27,I27>K27),1,"")) | O27: =IF(OR(AND(F27="",G27="",H27="－"),AND(F27="",G27="",H27="")),"",1) -> 1
C28: =C27 -> 特定施設入居者生活介護 | E28: 要介護4 | F28: 0 | G28: 0 | H28: － | I28: =IF(H28="－",IF(ISERROR(F28/G28/12)=TRUE,"－",F28/G28/12),IF(ISERROR(F28/G28/H28/12)=TRUE,"－",F28/G28/H28/12)) -> － | J28: =J20 -> 188740 | K28: =K20 -> 265000 | L28: =IF(I28="－","",IF(I28<J28,"下限値を\"&TEXT(ROUND(J28-I28,0),"#,##0")&"下回っています。",IF(I28>K28,"上限値を\"&TEXT(ROUND(I28-K28,0),"#,##0")&"上回っています。","閾値の範囲内です。"))) | N28: =IF(OR(I28="－",AND(J28="－",K28="－")),"",IF(OR(I28<J28,I28>K28),1,"")) | O28: =IF(OR(AND(F28="",G28="",H28="－"),AND(F28="",G28="",H28="")),"",1) -> 1
