Workbook

Sheet 目次
B1: 小野町 障がい福祉に関するアンケート調査 分析報告書 図表データ集（編集用）
B3: ・このブックは、分析報告書に掲載した図表を、Excelで編集できる形式で収録したものです。図表番号は報告書と対応しています。
B4: ・グラフはすべてExcelのグラフ機能で作成しています。色・フォント・ラベル・サイズ等を通常どおり編集でき、そのままWordに貼り付けて使用できます。
B5: ・青字のセルが入力値（件数・回答者数）、黒字のセルは計算式です。「集計_障がい者」「集計_障がい児」シートの件数を修正すると、各章シートの表とグラフに自動で反映されます。
B6: ・第4章のクロス集計は、各表の【件数】欄（青字）が入力値で、【割合】欄は計算式です。
B7: ・第3章の【障がい別】の図表は、「集計_障がい別」シート（手帳の所持により身体・知的・精神に区分、重複所持は各区分に計上）の件数（青字）を参照しています。
B8: ・割合は、各設問の回答者数（無回答を含む）を基数として算出し、表示上、小数点第2位を四捨五入しています。全ての設問に「無回答」を設けています。グラフの項目の並び順は、報告書作成時点の件数順で固定しています。
B9: ・出典：小野町_障がい者__アンケート2026_統合.xlsx、小野町_障がい児_アンケート_2026_統合.xlsx（いずれもデータシート）。第6章・第7章は分析報告書（第1稿）の内容を引き継いでいます。
B11: 図表番号 | C11: タイトル | D11: 収録シート | E11: 移動
B12: 表1-1 | C12: 調査の概要 | D12: 1-2章_概要・要点 | E12: → 表示
B13: 表1-2 | C13: 調査項目の構成 | D13: 1-2章_概要・要点 | E13: → 表示
B14: 表2-1 | C14: 障がい者調査の主要指標 | D14: 1-2章_概要・要点 | E14: → 表示
B15: 図3-1 | C15: 調査票の回答者（問1） | D15: 3章_1属性 | E15: → 表示
B16: 図3-2 | C16: 性別（問2） | D16: 3章_1属性 | E16: → 表示
B17: 図3-3 | C17: 性別【障がい別】（問2） | D17: 3章_1属性 | E17: → 表示
B18: 図3-4 | C18: 年齢（問3） | D18: 3章_1属性 | E18: → 表示
B19: 図3-5 | C19: 年齢【障がい別】（問3） | D19: 3章_1属性 | E19: → 表示
B20: 図3-6 | C20: 現在の暮らしの場（問4） | D20: 3章_1属性 | E20: → 表示
B21: 図3-7 | C21: 現在の暮らしの場【障がい別】（問4） | D21: 3章_1属性 | E21: → 表示
B22: 図3-8 | C22: 同居している家族（問4） | D22: 3章_1属性 | E22: → 表示
... B179: 入力データ | C179: 障がい者調査 障がい別集計（入力用） | D179: 集計_障がい別 | E179: → 表示

Sheet 1-2章_概要・要点
B2: 表1-1 調査の概要
B3: 項目 | C3: 障がい者調査 | G3: 障がい児調査
B4: 調査対象 | C4: 主に18歳以上の障がいのある方 | G4: 主に18歳未満の障がいのある児童・保護者
B5: 調査方法 | C5: 郵送配布、郵送回収及び役場配布、役場回収 | G5: 郵送配布、郵送回収及び役場配布、役場回収
B6: 調査期間 | C6: 令和8年8月14日～9月25日 | G6: 令和8年8月14日～9月25日
B7: 配布数
B8: 有効回答数 | C8: =集計_障がい者!$F$5 -> 259 | G8: =集計_障がい児!$F$5 -> 25
B9: 有効回答率 | C9: =IF(C7="","",C8/C7) | G9: =IF(G7="","",G8/G7)
B10: ※黄色の網掛け部分は、実施記録に基づき記入してください。（参考）前回調査（令和５年10月実施）は、障がい者調査が配布520件・有効回答280件（53.8％）、障がい児調査が配布36件・有効回答22件（61.1％）でした。
B12: 表1-2 調査項目の構成
B13: 分野 | C13: 障がい者調査 | F13: 障がい児調査
B14: 回答者の属性・生活状況 | C14: 問1～問7 | F14: 問1～問7
B15: 障がい・医療 | C15: 問8～問16 | F15: 問8～問16
B16: 将来の暮らし・外出 | C16: 問17～問22 | F16: 問23～問27
B17: 日中活動・就労・進路 | C17: 問23～問27 | F17: 問17～問22
B18: 福祉サービス | C18: 問28～問32 | F18: 問28～問29
B19: 相談・情報 | C19: 問33～問34 | F19: 問30～問31
B20: 差別解消・権利擁護 | C20: 問35～問40 | F20: 問32～問37
B21: 災害時の対応 | C21: 問41～問45 | F21: 問38～問42
B22: 自由意見 | C22: 問46 | F22: 問43
B24: 表2-1 障がい者調査の主要指標
B25: 分野 | C25: 指標 | H25: 結果 | I25: 設問
B26: 回答者 | C26: 65歳以上の割合 | H26: =IF(集計_障がい者!$F$21=0,0,SUM(集計_障がい者!$D$21)/集計_障がい者!$F$21) -> 0.68339768 | I26: 問3
B27: 暮らし | C27: 自宅で家族等と一緒に住んでいる | H27: =IF(集計_障がい者!$F$24=0,0,SUM(集計_障がい者!$D$24)/集計_障がい者!$F$24) -> 0.65250965 | I27: 問4-1
B28: 介助者 | C28: 主介助者が60歳以上 | H28: =IF(集計_障がい者!$F$85=0,0,SUM(集計_障がい者!$D$85,集計_障がい者!$D$86)/集計_障がい者!$F$85) -> 0.26254826 | I28: 問7-1
B29: 将来の暮らし | C29: 「家族と一緒に生活したい」 | H29: =IF(集計_障がい者!$F$153=0,0,SUM(集計_障がい者!$D$153)/集計_障がい者!$F$153) -> 0.61003861 | I29: 問17
B30: 地域生活 | C30: 必要な支援「経済的な負担の軽減」（第1位） | H30: =IF(集計_障がい者!$F$163=0,0,SUM(集計_障がい者!$D$163)/集計_障がい者!$F$163) -> 0.48262548 | I30: 問18
B31: 外出 | C31: 外出時に困ること「外出にお金がかかる」（第1位） | H31: =IF(集計_障がい者!$F$200=0,0,SUM(集計_障がい者!$D$200)/集計_障がい者!$F$200) -> 0.25096525 | I31: 問22
B32: 日中活動 | C32: 「自宅で過ごしている」 | H32: =IF(集計_障がい者!$F$213=0,0,SUM(集計_障がい者!$D$213)/集計_障がい者!$F$213) -> 0.44015444 | I32: 問23
B33: 就労 | C33: 就労支援として必要なこと「職場の上司や同僚に障がいの理解があること」（第1位） | H33: =IF(集計_障がい者!$F$236=0,0,SUM(集計_障がい者!$D$236)/集計_障がい者!$F$236) -> 0.35907336 | I33: 問27
B34: サービス | C34: 介護保険サービスを利用している | H34: =IF(集計_障がい者!$F$251=0,0,SUM(集計_障がい者!$D$251)/集計_障がい者!$F$251) -> 0.2972973 | I34: 問29
B35: 相談 | C35: 相談相手「家族や親せき」 | H35: =IF(集計_障がい者!$F$352=0,0,SUM(集計_障がい者!$D$352)/集計_障がい者!$F$352) -> 0.73745174 | I35: 問33
B36: 情報 | C36: 情報の入手先「本や新聞、雑誌の記事、テレビやラジオのニュース」（第1位） | H36: =IF(集計_障がい者!$F$368=0,0,SUM(集計_障がい者!$D$368)/集計_障がい者!$F$368) -> 0.37837838 | I36: 問34
B37: 権利擁護 | C37: 差別や嫌な思いをしたことが「ある」「少しある」 | H37: =IF(集計_障がい者!$F$384=0,0,SUM(集計_障がい者!$D$384,集計_障がい者!$D$385)/集計_障がい者!$F$384) -> 0.25868726 | I37: 問35
B38: 権利擁護 | C38: 成年後見制度を「名前も内容も知らない」 | H38: =IF(集計_障がい者!$F$399=0,0,SUM(集計_障がい者!$D$399)/集計_障がい者!$F$399) -> 0.36679537 | I38: 問37
B39: 災害 | C39: 一人で避難「できない」「わからない」 | H39: =IF(集計_障がい者!$F$416=0,0,SUM(集計_障がい者!$D$416,集計_障がい者!$D$417)/集計_障がい者!$F$416) -> 0.55598456 | I39: 問41
B40: 災害 | C40: 近所に助けてくれる人が「いない」 | H40: =IF(集計_障がい者!$F$420=0,0,SUM(集計_障がい者!$D$420)/集計_障がい者!$F$420) -> 0.23166023 | I40: 問42
B41: 災害 | C41: 個別避難計画の作成を「希望する」 | H41: =IF(集計_障がい者!$F$438=0,0,SUM(集計_障がい者!$D$438)/集計_障がい者!$F$438) -> 0.25482625 | I41: 問45
B42: ※結果は回答者数（無回答を含む）に対する割合です。条件付き設問も回答者数を基数としています。

Sheet 3章_1属性
B2: 図3-1 調査票の回答者（問1）
B3: ="n="&集計_障がい者!$F$5&"（単一回答）" -> n=259（単一回答）
B4: 選択肢 | C4: 件数 | D4: 割合
B5: ご本人が自分で記入 | C5: =集計_障がい者!$D$5 -> 144 | D5: =集計_障がい者!$E$5 -> 0.55598456
B6: ご本人が回答し、家族の方が記入 | C6: =集計_障がい者!$D$6 -> 37 | D6: =集計_障がい者!$E$6 -> 0.14285714
B7: 家族の方が代理で回答・記入 | C7: =集計_障がい者!$D$7 -> 48 | D7: =集計_障がい者!$E$7 -> 0.18532819
B8: ご本人が回答し、施設職員が記入 | C8: =集計_障がい者!$D$8 -> 9 | D8: =集計_障がい者!$E$8 -> 0.034749035
B9: 施設職員が代理で回答・記入 | C9: =集計_障がい者!$D$9 -> 10 | D9: =集計_障がい者!$E$9 -> 0.038610039
B10: その他 | C10: =集計_障がい者!$D$10 -> 3 | D10: =集計_障がい者!$E$10 -> 0.011583012
B11: 無回答 | C11: =集計_障がい者!$D$11 -> 8 | D11: =集計_障がい者!$E$11 -> 0.030888031
B15: 図3-2 性別（問2）
B16: ="n="&集計_障がい者!$F$12&"（単一回答）" -> n=259（単一回答）
B17: 選択肢 | C17: 件数 | D17: 割合
B18: 男性 | C18: =集計_障がい者!$D$12 -> 144 | D18: =集計_障がい者!$E$12 -> 0.55598456
B19: 女性 | C19: =集計_障がい者!$D$13 -> 109 | D19: =集計_障がい者!$E$13 -> 0.42084942
B20: わからない | C20: =集計_障がい者!$D$14 -> 0 | D20: =集計_障がい者!$E$14 -> 0
B21: 答えたくない | C21: =集計_障がい者!$D$15 -> 0 | D21: =集計_障がい者!$E$15 -> 0
B22: 無回答 | C22: =集計_障がい者!$D$16 -> 6 | D22: =集計_障がい者!$E$16 -> 0.023166023
B26: 図3-3 性別【障がい別】（問2）
B28: 区分 | C28: 男性 | D28: 女性 | E28: わからない | F28: 答えたくない | G28: 無回答
B29: 全体 | C29: =集計_障がい者!$E$12 -> 0.55598456 | D29: =集計_障がい者!$E$13 -> 0.42084942 | E29: =集計_障がい者!$E$14 -> 0 | F29: =集計_障がい者!$E$15 -> 0 | G29: =集計_障がい者!$E$16 -> 0.023166023
B30: 身体障がい（n=193） | C30: =集計_障がい別!$G$13 -> 0.56994819 | D30: =集計_障がい別!$G$14 -> 0.40414508 | E30: =集計_障がい別!$G$15 -> 0 | F30: =集計_障がい別!$G$16 -> 0 | G30: =集計_障がい別!$G$17 -> 0.025906736
B31: 知的障がい（n=33） | C31: =集計_障がい別!$H$13 -> 0.60606061 | D31: =集計_障がい別!$H$14 -> 0.36363636 | E31: =集計_障がい別!$H$15 -> 0 | F31: =集計_障がい別!$H$16 -> 0 | G31: =集計_障がい別!$H$17 -> 0.03030303
B32: 精神障がい（n=44） | C32: =集計_障がい別!$I$13 -> 0.54545455 | D32: =集計_障がい別!$I$14 -> 0.40909091 | E32: =集計_障がい別!$I$15 -> 0 | F32: =集計_障がい別!$I$16 -> 0 | G32: =集計_障がい別!$I$17 -> 0.045454545
B40: 図3-4 年齢（問3）
B41: ="n="&集計_障がい者!$F$17&"（単一回答）" -> n=259（単一回答）
B42: 選択肢 | C42: 件数 | D42: 割合
B43: 18～29歳 | C43: =集計_障がい者!$D$17 -> 12 | D43: =集計_障がい者!$E$17 -> 0.046332046
B44: 30～39歳 | C44: =集計_障がい者!$D$18 -> 12 | D44: =集計_障がい者!$E$18 -> 0.046332046
B45: 40～49歳 | C45: =集計_障がい者!$D$19 -> 16 | D45: =集計_障がい者!$E$19 -> 0.061776062
B46: 50～64歳 | C46: =集計_障がい者!$D$20 -> 32 | D46: =集計_障がい者!$E$20 -> 0.12355212
B47: 65歳以上 | C47: =集計_障がい者!$D$21 -> 177 | D47: =集計_障がい者!$E$21 -> 0.68339768
B48: 無回答 | C48: =集計_障がい者!$D$22 -> 10 | D48: =集計_障がい者!$E$22 -> 0.038610039
B51: 図3-5 年齢【障がい別】（問3）
B53: 区分 | C53: 18～29歳 | D53: 30～39歳 | E53: 40～49歳 | F53: 50～64歳 | G53: 65歳以上 | H53: 無回答
B54: 全体 | C54: =集計_障がい者!$E$17 -> 0.046332046 | D54: =集計_障がい者!$E$18 -> 0.046332046 | E54: =集計_障がい者!$E$19 -> 0.061776062 | F54: =集計_障がい者!$E$20 -> 0.12355212 | G54: =集計_障がい者!$E$21 -> 0.68339768 | H54: =集計_障がい者!$E$22 -> 0.038610039
B55: 身体障がい（n=193） | C55: =集計_障がい別!$G$18 -> 0.0051813472 | D55: =集計_障がい別!$G$19 -> 0.015544041 | E55: =集計_障がい別!$G$20 -> 0.025906736 | F55: =集計_障がい別!$G$21 -> 0.093264249 | G55: =集計_障がい別!$G$22 -> 0.8238342 | H55: =集計_障がい別!$G$23 -> 0.03626943
B56: 知的障がい（n=33） | C56: =集計_障がい別!$H$18 -> 0.21212121 | D56: =集計_障がい別!$H$19 -> 0.12121212 | E56: =集計_障がい別!$H$20 -> 0.060606061 | F56: =集計_障がい別!$H$21 -> 0.3030303 | G56: =集計_障がい別!$H$22 -> 0.27272727 | H56: =集計_障がい別!$H$23 -> 0.03030303
B57: 精神障がい（n=44） | C57: =集計_障がい別!$I$18 -> 0.13636364 | D57: =集計_障がい別!$I$19 -> 0.13636364 | E57: =集計_障がい別!$I$20 -> 0.20454545 | F57: =集計_障がい別!$I$21 -> 0.22727273 | G57: =集計_障がい別!$I$22 -> 0.25 | H57: =集計_障がい別!$I$23 -> 0.045454545
B66: 図3-6 現在の暮らしの場（問4）
B67: ="n="&集計_障がい者!$F$23&"（単一回答）" -> n=259（単一回答）
B68: 選択肢 | C68: 件数 | D68: 割合
B69: 自宅（アパート・町営住宅等も含む）でひとり暮らし | C69: =集計_障がい者!$D$23 -> 41 | D69: =集計_障がい者!$E$23 -> 0.15830116
B70: 自宅（アパート・町営住宅等も含む）で家族等と一緒に住んでいる | C70: =集計_障がい者!$D$24 -> 169 | D70: =集計_障がい者!$E$24 -> 0.65250965
B71: グループホームで暮らしている | C71: =集計_障がい者!$D$25 -> 11 | D71: =集計_障がい者!$E$25 -> 0.042471042
B72: 福祉施設（障がい者支援施設、高齢者支援施設）で暮らしている | C72: =集計_障がい者!$D$26 -> 24 | D72: =集計_障がい者!$E$26 -> 0.092664093
B73: 病院に入院している | C73: =集計_障がい者!$D$27 -> 6 | D73: =集計_障がい者!$E$27 -> 0.023166023
B74: その他 | C74: =集計_障がい者!$D$28 -> 1 | D74: =集計_障がい者!$E$28 -> 0.0038610039
B75: 無回答 | C75: =集計_障がい者!$D$29 -> 7 | D75: =集計_障がい者!$E$29 -> 0.027027027
B78: 図3-7 現在の暮らしの場【障がい別】（問4）
B80: 区分 | C80: 自宅（アパート・町営住宅等も含む）でひとり暮らし | D80: 自宅（アパート・町営住宅等も含む）で家族等と一緒に住んでいる | E80: グループホームで暮らしている | F80: 福祉施設（障がい者支援施設、高齢者支援施設）で暮らしている | G80: 病院に入院している | H80: その他 | I80: 無回答
B81: 全体 | C81: =集計_障がい者!$E$23 -> 0.15830116 | D81: =集計_障がい者!$E$24 -> 0.65250965 | E81: =集計_障がい者!$E$25 -> 0.042471042 | F81: =集計_障がい者!$E$26 -> 0.092664093 | G81: =集計_障がい者!$E$27 -> 0.023166023 | H81: =集計_障がい者!$E$28 -> 0.0038610039 | I81: =集計_障がい者!$E$29 -> 0.027027027
B82: 身体障がい（n=193） | C82: =集計_障がい別!$G$24 -> 0.18134715 | D82: =集計_障がい別!$G$25 -> 0.6373057 | E82: =集計_障がい別!$G$26 -> 0.03626943 | F82: =集計_障がい別!$G$27 -> 0.082901554 | G82: =集計_障がい別!$G$28 -> 0.025906736 | H82: =集計_障がい別!$G$29 -> 0.0051813472 | I82: =集計_障がい別!$G$30 -> 0.031088083
B83: 知的障がい（n=33） | C83: =集計_障がい別!$H$24 -> 0.12121212 | D83: =集計_障がい別!$H$25 -> 0.51515152 | E83: =集計_障がい別!$H$26 -> 0.090909091 | F83: =集計_障がい別!$H$27 -> 0.24242424 | G83: =集計_障がい別!$H$28 -> 0 | H83: =集計_障がい別!$H$29 -> 0 | I83: =集計_障がい別!$H$30 -> 0.03030303
B84: 精神障がい（n=44） | C84: =集計_障がい別!$I$24 -> 0.18181818 | D84: =集計_障がい別!$I$25 -> 0.61363636 | E84: =集計_障がい別!$I$26 -> 0.045454545 | F84: =集計_障がい別!$I$27 -> 0.11363636 | G84: =集計_障がい別!$I$28 -> 0 | H84: =集計_障がい別!$I$29 -> 0 | I84: =集計_障がい別!$I$30 -> 0.045454545
B89: 図3-8 同居している家族（問4）
B90: ="n="&集計_障がい者!$F$33&"（複数回答）" -> n=259（複数回答）
B91: 選択肢 | C91: 件数 | D91: 割合
B92: 配偶者 | C92: =集計_障がい者!$D$33 -> 95 | D92: =集計_障がい者!$E$33 -> 0.36679537
B93: 父母 | C93: =集計_障がい者!$D$30 -> 46 | D93: =集計_障がい者!$E$30 -> 0.17760618
B94: 兄弟姉妹 | C94: =集計_障がい者!$D$32 -> 24 | D94: =集計_障がい者!$E$32 -> 0.092664093
B95: 祖父母 | C95: =集計_障がい者!$D$31 -> 7 | D95: =集計_障がい者!$E$31 -> 0.027027027
B96: その他 | C96: =集計_障がい者!$D$34 -> 64 | D96: =集計_障がい者!$E$34 -> 0.24710425
B97: 無回答 | C97: =集計_障がい者!$D$35 -> 90 | D97: =集計_障がい者!$E$35 -> 0.34749035
B101: 図3-9 同居している家族【障がい別】（問4）
B103: 選択肢 | C103: 身体障がい（n=193） | D103: 知的障がい（n=33） | E103: 精神障がい（n=44）
B104: 配偶者 | C104: =集計_障がい別!$G$34 -> 0.42487047 | D104: =集計_障がい別!$H$34 -> 0.060606061 | E104: =集計_障がい別!$I$34 -> 0.11363636
B105: 父母 | C105: =集計_障がい別!$G$31 -> 0.082901554 | D105: =集計_障がい別!$H$31 -> 0.36363636 | E105: =集計_障がい別!$I$31 -> 0.5
B106: 兄弟姉妹 | C106: =集計_障がい別!$G$33 -> 0.041450777 | D106: =集計_障がい別!$H$33 -> 0.18181818 | E106: =集計_障がい別!$I$33 -> 0.29545455
B107: 祖父母 | C107: =集計_障がい別!$G$32 -> 0.015544041 | D107: =集計_障がい別!$H$32 -> 0.12121212 | E107: =集計_障がい別!$I$32 -> 0.045454545
B108: その他 | C108: =集計_障がい別!$G$35 -> 0.26943005 | D108: =集計_障がい別!$H$35 -> 0.12121212 | E108: =集計_障がい別!$I$35 -> 0.090909091
B109: 無回答 | C109: =集計_障がい別!$G$36 -> 0.3626943 | D109: =集計_障がい別!$H$36 -> 0.48484848 | E109: =集計_障がい別!$I$36 -> 0.38636364
B124: 図3-10 日常生活動作の状況（問5）
B126: 項目 | C126: ひとりでできる | D126: 一部介助が必要 | E126: 全部介助が必要 | F126: 無回答
B127: 食事 | C127: =集計_障がい者!$E$36 -> 0.81853282 | D127: =集計_障がい者!$E$37 -> 0.092664093 | E127: =集計_障がい者!$E$38 -> 0.046332046 | F127: =集計_障がい者!$E$39 -> 0.042471042
B128: トイレ | C128: =集計_障がい者!$E$40 -> 0.7953668 | D128: =集計_障がい者!$E$41 -> 0.092664093 | E128: =集計_障がい者!$E$42 -> 0.073359073 | F128: =集計_障がい者!$E$43 -> 0.038610039
B129: 入浴 | C129: =集計_障がい者!$E$44 -> 0.71814672 | D129: =集計_障がい者!$E$45 -> 0.11583012 | E129: =集計_障がい者!$E$46 -> 0.12355212 | F129: =集計_障がい者!$E$47 -> 0.042471042
B130: 衣服の着脱 | C130: =集計_障がい者!$E$48 -> 0.76061776 | D130: =集計_障がい者!$E$49 -> 0.12355212 | E130: =集計_障がい者!$E$50 -> 0.077220077 | F130: =集計_障がい者!$E$51 -> 0.038610039
B131: 身だしなみ | C131: =集計_障がい者!$E$52 -> 0.72972973 | D131: =集計_障がい者!$E$53 -> 0.15057915 | E131: =集計_障がい者!$E$54 -> 0.073359073 | F131: =集計_障がい者!$E$55 -> 0.046332046
B132: 家の中の移動 | C132: =集計_障がい者!$E$56 -> 0.8030888 | D132: =集計_障がい者!$E$57 -> 0.054054054 | E132: =集計_障がい者!$E$58 -> 0.096525097 | F132: =集計_障がい者!$E$59 -> 0.046332046
B133: 外出 | C133: =集計_障がい者!$E$60 -> 0.53667954 | D133: =集計_障がい者!$E$61 -> 0.25482625 | E133: =集計_障がい者!$E$62 -> 0.15057915 | F133: =集計_障がい者!$E$63 -> 0.057915058
B134: 意思疎通 | C134: =集計_障がい者!$E$64 -> 0.72200772 | D134: =集計_障がい者!$E$65 -> 0.16216216 | E134: =集計_障がい者!$E$66 -> 0.046332046 | F134: =集計_障がい者!$E$67 -> 0.069498069
B135: お金の管理 | C135: =集計_障がい者!$E$68 -> 0.59459459 | D135: =集計_障がい者!$E$69 -> 0.18146718 | E135: =集計_障がい者!$E$70 -> 0.16602317 | F135: =集計_障がい者!$E$71 -> 0.057915058
B136: 薬の管理 | C136: =集計_障がい者!$E$72 -> 0.65637066 | D136: =集計_障がい者!$E$73 -> 0.15057915 | E136: =集計_障がい者!$E$74 -> 0.14285714 | F136: =集計_障がい者!$E$75 -> 0.05019305
B148: 図3-11 介助が必要な割合【障がい別】（問5）
B150: 項目 | C150: 身体障がい（n=193） | D150: 知的障がい（n=33） | E150: 精神障がい（n=44）
B151: 食事 | C151: =IF(集計_障がい別!$D$5=0,0,(集計_障がい別!$D$38+集計_障がい別!$D$39)/集計_障がい別!$D$5) -> 0.13471503 | D151: =IF(集計_障がい別!$E$5=0,0,(集計_障がい別!$E$38+集計_障がい別!$E$39)/集計_障がい別!$E$5) -> 0.090909091 | E151: =IF(集計_障がい別!$F$5=0,0,(集計_障がい別!$F$38+集計_障がい別!$F$39)/集計_障がい別!$F$5) -> 0.11363636
B152: トイレ | C152: =IF(集計_障がい別!$D$5=0,0,(集計_障がい別!$D$42+集計_障がい別!$D$43)/集計_障がい別!$D$5) -> 0.16580311 | D152: =IF(集計_障がい別!$E$5=0,0,(集計_障がい別!$E$42+集計_障がい別!$E$43)/集計_障がい別!$E$5) -> 0.15151515 | E152: =IF(集計_障がい別!$F$5=0,0,(集計_障がい別!$F$42+集計_障がい別!$F$43)/集計_障がい別!$F$5) -> 0.045454545
B153: 入浴 | C153: =IF(集計_障がい別!$D$5=0,0,(集計_障がい別!$D$46+集計_障がい別!$D$47)/集計_障がい別!$D$5) -> 0.23316062 | D153: =IF(集計_障がい別!$E$5=0,0,(集計_障がい別!$E$46+集計_障がい別!$E$47)/集計_障がい別!$E$5) -> 0.24242424 | E153: =IF(集計_障がい別!$F$5=0,0,(集計_障がい別!$F$46+集計_障がい別!$F$47)/集計_障がい別!$F$5) -> 0.15909091
B154: 衣服の着脱 | C154: =IF(集計_障がい別!$D$5=0,0,(集計_障がい別!$D$50+集計_障がい別!$D$51)/集計_障がい別!$D$5) -> 0.1865285 | D154: =IF(集計_障がい別!$E$5=0,0,(集計_障がい別!$E$50+集計_障がい別!$E$51)/集計_障がい別!$E$5) -> 0.21212121 | E154: =IF(集計_障がい別!$F$5=0,0,(集計_障がい別!$F$50+集計_障がい別!$F$51)/集計_障がい別!$F$5) -> 0.13636364
B155: 身だしなみ | C155: =IF(集計_障がい別!$D$5=0,0,(集計_障がい別!$D$54+集計_障がい別!$D$55)/集計_障がい別!$D$5) -> 0.20725389 | D155: =IF(集計_障がい別!$E$5=0,0,(集計_障がい別!$E$54+集計_障がい別!$E$55)/集計_障がい別!$E$5) -> 0.3030303 | E155: =IF(集計_障がい別!$F$5=0,0,(集計_障がい別!$F$54+集計_障がい別!$F$55)/集計_障がい別!$F$5) -> 0.13636364
B156: 家の中の移動 | C156: =IF(集計_障がい別!$D$5=0,0,(集計_障がい別!$D$58+集計_障がい別!$D$59)/集計_障がい別!$D$5) -> 0.16062176 | D156: =IF(集計_障がい別!$E$5=0,0,(集計_障がい別!$E$58+集計_障がい別!$E$59)/集計_障がい別!$E$5) -> 0.12121212 | E156: =IF(集計_障がい別!$F$5=0,0,(集計_障がい別!$F$58+集計_障がい別!$F$59)/集計_障がい別!$F$5) -> 0.090909091
B157: 外出 | C157: =IF(集計_障がい別!$D$5=0,0,(集計_障がい別!$D$62+集計_障がい別!$D$63)/集計_障がい別!$D$5) -> 0.37823834 | D157: =IF(集計_障がい別!$E$5=0,0,(集計_障がい別!$E$62+集計_障がい別!$E$63)/集計_障がい別!$E$5) -> 0.45454545 | E157: =IF(集計_障がい別!$F$5=0,0,(集計_障がい別!$F$62+集計_障がい別!$F$63)/集計_障がい別!$F$5) -> 0.34090909
B158: 意思疎通 | C158: =IF(集計_障がい別!$D$5=0,0,(集計_障がい別!$D$66+集計_障がい別!$D$67)/集計_障がい別!$D$5) -> 0.15544041 | D158: =IF(集計_障がい別!$E$5=0,0,(集計_障がい別!$E$66+集計_障がい別!$E$67)/集計_障がい別!$E$5) -> 0.45454545 | E158: =IF(集計_障がい別!$F$5=0,0,(集計_障がい別!$F$66+集計_障がい別!$F$67)/集計_障がい別!$F$5) -> 0.34090909
B159: お金の管理 | C159: =IF(集計_障がい別!$D$5=0,0,(集計_障がい別!$D$70+集計_障がい別!$D$71)/集計_障がい別!$D$5) -> 0.31606218 | D159: =IF(集計_障がい別!$E$5=0,0,(集計_障がい別!$E$70+集計_障がい別!$E$71)/集計_障がい別!$E$5) -> 0.66666667 | E159: =IF(集計_障がい別!$F$5=0,0,(集計_障がい別!$F$70+集計_障がい別!$F$71)/集計_障がい別!$F$5) -> 0.34090909
B160: 薬の管理 | C160: =IF(集計_障がい別!$D$5=0,0,(集計_障がい別!$D$74+集計_障がい別!$D$75)/集計_障がい別!$D$5) -> 0.2642487 | D160: =IF(集計_障がい別!$E$5=0,0,(集計_障がい別!$E$74+集計_障がい別!$E$75)/集計_障がい別!$E$5) -> 0.54545455 | E160: =IF(集計_障がい別!$F$5=0,0,(集計_障がい別!$F$74+集計_障がい別!$F$75)/集計_障がい別!$F$5) -> 0.25
B161: ※介助が必要な割合は、各区分の回答者数に占める「一部介助が必要」「全部介助が必要」の合計の割合です。
B181: 図3-12 主な介助者（問6）
B182: ="n="&集計_障がい者!$F$78&"（複数回答）" -> n=259（複数回答）
B183: 選択肢 | C183: 件数 | D183: 割合
...

Sheet 3章_2障がい・医療
B2: 図3-20 身体障害者手帳の所持状況（問8）
B3: ="n="&集計_障がい者!$F$95&"（単一回答）" -> n=259（単一回答）
B4: 選択肢 | C4: 件数 | D4: 割合
B5: １級 | C5: =集計_障がい者!$D$95 -> 72 | D5: =集計_障がい者!$E$95 -> 0.27799228
B6: ２級 | C6: =集計_障がい者!$D$96 -> 34 | D6: =集計_障がい者!$E$96 -> 0.13127413
B7: ３級 | C7: =集計_障がい者!$D$97 -> 28 | D7: =集計_障がい者!$E$97 -> 0.10810811
B8: ４級 | C8: =集計_障がい者!$D$98 -> 33 | D8: =集計_障がい者!$E$98 -> 0.12741313
B9: ５級 | C9: =集計_障がい者!$D$99 -> 16 | D9: =集計_障がい者!$E$99 -> 0.061776062
B10: ６級 | C10: =集計_障がい者!$D$100 -> 10 | D10: =集計_障がい者!$E$100 -> 0.038610039
B11: 持っていない | C11: =集計_障がい者!$D$101 -> 49 | D11: =集計_障がい者!$E$101 -> 0.18918919
B12: 無回答 | C12: =集計_障がい者!$D$102 -> 17 | D12: =集計_障がい者!$E$102 -> 0.065637066
B16: 図3-21 身体障害者手帳所持者の主な障がい（問9）
B17: ="n="&集計_障がい者!$F$103&"（単一回答）" -> n=259（単一回答）
B18: 選択肢 | C18: 件数 | D18: 割合
B19: 視覚障がい | C19: =集計_障がい者!$D$103 -> 14 | D19: =集計_障がい者!$E$103 -> 0.054054054
B20: 聴覚・平衡機能障がい | C20: =集計_障がい者!$D$104 -> 18 | D20: =集計_障がい者!$E$104 -> 0.069498069
B21: 音声・言語・そしゃく機能障がい | C21: =集計_障がい者!$D$105 -> 4 | D21: =集計_障がい者!$E$105 -> 0.015444015
B22: 肢体不自由（上肢） | C22: =集計_障がい者!$D$106 -> 12 | D22: =集計_障がい者!$E$106 -> 0.046332046
B23: 肢体不自由（下肢） | C23: =集計_障がい者!$D$107 -> 39 | D23: =集計_障がい者!$E$107 -> 0.15057915
B24: 肢体不自由（体幹） | C24: =集計_障がい者!$D$108 -> 11 | D24: =集計_障がい者!$E$108 -> 0.042471042
B25: 内部障がい（１～６以外） | C25: =集計_障がい者!$D$109 -> 81 | D25: =集計_障がい者!$E$109 -> 0.31274131
B26: 無回答 | C26: =集計_障がい者!$D$110 -> 80 | D26: =集計_障がい者!$E$110 -> 0.30888031
B30: 図3-22 療育手帳の所持状況（問10）
B31: ="n="&集計_障がい者!$F$111&"（単一回答）" -> n=259（単一回答）
B32: 選択肢 | C32: 件数 | D32: 割合
B33: Ａ判定 | C33: =集計_障がい者!$D$111 -> 10 | D33: =集計_障がい者!$E$111 -> 0.038610039
B34: Ｂ判定 | C34: =集計_障がい者!$D$112 -> 23 | D34: =集計_障がい者!$E$112 -> 0.088803089
B35: 持っていない | C35: =集計_障がい者!$D$113 -> 199 | D35: =集計_障がい者!$E$113 -> 0.76833977
B36: 無回答 | C36: =集計_障がい者!$D$114 -> 27 | D36: =集計_障がい者!$E$114 -> 0.1042471
B41: 図3-23 精神障害者保健福祉手帳の所持状況（問11）
B42: ="n="&集計_障がい者!$F$115&"（単一回答）" -> n=259（単一回答）
B43: 選択肢 | C43: 件数 | D43: 割合
B44: １級 | C44: =集計_障がい者!$D$115 -> 13 | D44: =集計_障がい者!$E$115 -> 0.05019305
B45: ２級 | C45: =集計_障がい者!$D$116 -> 23 | D45: =集計_障がい者!$E$116 -> 0.088803089
B46: ３級 | C46: =集計_障がい者!$D$117 -> 8 | D46: =集計_障がい者!$E$117 -> 0.030888031
B47: 持っていない | C47: =集計_障がい者!$D$118 -> 196 | D47: =集計_障がい者!$E$118 -> 0.75675676
B48: 無回答 | C48: =集計_障がい者!$D$119 -> 19 | D48: =集計_障がい者!$E$119 -> 0.073359073
B52: 図3-24 特別児童扶養手当の受給状況（問12）
B53: ="n="&集計_障がい者!$F$120&"（単一回答）" -> n=259（単一回答）
B54: 選択肢 | C54: 件数 | D54: 割合
B55: 受給している | C55: =集計_障がい者!$D$120 -> 8 | D55: =集計_障がい者!$E$120 -> 0.030888031
B56: 受給していない | C56: =集計_障がい者!$D$121 -> 220 | D56: =集計_障がい者!$E$121 -> 0.84942085
B57: 無回答 | C57: =集計_障がい者!$D$122 -> 31 | D57: =集計_障がい者!$E$122 -> 0.11969112
B64: 図3-25 特別児童扶養手当の受給状況【障がい別】（問12）
B66: 区分 | C66: 受給している | D66: 受給していない | E66: 無回答
B67: 全体 | C67: =集計_障がい者!$E$120 -> 0.030888031 | D67: =集計_障がい者!$E$121 -> 0.84942085 | E67: =集計_障がい者!$E$122 -> 0.11969112
B68: 身体障がい（n=193） | C68: =集計_障がい別!$G$121 -> 0.025906736 | D68: =集計_障がい別!$G$122 -> 0.85492228 | E68: =集計_障がい別!$G$123 -> 0.11917098
B69: 知的障がい（n=33） | C69: =集計_障がい別!$H$121 -> 0.15151515 | D69: =集計_障がい別!$H$122 -> 0.72727273 | E69: =集計_障がい別!$H$123 -> 0.12121212
B70: 精神障がい（n=44） | C70: =集計_障がい別!$I$121 -> 0.11363636 | D70: =集計_障がい別!$I$122 -> 0.75 | E70: =集計_障がい別!$I$123 -> 0.13636364
B78: 図3-26 難病（特定疾患）の認定状況（問13）
B79: ="n="&集計_障がい者!$F$123&"（単一回答）" -> n=259（単一回答）
B80: 選択肢 | C80: 件数 | D80: 割合
B81: 受けている | C81: =集計_障がい者!$D$123 -> 17 | D81: =集計_障がい者!$E$123 -> 0.065637066
B82: 受けていない | C82: =集計_障がい者!$D$124 -> 221 | D82: =集計_障がい者!$E$124 -> 0.85328185
B83: 無回答 | C83: =集計_障がい者!$D$125 -> 21 | D83: =集計_障がい者!$E$125 -> 0.081081081
B90: 図3-27 難病（特定疾患）の認定状況【障がい別】（問13）
B92: 区分 | C92: 受けている | D92: 受けていない | E92: 無回答
B93: 全体 | C93: =集計_障がい者!$E$123 -> 0.065637066 | D93: =集計_障がい者!$E$124 -> 0.85328185 | E93: =集計_障がい者!$E$125 -> 0.081081081
B94: 身体障がい（n=193） | C94: =集計_障がい別!$G$124 -> 0.067357513 | D94: =集計_障がい別!$G$125 -> 0.84974093 | E94: =集計_障がい別!$G$126 -> 0.082901554
B95: 知的障がい（n=33） | C95: =集計_障がい別!$H$124 -> 0.060606061 | D95: =集計_障がい別!$H$125 -> 0.84848485 | E95: =集計_障がい別!$H$126 -> 0.090909091
B96: 精神障がい（n=44） | C96: =集計_障がい別!$I$124 -> 0.045454545 | D96: =集計_障がい別!$I$125 -> 0.88636364 | E96: =集計_障がい別!$I$126 -> 0.068181818
B104: 図3-28 発達障がいの診断（問14）
B105: ="n="&集計_障がい者!$F$126&"（単一回答）" -> n=259（単一回答）
B106: 選択肢 | C106: 件数 | D106: 割合
B107: ある | C107: =集計_障がい者!$D$126 -> 31 | D107: =集計_障がい者!$E$126 -> 0.11969112
B108: ない | C108: =集計_障がい者!$D$127 -> 208 | D108: =集計_障がい者!$E$127 -> 0.8030888
B109: 無回答 | C109: =集計_障がい者!$D$128 -> 20 | D109: =集計_障がい者!$E$128 -> 0.077220077
B116: 図3-29 発達障がいの診断【障がい別】（問14）
B118: 区分 | C118: ある | D118: ない | E118: 無回答
B119: 全体 | C119: =集計_障がい者!$E$126 -> 0.11969112 | D119: =集計_障がい者!$E$127 -> 0.8030888 | E119: =集計_障がい者!$E$128 -> 0.077220077
B120: 身体障がい（n=193） | C120: =集計_障がい別!$G$127 -> 0.025906736 | D120: =集計_障がい別!$G$128 -> 0.9015544 | E120: =集計_障がい別!$G$129 -> 0.07253886
B121: 知的障がい（n=33） | C121: =集計_障がい別!$H$127 -> 0.42424242 | D121: =集計_障がい別!$H$128 -> 0.51515152 | E121: =集計_障がい別!$H$129 -> 0.060606061
B122: 精神障がい（n=44） | C122: =集計_障がい別!$I$127 -> 0.43181818 | D122: =集計_障がい別!$I$128 -> 0.5 | E122: =集計_障がい別!$I$129 -> 0.068181818
B131: 図3-30 高次脳機能障がいの診断（問15）
B132: ="n="&集計_障がい者!$F$129&"（単一回答）" -> n=259（単一回答）
B133: 選択肢 | C133: 件数 | D133: 割合
B134: ある | C134: =集計_障がい者!$D$129 -> 8 | D134: =集計_障がい者!$E$129 -> 0.030888031
B135: ない | C135: =集計_障がい者!$D$130 -> 217 | D135: =集計_障がい者!$E$130 -> 0.83783784
B136: 無回答 | C136: =集計_障がい者!$D$131 -> 34 | D136: =集計_障がい者!$E$131 -> 0.13127413
B143: 図3-31 高次脳機能障がいの診断【障がい別】（問15）
B145: 区分 | C145: ある | D145: ない | E145: 無回答
B146: 全体 | C146: =集計_障がい者!$E$129 -> 0.030888031 | D146: =集計_障がい者!$E$130 -> 0.83783784 | E146: =集計_障がい者!$E$131 -> 0.13127413
B147: 身体障がい（n=193） | C147: =集計_障がい別!$G$130 -> 0.041450777 | D147: =集計_障がい別!$G$131 -> 0.81865285 | E147: =集計_障がい別!$G$132 -> 0.13989637
B148: 知的障がい（n=33） | C148: =集計_障がい別!$H$130 -> 0.03030303 | D148: =集計_障がい別!$H$131 -> 0.78787879 | E148: =集計_障がい別!$H$132 -> 0.18181818
B149: 精神障がい（n=44） | C149: =集計_障がい別!$I$130 -> 0.068181818 | D149: =集計_障がい別!$I$131 -> 0.79545455 | E149: =集計_障がい別!$I$132 -> 0.13636364
B158: 図3-32 高次脳機能障がいの関連障がい（問15）
B159: ="n="&集計_障がい者!$F$136&"（複数回答）" -> n=259（複数回答）
B160: 選択肢 | C160: 件数 | D160: 割合
B161: 肢体不自由（下肢） | C161: =集計_障がい者!$D$136 -> 5 | D161: =集計_障がい者!$E$136 -> 0.019305019
B162: 音声・言語・そしゃく機能障がい | C162: =集計_障がい者!$D$134 -> 3 | D162: =集計_障がい者!$E$134 -> 0.011583012
B163: 肢体不自由（上肢） | C163: =集計_障がい者!$D$135 -> 3 | D163: =集計_障がい者!$E$135 -> 0.011583012
B164: 肢体不自由（体幹） | C164: =集計_障がい者!$D$137 -> 3 | D164: =集計_障がい者!$E$137 -> 0.011583012
B165: 内部障がい（１～６以外） | C165: =集計_障がい者!$D$138 -> 1 | D165: =集計_障がい者!$E$138 -> 0.0038610039
B166: 視覚障がい | C166: =集計_障がい者!$D$132 -> 0 | D166: =集計_障がい者!$E$132 -> 0
B167: 聴覚・平衡機能障がい | C167: =集計_障がい者!$D$133 -> 0 | D167: =集計_障がい者!$E$133 -> 0
B168: 無回答 | C168: =集計_障がい者!$D$139 -> 251 | D168: =集計_障がい者!$E$139 -> 0.96911197
B172: 図3-33 高次脳機能障がいの関連障がい【障がい別】（問15）
B174: 選択肢 | C174: 身体障がい（n=193） | D174: 知的障がい（n=33） | E174: 精神障がい（n=44）
B175: 肢体不自由（下肢） | C175: =集計_障がい別!$G$137 -> 0.025906736 | D175: =集計_障がい別!$H$137 -> 0.03030303 | E175: =集計_障がい別!$I$137 -> 0.045454545
B176: 音声・言語・そしゃく機能障がい | C176: =集計_障がい別!$G$135 -> 0.015544041 | D176: =集計_障がい別!$H$135 -> 0 | E176: =集計_障がい別!$I$135 -> 0.022727273
...

Sheet 3章_3暮らし・外出
B2: 図3-36 将来の暮らし方（問17）
B3: ="n="&集計_障がい者!$F$153&"（単一回答）" -> n=259（単一回答）
B4: 選択肢 | C4: 件数 | D4: 割合
B5: 家族と一緒に生活したい | C5: =集計_障がい者!$D$153 -> 158 | D5: =集計_障がい者!$E$153 -> 0.61003861
B6: 一般の住宅でひとり暮らしをしたい | C6: =集計_障がい者!$D$154 -> 23 | D6: =集計_障がい者!$E$154 -> 0.088803089
B7: グループホームなどを利用したい | C7: =集計_障がい者!$D$155 -> 17 | D7: =集計_障がい者!$E$155 -> 0.065637066
B8: 福祉施設で暮らしたい | C8: =集計_障がい者!$D$156 -> 37 | D8: =集計_障がい者!$E$156 -> 0.14285714
B9: その他 | C9: =集計_障がい者!$D$157 -> 9 | D9: =集計_障がい者!$E$157 -> 0.034749035
B10: 無回答 | C10: =集計_障がい者!$D$158 -> 15 | D10: =集計_障がい者!$E$158 -> 0.057915058
B14: 図3-37 将来の暮らし方【障がい別】（問17）
B16: 区分 | C16: 家族と一緒に生活したい | D16: 一般の住宅でひとり暮らしをしたい | E16: グループホームなどを利用したい | F16: 福祉施設で暮らしたい | G16: その他 | H16: 無回答
B17: 全体 | C17: =集計_障がい者!$E$153 -> 0.61003861 | D17: =集計_障がい者!$E$154 -> 0.088803089 | E17: =集計_障がい者!$E$155 -> 0.065637066 | F17: =集計_障がい者!$E$156 -> 0.14285714 | G17: =集計_障がい者!$E$157 -> 0.034749035 | H17: =集計_障がい者!$E$158 -> 0.057915058
B18: 身体障がい（n=193） | C18: =集計_障がい別!$G$154 -> 0.65803109 | D18: =集計_障がい別!$G$155 -> 0.062176166 | E18: =集計_障がい別!$G$156 -> 0.062176166 | F18: =集計_障がい別!$G$157 -> 0.13989637 | G18: =集計_障がい別!$G$158 -> 0.025906736 | H18: =集計_障がい別!$G$159 -> 0.051813472
B19: 知的障がい（n=33） | C19: =集計_障がい別!$H$154 -> 0.33333333 | D19: =集計_障がい別!$H$155 -> 0.18181818 | E19: =集計_障がい別!$H$156 -> 0.15151515 | F19: =集計_障がい別!$H$157 -> 0.21212121 | G19: =集計_障がい別!$H$158 -> 0.060606061 | H19: =集計_障がい別!$H$159 -> 0.060606061
B20: 精神障がい（n=44） | C20: =集計_障がい別!$I$154 -> 0.52272727 | D20: =集計_障がい別!$I$155 -> 0.18181818 | E20: =集計_障がい別!$I$156 -> 0.045454545 | F20: =集計_障がい別!$I$157 -> 0.11363636 | G20: =集計_障がい別!$I$158 -> 0.11363636 | H20: =集計_障がい別!$I$159 -> 0.022727273
B26: 図3-38 地域で生活するために必要な支援（問18）
B27: ="n="&集計_障がい者!$F$163&"（複数回答）" -> n=259（複数回答）
B28: 選択肢 | C28: 件数 | D28: 割合
B29: 経済的な負担の軽減 | C29: =集計_障がい者!$D$163 -> 125 | D29: =集計_障がい者!$E$163 -> 0.48262548
B30: 必要な在宅サービスが適切に利用できること | C30: =集計_障がい者!$D$161 -> 117 | D30: =集計_障がい者!$E$161 -> 0.45173745
B31: 在宅で医療ケアなどが適切に得られること | C31: =集計_障がい者!$D$159 -> 113 | D31: =集計_障がい者!$E$159 -> 0.43629344
B32: 障がい者に適した住居の確保 | C32: =集計_障がい者!$D$160 -> 75 | D32: =集計_障がい者!$E$160 -> 0.28957529
B33: 町外サービス利用時の送迎支援 | C33: =集計_障がい者!$D$169 -> 63 | D33: =集計_障がい者!$E$169 -> 0.24324324
B34: 相談対応等の充実 | C34: =集計_障がい者!$D$164 -> 57 | D34: =集計_障がい者!$E$164 -> 0.22007722
B35: 地域住民等の理解 | C35: =集計_障がい者!$D$165 -> 38 | D35: =集計_障がい者!$E$165 -> 0.14671815
B36: コミュニケーションについての支援 | C36: =集計_障がい者!$D$166 -> 33 | D36: =集計_障がい者!$E$166 -> 0.12741313
B37: 生活訓練等の充実 | C37: =集計_障がい者!$D$162 -> 30 | D37: =集計_障がい者!$E$162 -> 0.11583012
B38: 地域移行に向けた具体的な相談や体験利用ができること | C38: =集計_障がい者!$D$168 -> 25 | D38: =集計_障がい者!$E$168 -> 0.096525097
B39: 意思決定への支援 | C39: =集計_障がい者!$D$167 -> 22 | D39: =集計_障がい者!$E$167 -> 0.084942085
B40: その他 | C40: =集計_障がい者!$D$170 -> 10 | D40: =集計_障がい者!$E$170 -> 0.038610039
B41: 無回答 | C41: =集計_障がい者!$D$171 -> 35 | D41: =集計_障がい者!$E$171 -> 0.13513514
B45: 図3-39 地域で生活するために必要な支援【障がい別】（問18）
B47: 選択肢 | C47: 身体障がい（n=193） | D47: 知的障がい（n=33） | E47: 精神障がい（n=44）
B48: 経済的な負担の軽減 | C48: =集計_障がい別!$G$164 -> 0.45595855 | D48: =集計_障がい別!$H$164 -> 0.33333333 | E48: =集計_障がい別!$I$164 -> 0.56818182
B49: 必要な在宅サービスが適切に利用できること | C49: =集計_障がい別!$G$162 -> 0.47150259 | D49: =集計_障がい別!$H$162 -> 0.24242424 | E49: =集計_障がい別!$I$162 -> 0.34090909
B50: 在宅で医療ケアなどが適切に得られること | C50: =集計_障がい別!$G$160 -> 0.46632124 | D50: =集計_障がい別!$H$160 -> 0.15151515 | E50: =集計_障がい別!$I$160 -> 0.27272727
B51: 障がい者に適した住居の確保 | C51: =集計_障がい別!$G$161 -> 0.27979275 | D51: =集計_障がい別!$H$161 -> 0.45454545 | E51: =集計_障がい別!$I$161 -> 0.40909091
B52: 町外サービス利用時の送迎支援 | C52: =集計_障がい別!$G$170 -> 0.23834197 | D52: =集計_障がい別!$H$170 -> 0.27272727 | E52: =集計_障がい別!$I$170 -> 0.20454545
B53: 相談対応等の充実 | C53: =集計_障がい別!$G$165 -> 0.1761658 | D53: =集計_障がい別!$H$165 -> 0.27272727 | E53: =集計_障がい別!$I$165 -> 0.43181818
B54: 地域住民等の理解 | C54: =集計_障がい別!$G$166 -> 0.11917098 | D54: =集計_障がい別!$H$166 -> 0.3030303 | E54: =集計_障がい別!$I$166 -> 0.34090909
B55: コミュニケーションについての支援 | C55: =集計_障がい別!$G$167 -> 0.088082902 | D55: =集計_障がい別!$H$167 -> 0.24242424 | E55: =集計_障がい別!$I$167 -> 0.29545455
B56: 生活訓練等の充実 | C56: =集計_障がい別!$G$163 -> 0.093264249 | D56: =集計_障がい別!$H$163 -> 0.18181818 | E56: =集計_障がい別!$I$163 -> 0.20454545
B57: 地域移行に向けた具体的な相談や体験利用ができること | C57: =集計_障がい別!$G$169 -> 0.067357513 | D57: =集計_障がい別!$H$169 -> 0.18181818 | E57: =集計_障がい別!$I$169 -> 0.25
B58: 意思決定への支援 | C58: =集計_障がい別!$G$168 -> 0.062176166 | D58: =集計_障がい別!$H$168 -> 0.18181818 | E58: =集計_障がい別!$I$168 -> 0.20454545
B59: その他 | C59: =集計_障がい別!$G$171 -> 0.046632124 | D59: =集計_障がい別!$H$171 -> 0.03030303 | E59: =集計_障がい別!$I$171 -> 0.068181818
B60: 無回答 | C60: =集計_障がい別!$G$172 -> 0.12435233 | D60: =集計_障がい別!$H$172 -> 0.21212121 | E60: =集計_障がい別!$I$172 -> 0.090909091
B86: 図3-40 外出の頻度（問19）
B87: ="n="&集計_障がい者!$F$172&"（単一回答）" -> n=259（単一回答）
B88: 選択肢 | C88: 件数 | D88: 割合
B89: 毎日外出する | C89: =集計_障がい者!$D$172 -> 62 | D89: =集計_障がい者!$E$172 -> 0.23938224
B90: １週間に数回外出する | C90: =集計_障がい者!$D$173 -> 116 | D90: =集計_障がい者!$E$173 -> 0.44787645
B91: めったに外出しない | C91: =集計_障がい者!$D$174 -> 48 | D91: =集計_障がい者!$E$174 -> 0.18532819
B92: まったく外出しない | C92: =集計_障がい者!$D$175 -> 23 | D92: =集計_障がい者!$E$175 -> 0.088803089
B93: 無回答 | C93: =集計_障がい者!$D$176 -> 10 | D93: =集計_障がい者!$E$176 -> 0.038610039
B97: 図3-41 外出の頻度【障がい別】（問19）
B99: 区分 | C99: 毎日外出する | D99: １週間に数回外出する | E99: めったに外出しない | F99: まったく外出しない | G99: 無回答
B100: 全体 | C100: =集計_障がい者!$E$172 -> 0.23938224 | D100: =集計_障がい者!$E$173 -> 0.44787645 | E100: =集計_障がい者!$E$174 -> 0.18532819 | F100: =集計_障がい者!$E$175 -> 0.088803089 | G100: =集計_障がい者!$E$176 -> 0.038610039
B101: 身体障がい（n=193） | C101: =集計_障がい別!$G$173 -> 0.20207254 | D101: =集計_障がい別!$G$174 -> 0.4611399 | E101: =集計_障がい別!$G$175 -> 0.20207254 | F101: =集計_障がい別!$G$176 -> 0.098445596 | G101: =集計_障がい別!$G$177 -> 0.03626943
B102: 知的障がい（n=33） | C102: =集計_障がい別!$H$173 -> 0.3030303 | D102: =集計_障がい別!$H$174 -> 0.39393939 | E102: =集計_障がい別!$H$175 -> 0.090909091 | F102: =集計_障がい別!$H$176 -> 0.12121212 | G102: =集計_障がい別!$H$177 -> 0.090909091
B103: 精神障がい（n=44） | C103: =集計_障がい別!$I$173 -> 0.36363636 | D103: =集計_障がい別!$I$174 -> 0.36363636 | E103: =集計_障がい別!$I$175 -> 0.13636364 | F103: =集計_障がい別!$I$176 -> 0.068181818 | G103: =集計_障がい別!$I$177 -> 0.068181818
B111: 図3-42 外出時の主な同伴者（問20）
B112: ="n="&集計_障がい者!$F$177&"（単一回答）" -> n=259（単一回答）
B113: 選択肢 | C113: 件数 | D113: 割合
B114: 父母・祖父母・兄弟姉妹 | C114: =集計_障がい者!$D$177 -> 24 | D114: =集計_障がい者!$E$177 -> 0.092664093
B115: 配偶者（夫または妻） | C115: =集計_障がい者!$D$178 -> 44 | D115: =集計_障がい者!$E$178 -> 0.16988417
B116: 子ども | C116: =集計_障がい者!$D$179 -> 35 | D116: =集計_障がい者!$E$179 -> 0.13513514
B117: ホームヘルパーや施設の職員 | C117: =集計_障がい者!$D$180 -> 27 | D117: =集計_障がい者!$E$180 -> 0.1042471
B118: その他の人（ボランティア等） | C118: =集計_障がい者!$D$181 -> 4 | D118: =集計_障がい者!$E$181 -> 0.015444015
B119: 一人で外出する | C119: =集計_障がい者!$D$182 -> 86 | D119: =集計_障がい者!$E$182 -> 0.33204633
B120: 無回答 | C120: =集計_障がい者!$D$183 -> 39 | D120: =集計_障がい者!$E$183 -> 0.15057915
B123: 図3-43 外出時の主な同伴者【障がい別】（問20）
B125: 区分 | C125: 父母・祖父母・兄弟姉妹 | D125: 配偶者（夫または妻） | E125: 子ども | F125: ホームヘルパーや施設の職員 | G125: その他の人（ボランティア等） | H125: 一人で外出する | I125: 無回答
B126: 全体 | C126: =集計_障がい者!$E$177 -> 0.092664093 | D126: =集計_障がい者!$E$178 -> 0.16988417 | E126: =集計_障がい者!$E$179 -> 0.13513514 | F126: =集計_障がい者!$E$180 -> 0.1042471 | G126: =集計_障がい者!$E$181 -> 0.015444015 | H126: =集計_障がい者!$E$182 -> 0.33204633 | I126: =集計_障がい者!$E$183 -> 0.15057915
B127: 身体障がい（n=193） | C127: =集計_障がい別!$G$178 -> 0.03626943 | D127: =集計_障がい別!$G$179 -> 0.21243523 | E127: =集計_障がい別!$G$180 -> 0.14507772 | F127: =集計_障がい別!$G$181 -> 0.098445596 | G127: =集計_障がい別!$G$182 -> 0.015544041 | H127: =集計_障がい別!$G$183 -> 0.33160622 | I127: =集計_障がい別!$G$184 -> 0.16062176
B128: 知的障がい（n=33） | C128: =集計_障がい別!$H$178 -> 0.3030303 | D128: =集計_障がい別!$H$179 -> 0 | E128: =集計_障がい別!$H$180 -> 0 | F128: =集計_障がい別!$H$181 -> 0.18181818 | G128: =集計_障がい別!$H$182 -> 0.03030303 | H128: =集計_障がい別!$H$183 -> 0.24242424 | I128: =集計_障がい別!$H$184 -> 0.24242424
B129: 精神障がい（n=44） | C129: =集計_障がい別!$I$178 -> 0.20454545 | D129: =集計_障がい別!$I$179 -> 0.068181818 | E129: =集計_障がい別!$I$180 -> 0.022727273 | F129: =集計_障がい別!$I$181 -> 0.090909091 | G129: =集計_障がい別!$I$182 -> 0.022727273 | H129: =集計_障がい別!$I$183 -> 0.45454545 | I129: =集計_障がい別!$I$184 -> 0.13636364
B136: 図3-44 外出の目的（問21）
B137: ="n="&集計_障がい者!$F$186&"（複数回答）" -> n=259（複数回答）
B138: 選択肢 | C138: 件数 | D138: 割合
B139: 医療機関へ受診 | C139: =集計_障がい者!$D$186 -> 161 | D139: =集計_障がい者!$E$186 -> 0.62162162
B140: 買い物に行く | C140: =集計_障がい者!$D$187 -> 141 | D140: =集計_障がい者!$E$187 -> 0.54440154
B141: 通勤・通学・通所 | C141: =集計_障がい者!$D$184 -> 56 | D141: =集計_障がい者!$E$184 -> 0.21621622
B142: 散歩に行く | C142: =集計_障がい者!$D$191 -> 53 | D142: =集計_障がい者!$E$191 -> 0.2046332
B143: 友人・知人に会う | C143: =集計_障がい者!$D$188 -> 51 | D143: =集計_障がい者!$E$188 -> 0.1969112
B144: 趣味やスポーツをする | C144: =集計_障がい者!$D$189 -> 38 | D144: =集計_障がい者!$E$189 -> 0.14671815
B145: 訓練やリハビリに行く | C145: =集計_障がい者!$D$185 -> 25 | D145: =集計_障がい者!$E$185 -> 0.096525097
B146: グループ活動に参加する | C146: =集計_障がい者!$D$190 -> 22 | D146: =集計_障がい者!$E$190 -> 0.084942085
B147: その他 | C147: =集計_障がい者!$D$192 -> 13 | D147: =集計_障がい者!$E$192 -> 0.05019305
B148: 無回答 | C148: =集計_障がい者!$D$193 -> 36 | D148: =集計_障がい者!$E$193 -> 0.13899614
B152: 図3-45 外出の目的【障がい別】（問21）
B154: 選択肢 | C154: 身体障がい（n=193） | D154: 知的障がい（n=33） | E154: 精神障がい（n=44）
B155: 医療機関へ受診 | C155: =集計_障がい別!$G$187 -> 0.64248705 | D155: =集計_障がい別!$H$187 -> 0.33333333 | E155: =集計_障がい別!$I$187 -> 0.59090909
B156: 買い物に行く | C156: =集計_障がい別!$G$188 -> 0.50777202 | D156: =集計_障がい別!$H$188 -> 0.57575758 | E156: =集計_障がい別!$I$188 -> 0.63636364
B157: 通勤・通学・通所 | C157: =集計_障がい別!$G$185 -> 0.12435233 | D157: =集計_障がい別!$H$185 -> 0.45454545 | E157: =集計_障がい別!$I$185 -> 0.43181818
B158: 散歩に行く | C158: =集計_障がい別!$G$192 -> 0.20725389 | D158: =集計_障がい別!$H$192 -> 0.24242424 | E158: =集計_障がい別!$I$192 -> 0.22727273
B159: 友人・知人に会う | C159: =集計_障がい別!$G$189 -> 0.21243523 | D159: =集計_障がい別!$H$189 -> 0.060606061 | E159: =集計_障がい別!$I$189 -> 0.18181818
B160: 趣味やスポーツをする | C160: =集計_障がい別!$G$190 -> 0.14507772 | D160: =集計_障がい別!$H$190 -> 0.090909091 | E160: =集計_障がい別!$I$190 -> 0.20454545
B161: 訓練やリハビリに行く | C161: =集計_障がい別!$G$186 -> 0.082901554 | D161: =集計_障がい別!$H$186 -> 0 | E161: =集計_障がい別!$I$186 -> 0.11363636
B162: グループ活動に参加する | C162: =集計_障がい別!$G$191 -> 0.098445596 | D162: =集計_障がい別!$H$191 -> 0.060606061 | E162: =集計_障がい別!$I$191 -> 0.068181818
B163: その他 | C163: =集計_障がい別!$G$193 -> 0.056994819 | D163: =集計_障がい別!$H$193 -> 0 | E163: =集計_障がい別!$I$193 -> 0
...

Sheet 3章_4日中・就労
B2: 図3-48 平日の日中の過ごし方（問23）
B3: ="n="&集計_障がい者!$F$207&"（単一回答）" -> n=259（単一回答）
B4: 選択肢 | C4: 件数 | D4: 割合
B5: 会社勤めや、自営業、家業などで収入を得て仕事している | C5: =集計_障がい者!$D$207 -> 41 | D5: =集計_障がい者!$E$207 -> 0.15830116
B6: ボランティアなど、収入を得ない仕事をしている | C6: =集計_障がい者!$D$208 -> 2 | D6: =集計_障がい者!$E$208 -> 0.0077220077
B7: 専業主婦（主夫）をしている | C7: =集計_障がい者!$D$209 -> 8 | D7: =集計_障がい者!$E$209 -> 0.030888031
B8: 福祉施設、作業所等に通っている（就労継続支援Ａ型も含む） | C8: =集計_障がい者!$D$210 -> 26 | D8: =集計_障がい者!$E$210 -> 0.1003861
B9: 病院などのデイケアに通っている | C9: =集計_障がい者!$D$211 -> 3 | D9: =集計_障がい者!$E$211 -> 0.011583012
B10: リハビリテーションを受けている | C10: =集計_障がい者!$D$212 -> 3 | D10: =集計_障がい者!$E$212 -> 0.011583012
B11: 自宅で過ごしている | C11: =集計_障がい者!$D$213 -> 114 | D11: =集計_障がい者!$E$213 -> 0.44015444
B12: 入所している施設や病院等で過ごしている | C12: =集計_障がい者!$D$214 -> 24 | D12: =集計_障がい者!$E$214 -> 0.092664093
B13: 大学、専門学校、職業訓練校などに通っている | C13: =集計_障がい者!$D$215 -> 3 | D13: =集計_障がい者!$E$215 -> 0.011583012
B14: その他 | C14: =集計_障がい者!$D$216 -> 7 | D14: =集計_障がい者!$E$216 -> 0.027027027
B15: 無回答 | C15: =集計_障がい者!$D$217 -> 28 | D15: =集計_障がい者!$E$217 -> 0.10810811
B19: 図3-49 平日の日中の過ごし方【障がい別】（問23）
B21: 選択肢 | C21: 身体障がい（n=193） | D21: 知的障がい（n=33） | E21: 精神障がい（n=44）
B22: 会社勤めや、自営業、家業などで収入を得て仕事している | C22: =集計_障がい別!$G$208 -> 0.15025907 | D22: =集計_障がい別!$H$208 -> 0.15151515 | E22: =集計_障がい別!$I$208 -> 0.18181818
B23: ボランティアなど、収入を得ない仕事をしている | C23: =集計_障がい別!$G$209 -> 0.010362694 | D23: =集計_障がい別!$H$209 -> 0 | E23: =集計_障がい別!$I$209 -> 0
B24: 専業主婦（主夫）をしている | C24: =集計_障がい別!$G$210 -> 0.041450777 | D24: =集計_障がい別!$H$210 -> 0 | E24: =集計_障がい別!$I$210 -> 0
B25: 福祉施設、作業所等に通っている（就労継続支援Ａ型も含む） | C25: =集計_障がい別!$G$211 -> 0.03626943 | D25: =集計_障がい別!$H$211 -> 0.42424242 | E25: =集計_障がい別!$I$211 -> 0.29545455
B26: 病院などのデイケアに通っている | C26: =集計_障がい別!$G$212 -> 0.015544041 | D26: =集計_障がい別!$H$212 -> 0 | E26: =集計_障がい別!$I$212 -> 0.022727273
B27: リハビリテーションを受けている | C27: =集計_障がい別!$G$213 -> 0.010362694 | D27: =集計_障がい別!$H$213 -> 0 | E27: =集計_障がい別!$I$213 -> 0.022727273
B28: 自宅で過ごしている | C28: =集計_障がい別!$G$214 -> 0.49740933 | D28: =集計_障がい別!$H$214 -> 0.18181818 | E28: =集計_障がい別!$I$214 -> 0.36363636
B29: 入所している施設や病院等で過ごしている | C29: =集計_障がい別!$G$215 -> 0.088082902 | D29: =集計_障がい別!$H$215 -> 0.15151515 | E29: =集計_障がい別!$I$215 -> 0.045454545
B30: 大学、専門学校、職業訓練校などに通っている | C30: =集計_障がい別!$G$216 -> 0.0051813472 | D30: =集計_障がい別!$H$216 -> 0.03030303 | E30: =集計_障がい別!$I$216 -> 0.022727273
B31: その他 | C31: =集計_障がい別!$G$217 -> 0.031088083 | D31: =集計_障がい別!$H$217 -> 0.03030303 | E31: =集計_障がい別!$I$217 -> 0.022727273
B32: 無回答 | C32: =集計_障がい別!$G$218 -> 0.11398964 | D32: =集計_障がい別!$H$218 -> 0.03030303 | E32: =集計_障がい別!$I$218 -> 0.022727273
B53: 図3-50 業務形態（問24）
B54: ="n="&集計_障がい者!$F$218&"（単一回答）" -> n=259（単一回答）
B55: 選択肢 | C55: 件数 | D55: 割合
B56: 正職員で他の職員と勤務条件等に違いはない | C56: =集計_障がい者!$D$218 -> 10 | D56: =集計_障がい者!$E$218 -> 0.038610039
B57: 正職員で短時間勤務などの障がい者配慮がある | C57: =集計_障がい者!$D$219 -> 8 | D57: =集計_障がい者!$E$219 -> 0.030888031
B58: パート・アルバイト等の非常勤職員、派遣職員 | C58: =集計_障がい者!$D$220 -> 14 | D58: =集計_障がい者!$E$220 -> 0.054054054
B59: 自営業、農業、林業、水産業など | C59: =集計_障がい者!$D$221 -> 7 | D59: =集計_障がい者!$E$221 -> 0.027027027
B60: その他 | C60: =集計_障がい者!$D$222 -> 2 | D60: =集計_障がい者!$E$222 -> 0.0077220077
B61: 無回答 | C61: =集計_障がい者!$D$223 -> 218 | D61: =集計_障がい者!$E$223 -> 0.84169884
B66: 図3-51 業務形態【障がい別】（問24）
B68: 区分 | C68: 正職員で他の職員と勤務条件等に違いはない | D68: 正職員で短時間勤務などの障がい者配慮がある | E68: パート・アルバイト等の非常勤職員、派遣職員 | F68: 自営業、農業、林業、水産業など | G68: その他 | H68: 無回答
B69: 全体 | C69: =集計_障がい者!$E$218 -> 0.038610039 | D69: =集計_障がい者!$E$219 -> 0.030888031 | E69: =集計_障がい者!$E$220 -> 0.054054054 | F69: =集計_障がい者!$E$221 -> 0.027027027 | G69: =集計_障がい者!$E$222 -> 0.0077220077 | H69: =集計_障がい者!$E$223 -> 0.84169884
B70: 身体障がい（n=193） | C70: =集計_障がい別!$G$219 -> 0.041450777 | D70: =集計_障がい別!$G$220 -> 0.020725389 | E70: =集計_障がい別!$G$221 -> 0.046632124 | F70: =集計_障がい別!$G$222 -> 0.03626943 | G70: =集計_障がい別!$G$223 -> 0.0051813472 | H70: =集計_障がい別!$G$224 -> 0.84974093
B71: 知的障がい（n=33） | C71: =集計_障がい別!$H$219 -> 0.03030303 | D71: =集計_障がい別!$H$220 -> 0.03030303 | E71: =集計_障がい別!$H$221 -> 0.090909091 | F71: =集計_障がい別!$H$222 -> 0 | G71: =集計_障がい別!$H$223 -> 0 | H71: =集計_障がい別!$H$224 -> 0.84848485
B72: 精神障がい（n=44） | C72: =集計_障がい別!$I$219 -> 0.022727273 | D72: =集計_障がい別!$I$220 -> 0.045454545 | E72: =集計_障がい別!$I$221 -> 0.090909091 | F72: =集計_障がい別!$I$222 -> 0 | G72: =集計_障がい別!$I$223 -> 0.022727273 | H72: =集計_障がい別!$I$224 -> 0.81818182
B77: 図3-52 収入を得る仕事への意向（問25）
B78: ="n="&集計_障がい者!$F$224&"（単一回答）" -> n=259（単一回答）
B79: 選択肢 | C79: 件数 | D79: 割合
B80: 仕事をしたい | C80: =集計_障がい者!$D$224 -> 20 | D80: =集計_障がい者!$E$224 -> 0.077220077
B81: 仕事はしたくない、できない | C81: =集計_障がい者!$D$225 -> 57 | D81: =集計_障がい者!$E$225 -> 0.22007722
B82: わからない | C82: =集計_障がい者!$D$226 -> 16 | D82: =集計_障がい者!$E$226 -> 0.061776062
B83: 無回答 | C83: =集計_障がい者!$D$227 -> 166 | D83: =集計_障がい者!$E$227 -> 0.64092664
B88: 図3-53 収入を得る仕事への意向【障がい別】（問25）
B90: 区分 | C90: 仕事をしたい | D90: 仕事はしたくない、できない | E90: わからない | F90: 無回答
B91: 全体 | C91: =集計_障がい者!$E$224 -> 0.077220077 | D91: =集計_障がい者!$E$225 -> 0.22007722 | E91: =集計_障がい者!$E$226 -> 0.061776062 | F91: =集計_障がい者!$E$227 -> 0.64092664
B92: 身体障がい（n=193） | C92: =集計_障がい別!$G$225 -> 0.025906736 | D92: =集計_障がい別!$G$226 -> 0.23834197 | E92: =集計_障がい別!$G$227 -> 0.041450777 | F92: =集計_障がい別!$G$228 -> 0.69430052
B93: 知的障がい（n=33） | C93: =集計_障がい別!$H$225 -> 0.24242424 | D93: =集計_障がい別!$H$226 -> 0.15151515 | E93: =集計_障がい別!$H$227 -> 0.18181818 | F93: =集計_障がい別!$H$228 -> 0.42424242
B94: 精神障がい（n=44） | C94: =集計_障がい別!$I$225 -> 0.29545455 | D94: =集計_障がい別!$I$226 -> 0.20454545 | E94: =集計_障がい別!$I$227 -> 0.13636364 | F94: =集計_障がい別!$I$228 -> 0.36363636
B101: 図3-54 職業訓練の受講意向（問26）
B102: ="n="&集計_障がい者!$F$228&"（単一回答）" -> n=259（単一回答）
B103: 選択肢 | C103: 件数 | D103: 割合
B104: すでに職業訓練を受けている | C104: =集計_障がい者!$D$228 -> 4 | D104: =集計_障がい者!$E$228 -> 0.015444015
B105: 職業訓練を受けたい | C105: =集計_障がい者!$D$229 -> 14 | D105: =集計_障がい者!$E$229 -> 0.054054054
B106: 職業訓練を受けたくない、受ける必要はない | C106: =集計_障がい者!$D$230 -> 12 | D106: =集計_障がい者!$E$230 -> 0.046332046
B107: 無回答 | C107: =集計_障がい者!$D$231 -> 229 | D107: =集計_障がい者!$E$231 -> 0.88416988
B111: 図3-55 職業訓練の受講意向【障がい別】（問26）
B113: 区分 | C113: すでに職業訓練を受けている | D113: 職業訓練を受けたい | E113: 職業訓練を受けたくない、受ける必要はない | F113: 無回答
B114: 全体 | C114: =集計_障がい者!$E$228 -> 0.015444015 | D114: =集計_障がい者!$E$229 -> 0.054054054 | E114: =集計_障がい者!$E$230 -> 0.046332046 | F114: =集計_障がい者!$E$231 -> 0.88416988
B115: 身体障がい（n=193） | C115: =集計_障がい別!$G$229 -> 0.0051813472 | D115: =集計_障がい別!$G$230 -> 0.020725389 | E115: =集計_障がい別!$G$231 -> 0.031088083 | F115: =集計_障がい別!$G$232 -> 0.94300518
B116: 知的障がい（n=33） | C116: =集計_障がい別!$H$229 -> 0.090909091 | D116: =集計_障がい別!$H$230 -> 0.12121212 | E116: =集計_障がい別!$H$231 -> 0.15151515 | F116: =集計_障がい別!$H$232 -> 0.63636364
B117: 精神障がい（n=44） | C117: =集計_障がい別!$I$229 -> 0.022727273 | D117: =集計_障がい別!$I$230 -> 0.20454545 | E117: =集計_障がい別!$I$231 -> 0.13636364 | F117: =集計_障がい別!$I$232 -> 0.63636364
B123: 図3-56 障がい者の就労支援として必要なこと（問27）
B124: ="n="&集計_障がい者!$F$236&"（複数回答）" -> n=259（複数回答）
B125: 選択肢 | C125: 件数 | D125: 割合
B126: 職場の上司や同僚に障がいの理解があること | C126: =集計_障がい者!$D$236 -> 93 | D126: =集計_障がい者!$E$236 -> 0.35907336
B127: 通勤手段の確保 | C127: =集計_障がい者!$D$232 -> 85 | D127: =集計_障がい者!$E$232 -> 0.32818533
B128: 短時間勤務や勤務日数等の配慮 | C128: =集計_障がい者!$D$234 -> 81 | D128: =集計_障がい者!$E$234 -> 0.31274131
B129: 勤務場所におけるバリアフリー等の配慮 | C129: =集計_障がい者!$D$233 -> 61 | D129: =集計_障がい者!$E$233 -> 0.23552124
B130: 職場で介助や援助等が受けられること | C130: =集計_障がい者!$D$237 -> 52 | D130: =集計_障がい者!$E$237 -> 0.2007722
B131: 就労後のフォローなど職場と支援機関の連携 | C131: =集計_障がい者!$D$238 -> 49 | D131: =集計_障がい者!$E$238 -> 0.18918919
B132: 仕事についての職場外での相談対応、支援 | C132: =集計_障がい者!$D$240 -> 49 | D132: =集計_障がい者!$E$240 -> 0.18918919
B133: 在宅勤務の拡充 | C133: =集計_障がい者!$D$235 -> 48 | D133: =集計_障がい者!$E$235 -> 0.18532819
B134: 企業ニーズに合った就労訓練 | C134: =集計_障がい者!$D$239 -> 24 | D134: =集計_障がい者!$E$239 -> 0.092664093
B135: その他 | C135: =集計_障がい者!$D$241 -> 11 | D135: =集計_障がい者!$E$241 -> 0.042471042
B136: 無回答 | C136: =集計_障がい者!$D$242 -> 91 | D136: =集計_障がい者!$E$242 -> 0.35135135
B140: 図3-57 障がい者の就労支援として必要なこと【障がい別】（問27）
B142: 選択肢 | C142: 身体障がい（n=193） | D142: 知的障がい（n=33） | E142: 精神障がい（n=44）
B143: 職場の上司や同僚に障がいの理解があること | C143: =集計_障がい別!$G$237 -> 0.30051813 | D143: =集計_障がい別!$H$237 -> 0.33333333 | E143: =集計_障がい別!$I$237 -> 0.65909091
B144: 通勤手段の確保 | C144: =集計_障がい別!$G$233 -> 0.32124352 | D144: =集計_障がい別!$H$233 -> 0.33333333 | E144: =集計_障がい別!$I$233 -> 0.43181818
B145: 短時間勤務や勤務日数等の配慮 | C145: =集計_障がい別!$G$235 -> 0.30569948 | D145: =集計_障がい別!$H$235 -> 0.21212121 | E145: =集計_障がい別!$I$235 -> 0.45454545
B146: 勤務場所におけるバリアフリー等の配慮 | C146: =集計_障がい別!$G$234 -> 0.26943005 | D146: =集計_障がい別!$H$234 -> 0.18181818 | E146: =集計_障がい別!$I$234 -> 0.15909091
B147: 職場で介助や援助等が受けられること | C147: =集計_障がい別!$G$238 -> 0.20207254 | D147: =集計_障がい別!$H$238 -> 0.21212121 | E147: =集計_障がい別!$I$238 -> 0.22727273
B148: 就労後のフォローなど職場と支援機関の連携 | C148: =集計_障がい別!$G$239 -> 0.15025907 | D148: =集計_障がい別!$H$239 -> 0.24242424 | E148: =集計_障がい別!$I$239 -> 0.43181818
B149: 仕事についての職場外での相談対応、支援 | C149: =集計_障がい別!$G$241 -> 0.12953368 | D149: =集計_障がい別!$H$241 -> 0.24242424 | E149: =集計_障がい別!$I$241 -> 0.43181818
B150: 在宅勤務の拡充 | C150: =集計_障がい別!$G$236 -> 0.18134715 | D150: =集計_障がい別!$H$236 -> 0.12121212 | E150: =集計_障がい別!$I$236 -> 0.25
B151: 企業ニーズに合った就労訓練 | C151: =集計_障がい別!$G$240 -> 0.082901554 | D151: =集計_障がい別!$H$240 -> 0.090909091 | E151: =集計_障がい別!$I$240 -> 0.20454545
B152: その他 | C152: =集計_障がい別!$G$242 -> 0.046632124 | D152: =集計_障がい別!$H$242 -> 0.090909091 | E152: =集計_障がい別!$I$242 -> 0.090909091
B153: 無回答 | C153: =集計_障がい別!$G$243 -> 0.38860104 | D153: =集計_障がい別!$H$243 -> 0.24242424 | E153: =集計_障がい別!$I$243 -> 0.15909091

Sheet 3章_5サービス
B2: 図3-58 障がい支援区分の認定状況（問28）
B3: ="n="&集計_障がい者!$F$243&"（単一回答）" -> n=259（単一回答）
B4: 選択肢 | C4: 件数 | D4: 割合
B5: 区分１ | C5: =集計_障がい者!$D$243 -> 8 | D5: =集計_障がい者!$E$243 -> 0.030888031
B6: 区分２ | C6: =集計_障がい者!$D$244 -> 8 | D6: =集計_障がい者!$E$244 -> 0.030888031
B7: 区分３ | C7: =集計_障がい者!$D$245 -> 5 | D7: =集計_障がい者!$E$245 -> 0.019305019
B8: 区分４ | C8: =集計_障がい者!$D$246 -> 4 | D8: =集計_障がい者!$E$246 -> 0.015444015
B9: 区分５ | C9: =集計_障がい者!$D$247 -> 5 | D9: =集計_障がい者!$E$247 -> 0.019305019
B10: 区分６ | C10: =集計_障がい者!$D$248 -> 3 | D10: =集計_障がい者!$E$248 -> 0.011583012
B11: 受けていない | C11: =集計_障がい者!$D$249 -> 149 | D11: =集計_障がい者!$E$249 -> 0.57528958
B12: 無回答 | C12: =集計_障がい者!$D$250 -> 77 | D12: =集計_障がい者!$E$250 -> 0.2972973
B16: 図3-59 障がい支援区分の認定状況【障がい別】（問28）
B18: 区分 | C18: 区分１ | D18: 区分２ | E18: 区分３ | F18: 区分４ | G18: 区分５ | H18: 区分６ | I18: 受けていない | J18: 無回答
B19: 全体 | C19: =集計_障がい者!$E$243 -> 0.030888031 | D19: =集計_障がい者!$E$244 -> 0.030888031 | E19: =集計_障がい者!$E$245 -> 0.019305019 | F19: =集計_障がい者!$E$246 -> 0.015444015 | G19: =集計_障がい者!$E$247 -> 0.019305019 | H19: =集計_障がい者!$E$248 -> 0.011583012 | I19: =集計_障がい者!$E$249 -> 0.57528958 | J19: =集計_障がい者!$E$250 -> 0.2972973
B20: 身体障がい（n=193） | C20: =集計_障がい別!$G$244 -> 0.03626943 | D20: =集計_障がい別!$G$245 -> 0.025906736 | E20: =集計_障がい別!$G$246 -> 0.0051813472 | F20: =集計_障がい別!$G$247 -> 0.0051813472 | G20: =集計_障がい別!$G$248 -> 0.010362694 | H20: =集計_障がい別!$G$249 -> 0.010362694 | I20: =集計_障がい別!$G$250 -> 0.60103627 | J20: =集計_障がい別!$G$251 -> 0.30569948
B21: 知的障がい（n=33） | C21: =集計_障がい別!$H$244 -> 0.060606061 | D21: =集計_障がい別!$H$245 -> 0.060606061 | E21: =集計_障がい別!$H$246 -> 0.12121212 | F21: =集計_障がい別!$H$247 -> 0.03030303 | G21: =集計_障がい別!$H$248 -> 0.060606061 | H21: =集計_障がい別!$H$249 -> 0.060606061 | I21: =集計_障がい別!$H$250 -> 0.45454545 | J21: =集計_障がい別!$H$251 -> 0.15151515
B22: 精神障がい（n=44） | C22: =集計_障がい別!$I$244 -> 0.068181818 | D22: =集計_障がい別!$I$245 -> 0.068181818 | E22: =集計_障がい別!$I$246 -> 0.068181818 | F22: =集計_障がい別!$I$247 -> 0 | G22: =集計_障がい別!$I$248 -> 0.045454545 | H22: =集計_障がい別!$I$249 -> 0.022727273 | I22: =集計_障がい別!$I$250 -> 0.47727273 | J22: =集計_障がい別!$I$251 -> 0.25
B30: 図3-60 介護保険サービスの利用状況（問29）
B31: ="n="&集計_障がい者!$F$251&"（単一回答）" -> n=259（単一回答）
B32: 選択肢 | C32: 件数 | D32: 割合
B33: 利用している | C33: =集計_障がい者!$D$251 -> 77 | D33: =集計_障がい者!$E$251 -> 0.2972973
B34: 利用していない | C34: =集計_障がい者!$D$252 -> 161 | D34: =集計_障がい者!$E$252 -> 0.62162162
B35: 無回答 | C35: =集計_障がい者!$D$253 -> 21 | D35: =集計_障がい者!$E$253 -> 0.081081081
B42: 図3-61 介護保険サービスの利用状況【障がい別】（問29）
B44: 区分 | C44: 利用している | D44: 利用していない | E44: 無回答
B45: 全体 | C45: =集計_障がい者!$E$251 -> 0.2972973 | D45: =集計_障がい者!$E$252 -> 0.62162162 | E45: =集計_障がい者!$E$253 -> 0.081081081
B46: 身体障がい（n=193） | C46: =集計_障がい別!$G$252 -> 0.33678756 | D46: =集計_障がい別!$G$253 -> 0.59585492 | E46: =集計_障がい別!$G$254 -> 0.067357513
B47: 知的障がい（n=33） | C47: =集計_障がい別!$H$252 -> 0.12121212 | D47: =集計_障がい別!$H$253 -> 0.72727273 | E47: =集計_障がい別!$H$254 -> 0.15151515
B48: 精神障がい（n=44） | C48: =集計_障がい別!$I$252 -> 0.15909091 | D48: =集計_障がい別!$I$253 -> 0.70454545 | E48: =集計_障がい別!$I$254 -> 0.13636364
B56: 図3-62 要介護度（問30）
B57: ="n="&集計_障がい者!$F$254&"（単一回答）" -> n=259（単一回答）
B58: 選択肢 | C58: 件数 | D58: 割合
B59: 要支援１ | C59: =集計_障がい者!$D$254 -> 6 | D59: =集計_障がい者!$E$254 -> 0.023166023
B60: 要支援２ | C60: =集計_障がい者!$D$255 -> 15 | D60: =集計_障がい者!$E$255 -> 0.057915058
B61: 要介護１ | C61: =集計_障がい者!$D$256 -> 5 | D61: =集計_障がい者!$E$256 -> 0.019305019
B62: 要介護２ | C62: =集計_障がい者!$D$257 -> 20 | D62: =集計_障がい者!$E$257 -> 0.077220077
B63: 要介護３ | C63: =集計_障がい者!$D$258 -> 8 | D63: =集計_障がい者!$E$258 -> 0.030888031
B64: 要介護４ | C64: =集計_障がい者!$D$259 -> 13 | D64: =集計_障がい者!$E$259 -> 0.05019305
B65: 要介護５ | C65: =集計_障がい者!$D$260 -> 8 | D65: =集計_障がい者!$E$260 -> 0.030888031
B66: 無回答 | C66: =集計_障がい者!$D$261 -> 184 | D66: =集計_障がい者!$E$261 -> 0.71042471
B70: 図3-63 要介護度【障がい別】（問30）
B72: 区分 | C72: 要支援１ | D72: 要支援２ | E72: 要介護１ | F72: 要介護２ | G72: 要介護３ | H72: 要介護４ | I72: 要介護５ | J72: 無回答
B73: 全体 | C73: =集計_障がい者!$E$254 -> 0.023166023 | D73: =集計_障がい者!$E$255 -> 0.057915058 | E73: =集計_障がい者!$E$256 -> 0.019305019 | F73: =集計_障がい者!$E$257 -> 0.077220077 | G73: =集計_障がい者!$E$258 -> 0.030888031 | H73: =集計_障がい者!$E$259 -> 0.05019305 | I73: =集計_障がい者!$E$260 -> 0.030888031 | J73: =集計_障がい者!$E$261 -> 0.71042471
B74: 身体障がい（n=193） | C74: =集計_障がい別!$G$255 -> 0.031088083 | D74: =集計_障がい別!$G$256 -> 0.07253886 | E74: =集計_障がい別!$G$257 -> 0.020725389 | F74: =集計_障がい別!$G$258 -> 0.093264249 | G74: =集計_障がい別!$G$259 -> 0.031088083 | H74: =集計_障がい別!$G$260 -> 0.051813472 | I74: =集計_障がい別!$G$261 -> 0.03626943 | J74: =集計_障がい別!$G$262 -> 0.66321244
B75: 知的障がい（n=33） | C75: =集計_障がい別!$H$255 -> 0 | D75: =集計_障がい別!$H$256 -> 0.060606061 | E75: =集計_障がい別!$H$257 -> 0 | F75: =集計_障がい別!$H$258 -> 0 | G75: =集計_障がい別!$H$259 -> 0 | H75: =集計_障がい別!$H$260 -> 0.03030303 | I75: =集計_障がい別!$H$261 -> 0 | J75: =集計_障がい別!$H$262 -> 0.90909091
B76: 精神障がい（n=44） | C76: =集計_障がい別!$I$255 -> 0.022727273 | D76: =集計_障がい別!$I$256 -> 0.068181818 | E76: =集計_障がい別!$I$257 -> 0 | F76: =集計_障がい別!$I$258 -> 0 | G76: =集計_障がい別!$I$259 -> 0.022727273 | H76: =集計_障がい別!$I$260 -> 0.022727273 | I76: =集計_障がい別!$I$261 -> 0.022727273 | J76: =集計_障がい別!$I$262 -> 0.84090909
B85: 表3-1 サービス別の現在の利用状況と今後の利用意向（問31）
B86: サービス | C86: 現在利用している（利用している） | D86: 今後利用したい（利用したい） | E86: 差（ポイント）
B87: 居宅介護 | C87: =集計_障がい者!$E$262 -> 0.073359073 | D87: =集計_障がい者!$E$307 -> 0.32046332 | E87: =ROUND(D87*100,1)-ROUND(C87*100,1) -> 24.7
B88: 重度訪問介護 | C88: =集計_障がい者!$E$265 -> 0.023166023 | D88: =集計_障がい者!$E$310 -> 0.15830116 | E88: =ROUND(D88*100,1)-ROUND(C88*100,1) -> 13.5
B89: 同行援護 | C89: =集計_障がい者!$E$268 -> 0.0038610039 | D89: =集計_障がい者!$E$313 -> 0.084942085 | E89: =ROUND(D89*100,1)-ROUND(C89*100,1) -> 8.1
B90: 行動援護 | C90: =集計_障がい者!$E$271 -> 0 | D90: =集計_障がい者!$E$316 -> 0.12355212 | E90: =ROUND(D90*100,1)-ROUND(C90*100,1) -> 12.4
B91: 重度包括 | C91: =集計_障がい者!$E$274 -> 0.019305019 | D91: =集計_障がい者!$E$319 -> 0.14671815 | E91: =ROUND(D91*100,1)-ROUND(C91*100,1) -> 12.8
B92: 生活介護 | C92: =集計_障がい者!$E$277 -> 0.096525097 | D92: =集計_障がい者!$E$322 -> 0.28185328 | E92: =ROUND(D92*100,1)-ROUND(C92*100,1) -> 18.5
B93: 宿泊型自立訓練 | C93: =集計_障がい者!$E$280 -> 0.0038610039 | D93: =集計_障がい者!$E$325 -> 0.092664093 | E93: =ROUND(D93*100,1)-ROUND(C93*100,1) -> 8.9
B94: 就労移行 | C94: =集計_障がい者!$E$283 -> 0.0038610039 | D94: =集計_障がい者!$E$328 -> 0.1003861 | E94: =ROUND(D94*100,1)-ROUND(C94*100,1) -> 9.6
B95: 就労継続 | C95: =集計_障がい者!$E$286 -> 0.054054054 | D95: =集計_障がい者!$E$331 -> 0.1042471 | E95: =ROUND(D95*100,1)-ROUND(C95*100,1) -> 5
B96: 療養介護 | C96: =集計_障がい者!$E$289 -> 0.011583012 | D96: =集計_障がい者!$E$334 -> 0.11196911 | E96: =ROUND(D96*100,1)-ROUND(C96*100,1) -> 10
B97: 短期入所 | C97: =集計_障がい者!$E$292 -> 0.034749035 | D97: =集計_障がい者!$E$337 -> 0.25868726 | E97: =ROUND(D97*100,1)-ROUND(C97*100,1) -> 22.4
B98: 共同生活援助 | C98: =集計_障がい者!$E$295 -> 0.030888031 | D98: =集計_障がい者!$E$340 -> 0.18918919 | E98: =ROUND(D98*100,1)-ROUND(C98*100,1) -> 15.8
B99: 施設入所 | C99: =集計_障がい者!$E$298 -> 0.069498069 | D99: =集計_障がい者!$E$343 -> 0.20849421 | E99: =ROUND(D99*100,1)-ROUND(C99*100,1) -> 13.9
B100: 相談支援 | C100: =集計_障がい者!$E$301 -> 0.14285714 | D100: =集計_障がい者!$E$346 -> 0.32432432 | E100: =ROUND(D100*100,1)-ROUND(C100*100,1) -> 18.1
B101: 就労選択 | C101: =集計_障がい者!$E$304 -> 0.0077220077 | D101: =集計_障がい者!$E$349 -> 0.13513514 | E101: =ROUND(D101*100,1)-ROUND(C101*100,1) -> 12.7
B102: ※差は「今後利用したい」と「現在利用している」の割合の差です。サービス名は調査票の表記を一部省略しています。
B104: 図3-64 現在利用している障がい福祉サービス（問31）
B106: サービス | C106: 利用している（割合）
B107: 相談支援 | C107: =集計_障がい者!$E$301 -> 0.14285714
B108: 生活介護 | C108: =集計_障がい者!$E$277 -> 0.096525097
B109: 居宅介護 | C109: =集計_障がい者!$E$262 -> 0.073359073
B110: 施設入所 | C110: =集計_障がい者!$E$298 -> 0.069498069
B111: 就労継続 | C111: =集計_障がい者!$E$286 -> 0.054054054
B112: 短期入所 | C112: =集計_障がい者!$E$292 -> 0.034749035
B113: 共同生活援助 | C113: =集計_障がい者!$E$295 -> 0.030888031
B114: 重度訪問介護 | C114: =集計_障がい者!$E$265 -> 0.023166023
B115: 重度包括 | C115: =集計_障がい者!$E$274 -> 0.019305019
B116: 療養介護 | C116: =集計_障がい者!$E$289 -> 0.011583012
B117: 就労選択 | C117: =集計_障がい者!$E$304 -> 0.0077220077
B118: 同行援護 | C118: =集計_障がい者!$E$268 -> 0.0038610039
B119: 宿泊型自立訓練 | C119: =集計_障がい者!$E$280 -> 0.0038610039
B120: 就労移行 | C120: =集計_障がい者!$E$283 -> 0.0038610039
B121: 行動援護 | C121: =集計_障がい者!$E$271 -> 0
B129: 図3-65 今後利用したい障がい福祉サービス（問31）
B131: サービス | C131: 利用したい（割合）
B132: 相談支援 | C132: =集計_障がい者!$E$346 -> 0.32432432
B133: 居宅介護 | C133: =集計_障がい者!$E$307 -> 0.32046332
B134: 生活介護 | C134: =集計_障がい者!$E$322 -> 0.28185328
B135: 短期入所 | C135: =集計_障がい者!$E$337 -> 0.25868726
B136: 施設入所 | C136: =集計_障がい者!$E$343 -> 0.20849421
B137: 共同生活援助 | C137: =集計_障がい者!$E$340 -> 0.18918919
B138: 重度訪問介護 | C138: =集計_障がい者!$E$310 -> 0.15830116
B139: 重度包括 | C139: =集計_障がい者!$E$319 -> 0.14671815
B140: 就労選択 | C140: =集計_障がい者!$E$349 -> 0.13513514
B141: 行動援護 | C141: =集計_障がい者!$E$316 -> 0.12355212
B142: 療養介護 | C142: =集計_障がい者!$E$334 -> 0.11196911
B143: 就労継続 | C143: =集計_障がい者!$E$331 -> 0.1042471
B144: 就労移行 | C144: =集計_障がい者!$E$328 -> 0.1003861
B145: 宿泊型自立訓練 | C145: =集計_障がい者!$E$325 -> 0.092664093
B146: 同行援護 | C146: =集計_障がい者!$E$313 -> 0.084942085
B154: 表3-2 サービス別の現在の利用状況と今後の利用意向【障がい別】（問31）
B155: サービス | C155: 現在利用 身体障がい （n=193） | D155: 現在利用 知的障がい （n=33） | E155: 現在利用 精神障がい （n=44） | F155: 今後利用 身体障がい （n=193） | G155: 今後利用 知的障がい （n=33） | H155: 今後利用 精神障がい （n=44）
...

Sheet 3章_6相談・権利
B2: 図3-66 悩みや困ったことの相談相手（問33）
B3: ="n="&集計_障がい者!$F$352&"（複数回答）" -> n=259（複数回答）
B4: 選択肢 | C4: 件数 | D4: 割合
B5: 家族や親せき | C5: =集計_障がい者!$D$352 -> 191 | D5: =集計_障がい者!$E$352 -> 0.73745174
B6: かかりつけの医師や看護師 | C6: =集計_障がい者!$D$359 -> 64 | D6: =集計_障がい者!$E$359 -> 0.24710425
B7: 友人・知人 | C7: =集計_障がい者!$D$353 -> 62 | D7: =集計_障がい者!$E$353 -> 0.23938224
B8: 施設の指導員など | C8: =集計_障がい者!$D$356 -> 37 | D8: =集計_障がい者!$E$356 -> 0.14285714
B9: 病院のケースワーカーや介護保険のケアマネージャー | C9: =集計_障がい者!$D$360 -> 29 | D9: =集計_障がい者!$E$360 -> 0.11196911
B10: 相談支援事業所などの民間の相談窓口 | C10: =集計_障がい者!$D$363 -> 22 | D10: =集計_障がい者!$E$363 -> 0.084942085
B11: 行政機関の相談窓口 | C11: =集計_障がい者!$D$364 -> 22 | D11: =集計_障がい者!$E$364 -> 0.084942085
B12: 近所の人 | C12: =集計_障がい者!$D$354 -> 21 | D12: =集計_障がい者!$E$354 -> 0.081081081
B13: ホームヘルパーなどサービス事業所の人 | C13: =集計_障がい者!$D$357 -> 18 | D13: =集計_障がい者!$E$357 -> 0.069498069
B14: 職場の上司や同僚 | C14: =集計_障がい者!$D$355 -> 14 | D14: =集計_障がい者!$E$355 -> 0.054054054
B15: 相談する相手がいない | C15: =集計_障がい者!$D$366 -> 12 | D15: =集計_障がい者!$E$366 -> 0.046332046
B16: 民生委員・児童委員 | C16: =集計_障がい者!$D$361 -> 5 | D16: =集計_障がい者!$E$361 -> 0.019305019
B17: 学校の先生 | C17: =集計_障がい者!$D$362 -> 3 | D17: =集計_障がい者!$E$362 -> 0.011583012
B18: 障がい者団体や家族会 | C18: =集計_障がい者!$D$358 -> 1 | D18: =集計_障がい者!$E$358 -> 0.0038610039
B19: その他 | C19: =集計_障がい者!$D$365 -> 7 | D19: =集計_障がい者!$E$365 -> 0.027027027
B20: 無回答 | C20: =集計_障がい者!$D$367 -> 11 | D20: =集計_障がい者!$E$367 -> 0.042471042
B24: 図3-67 悩みや困ったことの相談相手【障がい別】（問33）
B26: 選択肢 | C26: 身体障がい（n=193） | D26: 知的障がい（n=33） | E26: 精神障がい（n=44）
B27: 家族や親せき | C27: =集計_障がい別!$G$353 -> 0.76683938 | D27: =集計_障がい別!$H$353 -> 0.51515152 | E27: =集計_障がい別!$I$353 -> 0.70454545
B28: かかりつけの医師や看護師 | C28: =集計_障がい別!$G$360 -> 0.23316062 | D28: =集計_障がい別!$H$360 -> 0.12121212 | E28: =集計_障がい別!$I$360 -> 0.36363636
B29: 友人・知人 | C29: =集計_障がい別!$G$354 -> 0.2642487 | D29: =集計_障がい別!$H$354 -> 0.15151515 | E29: =集計_障がい別!$I$354 -> 0.22727273
B30: 施設の指導員など | C30: =集計_障がい別!$G$357 -> 0.098445596 | D30: =集計_障がい別!$H$357 -> 0.36363636 | E30: =集計_障がい別!$I$357 -> 0.20454545
B31: 病院のケースワーカーや介護保険のケアマネージャー | C31: =集計_障がい別!$G$361 -> 0.12953368 | D31: =集計_障がい別!$H$361 -> 0.060606061 | E31: =集計_障がい別!$I$361 -> 0.13636364
B32: 相談支援事業所などの民間の相談窓口 | C32: =集計_障がい別!$G$364 -> 0.056994819 | D32: =集計_障がい別!$H$364 -> 0.15151515 | E32: =集計_障がい別!$I$364 -> 0.15909091
B33: 行政機関の相談窓口 | C33: =集計_障がい別!$G$365 -> 0.093264249 | D33: =集計_障がい別!$H$365 -> 0.03030303 | E33: =集計_障がい別!$I$365 -> 0.11363636
B34: 近所の人 | C34: =集計_障がい別!$G$355 -> 0.10362694 | D34: =集計_障がい別!$H$355 -> 0 | E34: =集計_障がい別!$I$355 -> 0
B35: ホームヘルパーなどサービス事業所の人 | C35: =集計_障がい別!$G$358 -> 0.056994819 | D35: =集計_障がい別!$H$358 -> 0.15151515 | E35: =集計_障がい別!$I$358 -> 0.11363636
B36: 職場の上司や同僚 | C36: =集計_障がい別!$G$356 -> 0.03626943 | D36: =集計_障がい別!$H$356 -> 0.15151515 | E36: =集計_障がい別!$I$356 -> 0.090909091
B37: 相談する相手がいない | C37: =集計_障がい別!$G$367 -> 0.046632124 | D37: =集計_障がい別!$H$367 -> 0.03030303 | E37: =集計_障がい別!$I$367 -> 0.045454545
B38: 民生委員・児童委員 | C38: =集計_障がい別!$G$362 -> 0.020725389 | D38: =集計_障がい別!$H$362 -> 0 | E38: =集計_障がい別!$I$362 -> 0.022727273
B39: 学校の先生 | C39: =集計_障がい別!$G$363 -> 0 | D39: =集計_障がい別!$H$363 -> 0.03030303 | E39: =集計_障がい別!$I$363 -> 0.068181818
B40: 障がい者団体や家族会 | C40: =集計_障がい別!$G$359 -> 0 | D40: =集計_障がい別!$H$359 -> 0 | E40: =集計_障がい別!$I$359 -> 0.022727273
B41: その他 | C41: =集計_障がい別!$G$366 -> 0.020725389 | D41: =集計_障がい別!$H$366 -> 0.03030303 | E41: =集計_障がい別!$I$366 -> 0.045454545
B42: 無回答 | C42: =集計_障がい別!$G$368 -> 0.041450777 | D42: =集計_障がい別!$H$368 -> 0.090909091 | E42: =集計_障がい別!$I$368 -> 0.090909091
B73: 図3-68 障がいや福祉サービスに関する情報の入手先（問34）
B74: ="n="&集計_障がい者!$F$368&"（複数回答）" -> n=259（複数回答）
B75: 選択肢 | C75: 件数 | D75: 割合
B76: 本や新聞、雑誌の記事、テレビやラジオのニュース | C76: =集計_障がい者!$D$368 -> 98 | D76: =集計_障がい者!$E$368 -> 0.37837838
B77: 家族や親せき、友人・知人 | C77: =集計_障がい者!$D$371 -> 72 | D77: =集計_障がい者!$E$371 -> 0.27799228
B78: かかりつけの医師や看護師 | C78: =集計_障がい者!$D$374 -> 62 | D78: =集計_障がい者!$E$374 -> 0.23938224
B79: 行政機関の広報誌 | C79: =集計_障がい者!$D$369 -> 59 | D79: =集計_障がい者!$E$369 -> 0.22779923
B80: サービス事業所の人や施設職員 | C80: =集計_障がい者!$D$372 -> 54 | D80: =集計_障がい者!$E$372 -> 0.20849421
B81: インターネット | C81: =集計_障がい者!$D$370 -> 44 | D81: =集計_障がい者!$E$370 -> 0.16988417
B82: 病院のケースワーカーや介護保険のケアマネージャー | C82: =集計_障がい者!$D$375 -> 39 | D82: =集計_障がい者!$E$375 -> 0.15057915
B83: 行政機関の相談窓口 | C83: =集計_障がい者!$D$379 -> 33 | D83: =集計_障がい者!$E$379 -> 0.12741313
B84: どこで情報を入手したらよいかわからない | C84: =集計_障がい者!$D$381 -> 31 | D84: =集計_障がい者!$E$381 -> 0.11969112
B85: 相談支援事業所などの民間の相談窓口 | C85: =集計_障がい者!$D$378 -> 19 | D85: =集計_障がい者!$E$378 -> 0.073359073
B86: 民生委員・児童委員 | C86: =集計_障がい者!$D$376 -> 5 | D86: =集計_障がい者!$E$376 -> 0.019305019
B87: 障がい者団体や家族会（団体の機関誌など） | C87: =集計_障がい者!$D$373 -> 2 | D87: =集計_障がい者!$E$373 -> 0.0077220077
B88: 学校の先生 | C88: =集計_障がい者!$D$377 -> 2 | D88: =集計_障がい者!$E$377 -> 0.0077220077
B89: その他 | C89: =集計_障がい者!$D$380 -> 1 | D89: =集計_障がい者!$E$380 -> 0.0038610039
B90: 情報は必要ない | C90: =集計_障がい者!$D$382 -> 16 | D90: =集計_障がい者!$E$382 -> 0.061776062
B91: 無回答 | C91: =集計_障がい者!$D$383 -> 14 | D91: =集計_障がい者!$E$383 -> 0.054054054
B95: 図3-69 障がいや福祉サービスに関する情報の入手先【障がい別】（問34）
B97: 選択肢 | C97: 身体障がい（n=193） | D97: 知的障がい（n=33） | E97: 精神障がい（n=44）
B98: 本や新聞、雑誌の記事、テレビやラジオのニュース | C98: =集計_障がい別!$G$369 -> 0.40414508 | D98: =集計_障がい別!$H$369 -> 0.15151515 | E98: =集計_障がい別!$I$369 -> 0.34090909
B99: 家族や親せき、友人・知人 | C99: =集計_障がい別!$G$372 -> 0.28497409 | D99: =集計_障がい別!$H$372 -> 0.24242424 | E99: =集計_障がい別!$I$372 -> 0.15909091
B100: かかりつけの医師や看護師 | C100: =集計_障がい別!$G$375 -> 0.25906736 | D100: =集計_障がい別!$H$375 -> 0.12121212 | E100: =集計_障がい別!$I$375 -> 0.36363636
B101: 行政機関の広報誌 | C101: =集計_障がい別!$G$370 -> 0.2642487 | D101: =集計_障がい別!$H$370 -> 0.03030303 | E101: =集計_障がい別!$I$370 -> 0.22727273
B102: サービス事業所の人や施設職員 | C102: =集計_障がい別!$G$373 -> 0.17098446 | D102: =集計_障がい別!$H$373 -> 0.36363636 | E102: =集計_障がい別!$I$373 -> 0.36363636
B103: インターネット | C103: =集計_障がい別!$G$371 -> 0.12435233 | D103: =集計_障がい別!$H$371 -> 0.12121212 | E103: =集計_障がい別!$I$371 -> 0.34090909
B104: 病院のケースワーカーや介護保険のケアマネージャー | C104: =集計_障がい別!$G$376 -> 0.1761658 | D104: =集計_障がい別!$H$376 -> 0.060606061 | E104: =集計_障がい別!$I$376 -> 0.15909091
B105: 行政機関の相談窓口 | C105: =集計_障がい別!$G$380 -> 0.15025907 | D105: =集計_障がい別!$H$380 -> 0.090909091 | E105: =集計_障がい別!$I$380 -> 0.13636364
B106: どこで情報を入手したらよいかわからない | C106: =集計_障がい別!$G$382 -> 0.10362694 | D106: =集計_障がい別!$H$382 -> 0.12121212 | E106: =集計_障がい別!$I$382 -> 0.15909091
B107: 相談支援事業所などの民間の相談窓口 | C107: =集計_障がい別!$G$379 -> 0.062176166 | D107: =集計_障がい別!$H$379 -> 0.12121212 | E107: =集計_障がい別!$I$379 -> 0.090909091
B108: 民生委員・児童委員 | C108: =集計_障がい別!$G$377 -> 0.020725389 | D108: =集計_障がい別!$H$377 -> 0 | E108: =集計_障がい別!$I$377 -> 0.045454545
B109: 障がい者団体や家族会（団体の機関誌など） | C109: =集計_障がい別!$G$374 -> 0.0051813472 | D109: =集計_障がい別!$H$374 -> 0.03030303 | E109: =集計_障がい別!$I$374 -> 0
B110: 学校の先生 | C110: =集計_障がい別!$G$378 -> 0.0051813472 | D110: =集計_障がい別!$H$378 -> 0 | E110: =集計_障がい別!$I$378 -> 0.022727273
B111: その他 | C111: =集計_障がい別!$G$381 -> 0.0051813472 | D111: =集計_障がい別!$H$381 -> 0 | E111: =集計_障がい別!$I$381 -> 0
B112: 情報は必要ない | C112: =集計_障がい別!$G$383 -> 0.056994819 | D112: =集計_障がい別!$H$383 -> 0.12121212 | E112: =集計_障がい別!$I$383 -> 0.045454545
B113: 無回答 | C113: =集計_障がい別!$G$384 -> 0.041450777 | D113: =集計_障がい別!$H$384 -> 0.18181818 | E113: =集計_障がい別!$I$384 -> 0.090909091
B143: 図3-70 差別や嫌な思いをした経験（問35）
B144: ="n="&集計_障がい者!$F$384&"（単一回答）" -> n=259（単一回答）
B145: 選択肢 | C145: 件数 | D145: 割合
B146: ある | C146: =集計_障がい者!$D$384 -> 29 | D146: =集計_障がい者!$E$384 -> 0.11196911
B147: 少しある | C147: =集計_障がい者!$D$385 -> 38 | D147: =集計_障がい者!$E$385 -> 0.14671815
B148: ない | C148: =集計_障がい者!$D$386 -> 176 | D148: =集計_障がい者!$E$386 -> 0.67953668
B149: 無回答 | C149: =集計_障がい者!$D$387 -> 16 | D149: =集計_障がい者!$E$387 -> 0.061776062
B154: 図3-71 差別や嫌な思いをした経験【障がい別】（問35）
B156: 区分 | C156: ある | D156: 少しある | E156: ない | F156: 無回答
B157: 全体 | C157: =集計_障がい者!$E$384 -> 0.11196911 | D157: =集計_障がい者!$E$385 -> 0.14671815 | E157: =集計_障がい者!$E$386 -> 0.67953668 | F157: =集計_障がい者!$E$387 -> 0.061776062
B158: 身体障がい（n=193） | C158: =集計_障がい別!$G$385 -> 0.077720207 | D158: =集計_障がい別!$G$386 -> 0.10880829 | E158: =集計_障がい別!$G$387 -> 0.76165803 | F158: =集計_障がい別!$G$388 -> 0.051813472
B159: 知的障がい（n=33） | C159: =集計_障がい別!$H$385 -> 0.12121212 | D159: =集計_障がい別!$H$386 -> 0.27272727 | E159: =集計_障がい別!$H$387 -> 0.57575758 | F159: =集計_障がい別!$H$388 -> 0.03030303
B160: 精神障がい（n=44） | C160: =集計_障がい別!$I$385 -> 0.20454545 | D160: =集計_障がい別!$I$386 -> 0.29545455 | E160: =集計_障がい別!$I$387 -> 0.38636364 | F160: =集計_障がい別!$I$388 -> 0.11363636
B169: 図3-72 差別や嫌な思いをした場所（問36）
B170: ="n="&集計_障がい者!$F$390&"（複数回答）" -> n=259（複数回答）
B171: 選択肢 | C171: 件数 | D171: 割合
B172: 外出先 | C172: =集計_障がい者!$D$390 -> 26 | D172: =集計_障がい者!$E$390 -> 0.1003861
B173: 学校・仕事場 | C173: =集計_障がい者!$D$388 -> 23 | D173: =集計_障がい者!$E$388 -> 0.088803089
B174: 住んでいる地域 | C174: =集計_障がい者!$D$393 -> 13 | D174: =集計_障がい者!$E$393 -> 0.05019305
B175: 仕事を探すとき | C175: =集計_障がい者!$D$389 -> 9 | D175: =集計_障がい者!$E$389 -> 0.034749035
B176: 自宅 | C176: =集計_障がい者!$D$394 -> 8 | D176: =集計_障がい者!$E$394 -> 0.030888031
B177: 余暇を楽しむとき | C177: =集計_障がい者!$D$391 -> 7 | D177: =集計_障がい者!$E$391 -> 0.027027027
B178: 病院などの医療機関 | C178: =集計_障がい者!$D$392 -> 3 | D178: =集計_障がい者!$E$392 -> 0.011583012
B179: その他 | C179: =集計_障がい者!$D$395 -> 5 | D179: =集計_障がい者!$E$395 -> 0.019305019
B180: 無回答 | C180: =集計_障がい者!$D$396 -> 199 | D180: =集計_障がい者!$E$396 -> 0.76833977
B184: 図3-73 差別や嫌な思いをした場所【障がい別】（問36）
...

Sheet 3章_7災害・意見
B2: 図3-82 災害時に一人で避難できるか（問41）
B3: ="n="&集計_障がい者!$F$415&"（単一回答）" -> n=259（単一回答）
B4: 選択肢 | C4: 件数 | D4: 割合
B5: できる | C5: =集計_障がい者!$D$415 -> 100 | D5: =集計_障がい者!$E$415 -> 0.38610039
B6: できない | C6: =集計_障がい者!$D$416 -> 92 | D6: =集計_障がい者!$E$416 -> 0.35521236
B7: わからない | C7: =集計_障がい者!$D$417 -> 52 | D7: =集計_障がい者!$E$417 -> 0.2007722
B8: 無回答 | C8: =集計_障がい者!$D$418 -> 15 | D8: =集計_障がい者!$E$418 -> 0.057915058
B13: 図3-83 災害時に一人で避難できるか【障がい別】（問41）
B15: 区分 | C15: できる | D15: できない | E15: わからない | F15: 無回答
B16: 全体 | C16: =集計_障がい者!$E$415 -> 0.38610039 | D16: =集計_障がい者!$E$416 -> 0.35521236 | E16: =集計_障がい者!$E$417 -> 0.2007722 | F16: =集計_障がい者!$E$418 -> 0.057915058
B17: 身体障がい（n=193） | C17: =集計_障がい別!$G$416 -> 0.40932642 | D17: =集計_障がい別!$G$417 -> 0.35233161 | E17: =集計_障がい別!$G$418 -> 0.17098446 | F17: =集計_障がい別!$G$419 -> 0.067357513
B18: 知的障がい（n=33） | C18: =集計_障がい別!$H$416 -> 0.33333333 | D18: =集計_障がい別!$H$417 -> 0.36363636 | E18: =集計_障がい別!$H$418 -> 0.24242424 | F18: =集計_障がい別!$H$419 -> 0.060606061
B19: 精神障がい（n=44） | C19: =集計_障がい別!$I$416 -> 0.29545455 | D19: =集計_障がい別!$I$417 -> 0.18181818 | E19: =集計_障がい別!$I$418 -> 0.40909091 | F19: =集計_障がい別!$I$419 -> 0.11363636
B28: 図3-84 近所で助けてくれる人の有無（問42）
B29: ="n="&集計_障がい者!$F$419&"（単一回答）" -> n=259（単一回答）
B30: 選択肢 | C30: 件数 | D30: 割合
B31: いる | C31: =集計_障がい者!$D$419 -> 82 | D31: =集計_障がい者!$E$419 -> 0.31660232
B32: いない | C32: =集計_障がい者!$D$420 -> 60 | D32: =集計_障がい者!$E$420 -> 0.23166023
B33: わからない | C33: =集計_障がい者!$D$421 -> 94 | D33: =集計_障がい者!$E$421 -> 0.36293436
B34: 無回答 | C34: =集計_障がい者!$D$422 -> 23 | D34: =集計_障がい者!$E$422 -> 0.088803089
B39: 図3-85 近所で助けてくれる人の有無【障がい別】（問42）
B41: 区分 | C41: いる | D41: いない | E41: わからない | F41: 無回答
B42: 全体 | C42: =集計_障がい者!$E$419 -> 0.31660232 | D42: =集計_障がい者!$E$420 -> 0.23166023 | E42: =集計_障がい者!$E$421 -> 0.36293436 | F42: =集計_障がい者!$E$422 -> 0.088803089
B43: 身体障がい（n=193） | C43: =集計_障がい別!$G$420 -> 0.37305699 | D43: =集計_障がい別!$G$421 -> 0.19170984 | E43: =集計_障がい別!$G$422 -> 0.34715026 | F43: =集計_障がい別!$G$423 -> 0.088082902
B44: 知的障がい（n=33） | C44: =集計_障がい別!$H$420 -> 0.18181818 | D44: =集計_障がい別!$H$421 -> 0.27272727 | E44: =集計_障がい別!$H$422 -> 0.36363636 | F44: =集計_障がい別!$H$423 -> 0.18181818
B45: 精神障がい（n=44） | C45: =集計_障がい別!$I$420 -> 0.13636364 | D45: =集計_障がい別!$I$421 -> 0.25 | E45: =集計_障がい別!$I$422 -> 0.45454545 | F45: =集計_障がい別!$I$423 -> 0.15909091
B54: 図3-86 災害時に困ること（問43）
B55: ="n="&集計_障がい者!$F$423&"（複数回答）" -> n=259（複数回答）
B56: 選択肢 | C56: 件数 | D56: 割合
B57: 投薬や治療が受けられない | C57: =集計_障がい者!$D$423 -> 134 | D57: =集計_障がい者!$E$423 -> 0.51737452
B58: 避難場所の設備（トイレ等）や生活環境が不安 | C58: =集計_障がい者!$D$430 -> 121 | D58: =集計_障がい者!$E$430 -> 0.46718147
B59: 安全なところまで、迅速に避難することができない | C59: =集計_障がい者!$D$427 -> 97 | D59: =集計_障がい者!$E$427 -> 0.37451737
B60: 救助を求めることができない | C60: =集計_障がい者!$D$426 -> 52 | D60: =集計_障がい者!$E$426 -> 0.2007722
B61: 周囲とのコミュニケーションがとれない | C61: =集計_障がい者!$D$429 -> 43 | D61: =集計_障がい者!$E$429 -> 0.16602317
B62: 被害状況、避難場所などの情報が入手できない | C62: =集計_障がい者!$D$428 -> 41 | D62: =集計_障がい者!$E$428 -> 0.15830116
B63: 医療機器の電源確保 | C63: =集計_障がい者!$D$431 -> 40 | D63: =集計_障がい者!$E$431 -> 0.15444015
B64: 補装具や日常生活用具の入手ができなくなる | C64: =集計_障がい者!$D$425 -> 31 | D64: =集計_障がい者!$E$425 -> 0.11969112
B65: 補装具の使用が困難になる | C65: =集計_障がい者!$D$424 -> 25 | D65: =集計_障がい者!$E$424 -> 0.096525097
B66: その他 | C66: =集計_障がい者!$D$432 -> 5 | D66: =集計_障がい者!$E$432 -> 0.019305019
B67: 特にない | C67: =集計_障がい者!$D$433 -> 34 | D67: =集計_障がい者!$E$433 -> 0.13127413
B68: 無回答 | C68: =集計_障がい者!$D$434 -> 21 | D68: =集計_障がい者!$E$434 -> 0.081081081
B73: 図3-87 災害時に困ること【障がい別】（問43）
B75: 選択肢 | C75: 身体障がい（n=193） | D75: 知的障がい（n=33） | E75: 精神障がい（n=44）
B76: 投薬や治療が受けられない | C76: =集計_障がい別!$G$424 -> 0.55958549 | D76: =集計_障がい別!$H$424 -> 0.24242424 | E76: =集計_障がい別!$I$424 -> 0.47727273
B77: 避難場所の設備（トイレ等）や生活環境が不安 | C77: =集計_障がい別!$G$431 -> 0.47150259 | D77: =集計_障がい別!$H$431 -> 0.3030303 | E77: =集計_障がい別!$I$431 -> 0.45454545
B78: 安全なところまで、迅速に避難することができない | C78: =集計_障がい別!$G$428 -> 0.39378238 | D78: =集計_障がい別!$H$428 -> 0.3030303 | E78: =集計_障がい別!$I$428 -> 0.31818182
B79: 救助を求めることができない | C79: =集計_障がい別!$G$427 -> 0.19170984 | D79: =集計_障がい別!$H$427 -> 0.21212121 | E79: =集計_障がい別!$I$427 -> 0.22727273
B80: 周囲とのコミュニケーションがとれない | C80: =集計_障がい別!$G$430 -> 0.12435233 | D80: =集計_障がい別!$H$430 -> 0.24242424 | E80: =集計_障がい別!$I$430 -> 0.36363636
B81: 被害状況、避難場所などの情報が入手できない | C81: =集計_障がい別!$G$429 -> 0.17098446 | D81: =集計_障がい別!$H$429 -> 0.15151515 | E81: =集計_障がい別!$I$429 -> 0.18181818
B82: 医療機器の電源確保 | C82: =集計_障がい別!$G$432 -> 0.1761658 | D82: =集計_障がい別!$H$432 -> 0.060606061 | E82: =集計_障がい別!$I$432 -> 0.068181818
B83: 補装具や日常生活用具の入手ができなくなる | C83: =集計_障がい別!$G$426 -> 0.13471503 | D83: =集計_障がい別!$H$426 -> 0.090909091 | E83: =集計_障がい別!$I$426 -> 0.090909091
B84: 補装具の使用が困難になる | C84: =集計_障がい別!$G$425 -> 0.098445596 | D84: =集計_障がい別!$H$425 -> 0.060606061 | E84: =集計_障がい別!$I$425 -> 0.11363636
B85: その他 | C85: =集計_障がい別!$G$433 -> 0.015544041 | D85: =集計_障がい別!$H$433 -> 0 | E85: =集計_障がい別!$I$433 -> 0.045454545
B86: 特にない | C86: =集計_障がい別!$G$434 -> 0.11917098 | D86: =集計_障がい別!$H$434 -> 0.27272727 | E86: =集計_障がい別!$I$434 -> 0.068181818
B87: 無回答 | C87: =集計_障がい別!$G$435 -> 0.088082902 | D87: =集計_障がい別!$H$435 -> 0.12121212 | E87: =集計_障がい別!$I$435 -> 0.13636364
B111: 図3-88 避難行動要支援者の登録意向（問44）
B112: ="n="&集計_障がい者!$F$435&"（単一回答）" -> n=259（単一回答）
B113: 選択肢 | C113: 件数 | D113: 割合
B114: 希望する | C114: =集計_障がい者!$D$435 -> 72 | D114: =集計_障がい者!$E$435 -> 0.27799228
B115: 希望しない | C115: =集計_障がい者!$D$436 -> 158 | D115: =集計_障がい者!$E$436 -> 0.61003861
B116: 無回答 | C116: =集計_障がい者!$D$437 -> 29 | D116: =集計_障がい者!$E$437 -> 0.11196911
B123: 図3-89 避難行動要支援者の登録意向【障がい別】（問44）
B125: 区分 | C125: 希望する | D125: 希望しない | E125: 無回答
B126: 全体 | C126: =集計_障がい者!$E$435 -> 0.27799228 | D126: =集計_障がい者!$E$436 -> 0.61003861 | E126: =集計_障がい者!$E$437 -> 0.11196911
B127: 身体障がい（n=193） | C127: =集計_障がい別!$G$436 -> 0.2746114 | D127: =集計_障がい別!$G$437 -> 0.62176166 | E127: =集計_障がい別!$G$438 -> 0.10362694
B128: 知的障がい（n=33） | C128: =集計_障がい別!$H$436 -> 0.3030303 | D128: =集計_障がい別!$H$437 -> 0.54545455 | E128: =集計_障がい別!$H$438 -> 0.15151515
B129: 精神障がい（n=44） | C129: =集計_障がい別!$I$436 -> 0.31818182 | D129: =集計_障がい別!$I$437 -> 0.59090909 | E129: =集計_障がい別!$I$438 -> 0.090909091
B138: 図3-90 個別避難計画の作成希望（問45）
B139: ="n="&集計_障がい者!$F$438&"（単一回答）" -> n=259（単一回答）
B140: 選択肢 | C140: 件数 | D140: 割合
B141: 希望する | C141: =集計_障がい者!$D$438 -> 66 | D141: =集計_障がい者!$E$438 -> 0.25482625
B142: 希望しない | C142: =集計_障がい者!$D$439 -> 162 | D142: =集計_障がい者!$E$439 -> 0.62548263
B143: 無回答 | C143: =集計_障がい者!$D$440 -> 31 | D143: =集計_障がい者!$E$440 -> 0.11969112
B150: 図3-91 個別避難計画の作成希望【障がい別】（問45）
B152: 区分 | C152: 希望する | D152: 希望しない | E152: 無回答
B153: 全体 | C153: =集計_障がい者!$E$438 -> 0.25482625 | D153: =集計_障がい者!$E$439 -> 0.62548263 | E153: =集計_障がい者!$E$440 -> 0.11969112
B154: 身体障がい（n=193） | C154: =集計_障がい別!$G$439 -> 0.24870466 | D154: =集計_障がい別!$G$440 -> 0.63212435 | E154: =集計_障がい別!$G$441 -> 0.11917098
B155: 知的障がい（n=33） | C155: =集計_障がい別!$H$439 -> 0.21212121 | D155: =集計_障がい別!$H$440 -> 0.60606061 | E155: =集計_障がい別!$H$441 -> 0.18181818
B156: 精神障がい（n=44） | C156: =集計_障がい別!$I$439 -> 0.29545455 | D156: =集計_障がい別!$I$440 -> 0.61363636 | E156: =集計_障がい別!$I$441 -> 0.090909091

Sheet 4章_クロス集計
B2: 表4-1 年齢×将来の暮らし方（問3×問17）
B3: 【件数】青字のセルが入力値です
B4: 区分 | C4: 18～29歳 | D4: 30～39歳 | E4: 40～49歳 | F4: 50～64歳 | G4: 65歳以上
B5: 回答者数（n） | C5: 12 | D5: 12 | E5: 16 | F5: 32 | G5: 177
B6: 家族と一緒に生活したい | C6: 8 | D6: 6 | E6: 10 | F6: 16 | G6: 109
B7: 一般の住宅でひとり暮らしをしたい | C7: 2 | D7: 4 | E7: 1 | F7: 3 | G7: 13
B8: グループホームなどを利用したい | C8: 2 | D8: 2 | E8: 1 | F8: 3 | G8: 9
B9: 福祉施設で暮らしたい | C9: 0 | D9: 0 | E9: 2 | F9: 2 | G9: 32
B10: その他 | C10: 0 | D10: 0 | E10: 2 | F10: 3 | G10: 4
B11: 無回答 | C11: 0 | D11: 0 | E11: 0 | F11: 5 | G11: 10
B13: 【割合】各区分の回答者数（n）に占める割合（計算式）
B14: 区分 | C14: 18～29歳 | D14: 30～39歳 | E14: 40～49歳 | F14: 50～64歳 | G14: 65歳以上
B15: 家族と一緒に生活したい | C15: =IF($C$5=0,0,$C$6/$C$5) -> 0.66666667 | D15: =IF($D$5=0,0,$D$6/$D$5) -> 0.5 | E15: =IF($E$5=0,0,$E$6/$E$5) -> 0.625 | F15: =IF($F$5=0,0,$F$6/$F$5) -> 0.5 | G15: =IF($G$5=0,0,$G$6/$G$5) -> 0.61581921
B16: 一般の住宅でひとり暮らしをしたい | C16: =IF($C$5=0,0,$C$7/$C$5) -> 0.16666667 | D16: =IF($D$5=0,0,$D$7/$D$5) -> 0.33333333 | E16: =IF($E$5=0,0,$E$7/$E$5) -> 0.0625 | F16: =IF($F$5=0,0,$F$7/$F$5) -> 0.09375 | G16: =IF($G$5=0,0,$G$7/$G$5) -> 0.073446328
B17: グループホームなどを利用したい | C17: =IF($C$5=0,0,$C$8/$C$5) -> 0.16666667 | D17: =IF($D$5=0,0,$D$8/$D$5) -> 0.16666667 | E17: =IF($E$5=0,0,$E$8/$E$5) -> 0.0625 | F17: =IF($F$5=0,0,$F$8/$F$5) -> 0.09375 | G17: =IF($G$5=0,0,$G$8/$G$5) -> 0.050847458
B18: 福祉施設で暮らしたい | C18: =IF($C$5=0,0,$C$9/$C$5) -> 0 | D18: =IF($D$5=0,0,$D$9/$D$5) -> 0 | E18: =IF($E$5=0,0,$E$9/$E$5) -> 0.125 | F18: =IF($F$5=0,0,$F$9/$F$5) -> 0.0625 | G18: =IF($G$5=0,0,$G$9/$G$5) -> 0.18079096
B19: その他 | C19: =IF($C$5=0,0,$C$10/$C$5) -> 0 | D19: =IF($D$5=0,0,$D$10/$D$5) -> 0 | E19: =IF($E$5=0,0,$E$10/$E$5) -> 0.125 | F19: =IF($F$5=0,0,$F$10/$F$5) -> 0.09375 | G19: =IF($G$5=0,0,$G$10/$G$5) -> 0.02259887
B20: 無回答 | C20: =IF($C$5=0,0,$C$11/$C$5) -> 0 | D20: =IF($D$5=0,0,$D$11/$D$5) -> 0 | E20: =IF($E$5=0,0,$E$11/$E$5) -> 0 | F20: =IF($F$5=0,0,$F$11/$F$5) -> 0.15625 | G20: =IF($G$5=0,0,$G$11/$G$5) -> 0.056497175
B21: ※色が濃いほど割合が高く、太字は各区分で最も割合が高い項目です（条件付き書式）。
B23: 図4-1 年齢×将来の暮らし方（問3×問17）
B25: 区分 | C25: 家族と一緒に生活したい | D25: 一般の住宅でひとり暮らしをしたい | E25: グループホームなどを利用したい | F25: 福祉施設で暮らしたい | G25: その他 | H25: 無回答
B26: 18～29歳 | C26: =$C$15 -> 0.66666667 | D26: =$C$16 -> 0.16666667 | E26: =$C$17 -> 0.16666667 | F26: =$C$18 -> 0 | G26: =$C$19 -> 0 | H26: =$C$20 -> 0
B27: 30～39歳 | C27: =$D$15 -> 0.5 | D27: =$D$16 -> 0.33333333 | E27: =$D$17 -> 0.16666667 | F27: =$D$18 -> 0 | G27: =$D$19 -> 0 | H27: =$D$20 -> 0
B28: 40～49歳 | C28: =$E$15 -> 0.625 | D28: =$E$16 -> 0.0625 | E28: =$E$17 -> 0.0625 | F28: =$E$18 -> 0.125 | G28: =$E$19 -> 0.125 | H28: =$E$20 -> 0
B29: 50～64歳 | C29: =$F$15 -> 0.5 | D29: =$F$16 -> 0.09375 | E29: =$F$17 -> 0.09375 | F29: =$F$18 -> 0.0625 | G29: =$F$19 -> 0.09375 | H29: =$F$20 -> 0.15625
B30: 65歳以上 | C30: =$G$15 -> 0.61581921 | D30: =$G$16 -> 0.073446328 | E30: =$G$17 -> 0.050847458 | F30: =$G$18 -> 0.18079096 | G30: =$G$19 -> 0.02259887 | H30: =$G$20 -> 0.056497175
B38: 表4-2 現在の暮らしの場×将来の暮らし方（問4×問17）
B39: 【件数】青字のセルが入力値です
B40: 区分 | C40: 自宅（アパート・町営住宅等も含む）でひとり暮らし | D40: 自宅（アパート・町営住宅等も含む）で家族等と一緒に住んでいる | E40: グループホームで暮らしている | F40: 福祉施設（障がい者支援施設、高齢者支援施設）で暮らしている | G40: 病院に入院している | H40: その他
B41: 回答者数（n） | C41: 41 | D41: 169 | E41: 11 | F41: 24 | G41: 6 | H41: 1
B42: 家族と一緒に生活したい | C42: 12 | D42: 132 | E42: 2 | F42: 3 | G42: 3 | H42: 1
B43: 一般の住宅でひとり暮らしをしたい | C43: 10 | D43: 11 | E43: 1 | F43: 1 | G43: 0 | H43: 0
B44: グループホームなどを利用したい | C44: 5 | D44: 5 | E44: 5 | F44: 1 | G44: 1 | H44: 0
B45: 福祉施設で暮らしたい | C45: 8 | D45: 9 | E45: 1 | F45: 16 | G45: 2 | H45: 0
B46: その他 | C46: 3 | D46: 5 | E46: 0 | F46: 1 | G46: 0 | H46: 0
B47: 無回答 | C47: 3 | D47: 7 | E47: 2 | F47: 2 | G47: 0 | H47: 0
B49: 【割合】各区分の回答者数（n）に占める割合（計算式）
B50: 区分 | C50: 自宅（アパート・町営住宅等も含む）でひとり暮らし | D50: 自宅（アパート・町営住宅等も含む）で家族等と一緒に住んでいる | E50: グループホームで暮らしている | F50: 福祉施設（障がい者支援施設、高齢者支援施設）で暮らしている | G50: 病院に入院している | H50: その他
B51: 家族と一緒に生活したい | C51: =IF($C$41=0,0,$C$42/$C$41) -> 0.29268293 | D51: =IF($D$41=0,0,$D$42/$D$41) -> 0.78106509 | E51: =IF($E$41=0,0,$E$42/$E$41) -> 0.18181818 | F51: =IF($F$41=0,0,$F$42/$F$41) -> 0.125 | G51: =IF($G$41=0,0,$G$42/$G$41) -> 0.5 | H51: =IF($H$41=0,0,$H$42/$H$41) -> 1
B52: 一般の住宅でひとり暮らしをしたい | C52: =IF($C$41=0,0,$C$43/$C$41) -> 0.24390244 | D52: =IF($D$41=0,0,$D$43/$D$41) -> 0.065088757 | E52: =IF($E$41=0,0,$E$43/$E$41) -> 0.090909091 | F52: =IF($F$41=0,0,$F$43/$F$41) -> 0.041666667 | G52: =IF($G$41=0,0,$G$43/$G$41) -> 0 | H52: =IF($H$41=0,0,$H$43/$H$41) -> 0
B53: グループホームなどを利用したい | C53: =IF($C$41=0,0,$C$44/$C$41) -> 0.12195122 | D53: =IF($D$41=0,0,$D$44/$D$41) -> 0.029585799 | E53: =IF($E$41=0,0,$E$44/$E$41) -> 0.45454545 | F53: =IF($F$41=0,0,$F$44/$F$41) -> 0.041666667 | G53: =IF($G$41=0,0,$G$44/$G$41) -> 0.16666667 | H53: =IF($H$41=0,0,$H$44/$H$41) -> 0
B54: 福祉施設で暮らしたい | C54: =IF($C$41=0,0,$C$45/$C$41) -> 0.19512195 | D54: =IF($D$41=0,0,$D$45/$D$41) -> 0.053254438 | E54: =IF($E$41=0,0,$E$45/$E$41) -> 0.090909091 | F54: =IF($F$41=0,0,$F$45/$F$41) -> 0.66666667 | G54: =IF($G$41=0,0,$G$45/$G$41) -> 0.33333333 | H54: =IF($H$41=0,0,$H$45/$H$41) -> 0
B55: その他 | C55: =IF($C$41=0,0,$C$46/$C$41) -> 0.073170732 | D55: =IF($D$41=0,0,$D$46/$D$41) -> 0.029585799 | E55: =IF($E$41=0,0,$E$46/$E$41) -> 0 | F55: =IF($F$41=0,0,$F$46/$F$41) -> 0.041666667 | G55: =IF($G$41=0,0,$G$46/$G$41) -> 0 | H55: =IF($H$41=0,0,$H$46/$H$41) -> 0
B56: 無回答 | C56: =IF($C$41=0,0,$C$47/$C$41) -> 0.073170732 | D56: =IF($D$41=0,0,$D$47/$D$41) -> 0.041420118 | E56: =IF($E$41=0,0,$E$47/$E$41) -> 0.18181818 | F56: =IF($F$41=0,0,$F$47/$F$41) -> 0.083333333 | G56: =IF($G$41=0,0,$G$47/$G$41) -> 0 | H56: =IF($H$41=0,0,$H$47/$H$41) -> 0
B57: ※色が濃いほど割合が高く、太字は各区分で最も割合が高い項目です（条件付き書式）。
B59: 図4-2 現在の暮らしの場×将来の暮らし方（問4×問17）
B61: 区分 | C61: 家族と一緒に生活したい | D61: 一般の住宅でひとり暮らしをしたい | E61: グループホームなどを利用したい | F61: 福祉施設で暮らしたい | G61: その他 | H61: 無回答
B62: 自宅（アパート・町営住宅等も含む）でひとり暮らし | C62: =$C$51 -> 0.29268293 | D62: =$C$52 -> 0.24390244 | E62: =$C$53 -> 0.12195122 | F62: =$C$54 -> 0.19512195 | G62: =$C$55 -> 0.073170732 | H62: =$C$56 -> 0.073170732
B63: 自宅（アパート・町営住宅等も含む）で家族等と一緒に住んでいる | C63: =$D$51 -> 0.78106509 | D63: =$D$52 -> 0.065088757 | E63: =$D$53 -> 0.029585799 | F63: =$D$54 -> 0.053254438 | G63: =$D$55 -> 0.029585799 | H63: =$D$56 -> 0.041420118
B64: グループホームで暮らしている | C64: =$E$51 -> 0.18181818 | D64: =$E$52 -> 0.090909091 | E64: =$E$53 -> 0.45454545 | F64: =$E$54 -> 0.090909091 | G64: =$E$55 -> 0 | H64: =$E$56 -> 0.18181818
B65: 福祉施設（障がい者支援施設、高齢者支援施設）で暮らしている | C65: =$F$51 -> 0.125 | D65: =$F$52 -> 0.041666667 | E65: =$F$53 -> 0.041666667 | F65: =$F$54 -> 0.66666667 | G65: =$F$55 -> 0.041666667 | H65: =$F$56 -> 0.083333333
B66: 病院に入院している | C66: =$G$51 -> 0.5 | D66: =$G$52 -> 0 | E66: =$G$53 -> 0.16666667 | F66: =$G$54 -> 0.33333333 | G66: =$G$55 -> 0 | H66: =$G$56 -> 0
B67: その他 | C67: =$H$51 -> 1 | D67: =$H$52 -> 0 | E67: =$H$53 -> 0 | F67: =$H$54 -> 0 | G67: =$H$55 -> 0 | H67: =$H$56 -> 0
B73: 表4-3 年齢×災害時に一人で避難できるか（問3×問41）
B74: 【件数】青字のセルが入力値です
B75: 区分 | C75: 18～29歳 | D75: 30～39歳 | E75: 40～49歳 | F75: 50～64歳 | G75: 65歳以上
B76: 回答者数（n） | C76: 12 | D76: 12 | E76: 16 | F76: 32 | G76: 177
B77: できる | C77: 5 | D77: 6 | E77: 5 | F77: 11 | G77: 70
B78: できない | C78: 3 | D78: 2 | E78: 6 | F78: 4 | G78: 73
B79: わからない | C79: 4 | D79: 4 | E79: 5 | F79: 13 | G79: 25
B80: 無回答 | C80: 0 | D80: 0 | E80: 0 | F80: 4 | G80: 9
B82: 【割合】各区分の回答者数（n）に占める割合（計算式）
B83: 区分 | C83: 18～29歳 | D83: 30～39歳 | E83: 40～49歳 | F83: 50～64歳 | G83: 65歳以上
B84: できる | C84: =IF($C$76=0,0,$C$77/$C$76) -> 0.41666667 | D84: =IF($D$76=0,0,$D$77/$D$76) -> 0.5 | E84: =IF($E$76=0,0,$E$77/$E$76) -> 0.3125 | F84: =IF($F$76=0,0,$F$77/$F$76) -> 0.34375 | G84: =IF($G$76=0,0,$G$77/$G$76) -> 0.39548023
B85: できない | C85: =IF($C$76=0,0,$C$78/$C$76) -> 0.25 | D85: =IF($D$76=0,0,$D$78/$D$76) -> 0.16666667 | E85: =IF($E$76=0,0,$E$78/$E$76) -> 0.375 | F85: =IF($F$76=0,0,$F$78/$F$76) -> 0.125 | G85: =IF($G$76=0,0,$G$78/$G$76) -> 0.41242938
B86: わからない | C86: =IF($C$76=0,0,$C$79/$C$76) -> 0.33333333 | D86: =IF($D$76=0,0,$D$79/$D$76) -> 0.33333333 | E86: =IF($E$76=0,0,$E$79/$E$76) -> 0.3125 | F86: =IF($F$76=0,0,$F$79/$F$76) -> 0.40625 | G86: =IF($G$76=0,0,$G$79/$G$76) -> 0.14124294
B87: 無回答 | C87: =IF($C$76=0,0,$C$80/$C$76) -> 0 | D87: =IF($D$76=0,0,$D$80/$D$76) -> 0 | E87: =IF($E$76=0,0,$E$80/$E$76) -> 0 | F87: =IF($F$76=0,0,$F$80/$F$76) -> 0.125 | G87: =IF($G$76=0,0,$G$80/$G$76) -> 0.050847458
B88: ※色が濃いほど割合が高く、太字は各区分で最も割合が高い項目です（条件付き書式）。
B90: 図4-3 年齢×災害時に一人で避難できるか（問3×問41）
B92: 区分 | C92: できる | D92: できない | E92: わからない | F92: 無回答
B93: 18～29歳 | C93: =$C$84 -> 0.41666667 | D93: =$C$85 -> 0.25 | E93: =$C$86 -> 0.33333333 | F93: =$C$87 -> 0
B94: 30～39歳 | C94: =$D$84 -> 0.5 | D94: =$D$85 -> 0.16666667 | E94: =$D$86 -> 0.33333333 | F94: =$D$87 -> 0
B95: 40～49歳 | C95: =$E$84 -> 0.3125 | D95: =$E$85 -> 0.375 | E95: =$E$86 -> 0.3125 | F95: =$E$87 -> 0
B96: 50～64歳 | C96: =$F$84 -> 0.34375 | D96: =$F$85 -> 0.125 | E96: =$F$86 -> 0.40625 | F96: =$F$87 -> 0.125
B97: 65歳以上 | C97: =$G$84 -> 0.39548023 | D97: =$G$85 -> 0.41242938 | E97: =$G$86 -> 0.14124294 | F97: =$G$87 -> 0.050847458
B107: 表4-4 年齢×今後利用したいサービス（問3×問31）
B108: 【件数】青字のセルが入力値です
B109: 区分 | C109: 18～29歳 | D109: 30～39歳 | E109: 40～49歳 | F109: 50～64歳 | G109: 65歳以上
B110: 回答者数（n） | C110: 12 | D110: 12 | E110: 16 | F110: 32 | G110: 177
B111: 居宅介護 | C111: 4 | D111: 1 | E111: 4 | F111: 8 | G111: 62
B112: 重度訪問介護 | C112: 2 | D112: 1 | E112: 2 | F112: 5 | G112: 30
B113: 同行援護 | C113: 3 | D113: 0 | E113: 0 | F113: 2 | G113: 17
B114: 行動援護 | C114: 4 | D114: 1 | E114: 4 | F114: 5 | G114: 18
B115: 重度包括 | C115: 1 | D115: 0 | E115: 1 | F115: 5 | G115: 30
B116: 生活介護 | C116: 2 | D116: 1 | E116: 3 | F116: 8 | G116: 57
B117: 宿泊型自立訓練 | C117: 2 | D117: 3 | E117: 1 | F117: 2 | G117: 16
B118: 就労移行 | C118: 6 | D118: 3 | E118: 4 | F118: 4 | G118: 9
B119: 就労継続 | C119: 4 | D119: 3 | E119: 6 | F119: 5 | G119: 9
B120: 療養介護 | C120: 0 | D120: 1 | E120: 1 | F120: 3 | G120: 24
B121: 短期入所 | C121: 4 | D121: 2 | E121: 3 | F121: 7 | G121: 49
... B126: 無回答 | C126: 0 | D126: 0 | E126: 0 | F126: 0 | G126: 0
B128: 【割合】各区分の回答者数（n）に占める割合（計算式）
B129: 区分 | C129: 18～29歳 | D129: 30～39歳 | E129: 40～49歳 | F129: 50～64歳 | G129: 65歳以上
B130: 居宅介護 | C130: =IF($C$110=0,0,$C$111/$C$110) -> 0.33333333 | D130: =IF($D$110=0,0,$D$111/$D$110) -> 0.083333333 | E130: =IF($E$110=0,0,$E$111/$E$110) -> 0.25 | F130: =IF($F$110=0,0,$F$111/$F$110) -> 0.25 | G130: =IF($G$110=0,0,$G$111/$G$110) -> 0.35028249
B131: 重度訪問介護 | C131: =IF($C$110=0,0,$C$112/$C$110) -> 0.16666667 | D131: =IF($D$110=0,0,$D$112/$D$110) -> 0.083333333 | E131: =IF($E$110=0,0,$E$112/$E$110) -> 0.125 | F131: =IF($F$110=0,0,$F$112/$F$110) -> 0.15625 | G131: =IF($G$110=0,0,$G$112/$G$110) -> 0.16949153
B132: 同行援護 | C132: =IF($C$110=0,0,$C$113/$C$110) -> 0.25 | D132: =IF($D$110=0,0,$D$113/$D$110) -> 0 | E132: =IF($E$110=0,0,$E$113/$E$110) -> 0 | F132: =IF($F$110=0,0,$F$113/$F$110) -> 0.0625 | G132: =IF($G$110=0,0,$G$113/$G$110) -> 0.096045198
B133: 行動援護 | C133: =IF($C$110=0,0,$C$114/$C$110) -> 0.33333333 | D133: =IF($D$110=0,0,$D$114/$D$110) -> 0.083333333 | E133: =IF($E$110=0,0,$E$114/$E$110) -> 0.25 | F133: =IF($F$110=0,0,$F$114/$F$110) -> 0.15625 | G133: =IF($G$110=0,0,$G$114/$G$110) -> 0.10169492
B134: 重度包括 | C134: =IF($C$110=0,0,$C$115/$C$110) -> 0.083333333 | D134: =IF($D$110=0,0,$D$115/$D$110) -> 0 | E134: =IF($E$110=0,0,$E$115/$E$110) -> 0.0625 | F134: =IF($F$110=0,0,$F$115/$F$110) -> 0.15625 | G134: =IF($G$110=0,0,$G$115/$G$110) -> 0.16949153
B135: 生活介護 | C135: =IF($C$110=0,0,$C$116/$C$110) -> 0.16666667 | D135: =IF($D$110=0,0,$D$116/$D$110) -> 0.083333333 | E135: =IF($E$110=0,0,$E$116/$E$110) -> 0.1875 | F135: =IF($F$110=0,0,$F$116/$F$110) -> 0.25 | G135: =IF($G$110=0,0,$G$116/$G$110) -> 0.3220339
B136: 宿泊型自立訓練 | C136: =IF($C$110=0,0,$C$117/$C$110) -> 0.16666667 | D136: =IF($D$110=0,0,$D$117/$D$110) -> 0.25 | E136: =IF($E$110=0,0,$E$117/$E$110) -> 0.0625 | F136: =IF($F$110=0,0,$F$117/$F$110) -> 0.0625 | G136: =IF($G$110=0,0,$G$117/$G$110) -> 0.09039548
...

Sheet 5章_障がい児
B2: 図5-1 調査票の回答者（問1）
B3: ="n="&集計_障がい児!$F$5&"（単一回答）" -> n=25（単一回答）
B4: 選択肢 | C4: 件数 | D4: 割合
B5: ご本人が自分で記入 | C5: =集計_障がい児!$D$5 -> 5 | D5: =集計_障がい児!$E$5 -> 0.2
B6: ご本人が回答し、家族の方が記入 | C6: =集計_障がい児!$D$6 -> 8 | D6: =集計_障がい児!$E$6 -> 0.32
B7: 家族の方が代理で回答・記入 | C7: =集計_障がい児!$D$7 -> 4 | D7: =集計_障がい児!$E$7 -> 0.16
B8: ご本人が回答し、施設職員が記入 | C8: =集計_障がい児!$D$8 -> 1 | D8: =集計_障がい児!$E$8 -> 0.04
B9: 施設職員が代理で回答・記入 | C9: =集計_障がい児!$D$9 -> 5 | D9: =集計_障がい児!$E$9 -> 0.2
B10: その他 | C10: =集計_障がい児!$D$10 -> 1 | D10: =集計_障がい児!$E$10 -> 0.04
B11: 無回答 | C11: =集計_障がい児!$D$11 -> 1 | D11: =集計_障がい児!$E$11 -> 0.04
B15: 図5-2 性別（問2）
B16: ="n="&集計_障がい児!$F$12&"（単一回答）" -> n=25（単一回答）
B17: 選択肢 | C17: 件数 | D17: 割合
B18: 男性 | C18: =集計_障がい児!$D$12 -> 13 | D18: =集計_障がい児!$E$12 -> 0.52
B19: 女性 | C19: =集計_障がい児!$D$13 -> 10 | D19: =集計_障がい児!$E$13 -> 0.4
B20: わからない | C20: =集計_障がい児!$D$14 -> 0 | D20: =集計_障がい児!$E$14 -> 0
B21: 答えたくない | C21: =集計_障がい児!$D$15 -> 1 | D21: =集計_障がい児!$E$15 -> 0.04
B22: 無回答 | C22: =集計_障がい児!$D$16 -> 1 | D22: =集計_障がい児!$E$16 -> 0.04
B26: 図5-3 年齢（問3）
B27: ="n="&集計_障がい児!$F$17&"（単一回答）" -> n=25（単一回答）
B28: 選択肢 | C28: 件数 | D28: 割合
B29: 0～5歳 | C29: =集計_障がい児!$D$17 -> 3 | D29: =集計_障がい児!$E$17 -> 0.12
B30: 6～11歳 | C30: =集計_障がい児!$D$18 -> 6 | D30: =集計_障がい児!$E$18 -> 0.24
B31: 12～14歳 | C31: =集計_障がい児!$D$19 -> 5 | D31: =集計_障がい児!$E$19 -> 0.2
B32: 15～17歳 | C32: =集計_障がい児!$D$20 -> 4 | D32: =集計_障がい児!$E$20 -> 0.16
B33: 18歳以上 | C33: =集計_障がい児!$D$21 -> 5 | D33: =集計_障がい児!$E$21 -> 0.2
B34: 無回答 | C34: =集計_障がい児!$D$22 -> 2 | D34: =集計_障がい児!$E$22 -> 0.08
B37: 図5-4 現在の暮らしの場（問4）
B38: ="n="&集計_障がい児!$F$23&"（単一回答）" -> n=25（単一回答）
B39: 選択肢 | C39: 件数 | D39: 割合
B40: 家族と暮らしている | C40: =集計_障がい児!$D$23 -> 25 | D40: =集計_障がい児!$E$23 -> 1
B41: 支援学校の寄宿舎で暮らしている | C41: =集計_障がい児!$D$24 -> 0 | D41: =集計_障がい児!$E$24 -> 0
B42: 施設（障がい児入所施設）で暮らしている | C42: =集計_障がい児!$D$25 -> 0 | D42: =集計_障がい児!$E$25 -> 0
B43: 病院に入院している | C43: =集計_障がい児!$D$26 -> 0 | D43: =集計_障がい児!$E$26 -> 0
B44: その他 | C44: =集計_障がい児!$D$27 -> 0 | D44: =集計_障がい児!$E$27 -> 0
B45: 無回答 | C45: =集計_障がい児!$D$28 -> 0 | D45: =集計_障がい児!$E$28 -> 0
B49: 図5-5 同居している家族（問4）
B50: ="n="&集計_障がい児!$F$29&"（複数回答）" -> n=25（複数回答）
B51: 選択肢 | C51: 件数 | D51: 割合
B52: 父母 | C52: =集計_障がい児!$D$29 -> 25 | D52: =集計_障がい児!$E$29 -> 1
B53: 兄弟姉妹 | C53: =集計_障がい児!$D$31 -> 20 | D53: =集計_障がい児!$E$31 -> 0.8
B54: 祖父母 | C54: =集計_障がい児!$D$30 -> 11 | D54: =集計_障がい児!$E$30 -> 0.44
B55: その他 | C55: =集計_障がい児!$D$32 -> 0 | D55: =集計_障がい児!$E$32 -> 0
B56: 無回答 | C56: =集計_障がい児!$D$33 -> 0 | D56: =集計_障がい児!$E$33 -> 0
B60: 図5-6 日常生活動作の状況（問5）
B62: 項目 | C62: ひとりでできる | D62: 一部介助が必要 | E62: 全部介助が必要 | F62: 無回答
B63: 食事 | C63: =集計_障がい児!$E$34 -> 0.96 | D63: =集計_障がい児!$E$35 -> 0.04 | E63: =集計_障がい児!$E$36 -> 0 | F63: =集計_障がい児!$E$37 -> 0
B64: トイレ | C64: =集計_障がい児!$E$38 -> 0.96 | D64: =集計_障がい児!$E$39 -> 0 | E64: =集計_障がい児!$E$40 -> 0.04 | F64: =集計_障がい児!$E$41 -> 0
B65: 入浴 | C65: =集計_障がい児!$E$42 -> 0.8 | D65: =集計_障がい児!$E$43 -> 0.08 | E65: =集計_障がい児!$E$44 -> 0.12 | F65: =集計_障がい児!$E$45 -> 0
B66: 衣服の着脱 | C66: =集計_障がい児!$E$46 -> 0.96 | D66: =集計_障がい児!$E$47 -> 0.04 | E66: =集計_障がい児!$E$48 -> 0 | F66: =集計_障がい児!$E$49 -> 0
B67: 身だしなみ | C67: =集計_障がい児!$E$50 -> 0.68 | D67: =集計_障がい児!$E$51 -> 0.32 | E67: =集計_障がい児!$E$52 -> 0 | F67: =集計_障がい児!$E$53 -> 0
B68: 家の中の移動 | C68: =集計_障がい児!$E$54 -> 0.96 | D68: =集計_障がい児!$E$55 -> 0.04 | E68: =集計_障がい児!$E$56 -> 0 | F68: =集計_障がい児!$E$57 -> 0
B69: 外出 | C69: =集計_障がい児!$E$58 -> 0.52 | D69: =集計_障がい児!$E$59 -> 0.44 | E69: =集計_障がい児!$E$60 -> 0.04 | F69: =集計_障がい児!$E$61 -> 0
B70: 意思疎通 | C70: =集計_障がい児!$E$62 -> 0.6 | D70: =集計_障がい児!$E$63 -> 0.4 | E70: =集計_障がい児!$E$64 -> 0 | F70: =集計_障がい児!$E$65 -> 0
B71: お金の管理 | C71: =集計_障がい児!$E$66 -> 0.28 | D71: =集計_障がい児!$E$67 -> 0.52 | E71: =集計_障がい児!$E$68 -> 0.2 | F71: =集計_障がい児!$E$69 -> 0
B72: 薬の管理 | C72: =集計_障がい児!$E$70 -> 0.28 | D72: =集計_障がい児!$E$71 -> 0.56 | E72: =集計_障がい児!$E$72 -> 0.16 | F72: =集計_障がい児!$E$73 -> 0
B84: 図5-7 主な介助者（問6）
B85: ="n="&集計_障がい児!$F$74&"（複数回答）" -> n=25（複数回答）
B86: 選択肢 | C86: 件数 | D86: 割合
B87: 父母・祖父母・兄弟姉妹 | C87: =集計_障がい児!$D$74 -> 23 | D87: =集計_障がい児!$E$74 -> 0.92
B88: ホームヘルパーや施設の職員 | C88: =集計_障がい児!$D$75 -> 0 | D88: =集計_障がい児!$E$75 -> 0
B89: その他の人（ボランティア等） | C89: =集計_障がい児!$D$76 -> 0 | D89: =集計_障がい児!$E$76 -> 0
B90: 無回答 | C90: =集計_障がい児!$D$77 -> 2 | D90: =集計_障がい児!$E$77 -> 0.08
B94: 図5-8 主介助者の年齢（問7）
B95: ="n="&集計_障がい児!$F$78&"（単一回答）" -> n=25（単一回答）
B96: 選択肢 | C96: 件数 | D96: 割合
B97: 29歳以下 | C97: =集計_障がい児!$D$78 -> 0 | D97: =集計_障がい児!$E$78 -> 0
B98: 30～39歳 | C98: =集計_障がい児!$D$79 -> 5 | D98: =集計_障がい児!$E$79 -> 0.2
B99: 40～49歳 | C99: =集計_障がい児!$D$80 -> 5 | D99: =集計_障がい児!$E$80 -> 0.2
B100: 50～59歳 | C100: =集計_障がい児!$D$81 -> 5 | D100: =集計_障がい児!$E$81 -> 0.2
B101: 60歳以上 | C101: =集計_障がい児!$D$82 -> 0 | D101: =集計_障がい児!$E$82 -> 0
B102: 無回答 | C102: =集計_障がい児!$D$83 -> 10 | D102: =集計_障がい児!$E$83 -> 0.4
B105: 図5-9 主介助者の性別（問7）
B106: ="n="&集計_障がい児!$F$84&"（単一回答）" -> n=25（単一回答）
B107: 選択肢 | C107: 件数 | D107: 割合
B108: 男性 | C108: =集計_障がい児!$D$84 -> 1 | D108: =集計_障がい児!$E$84 -> 0.04
B109: 女性 | C109: =集計_障がい児!$D$85 -> 22 | D109: =集計_障がい児!$E$85 -> 0.88
B110: 無回答 | C110: =集計_障がい児!$D$86 -> 2 | D110: =集計_障がい児!$E$86 -> 0.08
B117: 図5-10 主介助者の健康状態（問7）
B118: ="n="&集計_障がい児!$F$87&"（単一回答）" -> n=25（単一回答）
B119: 選択肢 | C119: 件数 | D119: 割合
B120: よい | C120: =集計_障がい児!$D$87 -> 7 | D120: =集計_障がい児!$E$87 -> 0.28
B121: ふつう | C121: =集計_障がい児!$D$88 -> 16 | D121: =集計_障がい児!$E$88 -> 0.64
B122: よくない | C122: =集計_障がい児!$D$89 -> 0 | D122: =集計_障がい児!$E$89 -> 0
B123: 無回答 | C123: =集計_障がい児!$D$90 -> 2 | D123: =集計_障がい児!$E$90 -> 0.08
B128: 図5-11 身体障害者手帳の所持状況（問8）
B129: ="n="&集計_障がい児!$F$91&"（単一回答）" -> n=25（単一回答）
B130: 選択肢 | C130: 件数 | D130: 割合
B131: １級 | C131: =集計_障がい児!$D$91 -> 0 | D131: =集計_障がい児!$E$91 -> 0
B132: ２級 | C132: =集計_障がい児!$D$92 -> 0 | D132: =集計_障がい児!$E$92 -> 0
B133: ３級 | C133: =集計_障がい児!$D$93 -> 0 | D133: =集計_障がい児!$E$93 -> 0
B134: ４級 | C134: =集計_障がい児!$D$94 -> 0 | D134: =集計_障がい児!$E$94 -> 0
B135: ５級 | C135: =集計_障がい児!$D$95 -> 0 | D135: =集計_障がい児!$E$95 -> 0
B136: ６級 | C136: =集計_障がい児!$D$96 -> 0 | D136: =集計_障がい児!$E$96 -> 0
B137: 持っていない | C137: =集計_障がい児!$D$97 -> 25 | D137: =集計_障がい児!$E$97 -> 1
B138: 無回答 | C138: =集計_障がい児!$D$98 -> 0 | D138: =集計_障がい児!$E$98 -> 0
B142: 図5-12 身体障害者手帳所持者の主な障がい（問9）
B143: ="n="&集計_障がい児!$F$99&"（単一回答）" -> n=25（単一回答）
B144: 選択肢 | C144: 件数 | D144: 割合
B145: 視覚障がい | C145: =集計_障がい児!$D$99 -> 0 | D145: =集計_障がい児!$E$99 -> 0
...

Sheet 6章_課題
B2: 表6-1 課題と計画上の取組の関係
B3: 課題 | C3: 計画上の主な対応方向 | F3: 障がい者の主な根拠 | I3: 障がい児の主な根拠
B4: 相談支援・情報提供 | C4: 相談支援体制、分かりやすい情報提供、関係機関の連携 | F4: 問33・問34・問46 | I4: 問30・問31・問43
B5: 地域生活・住まい | C5: 在宅サービス、住まい、地域生活支援拠点、家族支援 | F5: 問17・問18・問31 | I5: 問23・問24・問28
B6: 移動・外出 | C6: 移動支援、通院・買い物支援、町外サービス利用時の送迎 | F6: 問19～問22 | I6: 問25～問27
B7: 就労 | C7: 就労移行・継続・選択支援、企業理解、通勤・勤務配慮 | F7: 問23～問27・問31 | I7: 問19～問22・問28
B8: 権利擁護 | C8: 差別解消、合理的配慮、成年後見、虐待防止 | F8: 問35～問40 | I8: 問32～問37
B9: 災害時支援 | C9: 避難行動要支援者、個別避難計画、福祉避難所、医療継続 | F9: 問41～問45 | I9: 問38～問42
B10: 障がい児・移行支援 | C10: 教育・療育・福祉連携、進路・成人期への移行支援 | F10: ― | I10: 問17～問24・問28
B11: 障がい特性に応じた支援 | C11: 身体・知的・精神の障がい別の傾向を踏まえた情報提供、相談支援及びサービス提供体制の整備 | F11: 第３章【障がい別】の図表（問23、問27、問33） | I11: 療育手帳所持者（16人）の結果（第５章）

Sheet 7章_追加分析
B2: 表7-1 サービス利用の需給ギャップ（n=259）
B3: サービス | C3: 現在利用 | E3: 今後利用意向 | G3: 差
B4: 居宅介護 | C4: 19件（7.3%） | E4: 83件（32.0%） | G4: +64件（+24.7pt）
B5: 短期入所 | C5: 9件（3.5%） | E5: 67件（25.9%） | G5: +58件（+22.4pt）
B6: 生活介護 | C6: 25件（9.7%） | E6: 73件（28.2%） | G6: +48件（+18.5pt）
B7: 相談支援 | C7: 37件（14.3%） | E7: 84件（32.4%） | G7: +47件（+18.1pt）
B8: 共同生活援助 | C8: 8件（3.1%） | E8: 49件（18.9%） | G8: +41件（+15.8pt）
B9: 施設入所 | C9: 18件（6.9%） | E9: 54件（20.8%） | G9: +36件（+13.9pt）
B10: 重度訪問介護 | C10: 6件（2.3%） | E10: 41件（15.8%） | G10: +35件（+13.5pt）
B11: 重度包括 | C11: 5件（1.9%） | E11: 38件（14.7%） | G11: +33件（+12.7pt）
B13: 表7-2 障がい特性別のサービス利用意向（n=259）
B14: 障がい特性 | C14: n | D14: 今後利用意向の上位3サービス
B15: 身体障がい（身体障害者手帳所持） | C15: 193 | D15: 居宅介護 66件（34.2%）、相談支援 57件（29.5%）、生活介護 57件（29.5%）
B16: 知的障がい（療育手帳所持） | C16: 33 | D16: 相談支援 12件（36.4%）、共同生活援助 11件（33.3%）、生活介護 9件（27.3%）
B17: 精神障がい（精神障害者保健福祉手帳所持） | C17: 44 | D17: 就労選択 15件（34.1%）、就労継続 13件（29.5%）、相談支援 12件（27.3%）
B18: 発達障がい（診断あり） | C18: 31 | D18: 就労選択 11件（35.5%）、相談支援 9件（29.0%）、就労移行 9件（29.0%）
B19: 難病（認定あり） | C19: 17 | D19: 居宅介護 7件（41.2%）、相談支援 4件（23.5%）、施設入所 4件（23.5%）
B20: 高次脳機能障がい（診断あり） | C20: 8 | D20: 居宅介護 3件（37.5%）、短期入所 2件（25.0%）、相談支援 2件（25.0%）
B22: 表7-3 介助者の高齢化と将来の暮らし（n=105）
B23: 主介助者年齢 | C23: n | D23: 本人が家族との生活を希望 | G23: 介助者の健康状態「よくない」
B24: 64歳以下 | C24: 51 | D24: 38件（74.5%） | G24: 3件（5.9%）
B25: 65～74歳 | C25: 35 | D25: 30件（85.7%） | G25: 6件（17.1%）
B26: 75歳以上 | C26: 19 | D26: 14件（73.7%） | G26: 6件（31.6%）
B28: 表7-4 ADL介助必要度とサービスニーズ（n=259）
B29: ADL介助区分 | C29: n | D29: 生活介護 | F29: 短期入所 | H29: 施設入所 | J29: 相談支援
B30: 介助なし | C30: 127 | D30: 28件（22.0%） | F30: 29件（22.8%） | H30: 20件（15.7%） | J30: 37件（29.1%）
B31: 1～2項目で介助 | C31: 48 | D31: 12件（25.0%） | F31: 14件（29.2%） | H31: 11件（22.9%） | J31: 19件（39.6%）
B32: 3～5項目で介助 | C32: 35 | D32: 11件（31.4%） | F32: 10件（28.6%） | H32: 6件（17.1%） | J32: 13件（37.1%）
B33: 6項目以上で介助 | C33: 49 | D33: 22件（44.9%） | F33: 14件（28.6%） | H33: 17件（34.7%） | J33: 15件（30.6%）
B35: 表7-5 災害時の避難支援（n=259）
B36: 一人避難 | C36: n | D36: 要支援者登録を希望 | G36: 個別避難計画を希望
B37: できる | C37: 100 | D37: 14件（14.0%） | G37: 18件（18.0%）
B38: できない | C38: 92 | D38: 38件（41.3%） | G38: 30件（32.6%）
B39: わからない | C39: 52 | D39: 18件（34.6%） | G39: 15件（28.8%）
B40: 無回答 | C40: 15 | D40: 2件（13.3%） | G40: 3件（20.0%）
B42: 表7-6 地域生活移行・居住支援（n=41）
B43: 現在の暮らし | C43: n | D43: 家族・一般住宅・GHを希望 | G43: 将来「福祉施設」を希望
B44: グループホーム | C44: 11 | D44: 8件（72.7%） | G44: 1件（9.1%）
B45: 福祉施設 | C45: 24 | D45: 5件（20.8%） | G45: 16件（66.7%）
B46: 病院 | C46: 6 | D46: 4件（66.7%） | G46: 2件（33.3%）
B48: 表7-7 就労希望者に必要な支援（n=20）
B49: 必要な就労支援 | C49: 件数 | E49: 割合
B50: 職場の理解 | C50: 17 | E50: 85.0%
B51: 短時間勤務等 | C51: 12 | E51: 60.0%
B52: 就労後フォロー | C52: 11 | E52: 55.0%
B53: 通勤手段 | C53: 9 | E53: 45.0%
B54: 職場外相談 | C54: 7 | E54: 35.0%
B55: 在宅勤務 | C55: 6 | E55: 30.0%
B57: 表7-8 障がい児の年齢・障がい特性別分析（n=18）
B58: 年齢 | C58: n | D58: 就学・進路等で必要な支援（上位）
B59: 0～5歳 | C59: 3 | D59: 就学・進路相談 3件（100.0%）、個別支援 2件（66.7%）
B60: 6～11歳 | C60: 6 | D60: 個別支援 5件（83.3%）、就学・進路相談 4件（66.7%）
B61: 12～14歳 | C61: 5 | D61: 就学・進路相談 5件（100.0%）、個別支援 2件（40.0%）
B62: 15～17歳 | C62: 4 | D62: 就学・進路相談 3件（75.0%）、個別支援 1件（25.0%）
B64: 表7-9 障がい児の年齢・障がい特性別分析（n=25）
B65: 障がい特性 | C65: n | D65: 今後利用意向の上位サービス
B66: 知的障がい（療育手帳所持） | C66: 16 | D66: 就労継続 7件（43.8%）、児童発達支援 3件（18.8%）、相談支援 1件（6.2%）
B67: 発達障がい（診断あり） | C67: 13 | D67: 就労継続 5件（38.5%）、児童発達支援 4件（30.8%）、相談支援 2件（15.4%）
B69: 表7-10 国の第8期基本指針との関係
B70: 国の主な方向性 | C70: 今回追加した分析 | G70: 小野町計画での活用
B71: サービス必要量の見込み | C71: 現在利用×今後利用意向 | G71: サービス見込量と供給体制の検討
B72: 地域生活移行・継続 | C72: 現在の暮らし×将来希望、施設等生活者の支援ニーズ | G72: 住まい、在宅支援、相談、地域生活支援拠点
B73: 相談支援・就労 | C73: 相談支援の利用意向、就労希望者×必要支援 | G73: 相談体制、就労選択支援、定着・企業連携
B74: 障がい児支援・分野横断連携 | C74: 年齢×就学・進路支援、障がい特性×サービス | G74: 教育・保育・福祉・医療の連携、成人期移行
B75: 災害・緊急時支援 | C75: 避難可否×要支援者登録・個別避難計画 | G75: 個別避難計画、福祉避難所、医療継続

Sheet 集計_障がい者
A1: 障がい者調査（18歳以上） 単純集計（入力データ）
A2: 青字のセル（件数・回答者数）が入力値です。割合は計算式で、各章シートの表・グラフに自動で反映されます。回答者数（n）は無回答を含む人数で、各設問の先頭行に入力し、2行目以降は先頭行を参照しています。「無回答」は各設問の最終行です。
A4: 設問番号 | B4: 設問 | C4: 選択肢 | D4: 件数 | E4: 割合 | F4: 回答者数（n） | G4: 回答形式
A5: 問1 | B5: この調査票にご回答いただく方はどなたですか。（○は１つだけ） | C5: ご本人が自分で記入 | D5: 144 | E5: =IF($F5=0,0,D5/$F5) -> 0.55598456 | F5: 259 | G5: 単一回答
A6: 問1 | B6: この調査票にご回答いただく方はどなたですか。（○は１つだけ） | C6: ご本人が回答し、家族の方が記入 | D6: 37 | E6: =IF($F6=0,0,D6/$F6) -> 0.14285714 | F6: =$F$5 -> 259 | G6: 単一回答
A7: 問1 | B7: この調査票にご回答いただく方はどなたですか。（○は１つだけ） | C7: 家族の方が代理で回答・記入 | D7: 48 | E7: =IF($F7=0,0,D7/$F7) -> 0.18532819 | F7: =$F$5 -> 259 | G7: 単一回答
A8: 問1 | B8: この調査票にご回答いただく方はどなたですか。（○は１つだけ） | C8: ご本人が回答し、施設職員が記入 | D8: 9 | E8: =IF($F8=0,0,D8/$F8) -> 0.034749035 | F8: =$F$5 -> 259 | G8: 単一回答
A9: 問1 | B9: この調査票にご回答いただく方はどなたですか。（○は１つだけ） | C9: 施設職員が代理で回答・記入 | D9: 10 | E9: =IF($F9=0,0,D9/$F9) -> 0.038610039 | F9: =$F$5 -> 259 | G9: 単一回答
A10: 問1 | B10: この調査票にご回答いただく方はどなたですか。（○は１つだけ） | C10: その他 | D10: 3 | E10: =IF($F10=0,0,D10/$F10) -> 0.011583012 | F10: =$F$5 -> 259 | G10: 単一回答
A11: 問1 | B11: この調査票にご回答いただく方はどなたですか。（○は１つだけ） | C11: 無回答 | D11: 8 | E11: =IF($F11=0,0,D11/$F11) -> 0.030888031 | F11: =$F$5 -> 259 | G11: 単一回答
A12: 問2 | B12: あなた（対象者）の性別をお答えください。（○は１つだけ） | C12: 男性 | D12: 144 | E12: =IF($F12=0,0,D12/$F12) -> 0.55598456 | F12: 259 | G12: 単一回答
A13: 問2 | B13: あなた（対象者）の性別をお答えください。（○は１つだけ） | C13: 女性 | D13: 109 | E13: =IF($F13=0,0,D13/$F13) -> 0.42084942 | F13: =$F$12 -> 259 | G13: 単一回答
A14: 問2 | B14: あなた（対象者）の性別をお答えください。（○は１つだけ） | C14: わからない | D14: 0 | E14: =IF($F14=0,0,D14/$F14) -> 0 | F14: =$F$12 -> 259 | G14: 単一回答
A15: 問2 | B15: あなた（対象者）の性別をお答えください。（○は１つだけ） | C15: 答えたくない | D15: 0 | E15: =IF($F15=0,0,D15/$F15) -> 0 | F15: =$F$12 -> 259 | G15: 単一回答
A16: 問2 | B16: あなた（対象者）の性別をお答えください。（○は１つだけ） | C16: 無回答 | D16: 6 | E16: =IF($F16=0,0,D16/$F16) -> 0.023166023 | F16: =$F$12 -> 259 | G16: 単一回答
A17: 問3 | B17: 令和８年8月１日現在のあなた（対象者）の年齢をお答えください。 | C17: 18～29歳 | D17: 12 | E17: =IF($F17=0,0,D17/$F17) -> 0.046332046 | F17: 259 | G17: 単一回答
A18: 問3 | B18: 令和８年8月１日現在のあなた（対象者）の年齢をお答えください。 | C18: 30～39歳 | D18: 12 | E18: =IF($F18=0,0,D18/$F18) -> 0.046332046 | F18: =$F$17 -> 259 | G18: 単一回答
A19: 問3 | B19: 令和８年8月１日現在のあなた（対象者）の年齢をお答えください。 | C19: 40～49歳 | D19: 16 | E19: =IF($F19=0,0,D19/$F19) -> 0.061776062 | F19: =$F$17 -> 259 | G19: 単一回答
A20: 問3 | B20: 令和８年8月１日現在のあなた（対象者）の年齢をお答えください。 | C20: 50～64歳 | D20: 32 | E20: =IF($F20=0,0,D20/$F20) -> 0.12355212 | F20: =$F$17 -> 259 | G20: 単一回答
A21: 問3 | B21: 令和８年8月１日現在のあなた（対象者）の年齢をお答えください。 | C21: 65歳以上 | D21: 177 | E21: =IF($F21=0,0,D21/$F21) -> 0.68339768 | F21: =$F$17 -> 259 | G21: 単一回答
A22: 問3 | B22: 令和８年8月１日現在のあなた（対象者）の年齢をお答えください。 | C22: 無回答 | D22: 10 | E22: =IF($F22=0,0,D22/$F22) -> 0.038610039 | F22: =$F$17 -> 259 | G22: 単一回答
A23: 問4-1 | B23: あなたが現在暮らしている場所はどこですか。（○は１つだけ） | C23: 自宅（アパート・町営住宅等も含む）でひとり暮らし | D23: 41 | E23: =IF($F23=0,0,D23/$F23) -> 0.15830116 | F23: 259 | G23: 単一回答
A24: 問4-1 | B24: あなたが現在暮らしている場所はどこですか。（○は１つだけ） | C24: 自宅（アパート・町営住宅等も含む）で家族等と一緒に住んでいる | D24: 169 | E24: =IF($F24=0,0,D24/$F24) -> 0.65250965 | F24: =$F$23 -> 259 | G24: 単一回答
A25: 問4-1 | B25: あなたが現在暮らしている場所はどこですか。（○は１つだけ） | C25: グループホームで暮らしている | D25: 11 | E25: =IF($F25=0,0,D25/$F25) -> 0.042471042 | F25: =$F$23 -> 259 | G25: 単一回答
A26: 問4-1 | B26: あなたが現在暮らしている場所はどこですか。（○は１つだけ） | C26: 福祉施設（障がい者支援施設、高齢者支援施設）で暮らしている | D26: 24 | E26: =IF($F26=0,0,D26/$F26) -> 0.092664093 | F26: =$F$23 -> 259 | G26: 単一回答
A27: 問4-1 | B27: あなたが現在暮らしている場所はどこですか。（○は１つだけ） | C27: 病院に入院している | D27: 6 | E27: =IF($F27=0,0,D27/$F27) -> 0.023166023 | F27: =$F$23 -> 259 | G27: 単一回答
A28: 問4-1 | B28: あなたが現在暮らしている場所はどこですか。（○は１つだけ） | C28: その他 | D28: 1 | E28: =IF($F28=0,0,D28/$F28) -> 0.0038610039 | F28: =$F$23 -> 259 | G28: 単一回答
A29: 問4-1 | B29: あなたが現在暮らしている場所はどこですか。（○は１つだけ） | C29: 無回答 | D29: 7 | E29: =IF($F29=0,0,D29/$F29) -> 0.027027027 | F29: =$F$23 -> 259 | G29: 単一回答
A30: 問4-2 | B30: 同居しているご家族をお答えください。（あてはまるものすべてに○） | C30: 父母 | D30: 46 | E30: =IF($F30=0,0,D30/$F30) -> 0.17760618 | F30: 259 | G30: 複数回答
A31: 問4-2 | B31: 同居しているご家族をお答えください。（あてはまるものすべてに○） | C31: 祖父母 | D31: 7 | E31: =IF($F31=0,0,D31/$F31) -> 0.027027027 | F31: =$F$30 -> 259 | G31: 複数回答
A32: 問4-2 | B32: 同居しているご家族をお答えください。（あてはまるものすべてに○） | C32: 兄弟姉妹 | D32: 24 | E32: =IF($F32=0,0,D32/$F32) -> 0.092664093 | F32: =$F$30 -> 259 | G32: 複数回答
A33: 問4-2 | B33: 同居しているご家族をお答えください。（あてはまるものすべてに○） | C33: 配偶者 | D33: 95 | E33: =IF($F33=0,0,D33/$F33) -> 0.36679537 | F33: =$F$30 -> 259 | G33: 複数回答
A34: 問4-2 | B34: 同居しているご家族をお答えください。（あてはまるものすべてに○） | C34: その他 | D34: 64 | E34: =IF($F34=0,0,D34/$F34) -> 0.24710425 | F34: =$F$30 -> 259 | G34: 複数回答
A35: 問4-2 | B35: 同居しているご家族をお答えください。（あてはまるものすべてに○） | C35: 無回答 | D35: 90 | E35: =IF($F35=0,0,D35/$F35) -> 0.34749035 | F35: =$F$30 -> 259 | G35: 複数回答
A36: 問5 | B36: 食事 | C36: ひとりでできる | D36: 212 | E36: =IF($F36=0,0,D36/$F36) -> 0.81853282 | F36: 259 | G36: 単一回答（項目別）
A37: 問5 | B37: 食事 | C37: 一部介助が必要 | D37: 24 | E37: =IF($F37=0,0,D37/$F37) -> 0.092664093 | F37: =$F$36 -> 259 | G37: 単一回答（項目別）
A38: 問5 | B38: 食事 | C38: 全部介助が必要 | D38: 12 | E38: =IF($F38=0,0,D38/$F38) -> 0.046332046 | F38: =$F$36 -> 259 | G38: 単一回答（項目別）
A39: 問5 | B39: 食事 | C39: 無回答 | D39: 11 | E39: =IF($F39=0,0,D39/$F39) -> 0.042471042 | F39: =$F$36 -> 259 | G39: 単一回答（項目別）
A40: 問5 | B40: トイレ | C40: ひとりでできる | D40: 206 | E40: =IF($F40=0,0,D40/$F40) -> 0.7953668 | F40: 259 | G40: 単一回答（項目別）
A41: 問5 | B41: トイレ | C41: 一部介助が必要 | D41: 24 | E41: =IF($F41=0,0,D41/$F41) -> 0.092664093 | F41: =$F$40 -> 259 | G41: 単一回答（項目別）
A42: 問5 | B42: トイレ | C42: 全部介助が必要 | D42: 19 | E42: =IF($F42=0,0,D42/$F42) -> 0.073359073 | F42: =$F$40 -> 259 | G42: 単一回答（項目別）
A43: 問5 | B43: トイレ | C43: 無回答 | D43: 10 | E43: =IF($F43=0,0,D43/$F43) -> 0.038610039 | F43: =$F$40 -> 259 | G43: 単一回答（項目別）
A44: 問5 | B44: 入浴 | C44: ひとりでできる | D44: 186 | E44: =IF($F44=0,0,D44/$F44) -> 0.71814672 | F44: 259 | G44: 単一回答（項目別）
A45: 問5 | B45: 入浴 | C45: 一部介助が必要 | D45: 30 | E45: =IF($F45=0,0,D45/$F45) -> 0.11583012 | F45: =$F$44 -> 259 | G45: 単一回答（項目別）
A46: 問5 | B46: 入浴 | C46: 全部介助が必要 | D46: 32 | E46: =IF($F46=0,0,D46/$F46) -> 0.12355212 | F46: =$F$44 -> 259 | G46: 単一回答（項目別）
A47: 問5 | B47: 入浴 | C47: 無回答 | D47: 11 | E47: =IF($F47=0,0,D47/$F47) -> 0.042471042 | F47: =$F$44 -> 259 | G47: 単一回答（項目別）
A48: 問5 | B48: 衣服の着脱 | C48: ひとりでできる | D48: 197 | E48: =IF($F48=0,0,D48/$F48) -> 0.76061776 | F48: 259 | G48: 単一回答（項目別）
A49: 問5 | B49: 衣服の着脱 | C49: 一部介助が必要 | D49: 32 | E49: =IF($F49=0,0,D49/$F49) -> 0.12355212 | F49: =$F$48 -> 259 | G49: 単一回答（項目別）
A50: 問5 | B50: 衣服の着脱 | C50: 全部介助が必要 | D50: 20 | E50: =IF($F50=0,0,D50/$F50) -> 0.077220077 | F50: =$F$48 -> 259 | G50: 単一回答（項目別）
A51: 問5 | B51: 衣服の着脱 | C51: 無回答 | D51: 10 | E51: =IF($F51=0,0,D51/$F51) -> 0.038610039 | F51: =$F$48 -> 259 | G51: 単一回答（項目別）
A52: 問5 | B52: 身だしなみ | C52: ひとりでできる | D52: 189 | E52: =IF($F52=0,0,D52/$F52) -> 0.72972973 | F52: 259 | G52: 単一回答（項目別）
A53: 問5 | B53: 身だしなみ | C53: 一部介助が必要 | D53: 39 | E53: =IF($F53=0,0,D53/$F53) -> 0.15057915 | F53: =$F$52 -> 259 | G53: 単一回答（項目別）
A54: 問5 | B54: 身だしなみ | C54: 全部介助が必要 | D54: 19 | E54: =IF($F54=0,0,D54/$F54) -> 0.073359073 | F54: =$F$52 -> 259 | G54: 単一回答（項目別）
A55: 問5 | B55: 身だしなみ | C55: 無回答 | D55: 12 | E55: =IF($F55=0,0,D55/$F55) -> 0.046332046 | F55: =$F$52 -> 259 | G55: 単一回答（項目別）
A56: 問5 | B56: 家の中の移動 | C56: ひとりでできる | D56: 208 | E56: =IF($F56=0,0,D56/$F56) -> 0.8030888 | F56: 259 | G56: 単一回答（項目別）
A57: 問5 | B57: 家の中の移動 | C57: 一部介助が必要 | D57: 14 | E57: =IF($F57=0,0,D57/$F57) -> 0.054054054 | F57: =$F$56 -> 259 | G57: 単一回答（項目別）
A58: 問5 | B58: 家の中の移動 | C58: 全部介助が必要 | D58: 25 | E58: =IF($F58=0,0,D58/$F58) -> 0.096525097 | F58: =$F$56 -> 259 | G58: 単一回答（項目別）
A59: 問5 | B59: 家の中の移動 | C59: 無回答 | D59: 12 | E59: =IF($F59=0,0,D59/$F59) -> 0.046332046 | F59: =$F$56 -> 259 | G59: 単一回答（項目別）
A60: 問5 | B60: 外出 | C60: ひとりでできる | D60: 139 | E60: =IF($F60=0,0,D60/$F60) -> 0.53667954 | F60: 259 | G60: 単一回答（項目別）
A61: 問5 | B61: 外出 | C61: 一部介助が必要 | D61: 66 | E61: =IF($F61=0,0,D61/$F61) -> 0.25482625 | F61: =$F$60 -> 259 | G61: 単一回答（項目別）
A62: 問5 | B62: 外出 | C62: 全部介助が必要 | D62: 39 | E62: =IF($F62=0,0,D62/$F62) -> 0.15057915 | F62: =$F$60 -> 259 | G62: 単一回答（項目別）
A63: 問5 | B63: 外出 | C63: 無回答 | D63: 15 | E63: =IF($F63=0,0,D63/$F63) -> 0.057915058 | F63: =$F$60 -> 259 | G63: 単一回答（項目別）
A64: 問5 | B64: 意思疎通 | C64: ひとりでできる | D64: 187 | E64: =IF($F64=0,0,D64/$F64) -> 0.72200772 | F64: 259 | G64: 単一回答（項目別）
A65: 問5 | B65: 意思疎通 | C65: 一部介助が必要 | D65: 42 | E65: =IF($F65=0,0,D65/$F65) -> 0.16216216 | F65: =$F$64 -> 259 | G65: 単一回答（項目別）
A66: 問5 | B66: 意思疎通 | C66: 全部介助が必要 | D66: 12 | E66: =IF($F66=0,0,D66/$F66) -> 0.046332046 | F66: =$F$64 -> 259 | G66: 単一回答（項目別）
A67: 問5 | B67: 意思疎通 | C67: 無回答 | D67: 18 | E67: =IF($F67=0,0,D67/$F67) -> 0.069498069 | F67: =$F$64 -> 259 | G67: 単一回答（項目別）
A68: 問5 | B68: お金の管理 | C68: ひとりでできる | D68: 154 | E68: =IF($F68=0,0,D68/$F68) -> 0.59459459 | F68: 259 | G68: 単一回答（項目別）
A69: 問5 | B69: お金の管理 | C69: 一部介助が必要 | D69: 47 | E69: =IF($F69=0,0,D69/$F69) -> 0.18146718 | F69: =$F$68 -> 259 | G69: 単一回答（項目別）
A70: 問5 | B70: お金の管理 | C70: 全部介助が必要 | D70: 43 | E70: =IF($F70=0,0,D70/$F70) -> 0.16602317 | F70: =$F$68 -> 259 | G70: 単一回答（項目別）
A71: 問5 | B71: お金の管理 | C71: 無回答 | D71: 15 | E71: =IF($F71=0,0,D71/$F71) -> 0.057915058 | F71: =$F$68 -> 259 | G71: 単一回答（項目別）
A72: 問5 | B72: 薬の管理 | C72: ひとりでできる | D72: 170 | E72: =IF($F72=0,0,D72/$F72) -> 0.65637066 | F72: 259 | G72: 単一回答（項目別）
A73: 問5 | B73: 薬の管理 | C73: 一部介助が必要 | D73: 39 | E73: =IF($F73=0,0,D73/$F73) -> 0.15057915 | F73: =$F$72 -> 259 | G73: 単一回答（項目別）
A74: 問5 | B74: 薬の管理 | C74: 全部介助が必要 | D74: 37 | E74: =IF($F74=0,0,D74/$F74) -> 0.14285714 | F74: =$F$72 -> 259 | G74: 単一回答（項目別）
A75: 問5 | B75: 薬の管理 | C75: 無回答 | D75: 13 | E75: =IF($F75=0,0,D75/$F75) -> 0.05019305 | F75: =$F$72 -> 259 | G75: 単一回答（項目別）
A76: 問6 | B76: 【問5で「一部介助が必要」または「全部介助が必要」と答えた方のみ】あなたを介助してくれる方は主に誰ですか。（あてはまるものすべてに○） | C76: 父母・祖父母・兄弟姉妹 | D76: 24 | E76: =IF($F76=0,0,D76/$F76) -> 0.092664093 | F76: 259 | G76: 複数回答
A77: 問6 | B77: 【問5で「一部介助が必要」または「全部介助が必要」と答えた方のみ】あなたを介助してくれる方は主に誰ですか。（あてはまるものすべてに○） | C77: 配偶者（夫または妻） | D77: 47 | E77: =IF($F77=0,0,D77/$F77) -> 0.18146718 | F77: =$F$76 -> 259 | G77: 複数回答
A78: 問6 | B78: 【問5で「一部介助が必要」または「全部介助が必要」と答えた方のみ】あなたを介助してくれる方は主に誰ですか。（あてはまるものすべてに○） | C78: 子ども | D78: 48 | E78: =IF($F78=0,0,D78/$F78) -> 0.18532819 | F78: =$F$76 -> 259 | G78: 複数回答
A79: 問6 | B79: 【問5で「一部介助が必要」または「全部介助が必要」と答えた方のみ】あなたを介助してくれる方は主に誰ですか。（あてはまるものすべてに○） | C79: ホームヘルパーや施設の職員 | D79: 47 | E79: =IF($F79=0,0,D79/$F79) -> 0.18146718 | F79: =$F$76 -> 259 | G79: 複数回答
A80: 問6 | B80: 【問5で「一部介助が必要」または「全部介助が必要」と答えた方のみ】あなたを介助してくれる方は主に誰ですか。（あてはまるものすべてに○） | C80: その他の人（ボランティア等） | D80: 8 | E80: =IF($F80=0,0,D80/$F80) -> 0.030888031 | F80: =$F$76 -> 259 | G80: 複数回答
A81: 問6 | B81: 【問5で「一部介助が必要」または「全部介助が必要」と答えた方のみ】あなたを介助してくれる方は主に誰ですか。（あてはまるものすべてに○） | C81: 無回答 | D81: 109 | E81: =IF($F81=0,0,D81/$F81) -> 0.42084942 | F81: =$F$76 -> 259 | G81: 複数回答
A82: 問7-1 | B82: 【問6で「１」～「３」を選択した方のみ】あなたを介助してくれる家族で、特に中心となっている方の年齢（令和８年8月１日現在） | C82: 39歳以下 | D82: 5 | E82: =IF($F82=0,0,D82/$F82) -> 0.019305019 | F82: 259 | G82: 単一回答
A83: 問7-1 | B83: 【問6で「１」～「３」を選択した方のみ】あなたを介助してくれる家族で、特に中心となっている方の年齢（令和８年8月１日現在） | C83: 40～49歳 | D83: 7 | E83: =IF($F83=0,0,D83/$F83) -> 0.027027027 | F83: =$F$82 -> 259 | G83: 単一回答
A84: 問7-1 | B84: 【問6で「１」～「３」を選択した方のみ】あなたを介助してくれる家族で、特に中心となっている方の年齢（令和８年8月１日現在） | C84: 50～59歳 | D84: 25 | E84: =IF($F84=0,0,D84/$F84) -> 0.096525097 | F84: =$F$82 -> 259 | G84: 単一回答
A85: 問7-1 | B85: 【問6で「１」～「３」を選択した方のみ】あなたを介助してくれる家族で、特に中心となっている方の年齢（令和８年8月１日現在） | C85: 60～69歳 | D85: 32 | E85: =IF($F85=0,0,D85/$F85) -> 0.12355212 | F85: =$F$82 -> 259 | G85: 単一回答
A86: 問7-1 | B86: 【問6で「１」～「３」を選択した方のみ】あなたを介助してくれる家族で、特に中心となっている方の年齢（令和８年8月１日現在） | C86: 70歳以上 | D86: 36 | E86: =IF($F86=0,0,D86/$F86) -> 0.13899614 | F86: =$F$82 -> 259 | G86: 単一回答
A87: 問7-1 | B87: 【問6で「１」～「３」を選択した方のみ】あなたを介助してくれる家族で、特に中心となっている方の年齢（令和８年8月１日現在） | C87: 無回答 | D87: 154 | E87: =IF($F87=0,0,D87/$F87) -> 0.59459459 | F87: =$F$82 -> 259 | G87: 単一回答
A88: 問7-2 | B88: （主に中心となって介助する家族の）性別（○は１つだけ） | C88: 男性 | D88: 34 | E88: =IF($F88=0,0,D88/$F88) -> 0.13127413 | F88: 259 | G88: 単一回答
A89: 問7-2 | B89: （主に中心となって介助する家族の）性別（○は１つだけ） | C89: 女性 | D89: 75 | E89: =IF($F89=0,0,D89/$F89) -> 0.28957529 | F89: =$F$88 -> 259 | G89: 単一回答
A90: 問7-2 | B90: （主に中心となって介助する家族の）性別（○は１つだけ） | C90: 無回答 | D90: 150 | E90: =IF($F90=0,0,D90/$F90) -> 0.57915058 | F90: =$F$88 -> 259 | G90: 単一回答
A91: 問7-3 | B91: （主に中心となって介助する家族の）健康状態（○は１つだけ） | C91: よい | D91: 22 | E91: =IF($F91=0,0,D91/$F91) -> 0.084942085 | F91: 259 | G91: 単一回答
A92: 問7-3 | B92: （主に中心となって介助する家族の）健康状態（○は１つだけ） | C92: ふつう | D92: 71 | E92: =IF($F92=0,0,D92/$F92) -> 0.27413127 | F92: =$F$91 -> 259 | G92: 単一回答
A93: 問7-3 | B93: （主に中心となって介助する家族の）健康状態（○は１つだけ） | C93: よくない | D93: 16 | E93: =IF($F93=0,0,D93/$F93) -> 0.061776062 | F93: =$F$91 -> 259 | G93: 単一回答
A94: 問7-3 | B94: （主に中心となって介助する家族の）健康状態（○は１つだけ） | C94: 無回答 | D94: 150 | E94: =IF($F94=0,0,D94/$F94) -> 0.57915058 | F94: =$F$91 -> 259 | G94: 単一回答
A95: 問8 | B95: あなたは身体障害者手帳をお持ちですか。（○は１つだけ） | C95: １級 | D95: 72 | E95: =IF($F95=0,0,D95/$F95) -> 0.27799228 | F95: 259 | G95: 単一回答
A96: 問8 | B96: あなたは身体障害者手帳をお持ちですか。（○は１つだけ） | C96: ２級 | D96: 34 | E96: =IF($F96=0,0,D96/$F96) -> 0.13127413 | F96: =$F$95 -> 259 | G96: 単一回答
A97: 問8 | B97: あなたは身体障害者手帳をお持ちですか。（○は１つだけ） | C97: ３級 | D97: 28 | E97: =IF($F97=0,0,D97/$F97) -> 0.10810811 | F97: =$F$95 -> 259 | G97: 単一回答
A98: 問8 | B98: あなたは身体障害者手帳をお持ちですか。（○は１つだけ） | C98: ４級 | D98: 33 | E98: =IF($F98=0,0,D98/$F98) -> 0.12741313 | F98: =$F$95 -> 259 | G98: 単一回答
A99: 問8 | B99: あなたは身体障害者手帳をお持ちですか。（○は１つだけ） | C99: ５級 | D99: 16 | E99: =IF($F99=0,0,D99/$F99) -> 0.061776062 | F99: =$F$95 -> 259 | G99: 単一回答
A100: 問8 | B100: あなたは身体障害者手帳をお持ちですか。（○は１つだけ） | C100: ６級 | D100: 10 | E100: =IF($F100=0,0,D100/$F100) -> 0.038610039 | F100: =$F$95 -> 259 | G100: 単一回答
A101: 問8 | B101: あなたは身体障害者手帳をお持ちですか。（○は１つだけ） | C101: 持っていない | D101: 49 | E101: =IF($F101=0,0,D101/$F101) -> 0.18918919 | F101: =$F$95 -> 259 | G101: 単一回答
...

Sheet 集計_障がい児
A1: 障がい児調査（18歳未満） 単純集計（入力データ）
A2: 青字のセル（件数・回答者数）が入力値です。割合は計算式で、各章シートの表・グラフに自動で反映されます。回答者数（n）は無回答を含む人数で、各設問の先頭行に入力し、2行目以降は先頭行を参照しています。「無回答」は各設問の最終行です。
A4: 設問番号 | B4: 設問 | C4: 選択肢 | D4: 件数 | E4: 割合 | F4: 回答者数（n） | G4: 回答形式
A5: 問1 | B5: この調査票にご回答いただく方はどなたですか。（○は１つだけ） | C5: ご本人が自分で記入 | D5: 5 | E5: =IF($F5=0,0,D5/$F5) -> 0.2 | F5: 25 | G5: 単一回答
A6: 問1 | B6: この調査票にご回答いただく方はどなたですか。（○は１つだけ） | C6: ご本人が回答し、家族の方が記入 | D6: 8 | E6: =IF($F6=0,0,D6/$F6) -> 0.32 | F6: =$F$5 -> 25 | G6: 単一回答
A7: 問1 | B7: この調査票にご回答いただく方はどなたですか。（○は１つだけ） | C7: 家族の方が代理で回答・記入 | D7: 4 | E7: =IF($F7=0,0,D7/$F7) -> 0.16 | F7: =$F$5 -> 25 | G7: 単一回答
A8: 問1 | B8: この調査票にご回答いただく方はどなたですか。（○は１つだけ） | C8: ご本人が回答し、施設職員が記入 | D8: 1 | E8: =IF($F8=0,0,D8/$F8) -> 0.04 | F8: =$F$5 -> 25 | G8: 単一回答
A9: 問1 | B9: この調査票にご回答いただく方はどなたですか。（○は１つだけ） | C9: 施設職員が代理で回答・記入 | D9: 5 | E9: =IF($F9=0,0,D9/$F9) -> 0.2 | F9: =$F$5 -> 25 | G9: 単一回答
A10: 問1 | B10: この調査票にご回答いただく方はどなたですか。（○は１つだけ） | C10: その他 | D10: 1 | E10: =IF($F10=0,0,D10/$F10) -> 0.04 | F10: =$F$5 -> 25 | G10: 単一回答
A11: 問1 | B11: この調査票にご回答いただく方はどなたですか。（○は１つだけ） | C11: 無回答 | D11: 1 | E11: =IF($F11=0,0,D11/$F11) -> 0.04 | F11: =$F$5 -> 25 | G11: 単一回答
A12: 問2 | B12: あなた（対象者）の性別をお答えください。（○は１つだけ） | C12: 男性 | D12: 13 | E12: =IF($F12=0,0,D12/$F12) -> 0.52 | F12: 25 | G12: 単一回答
A13: 問2 | B13: あなた（対象者）の性別をお答えください。（○は１つだけ） | C13: 女性 | D13: 10 | E13: =IF($F13=0,0,D13/$F13) -> 0.4 | F13: =$F$12 -> 25 | G13: 単一回答
A14: 問2 | B14: あなた（対象者）の性別をお答えください。（○は１つだけ） | C14: わからない | D14: 0 | E14: =IF($F14=0,0,D14/$F14) -> 0 | F14: =$F$12 -> 25 | G14: 単一回答
A15: 問2 | B15: あなた（対象者）の性別をお答えください。（○は１つだけ） | C15: 答えたくない | D15: 1 | E15: =IF($F15=0,0,D15/$F15) -> 0.04 | F15: =$F$12 -> 25 | G15: 単一回答
A16: 問2 | B16: あなた（対象者）の性別をお答えください。（○は１つだけ） | C16: 無回答 | D16: 1 | E16: =IF($F16=0,0,D16/$F16) -> 0.04 | F16: =$F$12 -> 25 | G16: 単一回答
A17: 問3 | B17: 令和８年8月１日現在のあなた（対象者）の年齢をお答えください。 | C17: 0～5歳 | D17: 3 | E17: =IF($F17=0,0,D17/$F17) -> 0.12 | F17: 25 | G17: 単一回答
A18: 問3 | B18: 令和８年8月１日現在のあなた（対象者）の年齢をお答えください。 | C18: 6～11歳 | D18: 6 | E18: =IF($F18=0,0,D18/$F18) -> 0.24 | F18: =$F$17 -> 25 | G18: 単一回答
A19: 問3 | B19: 令和８年8月１日現在のあなた（対象者）の年齢をお答えください。 | C19: 12～14歳 | D19: 5 | E19: =IF($F19=0,0,D19/$F19) -> 0.2 | F19: =$F$17 -> 25 | G19: 単一回答
A20: 問3 | B20: 令和８年8月１日現在のあなた（対象者）の年齢をお答えください。 | C20: 15～17歳 | D20: 4 | E20: =IF($F20=0,0,D20/$F20) -> 0.16 | F20: =$F$17 -> 25 | G20: 単一回答
A21: 問3 | B21: 令和８年8月１日現在のあなた（対象者）の年齢をお答えください。 | C21: 18歳以上 | D21: 5 | E21: =IF($F21=0,0,D21/$F21) -> 0.2 | F21: =$F$17 -> 25 | G21: 単一回答
A22: 問3 | B22: 令和８年8月１日現在のあなた（対象者）の年齢をお答えください。 | C22: 無回答 | D22: 2 | E22: =IF($F22=0,0,D22/$F22) -> 0.08 | F22: =$F$17 -> 25 | G22: 単一回答
A23: 問4-1 | B23: あなたが現在暮らしている場所はどこですか。（○は１つだけ） | C23: 家族と暮らしている | D23: 25 | E23: =IF($F23=0,0,D23/$F23) -> 1 | F23: 25 | G23: 単一回答
A24: 問4-1 | B24: あなたが現在暮らしている場所はどこですか。（○は１つだけ） | C24: 支援学校の寄宿舎で暮らしている | D24: 0 | E24: =IF($F24=0,0,D24/$F24) -> 0 | F24: =$F$23 -> 25 | G24: 単一回答
A25: 問4-1 | B25: あなたが現在暮らしている場所はどこですか。（○は１つだけ） | C25: 施設（障がい児入所施設）で暮らしている | D25: 0 | E25: =IF($F25=0,0,D25/$F25) -> 0 | F25: =$F$23 -> 25 | G25: 単一回答
A26: 問4-1 | B26: あなたが現在暮らしている場所はどこですか。（○は１つだけ） | C26: 病院に入院している | D26: 0 | E26: =IF($F26=0,0,D26/$F26) -> 0 | F26: =$F$23 -> 25 | G26: 単一回答
A27: 問4-1 | B27: あなたが現在暮らしている場所はどこですか。（○は１つだけ） | C27: その他 | D27: 0 | E27: =IF($F27=0,0,D27/$F27) -> 0 | F27: =$F$23 -> 25 | G27: 単一回答
A28: 問4-1 | B28: あなたが現在暮らしている場所はどこですか。（○は１つだけ） | C28: 無回答 | D28: 0 | E28: =IF($F28=0,0,D28/$F28) -> 0 | F28: =$F$23 -> 25 | G28: 単一回答
A29: 問4-2 | B29: 同居しているご家族をお答えください。（あてはまるものすべてに○） | C29: 父母 | D29: 25 | E29: =IF($F29=0,0,D29/$F29) -> 1 | F29: 25 | G29: 複数回答
A30: 問4-2 | B30: 同居しているご家族をお答えください。（あてはまるものすべてに○） | C30: 祖父母 | D30: 11 | E30: =IF($F30=0,0,D30/$F30) -> 0.44 | F30: =$F$29 -> 25 | G30: 複数回答
A31: 問4-2 | B31: 同居しているご家族をお答えください。（あてはまるものすべてに○） | C31: 兄弟姉妹 | D31: 20 | E31: =IF($F31=0,0,D31/$F31) -> 0.8 | F31: =$F$29 -> 25 | G31: 複数回答
A32: 問4-2 | B32: 同居しているご家族をお答えください。（あてはまるものすべてに○） | C32: その他 | D32: 0 | E32: =IF($F32=0,0,D32/$F32) -> 0 | F32: =$F$29 -> 25 | G32: 複数回答
A33: 問4-2 | B33: 同居しているご家族をお答えください。（あてはまるものすべてに○） | C33: 無回答 | D33: 0 | E33: =IF($F33=0,0,D33/$F33) -> 0 | F33: =$F$29 -> 25 | G33: 複数回答
A34: 問5 | B34: 食事 | C34: ひとりでできる | D34: 24 | E34: =IF($F34=0,0,D34/$F34) -> 0.96 | F34: 25 | G34: 単一回答（項目別）
A35: 問5 | B35: 食事 | C35: 一部介助が必要 | D35: 1 | E35: =IF($F35=0,0,D35/$F35) -> 0.04 | F35: =$F$34 -> 25 | G35: 単一回答（項目別）
A36: 問5 | B36: 食事 | C36: 全部介助が必要 | D36: 0 | E36: =IF($F36=0,0,D36/$F36) -> 0 | F36: =$F$34 -> 25 | G36: 単一回答（項目別）
A37: 問5 | B37: 食事 | C37: 無回答 | D37: 0 | E37: =IF($F37=0,0,D37/$F37) -> 0 | F37: =$F$34 -> 25 | G37: 単一回答（項目別）
A38: 問5 | B38: トイレ | C38: ひとりでできる | D38: 24 | E38: =IF($F38=0,0,D38/$F38) -> 0.96 | F38: 25 | G38: 単一回答（項目別）
A39: 問5 | B39: トイレ | C39: 一部介助が必要 | D39: 0 | E39: =IF($F39=0,0,D39/$F39) -> 0 | F39: =$F$38 -> 25 | G39: 単一回答（項目別）
A40: 問5 | B40: トイレ | C40: 全部介助が必要 | D40: 1 | E40: =IF($F40=0,0,D40/$F40) -> 0.04 | F40: =$F$38 -> 25 | G40: 単一回答（項目別）
A41: 問5 | B41: トイレ | C41: 無回答 | D41: 0 | E41: =IF($F41=0,0,D41/$F41) -> 0 | F41: =$F$38 -> 25 | G41: 単一回答（項目別）
A42: 問5 | B42: 入浴 | C42: ひとりでできる | D42: 20 | E42: =IF($F42=0,0,D42/$F42) -> 0.8 | F42: 25 | G42: 単一回答（項目別）
A43: 問5 | B43: 入浴 | C43: 一部介助が必要 | D43: 2 | E43: =IF($F43=0,0,D43/$F43) -> 0.08 | F43: =$F$42 -> 25 | G43: 単一回答（項目別）
A44: 問5 | B44: 入浴 | C44: 全部介助が必要 | D44: 3 | E44: =IF($F44=0,0,D44/$F44) -> 0.12 | F44: =$F$42 -> 25 | G44: 単一回答（項目別）
A45: 問5 | B45: 入浴 | C45: 無回答 | D45: 0 | E45: =IF($F45=0,0,D45/$F45) -> 0 | F45: =$F$42 -> 25 | G45: 単一回答（項目別）
A46: 問5 | B46: 衣服の着脱 | C46: ひとりでできる | D46: 24 | E46: =IF($F46=0,0,D46/$F46) -> 0.96 | F46: 25 | G46: 単一回答（項目別）
A47: 問5 | B47: 衣服の着脱 | C47: 一部介助が必要 | D47: 1 | E47: =IF($F47=0,0,D47/$F47) -> 0.04 | F47: =$F$46 -> 25 | G47: 単一回答（項目別）
A48: 問5 | B48: 衣服の着脱 | C48: 全部介助が必要 | D48: 0 | E48: =IF($F48=0,0,D48/$F48) -> 0 | F48: =$F$46 -> 25 | G48: 単一回答（項目別）
A49: 問5 | B49: 衣服の着脱 | C49: 無回答 | D49: 0 | E49: =IF($F49=0,0,D49/$F49) -> 0 | F49: =$F$46 -> 25 | G49: 単一回答（項目別）
A50: 問5 | B50: 身だしなみ | C50: ひとりでできる | D50: 17 | E50: =IF($F50=0,0,D50/$F50) -> 0.68 | F50: 25 | G50: 単一回答（項目別）
A51: 問5 | B51: 身だしなみ | C51: 一部介助が必要 | D51: 8 | E51: =IF($F51=0,0,D51/$F51) -> 0.32 | F51: =$F$50 -> 25 | G51: 単一回答（項目別）
A52: 問5 | B52: 身だしなみ | C52: 全部介助が必要 | D52: 0 | E52: =IF($F52=0,0,D52/$F52) -> 0 | F52: =$F$50 -> 25 | G52: 単一回答（項目別）
A53: 問5 | B53: 身だしなみ | C53: 無回答 | D53: 0 | E53: =IF($F53=0,0,D53/$F53) -> 0 | F53: =$F$50 -> 25 | G53: 単一回答（項目別）
A54: 問5 | B54: 家の中の移動 | C54: ひとりでできる | D54: 24 | E54: =IF($F54=0,0,D54/$F54) -> 0.96 | F54: 25 | G54: 単一回答（項目別）
A55: 問5 | B55: 家の中の移動 | C55: 一部介助が必要 | D55: 1 | E55: =IF($F55=0,0,D55/$F55) -> 0.04 | F55: =$F$54 -> 25 | G55: 単一回答（項目別）
A56: 問5 | B56: 家の中の移動 | C56: 全部介助が必要 | D56: 0 | E56: =IF($F56=0,0,D56/$F56) -> 0 | F56: =$F$54 -> 25 | G56: 単一回答（項目別）
A57: 問5 | B57: 家の中の移動 | C57: 無回答 | D57: 0 | E57: =IF($F57=0,0,D57/$F57) -> 0 | F57: =$F$54 -> 25 | G57: 単一回答（項目別）
A58: 問5 | B58: 外出 | C58: ひとりでできる | D58: 13 | E58: =IF($F58=0,0,D58/$F58) -> 0.52 | F58: 25 | G58: 単一回答（項目別）
A59: 問5 | B59: 外出 | C59: 一部介助が必要 | D59: 11 | E59: =IF($F59=0,0,D59/$F59) -> 0.44 | F59: =$F$58 -> 25 | G59: 単一回答（項目別）
A60: 問5 | B60: 外出 | C60: 全部介助が必要 | D60: 1 | E60: =IF($F60=0,0,D60/$F60) -> 0.04 | F60: =$F$58 -> 25 | G60: 単一回答（項目別）
A61: 問5 | B61: 外出 | C61: 無回答 | D61: 0 | E61: =IF($F61=0,0,D61/$F61) -> 0 | F61: =$F$58 -> 25 | G61: 単一回答（項目別）
A62: 問5 | B62: 意思疎通 | C62: ひとりでできる | D62: 15 | E62: =IF($F62=0,0,D62/$F62) -> 0.6 | F62: 25 | G62: 単一回答（項目別）
A63: 問5 | B63: 意思疎通 | C63: 一部介助が必要 | D63: 10 | E63: =IF($F63=0,0,D63/$F63) -> 0.4 | F63: =$F$62 -> 25 | G63: 単一回答（項目別）
A64: 問5 | B64: 意思疎通 | C64: 全部介助が必要 | D64: 0 | E64: =IF($F64=0,0,D64/$F64) -> 0 | F64: =$F$62 -> 25 | G64: 単一回答（項目別）
A65: 問5 | B65: 意思疎通 | C65: 無回答 | D65: 0 | E65: =IF($F65=0,0,D65/$F65) -> 0 | F65: =$F$62 -> 25 | G65: 単一回答（項目別）
A66: 問5 | B66: お金の管理 | C66: ひとりでできる | D66: 7 | E66: =IF($F66=0,0,D66/$F66) -> 0.28 | F66: 25 | G66: 単一回答（項目別）
A67: 問5 | B67: お金の管理 | C67: 一部介助が必要 | D67: 13 | E67: =IF($F67=0,0,D67/$F67) -> 0.52 | F67: =$F$66 -> 25 | G67: 単一回答（項目別）
A68: 問5 | B68: お金の管理 | C68: 全部介助が必要 | D68: 5 | E68: =IF($F68=0,0,D68/$F68) -> 0.2 | F68: =$F$66 -> 25 | G68: 単一回答（項目別）
A69: 問5 | B69: お金の管理 | C69: 無回答 | D69: 0 | E69: =IF($F69=0,0,D69/$F69) -> 0 | F69: =$F$66 -> 25 | G69: 単一回答（項目別）
A70: 問5 | B70: 薬の管理 | C70: ひとりでできる | D70: 7 | E70: =IF($F70=0,0,D70/$F70) -> 0.28 | F70: 25 | G70: 単一回答（項目別）
A71: 問5 | B71: 薬の管理 | C71: 一部介助が必要 | D71: 14 | E71: =IF($F71=0,0,D71/$F71) -> 0.56 | F71: =$F$70 -> 25 | G71: 単一回答（項目別）
A72: 問5 | B72: 薬の管理 | C72: 全部介助が必要 | D72: 4 | E72: =IF($F72=0,0,D72/$F72) -> 0.16 | F72: =$F$70 -> 25 | G72: 単一回答（項目別）
A73: 問5 | B73: 薬の管理 | C73: 無回答 | D73: 0 | E73: =IF($F73=0,0,D73/$F73) -> 0 | F73: =$F$70 -> 25 | G73: 単一回答（項目別）
A74: 問6 | B74: 【問5で「一部介助が必要」または「全部介助が必要」と答えた方のみ】あなたを介助してくれる方は主に誰ですか。（あてはまるものすべてに○） | C74: 父母・祖父母・兄弟姉妹 | D74: 23 | E74: =IF($F74=0,0,D74/$F74) -> 0.92 | F74: 25 | G74: 複数回答
A75: 問6 | B75: 【問5で「一部介助が必要」または「全部介助が必要」と答えた方のみ】あなたを介助してくれる方は主に誰ですか。（あてはまるものすべてに○） | C75: ホームヘルパーや施設の職員 | D75: 0 | E75: =IF($F75=0,0,D75/$F75) -> 0 | F75: =$F$74 -> 25 | G75: 複数回答
A76: 問6 | B76: 【問5で「一部介助が必要」または「全部介助が必要」と答えた方のみ】あなたを介助してくれる方は主に誰ですか。（あてはまるものすべてに○） | C76: その他の人（ボランティア等） | D76: 0 | E76: =IF($F76=0,0,D76/$F76) -> 0 | F76: =$F$74 -> 25 | G76: 複数回答
A77: 問6 | B77: 【問5で「一部介助が必要」または「全部介助が必要」と答えた方のみ】あなたを介助してくれる方は主に誰ですか。（あてはまるものすべてに○） | C77: 無回答 | D77: 2 | E77: =IF($F77=0,0,D77/$F77) -> 0.08 | F77: =$F$74 -> 25 | G77: 複数回答
A78: 問7-1 | B78: 【問6で「１」を選択した方のみ】あなたを介助してくれる家族で、特に中心となっている方の年齢（令和８年８月１日現在） | C78: 29歳以下 | D78: 0 | E78: =IF($F78=0,0,D78/$F78) -> 0 | F78: 25 | G78: 単一回答
A79: 問7-1 | B79: 【問6で「１」を選択した方のみ】あなたを介助してくれる家族で、特に中心となっている方の年齢（令和８年８月１日現在） | C79: 30～39歳 | D79: 5 | E79: =IF($F79=0,0,D79/$F79) -> 0.2 | F79: =$F$78 -> 25 | G79: 単一回答
A80: 問7-1 | B80: 【問6で「１」を選択した方のみ】あなたを介助してくれる家族で、特に中心となっている方の年齢（令和８年８月１日現在） | C80: 40～49歳 | D80: 5 | E80: =IF($F80=0,0,D80/$F80) -> 0.2 | F80: =$F$78 -> 25 | G80: 単一回答
A81: 問7-1 | B81: 【問6で「１」を選択した方のみ】あなたを介助してくれる家族で、特に中心となっている方の年齢（令和８年８月１日現在） | C81: 50～59歳 | D81: 5 | E81: =IF($F81=0,0,D81/$F81) -> 0.2 | F81: =$F$78 -> 25 | G81: 単一回答
A82: 問7-1 | B82: 【問6で「１」を選択した方のみ】あなたを介助してくれる家族で、特に中心となっている方の年齢（令和８年８月１日現在） | C82: 60歳以上 | D82: 0 | E82: =IF($F82=0,0,D82/$F82) -> 0 | F82: =$F$78 -> 25 | G82: 単一回答
A83: 問7-1 | B83: 【問6で「１」を選択した方のみ】あなたを介助してくれる家族で、特に中心となっている方の年齢（令和８年８月１日現在） | C83: 無回答 | D83: 10 | E83: =IF($F83=0,0,D83/$F83) -> 0.4 | F83: =$F$78 -> 25 | G83: 単一回答
A84: 問7-2 | B84: （主に中心となって介助する家族の）性別（○は１つだけ） | C84: 男性 | D84: 1 | E84: =IF($F84=0,0,D84/$F84) -> 0.04 | F84: 25 | G84: 単一回答
A85: 問7-2 | B85: （主に中心となって介助する家族の）性別（○は１つだけ） | C85: 女性 | D85: 22 | E85: =IF($F85=0,0,D85/$F85) -> 0.88 | F85: =$F$84 -> 25 | G85: 単一回答
A86: 問7-2 | B86: （主に中心となって介助する家族の）性別（○は１つだけ） | C86: 無回答 | D86: 2 | E86: =IF($F86=0,0,D86/$F86) -> 0.08 | F86: =$F$84 -> 25 | G86: 単一回答
A87: 問7-3 | B87: （主に中心となって介助する家族の）健康状態（○は１つだけ） | C87: よい | D87: 7 | E87: =IF($F87=0,0,D87/$F87) -> 0.28 | F87: 25 | G87: 単一回答
A88: 問7-3 | B88: （主に中心となって介助する家族の）健康状態（○は１つだけ） | C88: ふつう | D88: 16 | E88: =IF($F88=0,0,D88/$F88) -> 0.64 | F88: =$F$87 -> 25 | G88: 単一回答
A89: 問7-3 | B89: （主に中心となって介助する家族の）健康状態（○は１つだけ） | C89: よくない | D89: 0 | E89: =IF($F89=0,0,D89/$F89) -> 0 | F89: =$F$87 -> 25 | G89: 単一回答
A90: 問7-3 | B90: （主に中心となって介助する家族の）健康状態（○は１つだけ） | C90: 無回答 | D90: 2 | E90: =IF($F90=0,0,D90/$F90) -> 0.08 | F90: =$F$87 -> 25 | G90: 単一回答
A91: 問8 | B91: あなたは身体障害者手帳をお持ちですか。（○は１つだけ） | C91: １級 | D91: 0 | E91: =IF($F91=0,0,D91/$F91) -> 0 | F91: 25 | G91: 単一回答
A92: 問8 | B92: あなたは身体障害者手帳をお持ちですか。（○は１つだけ） | C92: ２級 | D92: 0 | E92: =IF($F92=0,0,D92/$F92) -> 0 | F92: =$F$91 -> 25 | G92: 単一回答
A93: 問8 | B93: あなたは身体障害者手帳をお持ちですか。（○は１つだけ） | C93: ３級 | D93: 0 | E93: =IF($F93=0,0,D93/$F93) -> 0 | F93: =$F$91 -> 25 | G93: 単一回答
A94: 問8 | B94: あなたは身体障害者手帳をお持ちですか。（○は１つだけ） | C94: ４級 | D94: 0 | E94: =IF($F94=0,0,D94/$F94) -> 0 | F94: =$F$91 -> 25 | G94: 単一回答
A95: 問8 | B95: あなたは身体障害者手帳をお持ちですか。（○は１つだけ） | C95: ５級 | D95: 0 | E95: =IF($F95=0,0,D95/$F95) -> 0 | F95: =$F$91 -> 25 | G95: 単一回答
A96: 問8 | B96: あなたは身体障害者手帳をお持ちですか。（○は１つだけ） | C96: ６級 | D96: 0 | E96: =IF($F96=0,0,D96/$F96) -> 0 | F96: =$F$91 -> 25 | G96: 単一回答
A97: 問8 | B97: あなたは身体障害者手帳をお持ちですか。（○は１つだけ） | C97: 持っていない | D97: 25 | E97: =IF($F97=0,0,D97/$F97) -> 1 | F97: =$F$91 -> 25 | G97: 単一回答
A98: 問8 | B98: あなたは身体障害者手帳をお持ちですか。（○は１つだけ） | C98: 無回答 | D98: 0 | E98: =IF($F98=0,0,D98/$F98) -> 0 | F98: =$F$91 -> 25 | G98: 単一回答
A99: 問9 | B99: 身体障害者手帳をお持ちの場合、主な障がいをお答えください。（○は１つだけ） | C99: 視覚障がい | D99: 0 | E99: =IF($F99=0,0,D99/$F99) -> 0 | F99: 25 | G99: 単一回答
A100: 問9 | B100: 身体障害者手帳をお持ちの場合、主な障がいをお答えください。（○は１つだけ） | C100: 聴覚・平衡機能障がい | D100: 0 | E100: =IF($F100=0,0,D100/$F100) -> 0 | F100: =$F$99 -> 25 | G100: 単一回答
A101: 問9 | B101: 身体障害者手帳をお持ちの場合、主な障がいをお答えください。（○は１つだけ） | C101: 音声・言語・そしゃく機能障がい | D101: 0 | E101: =IF($F101=0,0,D101/$F101) -> 0 | F101: =$F$99 -> 25 | G101: 単一回答
...

Sheet 集計_障がい別
A1: 障がい者調査 障がい別集計（入力データ）
A2: 障がい別は、所持している手帳により区分しています（身体障害者手帳（問8で１～６級）＝身体障がい、療育手帳（問10でＡ判定・Ｂ判定）＝知的障がい、精神障害者保健福祉手帳（問11で１～３級）＝精神障がい）。複数の手帳を所持している方は各区分に計上。青字が入力値（件数・回答者数）、割合は各区分の回答者数を基数とする計算式です。
A4: 設問番号 | B4: 設問・項目 | C4: 選択肢 | D4: 身体障がい （件数） | E4: 知的障がい （件数） | F4: 精神障がい （件数） | G4: 身体障がい （割合） | H4: 知的障がい （割合） | I4: 精神障がい （割合）
C5: 回答者数（n） | D5: 193 | E5: 33 | F5: 44
A6: 問1 | B6: この調査票にご回答いただく方はどなたですか。（○は１つだけ） | C6: ご本人が自分で記入 | D6: 109 | E6: 10 | F6: 29 | G6: =IF(D$5=0,0,D6/D$5) -> 0.56476684 | H6: =IF(E$5=0,0,E6/E$5) -> 0.3030303 | I6: =IF(F$5=0,0,F6/F$5) -> 0.65909091
A7: 問1 | C7: ご本人が回答し、家族の方が記入 | D7: 27 | E7: 5 | F7: 5 | G7: =IF(D$5=0,0,D7/D$5) -> 0.13989637 | H7: =IF(E$5=0,0,E7/E$5) -> 0.15151515 | I7: =IF(F$5=0,0,F7/F$5) -> 0.11363636
A8: 問1 | C8: 家族の方が代理で回答・記入 | D8: 39 | E8: 5 | F8: 3 | G8: =IF(D$5=0,0,D8/D$5) -> 0.20207254 | H8: =IF(E$5=0,0,E8/E$5) -> 0.15151515 | I8: =IF(F$5=0,0,F8/F$5) -> 0.068181818
A9: 問1 | C9: ご本人が回答し、施設職員が記入 | D9: 8 | E9: 3 | F9: 2 | G9: =IF(D$5=0,0,D9/D$5) -> 0.041450777 | H9: =IF(E$5=0,0,E9/E$5) -> 0.090909091 | I9: =IF(F$5=0,0,F9/F$5) -> 0.045454545
A10: 問1 | C10: 施設職員が代理で回答・記入 | D10: 3 | E10: 5 | F10: 2 | G10: =IF(D$5=0,0,D10/D$5) -> 0.015544041 | H10: =IF(E$5=0,0,E10/E$5) -> 0.15151515 | I10: =IF(F$5=0,0,F10/F$5) -> 0.045454545
A11: 問1 | C11: その他 | D11: 2 | E11: 2 | F11: 1 | G11: =IF(D$5=0,0,D11/D$5) -> 0.010362694 | H11: =IF(E$5=0,0,E11/E$5) -> 0.060606061 | I11: =IF(F$5=0,0,F11/F$5) -> 0.022727273
A12: 問1 | C12: 無回答 | D12: 5 | E12: 3 | F12: 2 | G12: =IF(D$5=0,0,D12/D$5) -> 0.025906736 | H12: =IF(E$5=0,0,E12/E$5) -> 0.090909091 | I12: =IF(F$5=0,0,F12/F$5) -> 0.045454545
A13: 問2 | B13: あなた（対象者）の性別をお答えください。（○は１つだけ） | C13: 男性 | D13: 110 | E13: 20 | F13: 24 | G13: =IF(D$5=0,0,D13/D$5) -> 0.56994819 | H13: =IF(E$5=0,0,E13/E$5) -> 0.60606061 | I13: =IF(F$5=0,0,F13/F$5) -> 0.54545455
A14: 問2 | C14: 女性 | D14: 78 | E14: 12 | F14: 18 | G14: =IF(D$5=0,0,D14/D$5) -> 0.40414508 | H14: =IF(E$5=0,0,E14/E$5) -> 0.36363636 | I14: =IF(F$5=0,0,F14/F$5) -> 0.40909091
A15: 問2 | C15: わからない | D15: 0 | E15: 0 | F15: 0 | G15: =IF(D$5=0,0,D15/D$5) -> 0 | H15: =IF(E$5=0,0,E15/E$5) -> 0 | I15: =IF(F$5=0,0,F15/F$5) -> 0
A16: 問2 | C16: 答えたくない | D16: 0 | E16: 0 | F16: 0 | G16: =IF(D$5=0,0,D16/D$5) -> 0 | H16: =IF(E$5=0,0,E16/E$5) -> 0 | I16: =IF(F$5=0,0,F16/F$5) -> 0
A17: 問2 | C17: 無回答 | D17: 5 | E17: 1 | F17: 2 | G17: =IF(D$5=0,0,D17/D$5) -> 0.025906736 | H17: =IF(E$5=0,0,E17/E$5) -> 0.03030303 | I17: =IF(F$5=0,0,F17/F$5) -> 0.045454545
A18: 問3 | B18: 令和８年8月１日現在のあなた（対象者）の年齢をお答えください。 | C18: 18～29歳 | D18: 1 | E18: 7 | F18: 6 | G18: =IF(D$5=0,0,D18/D$5) -> 0.0051813472 | H18: =IF(E$5=0,0,E18/E$5) -> 0.21212121 | I18: =IF(F$5=0,0,F18/F$5) -> 0.13636364
A19: 問3 | C19: 30～39歳 | D19: 3 | E19: 4 | F19: 6 | G19: =IF(D$5=0,0,D19/D$5) -> 0.015544041 | H19: =IF(E$5=0,0,E19/E$5) -> 0.12121212 | I19: =IF(F$5=0,0,F19/F$5) -> 0.13636364
A20: 問3 | C20: 40～49歳 | D20: 5 | E20: 2 | F20: 9 | G20: =IF(D$5=0,0,D20/D$5) -> 0.025906736 | H20: =IF(E$5=0,0,E20/E$5) -> 0.060606061 | I20: =IF(F$5=0,0,F20/F$5) -> 0.20454545
A21: 問3 | C21: 50～64歳 | D21: 18 | E21: 10 | F21: 10 | G21: =IF(D$5=0,0,D21/D$5) -> 0.093264249 | H21: =IF(E$5=0,0,E21/E$5) -> 0.3030303 | I21: =IF(F$5=0,0,F21/F$5) -> 0.22727273
A22: 問3 | C22: 65歳以上 | D22: 159 | E22: 9 | F22: 11 | G22: =IF(D$5=0,0,D22/D$5) -> 0.8238342 | H22: =IF(E$5=0,0,E22/E$5) -> 0.27272727 | I22: =IF(F$5=0,0,F22/F$5) -> 0.25
A23: 問3 | C23: 無回答 | D23: 7 | E23: 1 | F23: 2 | G23: =IF(D$5=0,0,D23/D$5) -> 0.03626943 | H23: =IF(E$5=0,0,E23/E$5) -> 0.03030303 | I23: =IF(F$5=0,0,F23/F$5) -> 0.045454545
A24: 問4-1 | B24: あなたが現在暮らしている場所はどこですか。（○は１つだけ） | C24: 自宅（アパート・町営住宅等も含む）でひとり暮らし | D24: 35 | E24: 4 | F24: 8 | G24: =IF(D$5=0,0,D24/D$5) -> 0.18134715 | H24: =IF(E$5=0,0,E24/E$5) -> 0.12121212 | I24: =IF(F$5=0,0,F24/F$5) -> 0.18181818
A25: 問4-1 | C25: 自宅（アパート・町営住宅等も含む）で家族等と一緒に住んでいる | D25: 123 | E25: 17 | F25: 27 | G25: =IF(D$5=0,0,D25/D$5) -> 0.6373057 | H25: =IF(E$5=0,0,E25/E$5) -> 0.51515152 | I25: =IF(F$5=0,0,F25/F$5) -> 0.61363636
A26: 問4-1 | C26: グループホームで暮らしている | D26: 7 | E26: 3 | F26: 2 | G26: =IF(D$5=0,0,D26/D$5) -> 0.03626943 | H26: =IF(E$5=0,0,E26/E$5) -> 0.090909091 | I26: =IF(F$5=0,0,F26/F$5) -> 0.045454545
A27: 問4-1 | C27: 福祉施設（障がい者支援施設、高齢者支援施設）で暮らしている | D27: 16 | E27: 8 | F27: 5 | G27: =IF(D$5=0,0,D27/D$5) -> 0.082901554 | H27: =IF(E$5=0,0,E27/E$5) -> 0.24242424 | I27: =IF(F$5=0,0,F27/F$5) -> 0.11363636
A28: 問4-1 | C28: 病院に入院している | D28: 5 | E28: 0 | F28: 0 | G28: =IF(D$5=0,0,D28/D$5) -> 0.025906736 | H28: =IF(E$5=0,0,E28/E$5) -> 0 | I28: =IF(F$5=0,0,F28/F$5) -> 0
A29: 問4-1 | C29: その他 | D29: 1 | E29: 0 | F29: 0 | G29: =IF(D$5=0,0,D29/D$5) -> 0.0051813472 | H29: =IF(E$5=0,0,E29/E$5) -> 0 | I29: =IF(F$5=0,0,F29/F$5) -> 0
A30: 問4-1 | C30: 無回答 | D30: 6 | E30: 1 | F30: 2 | G30: =IF(D$5=0,0,D30/D$5) -> 0.031088083 | H30: =IF(E$5=0,0,E30/E$5) -> 0.03030303 | I30: =IF(F$5=0,0,F30/F$5) -> 0.045454545
A31: 問4-2 | B31: 同居しているご家族をお答えください。（あてはまるものすべてに○） | C31: 父母 | D31: 16 | E31: 12 | F31: 22 | G31: =IF(D$5=0,0,D31/D$5) -> 0.082901554 | H31: =IF(E$5=0,0,E31/E$5) -> 0.36363636 | I31: =IF(F$5=0,0,F31/F$5) -> 0.5
A32: 問4-2 | C32: 祖父母 | D32: 3 | E32: 4 | F32: 2 | G32: =IF(D$5=0,0,D32/D$5) -> 0.015544041 | H32: =IF(E$5=0,0,E32/E$5) -> 0.12121212 | I32: =IF(F$5=0,0,F32/F$5) -> 0.045454545
A33: 問4-2 | C33: 兄弟姉妹 | D33: 8 | E33: 6 | F33: 13 | G33: =IF(D$5=0,0,D33/D$5) -> 0.041450777 | H33: =IF(E$5=0,0,E33/E$5) -> 0.18181818 | I33: =IF(F$5=0,0,F33/F$5) -> 0.29545455
A34: 問4-2 | C34: 配偶者 | D34: 82 | E34: 2 | F34: 5 | G34: =IF(D$5=0,0,D34/D$5) -> 0.42487047 | H34: =IF(E$5=0,0,E34/E$5) -> 0.060606061 | I34: =IF(F$5=0,0,F34/F$5) -> 0.11363636
A35: 問4-2 | C35: その他 | D35: 52 | E35: 4 | F35: 4 | G35: =IF(D$5=0,0,D35/D$5) -> 0.26943005 | H35: =IF(E$5=0,0,E35/E$5) -> 0.12121212 | I35: =IF(F$5=0,0,F35/F$5) -> 0.090909091
A36: 問4-2 | C36: 無回答 | D36: 70 | E36: 16 | F36: 17 | G36: =IF(D$5=0,0,D36/D$5) -> 0.3626943 | H36: =IF(E$5=0,0,E36/E$5) -> 0.48484848 | I36: =IF(F$5=0,0,F36/F$5) -> 0.38636364
A37: 問5 | B37: 食事 | C37: ひとりでできる | D37: 158 | E37: 28 | F37: 36 | G37: =IF(D$5=0,0,D37/D$5) -> 0.81865285 | H37: =IF(E$5=0,0,E37/E$5) -> 0.84848485 | I37: =IF(F$5=0,0,F37/F$5) -> 0.81818182
A38: 問5 | C38: 一部介助が必要 | D38: 17 | E38: 1 | F38: 4 | G38: =IF(D$5=0,0,D38/D$5) -> 0.088082902 | H38: =IF(E$5=0,0,E38/E$5) -> 0.03030303 | I38: =IF(F$5=0,0,F38/F$5) -> 0.090909091
A39: 問5 | C39: 全部介助が必要 | D39: 9 | E39: 2 | F39: 1 | G39: =IF(D$5=0,0,D39/D$5) -> 0.046632124 | H39: =IF(E$5=0,0,E39/E$5) -> 0.060606061 | I39: =IF(F$5=0,0,F39/F$5) -> 0.022727273
A40: 問5 | C40: 無回答 | D40: 9 | E40: 2 | F40: 3 | G40: =IF(D$5=0,0,D40/D$5) -> 0.046632124 | H40: =IF(E$5=0,0,E40/E$5) -> 0.060606061 | I40: =IF(F$5=0,0,F40/F$5) -> 0.068181818
A41: 問5 | B41: トイレ | C41: ひとりでできる | D41: 153 | E41: 26 | F41: 39 | G41: =IF(D$5=0,0,D41/D$5) -> 0.79274611 | H41: =IF(E$5=0,0,E41/E$5) -> 0.78787879 | I41: =IF(F$5=0,0,F41/F$5) -> 0.88636364
A42: 問5 | C42: 一部介助が必要 | D42: 19 | E42: 1 | F42: 0 | G42: =IF(D$5=0,0,D42/D$5) -> 0.098445596 | H42: =IF(E$5=0,0,E42/E$5) -> 0.03030303 | I42: =IF(F$5=0,0,F42/F$5) -> 0
A43: 問5 | C43: 全部介助が必要 | D43: 13 | E43: 4 | F43: 2 | G43: =IF(D$5=0,0,D43/D$5) -> 0.067357513 | H43: =IF(E$5=0,0,E43/E$5) -> 0.12121212 | I43: =IF(F$5=0,0,F43/F$5) -> 0.045454545
A44: 問5 | C44: 無回答 | D44: 8 | E44: 2 | F44: 3 | G44: =IF(D$5=0,0,D44/D$5) -> 0.041450777 | H44: =IF(E$5=0,0,E44/E$5) -> 0.060606061 | I44: =IF(F$5=0,0,F44/F$5) -> 0.068181818
A45: 問5 | B45: 入浴 | C45: ひとりでできる | D45: 139 | E45: 22 | F45: 33 | G45: =IF(D$5=0,0,D45/D$5) -> 0.72020725 | H45: =IF(E$5=0,0,E45/E$5) -> 0.66666667 | I45: =IF(F$5=0,0,F45/F$5) -> 0.75
A46: 問5 | C46: 一部介助が必要 | D46: 21 | E46: 4 | F46: 5 | G46: =IF(D$5=0,0,D46/D$5) -> 0.10880829 | H46: =IF(E$5=0,0,E46/E$5) -> 0.12121212 | I46: =IF(F$5=0,0,F46/F$5) -> 0.11363636
A47: 問5 | C47: 全部介助が必要 | D47: 24 | E47: 4 | F47: 2 | G47: =IF(D$5=0,0,D47/D$5) -> 0.12435233 | H47: =IF(E$5=0,0,E47/E$5) -> 0.12121212 | I47: =IF(F$5=0,0,F47/F$5) -> 0.045454545
A48: 問5 | C48: 無回答 | D48: 9 | E48: 3 | F48: 4 | G48: =IF(D$5=0,0,D48/D$5) -> 0.046632124 | H48: =IF(E$5=0,0,E48/E$5) -> 0.090909091 | I48: =IF(F$5=0,0,F48/F$5) -> 0.090909091
A49: 問5 | B49: 衣服の着脱 | C49: ひとりでできる | D49: 148 | E49: 23 | F49: 35 | G49: =IF(D$5=0,0,D49/D$5) -> 0.76683938 | H49: =IF(E$5=0,0,E49/E$5) -> 0.6969697 | I49: =IF(F$5=0,0,F49/F$5) -> 0.79545455
A50: 問5 | C50: 一部介助が必要 | D50: 22 | E50: 4 | F50: 4 | G50: =IF(D$5=0,0,D50/D$5) -> 0.11398964 | H50: =IF(E$5=0,0,E50/E$5) -> 0.12121212 | I50: =IF(F$5=0,0,F50/F$5) -> 0.090909091
A51: 問5 | C51: 全部介助が必要 | D51: 14 | E51: 3 | F51: 2 | G51: =IF(D$5=0,0,D51/D$5) -> 0.07253886 | H51: =IF(E$5=0,0,E51/E$5) -> 0.090909091 | I51: =IF(F$5=0,0,F51/F$5) -> 0.045454545
A52: 問5 | C52: 無回答 | D52: 9 | E52: 3 | F52: 3 | G52: =IF(D$5=0,0,D52/D$5) -> 0.046632124 | H52: =IF(E$5=0,0,E52/E$5) -> 0.090909091 | I52: =IF(F$5=0,0,F52/F$5) -> 0.068181818
A53: 問5 | B53: 身だしなみ | C53: ひとりでできる | D53: 143 | E53: 20 | F53: 35 | G53: =IF(D$5=0,0,D53/D$5) -> 0.74093264 | H53: =IF(E$5=0,0,E53/E$5) -> 0.60606061 | I53: =IF(F$5=0,0,F53/F$5) -> 0.79545455
A54: 問5 | C54: 一部介助が必要 | D54: 28 | E54: 7 | F54: 5 | G54: =IF(D$5=0,0,D54/D$5) -> 0.14507772 | H54: =IF(E$5=0,0,E54/E$5) -> 0.21212121 | I54: =IF(F$5=0,0,F54/F$5) -> 0.11363636
A55: 問5 | C55: 全部介助が必要 | D55: 12 | E55: 3 | F55: 1 | G55: =IF(D$5=0,0,D55/D$5) -> 0.062176166 | H55: =IF(E$5=0,0,E55/E$5) -> 0.090909091 | I55: =IF(F$5=0,0,F55/F$5) -> 0.022727273
A56: 問5 | C56: 無回答 | D56: 10 | E56: 3 | F56: 3 | G56: =IF(D$5=0,0,D56/D$5) -> 0.051813472 | H56: =IF(E$5=0,0,E56/E$5) -> 0.090909091 | I56: =IF(F$5=0,0,F56/F$5) -> 0.068181818
A57: 問5 | B57: 家の中の移動 | C57: ひとりでできる | D57: 153 | E57: 26 | F57: 37 | G57: =IF(D$5=0,0,D57/D$5) -> 0.79274611 | H57: =IF(E$5=0,0,E57/E$5) -> 0.78787879 | I57: =IF(F$5=0,0,F57/F$5) -> 0.84090909
A58: 問5 | C58: 一部介助が必要 | D58: 12 | E58: 0 | F58: 1 | G58: =IF(D$5=0,0,D58/D$5) -> 0.062176166 | H58: =IF(E$5=0,0,E58/E$5) -> 0 | I58: =IF(F$5=0,0,F58/F$5) -> 0.022727273
A59: 問5 | C59: 全部介助が必要 | D59: 19 | E59: 4 | F59: 3 | G59: =IF(D$5=0,0,D59/D$5) -> 0.098445596 | H59: =IF(E$5=0,0,E59/E$5) -> 0.12121212 | I59: =IF(F$5=0,0,F59/F$5) -> 0.068181818
A60: 問5 | C60: 無回答 | D60: 9 | E60: 3 | F60: 3 | G60: =IF(D$5=0,0,D60/D$5) -> 0.046632124 | H60: =IF(E$5=0,0,E60/E$5) -> 0.090909091 | I60: =IF(F$5=0,0,F60/F$5) -> 0.068181818
A61: 問5 | B61: 外出 | C61: ひとりでできる | D61: 108 | E61: 15 | F61: 25 | G61: =IF(D$5=0,0,D61/D$5) -> 0.55958549 | H61: =IF(E$5=0,0,E61/E$5) -> 0.45454545 | I61: =IF(F$5=0,0,F61/F$5) -> 0.56818182
A62: 問5 | C62: 一部介助が必要 | D62: 45 | E62: 7 | F62: 10 | G62: =IF(D$5=0,0,D62/D$5) -> 0.23316062 | H62: =IF(E$5=0,0,E62/E$5) -> 0.21212121 | I62: =IF(F$5=0,0,F62/F$5) -> 0.22727273
A63: 問5 | C63: 全部介助が必要 | D63: 28 | E63: 8 | F63: 5 | G63: =IF(D$5=0,0,D63/D$5) -> 0.14507772 | H63: =IF(E$5=0,0,E63/E$5) -> 0.24242424 | I63: =IF(F$5=0,0,F63/F$5) -> 0.11363636
A64: 問5 | C64: 無回答 | D64: 12 | E64: 3 | F64: 4 | G64: =IF(D$5=0,0,D64/D$5) -> 0.062176166 | H64: =IF(E$5=0,0,E64/E$5) -> 0.090909091 | I64: =IF(F$5=0,0,F64/F$5) -> 0.090909091
A65: 問5 | B65: 意思疎通 | C65: ひとりでできる | D65: 149 | E65: 16 | F65: 27 | G65: =IF(D$5=0,0,D65/D$5) -> 0.77202073 | H65: =IF(E$5=0,0,E65/E$5) -> 0.48484848 | I65: =IF(F$5=0,0,F65/F$5) -> 0.61363636
A66: 問5 | C66: 一部介助が必要 | D66: 23 | E66: 13 | F66: 12 | G66: =IF(D$5=0,0,D66/D$5) -> 0.11917098 | H66: =IF(E$5=0,0,E66/E$5) -> 0.39393939 | I66: =IF(F$5=0,0,F66/F$5) -> 0.27272727
A67: 問5 | C67: 全部介助が必要 | D67: 7 | E67: 2 | F67: 3 | G67: =IF(D$5=0,0,D67/D$5) -> 0.03626943 | H67: =IF(E$5=0,0,E67/E$5) -> 0.060606061 | I67: =IF(F$5=0,0,F67/F$5) -> 0.068181818
A68: 問5 | C68: 無回答 | D68: 14 | E68: 2 | F68: 2 | G68: =IF(D$5=0,0,D68/D$5) -> 0.07253886 | H68: =IF(E$5=0,0,E68/E$5) -> 0.060606061 | I68: =IF(F$5=0,0,F68/F$5) -> 0.045454545
A69: 問5 | B69: お金の管理 | C69: ひとりでできる | D69: 120 | E69: 8 | F69: 26 | G69: =IF(D$5=0,0,D69/D$5) -> 0.62176166 | H69: =IF(E$5=0,0,E69/E$5) -> 0.24242424 | I69: =IF(F$5=0,0,F69/F$5) -> 0.59090909
A70: 問5 | C70: 一部介助が必要 | D70: 32 | E70: 11 | F70: 10 | G70: =IF(D$5=0,0,D70/D$5) -> 0.16580311 | H70: =IF(E$5=0,0,E70/E$5) -> 0.33333333 | I70: =IF(F$5=0,0,F70/F$5) -> 0.22727273
A71: 問5 | C71: 全部介助が必要 | D71: 29 | E71: 11 | F71: 5 | G71: =IF(D$5=0,0,D71/D$5) -> 0.15025907 | H71: =IF(E$5=0,0,E71/E$5) -> 0.33333333 | I71: =IF(F$5=0,0,F71/F$5) -> 0.11363636
A72: 問5 | C72: 無回答 | D72: 12 | E72: 3 | F72: 3 | G72: =IF(D$5=0,0,D72/D$5) -> 0.062176166 | H72: =IF(E$5=0,0,E72/E$5) -> 0.090909091 | I72: =IF(F$5=0,0,F72/F$5) -> 0.068181818
A73: 問5 | B73: 薬の管理 | C73: ひとりでできる | D73: 131 | E73: 12 | F73: 30 | G73: =IF(D$5=0,0,D73/D$5) -> 0.67875648 | H73: =IF(E$5=0,0,E73/E$5) -> 0.36363636 | I73: =IF(F$5=0,0,F73/F$5) -> 0.68181818
A74: 問5 | C74: 一部介助が必要 | D74: 28 | E74: 8 | F74: 7 | G74: =IF(D$5=0,0,D74/D$5) -> 0.14507772 | H74: =IF(E$5=0,0,E74/E$5) -> 0.24242424 | I74: =IF(F$5=0,0,F74/F$5) -> 0.15909091
A75: 問5 | C75: 全部介助が必要 | D75: 23 | E75: 10 | F75: 4 | G75: =IF(D$5=0,0,D75/D$5) -> 0.11917098 | H75: =IF(E$5=0,0,E75/E$5) -> 0.3030303 | I75: =IF(F$5=0,0,F75/F$5) -> 0.090909091
A76: 問5 | C76: 無回答 | D76: 11 | E76: 3 | F76: 3 | G76: =IF(D$5=0,0,D76/D$5) -> 0.056994819 | H76: =IF(E$5=0,0,E76/E$5) -> 0.090909091 | I76: =IF(F$5=0,0,F76/F$5) -> 0.068181818
A77: 問6 | B77: 【問5で「一部介助が必要」または「全部介助が必要」と答えた方のみ】あなたを介助してくれる方は主に誰ですか。（あてはまるものすべてに○） | C77: 父母・祖父母・兄弟姉妹 | D77: 5 | E77: 9 | F77: 10 | G77: =IF(D$5=0,0,D77/D$5) -> 0.025906736 | H77: =IF(E$5=0,0,E77/E$5) -> 0.27272727 | I77: =IF(F$5=0,0,F77/F$5) -> 0.22727273
A78: 問6 | C78: 配偶者（夫または妻） | D78: 39 | E78: 1 | F78: 6 | G78: =IF(D$5=0,0,D78/D$5) -> 0.20207254 | H78: =IF(E$5=0,0,E78/E$5) -> 0.03030303 | I78: =IF(F$5=0,0,F78/F$5) -> 0.13636364
A79: 問6 | C79: 子ども | D79: 43 | E79: 0 | F79: 1 | G79: =IF(D$5=0,0,D79/D$5) -> 0.22279793 | H79: =IF(E$5=0,0,E79/E$5) -> 0 | I79: =IF(F$5=0,0,F79/F$5) -> 0.022727273
A80: 問6 | C80: ホームヘルパーや施設の職員 | D80: 33 | E80: 11 | F80: 11 | G80: =IF(D$5=0,0,D80/D$5) -> 0.17098446 | H80: =IF(E$5=0,0,E80/E$5) -> 0.33333333 | I80: =IF(F$5=0,0,F80/F$5) -> 0.25
A81: 問6 | C81: その他の人（ボランティア等） | D81: 7 | E81: 1 | F81: 0 | G81: =IF(D$5=0,0,D81/D$5) -> 0.03626943 | H81: =IF(E$5=0,0,E81/E$5) -> 0.03030303 | I81: =IF(F$5=0,0,F81/F$5) -> 0
A82: 問6 | C82: 無回答 | D82: 87 | E82: 11 | F82: 19 | G82: =IF(D$5=0,0,D82/D$5) -> 0.4507772 | H82: =IF(E$5=0,0,E82/E$5) -> 0.33333333 | I82: =IF(F$5=0,0,F82/F$5) -> 0.43181818
A83: 問7-1 | B83: 【問6で「１」～「３」を選択した方のみ】あなたを介助してくれる家族で、特に中心となっている方の年齢（令和８年8月１日現在） | C83: 39歳以下 | D83: 3 | E83: 1 | F83: 1 | G83: =IF(D$5=0,0,D83/D$5) -> 0.015544041 | H83: =IF(E$5=0,0,E83/E$5) -> 0.03030303 | I83: =IF(F$5=0,0,F83/F$5) -> 0.022727273
A84: 問7-1 | C84: 40～49歳 | D84: 4 | E84: 0 | F84: 1 | G84: =IF(D$5=0,0,D84/D$5) -> 0.020725389 | H84: =IF(E$5=0,0,E84/E$5) -> 0 | I84: =IF(F$5=0,0,F84/F$5) -> 0.022727273
A85: 問7-1 | C85: 50～59歳 | D85: 17 | E85: 4 | F85: 5 | G85: =IF(D$5=0,0,D85/D$5) -> 0.088082902 | H85: =IF(E$5=0,0,E85/E$5) -> 0.12121212 | I85: =IF(F$5=0,0,F85/F$5) -> 0.11363636
A86: 問7-1 | C86: 60～69歳 | D86: 26 | E86: 2 | F86: 5 | G86: =IF(D$5=0,0,D86/D$5) -> 0.13471503 | H86: =IF(E$5=0,0,E86/E$5) -> 0.060606061 | I86: =IF(F$5=0,0,F86/F$5) -> 0.11363636
A87: 問7-1 | C87: 70歳以上 | D87: 27 | E87: 3 | F87: 4 | G87: =IF(D$5=0,0,D87/D$5) -> 0.13989637 | H87: =IF(E$5=0,0,E87/E$5) -> 0.090909091 | I87: =IF(F$5=0,0,F87/F$5) -> 0.090909091
A88: 問7-1 | C88: 無回答 | D88: 116 | E88: 23 | F88: 28 | G88: =IF(D$5=0,0,D88/D$5) -> 0.60103627 | H88: =IF(E$5=0,0,E88/E$5) -> 0.6969697 | I88: =IF(F$5=0,0,F88/F$5) -> 0.63636364
A89: 問7-2 | B89: （主に中心となって介助する家族の）性別（○は１つだけ） | C89: 男性 | D89: 24 | E89: 4 | F89: 5 | G89: =IF(D$5=0,0,D89/D$5) -> 0.12435233 | H89: =IF(E$5=0,0,E89/E$5) -> 0.12121212 | I89: =IF(F$5=0,0,F89/F$5) -> 0.11363636
A90: 問7-2 | C90: 女性 | D90: 55 | E90: 6 | F90: 11 | G90: =IF(D$5=0,0,D90/D$5) -> 0.28497409 | H90: =IF(E$5=0,0,E90/E$5) -> 0.18181818 | I90: =IF(F$5=0,0,F90/F$5) -> 0.25
A91: 問7-2 | C91: 無回答 | D91: 114 | E91: 23 | F91: 28 | G91: =IF(D$5=0,0,D91/D$5) -> 0.59067358 | H91: =IF(E$5=0,0,E91/E$5) -> 0.6969697 | I91: =IF(F$5=0,0,F91/F$5) -> 0.63636364
A92: 問7-3 | B92: （主に中心となって介助する家族の）健康状態（○は１つだけ） | C92: よい | D92: 16 | E92: 1 | F92: 1 | G92: =IF(D$5=0,0,D92/D$5) -> 0.082901554 | H92: =IF(E$5=0,0,E92/E$5) -> 0.03030303 | I92: =IF(F$5=0,0,F92/F$5) -> 0.022727273
A93: 問7-3 | C93: ふつう | D93: 53 | E93: 8 | F93: 11 | G93: =IF(D$5=0,0,D93/D$5) -> 0.2746114 | H93: =IF(E$5=0,0,E93/E$5) -> 0.24242424 | I93: =IF(F$5=0,0,F93/F$5) -> 0.25
A94: 問7-3 | C94: よくない | D94: 9 | E94: 1 | F94: 4 | G94: =IF(D$5=0,0,D94/D$5) -> 0.046632124 | H94: =IF(E$5=0,0,E94/E$5) -> 0.03030303 | I94: =IF(F$5=0,0,F94/F$5) -> 0.090909091
A95: 問7-3 | C95: 無回答 | D95: 115 | E95: 23 | F95: 28 | G95: =IF(D$5=0,0,D95/D$5) -> 0.59585492 | H95: =IF(E$5=0,0,E95/E$5) -> 0.6969697 | I95: =IF(F$5=0,0,F95/F$5) -> 0.63636364
A96: 問8 | B96: あなたは身体障害者手帳をお持ちですか。（○は１つだけ） | C96: １級 | D96: 72 | E96: 4 | F96: 7 | G96: =IF(D$5=0,0,D96/D$5) -> 0.37305699 | H96: =IF(E$5=0,0,E96/E$5) -> 0.12121212 | I96: =IF(F$5=0,0,F96/F$5) -> 0.15909091
A97: 問8 | C97: ２級 | D97: 34 | E97: 4 | F97: 6 | G97: =IF(D$5=0,0,D97/D$5) -> 0.1761658 | H97: =IF(E$5=0,0,E97/E$5) -> 0.12121212 | I97: =IF(F$5=0,0,F97/F$5) -> 0.13636364
A98: 問8 | C98: ３級 | D98: 28 | E98: 1 | F98: 1 | G98: =IF(D$5=0,0,D98/D$5) -> 0.14507772 | H98: =IF(E$5=0,0,E98/E$5) -> 0.03030303 | I98: =IF(F$5=0,0,F98/F$5) -> 0.022727273
A99: 問8 | C99: ４級 | D99: 33 | E99: 1 | F99: 1 | G99: =IF(D$5=0,0,D99/D$5) -> 0.17098446 | H99: =IF(E$5=0,0,E99/E$5) -> 0.03030303 | I99: =IF(F$5=0,0,F99/F$5) -> 0.022727273
A100: 問8 | C100: ５級 | D100: 16 | E100: 0 | F100: 2 | G100: =IF(D$5=0,0,D100/D$5) -> 0.082901554 | H100: =IF(E$5=0,0,E100/E$5) -> 0 | I100: =IF(F$5=0,0,F100/F$5) -> 0.045454545
A101: 問8 | C101: ６級 | D101: 10 | E101: 0 | F101: 0 | G101: =IF(D$5=0,0,D101/D$5) -> 0.051813472 | H101: =IF(E$5=0,0,E101/E$5) -> 0 | I101: =IF(F$5=0,0,F101/F$5) -> 0
...
