Workbook
Name グラフ選択: '[1]施策反映(在宅サービス)'!$R$3:$R$7
Name グラフ選択: '[1]施策反映(在宅サービス)'!$R$3:$R$7
Name サービス: #REF!
Name サービス選択: #REF!
Name サービス名: '[1]施策反映(在宅サービス) (利用者数)'!$R$3:$R$21
Name サービス名: '[1]施策反映(在宅サービス) (利用者数)'!$R$3:$R$21
Name 在宅サービス: #REF!
Name 施設・居住系サービス: #REF!
Name 推計パターン名: '[2]1_推計値サマリ'!$S$5
Name 選択肢: #REF!
Name 年度選択: #REF!
Name 保険者番号: '[2]1_推計値サマリ'!$S$4
Name 保険者名: '[2]1_推計値サマリ'!$S$3

Sheet グラフ
B2: 貴保険者における在宅サービス利用率の伸びのパターンの比較
B4: ●説明
B5: 目的
B6: 本シートは、各保険者が次期計画期間における在宅サービスの見込量を定める際に、サービス別の利用実績（利用者数や伸び等）の推移を確認し、その中で生じた状況や実施した施策等、当該実績に寄与したと考えられる状況を振り返ることで、
B7: 一定の仮説に基づく伸びの選択に資することを目的としています。
B9: 本シートの操作方法
B10: 1．「選択」の「サービス別」及び「要介護度別」から選択してください。選択した値により「当該市町村における在宅サービス利用率の伸び」の表とグラフが自動的に変更されます。
B11: 2．下部のグラフを確認してください。
B12: 3．地域包括ケア「見える化」システム「将来推計」の「推計方法の設定」画面から、在宅サービス利用率の伸びを選択してください。
B14: 伸びを選択する際の考え方
B15: 貴保険者において、下記のポイントを踏まえ、次期計画期間における在宅サービス利用率の伸びを選択してください。
C16: ・第９期介護保険事業計画時に設定した在宅サービスの利用率に基づく計画値と令和８年度までの利用実績を比較し、その乖離状況を考慮して、次期計画期間における在宅サービス利用率の伸びを選択してください。
C17: ・また、過年度に自然災害等の特殊な要因による高齢者の人口動態やサービスの利用形態に変化を生じた等、各サービスの利用率に大きな影響を与えたと考えられる状況がある場合には、このような状況を生じた年度を含まない期間の伸びを選択する等、
C18: 各地域における状況を勘案して、適切な在宅サービスの利用率の伸びを選択してください。
B20: ●当該市町村における在宅サービス利用率の伸び | T20: ●選択
H21: 令和3年度 | I21: 令和4年度 | J21: 令和5年度 | K21: 令和6年度 | L21: 令和7年度 | M21: 令和8年度 | N21: 令和9年度 | O21: 令和10年度 | P21: 令和11年度 | R21: 伸び | T21: サービス別 | U21: 要介護度別
B22: 実績値 | H22: =IFERROR(INDEX(データ!$C$4:$J$27,(MATCH($T$22,データ!$B$4:$B$27,0)),MATCH($U$22,データ!$C$3:$J$3,0)),"")*100 -> 9.6286973 | I22: =IFERROR(INDEX(データ!$C$31:$J$54,(MATCH($T$22,データ!$B$31:$B$54,0)),MATCH($U$22,データ!$C$30:$J$30,0)),"")*100 -> 9.0491118 | J22: =IFERROR(INDEX(データ!$C$58:$J$81,(MATCH($T$22,データ!$B$58:$B$81,0)),MATCH($U$22,データ!$C$57:$J$57,0)),"")*100 -> 7.9965972 | K22: =IFERROR(INDEX(データ!$C$85:$J$108,(MATCH($T$22,データ!$B$85:$B$108,0)),MATCH($U$22,データ!$C$84:$J$84,0)),"")*100 -> 9.2461197 | L22: =IFERROR(INDEX(データ!$C$112:$J$135,(MATCH($T$22,データ!$B$112:$B$135,0)),MATCH($U$22,データ!$C$111:$J$111,0)),"")*100 -> 8.7645893 | M22: =IFERROR(INDEX(データ!$C$139:$J$162,(MATCH($T$22,データ!$B$139:$B$162,0)),MATCH($U$22,データ!$C$138:$J$138,0)),"")*100 -> 7.3170732 | T22: 訪問介護 | U22: 全体
B23: ①当該市町村における令和３年度→令和８年度の伸び | M23: =$M$22 -> 7.3170732 | N23: =IFERROR(M23+$R23,"") -> 6.8547483 | O23: =IFERROR(N23+$R23,"") -> 6.3924235 | P23: =IFERROR(O23+$R23,"") -> 5.9300987 | R23: =IFERROR(INDEX(データ!$C$167:$J$190,(MATCH($T$22,データ!$B$167:$B$190,0)),MATCH($U$22,データ!$C$166:$J$166,0)),"")*100 -> -0.46232482
B24: ②当該市町村における令和７年度→令和８年度の伸び | M24: =$M$22 -> 7.3170732 | N24: =IFERROR(M24+$R24,"") -> 5.869557 | O24: =IFERROR(N24+$R24,"") -> 4.4220409 | P24: =IFERROR(O24+$R24,"") -> 2.9745248 | R24: =IFERROR(INDEX(データ!$C$194:$J$217,(MATCH($T$22,データ!$B$194:$B$217,0)),MATCH($U$22,データ!$C$193:$J$193,0)),"")*100 -> -1.4475161
B25: ③当該市町村における令和６年度→令和８年度の伸び | M25: =$M$22 -> 7.3170732 | N25: =IFERROR(M25+$R25,"") -> 6.3525499 | O25: =IFERROR(N25+$R25,"") -> 5.3880266 | P25: =IFERROR(O25+$R25,"") -> 4.4235033 | R25: =IFERROR(INDEX(データ!$C$221:$J$244,(MATCH($T$22,データ!$B$221:$B$244,0)),MATCH($U$22,データ!$C$220:$J$220,0)),"")*100 -> -0.96452328
B26: ④当該市町村における令和６年度→令和７年度の伸び | M26: =$M$22 -> 7.3170732 | N26: =IFERROR(M26+$R26,"") -> 6.8355427 | O26: =IFERROR(N26+$R26,"") -> 6.3540123 | P26: =IFERROR(O26+$R26,"") -> 5.8724819 | R26: =IFERROR(INDEX(データ!$C$248:$J$271,(MATCH($T$22,データ!$B$248:$B$271,0)),MATCH($U$22,データ!$C$247:$J$247,0)),"")*100 -> -0.48153044
B58: 各伸びの定義
B59: 各在宅サービスの利用者数の自然体推計では、第９期の各サービスの利用率の「伸び（変化の傾き）」が第10期以降も続くという仮定に基づいて推計を行います。
B60: 将来の在宅サービス利用者数の推計は、将来の在宅サービス対象者数の推計をもとに、サービス利用率の実績と貴保険者が設定した現状の推移から予測される年間のサービス利用率の変化（ただし、令和12年度以降は、令和11年度の在宅サービス利用率が継続と仮定）により算出します。
B61: 在宅サービス利用率の１年間の伸びについて、「当該市町村における在宅サービス利用率の伸び」の①～④から１つを選択します。
B63: ＜①～④の計算式＞
C64: ①当該市町村における令和３年度→令和８年度の伸び
D65: ＝（令和８年度の在宅サービス利用率－令和３年度の在宅サービス利用率）÷５ ※単年度の伸びを算出
C66: ②当該市町村における令和７年度→令和８年度の伸び
D67: ＝令和８年度の在宅サービス利用率－令和７年度の在宅サービス利用率
C68: ③当該市町村における令和６年度→令和８年度の伸び
D69: ＝（令和８年度の在宅サービス利用率－令和６年度の在宅サービス利用率）÷２ ※単年度の伸びを算出
C70: ④当該市町村における令和６年度→令和７年度の伸び
D71: ＝令和７年度の在宅サービス利用率－令和６年度の在宅サービス利用率
B73: <「当該市町村における在宅サービス利用率の伸び」の推計式>
C74: 各年度の在宅サービス利用率＝令和８年度の在宅サービス利用率+（在宅サービス利用率の伸び×年数）

Sheet データ
B1: 在宅サービス利用率
B2: 令和3年度 | J2: 単位：%
C3: 全体 | D3: 要支援１ | E3: 要支援２ | F3: 要介護１ | G3: 要介護２ | H3: 要介護３ | I3: 要介護４ | J3: 要介護５
B4: （１）居宅サービス
B5: 訪問介護 | C5: 0.096286973 | F5: 0.10672854 | G5: 0.12584118 | H5: 0.11418685 | I5: 0.15420561 | J5: 0.28909953
B6: 訪問入浴介護 | C6: 0.015942941 | D6: 0 | E6: 0 | F6: 0 | G6: 0.011440108 | H6: 0.0046136101 | I6: 0.086448598 | J6: 0.085308057
B7: 訪問看護 | C7: 0.015942941 | D7: 0 | E7: 0 | F7: 0.027842227 | G7: 0.010094213 | H7: 0.023068051 | I7: 0.021028037 | J7: 0.09478673
B8: 訪問リハビリテーション | C8: 0.048038599 | D8: 0.035087719 | E8: 0.048387097 | F8: 0.055684455 | G8: 0.074024226 | H8: 0.035755479 | I8: 0.0046728972 | J8: 0
B9: 居宅療養管理指導 | C9: 0.013215859 | D9: 0 | E9: 0 | F9: 0 | G9: 0 | H9: 0.023068051 | I9: 0.030373832 | J9: 0.14218009
B10: 通所介護 | C10: 0.14789176 | F10: 0.19721578 | G10: 0.24697174 | H10: 0.16839677 | I10: 0.1682243 | J10: 0.16587678
B11: 通所リハビリテーション | C11: 0.33585064 | D11: 0.070175439 | E11: 0.34498208 | F11: 0.27610209 | G11: 0.32907133 | H11: 0.37831603 | I11: 0.44392523 | J11: 0.3507109
B12: 短期入所生活介護 | C12: 0.047828823 | D12: 0 | E12: 0.0080645161 | F12: 0.011600928 | G12: 0.024899058 | H12: 0.1372549 | I12: 0.095794393 | J12: 0.08056872
B13: 短期入所療養介護（老健） | C13: 0.026851269 | D13: 0.0087719298 | E13: 0.00089605735 | F13: 0.0069605568 | G13: 0.035666218 | H13: 0.050749712 | I13: 0.028037383 | J13: 0.061611374
B14: 短期入所療養介護（病院等） | C14: 0 | D14: 0 | E14: 0 | F14: 0 | G14: 0 | H14: 0 | I14: 0 | J14: 0
B15: 短期入所療養介護（介護医療院） | C15: 0 | D15: 0 | E15: 0 | F15: 0 | G15: 0 | H15: 0 | I15: 0 | J15: 0
B16: 福祉用具貸与 | C16: 0.45122719 | D16: 0.17105263 | E16: 0.36469534 | F16: 0.22737819 | G16: 0.50403769 | H16: 0.46943483 | I16: 0.71495327 | J16: 0.68720379
B17: 特定福祉用具購入費 | C17: 0.005034613 | D17: 0.0043859649 | E17: 0.0053763441 | F17: 0.0069605568 | G17: 0.0047106326 | H17: 0.0046136101 | I17: 0.0070093458 | J17: 0
B18: 住宅改修費 | C18: 0.0035661842 | D18: 0.0043859649 | E18: 0.0053763441 | F18: 0.0023201856 | G18: 0.0020188425 | H18: 0.0034602076 | I18: 0.0046728972 | J18: 0.0047393365
B19: 介護予防支援・居宅介護支援 | C19: 0.69960143 | D19: 0.26754386 | E19: 0.58781362 | F19: 0.66357309 | G19: 0.77725437 | H19: 0.75201845 | I19: 0.86915888 | J19: 0.72511848
B20: 登録施設介護支援 | C20: 0 | D20: 0 | E20: 0 | F20: 0 | G20: 0 | H20: 0 | I20: 0 | J20: 0
B21: （２）地域密着型サービス
B22: 定期巡回・随時対応型訪問介護看護 | C22: 0 | F22: 0 | G22: 0 | H22: 0 | I22: 0 | J22: 0
B23: 夜間対応型訪問介護 | C23: 0 | F23: 0 | G23: 0 | H23: 0 | I23: 0 | J23: 0
B24: 地域密着型通所介護 | C24: 0 | F24: 0 | G24: 0 | H24: 0 | I24: 0 | J24: 0
B25: 認知症対応型通所介護 | C25: 0 | D25: 0 | E25: 0 | F25: 0 | G25: 0 | H25: 0 | I25: 0 | J25: 0
B26: 小規模多機能型居宅介護 | C26: 0 | D26: 0 | E26: 0 | F26: 0 | G26: 0 | H26: 0 | I26: 0 | J26: 0
B27: 看護小規模多機能型居宅介護 | C27: 0 | F27: 0 | G27: 0 | H27: 0 | I27: 0 | J27: 0
B29: 令和4年度 | J29: 単位：%
C30: 全体 | D30: 要支援１ | E30: 要支援２ | F30: 要介護１ | G30: 要介護２ | H30: 要介護３ | I30: 要介護４ | J30: 要介護５
B31: （１）居宅サービス
B32: 訪問介護 | C32: 0.090491118 | F32: 0.10990712 | G32: 0.11134904 | H32: 0.13198758 | I32: 0.14253898 | J32: 0.22529644
B33: 訪問入浴介護 | C33: 0.01630094 | D33: 0 | E33: 0 | F33: 0 | G33: 0.01213419 | H33: 0.01242236 | I33: 0.069042316 | J33: 0.086956522
B34: 訪問看護 | C34: 0.017345873 | D34: 0 | E34: 0.0092592593 | F34: 0.0015479876 | G34: 0.0071377587 | H34: 0.031055901 | I34: 0.042316258 | J34: 0.090909091
B35: 訪問リハビリテーション | C35: 0.048275862 | D35: 0.051282051 | E35: 0.051851852 | F35: 0.047987616 | G35: 0.053533191 | H35: 0.065217391 | I35: 0.022271715 | J35: 0.0039525692
B36: 居宅療養管理指導 | C36: 0.012957158 | D36: 0 | E36: 0 | F36: 0.0077399381 | G36: 0.0021413276 | H36: 0.027950311 | I36: 0.008908686 | J36: 0.12648221
B37: 通所介護 | C37: 0.14357367 | F37: 0.14551084 | G37: 0.25838687 | H37: 0.21583851 | I37: 0.12917595 | J37: 0.13438735
B38: 通所リハビリテーション | C38: 0.32936259 | D38: 0.14102564 | E38: 0.38240741 | F38: 0.30650155 | G38: 0.31263383 | H38: 0.37888199 | I38: 0.39420935 | J38: 0.24505929
B39: 短期入所生活介護 | C39: 0.035527691 | D39: 0 | E39: 0.0018518519 | F39: 0.021671827 | G39: 0.0206995 | H39: 0.11801242 | I39: 0.06013363 | J39: 0.086956522
B40: 短期入所療養介護（老健） | C40: 0.023615465 | D40: 0 | E40: 0 | F40: 0.0092879257 | G40: 0.032119914 | H40: 0.038819876 | I40: 0.053452116 | J40: 0.051383399
B41: 短期入所療養介護（病院等） | C41: 0 | D41: 0 | E41: 0 | F41: 0 | G41: 0 | H41: 0 | I41: 0 | J41: 0
B42: 短期入所療養介護（介護医療院） | C42: 0 | D42: 0 | E42: 0 | F42: 0 | G42: 0 | H42: 0 | I42: 0 | J42: 0
B43: 福祉用具貸与 | C43: 0.42591432 | D43: 0.11217949 | E43: 0.37777778 | F43: 0.18266254 | G43: 0.4732334 | H43: 0.58385093 | I43: 0.6481069 | J43: 0.58102767
B44: 特定福祉用具購入費 | C44: 0.005015674 | D44: 0.0032051282 | E44: 0.0018518519 | F44: 0.0046439628 | G44: 0.0049964311 | H44: 0.010869565 | I44: 0.0066815145 | J44: 0.0039525692
B45: 住宅改修費 | C45: 0.0022988506 | D45: 0.0032051282 | E45: 0.0018518519 | F45: 0 | G45: 0.0042826552 | H45: 0.001552795 | I45: 0.0022271715 | J45: 0
B46: 介護予防支援・居宅介護支援 | C46: 0.69278997 | D46: 0.30128205 | E46: 0.62407407 | F46: 0.62383901 | G46: 0.76588151 | H46: 0.87267081 | I46: 0.77505568 | J46: 0.63636364
B47: 登録施設介護支援 | C47: 0 | D47: 0 | E47: 0 | F47: 0 | G47: 0 | H47: 0 | I47: 0 | J47: 0
B48: （２）地域密着型サービス
B49: 定期巡回・随時対応型訪問介護看護 | C49: 0 | F49: 0 | G49: 0 | H49: 0 | I49: 0 | J49: 0
B50: 夜間対応型訪問介護 | C50: 0 | F50: 0 | G50: 0 | H50: 0 | I50: 0 | J50: 0
B51: 地域密着型通所介護 | C51: 0.00062695925 | F51: 0 | G51: 0.0021413276 | H51: 0 | I51: 0 | J51: 0
B52: 認知症対応型通所介護 | C52: 0 | D52: 0 | E52: 0 | F52: 0 | G52: 0 | H52: 0 | I52: 0 | J52: 0
B53: 小規模多機能型居宅介護 | C53: 0 | D53: 0 | E53: 0 | F53: 0 | G53: 0 | H53: 0 | I53: 0 | J53: 0
B54: 看護小規模多機能型居宅介護 | C54: 0 | F54: 0 | G54: 0 | H54: 0 | I54: 0 | J54: 0
B56: 令和5年度 | J56: 単位：%
C57: 全体 | D57: 要支援１ | E57: 要支援２ | F57: 要介護１ | G57: 要介護２ | H57: 要介護３ | I57: 要介護４ | J57: 要介護５
B58: （１）居宅サービス
B59: 訪問介護 | C59: 0.079965972 | F59: 0.077625571 | G59: 0.099845201 | H59: 0.16062992 | I59: 0.066666667 | J59: 0.33157895
B60: 訪問入浴介護 | C60: 0.012122501 | D60: 0 | E60: 0 | F60: 0 | G60: 0.014705882 | H60: 0.0094488189 | I60: 0.055913978 | J60: 0.031578947
B61: 訪問看護 | C61: 0.012335177 | D61: 0.025 | E61: 0 | F61: 0 | G61: 0.0015479876 | H61: 0.036220472 | I61: 0.015053763 | J61: 0.073684211
B62: 訪問リハビリテーション | C62: 0.05104211 | D62: 0.05625 | E62: 0.064089522 | F62: 0.02739726 | G62: 0.037925697 | H62: 0.1007874 | I62: 0.038709677 | J62: 0.0052631579
B63: 居宅療養管理指導 | C63: 0.014674607 | D63: 0 | E63: 0 | F63: 0.00152207 | G63: 0.014705882 | H63: 0.022047244 | I63: 0.023655914 | J63: 0.12631579
B64: 通所介護 | C64: 0.14504466 | F64: 0.22070015 | G64: 0.22291022 | H64: 0.22992126 | I64: 0.12688172 | J64: 0.23157895
B65: 通所リハビリテーション | C65: 0.31178222 | D65: 0.13333333 | E65: 0.36317396 | F65: 0.29680365 | G65: 0.34597523 | H65: 0.38740157 | I65: 0.26021505 | J65: 0.18947368
B66: 短期入所生活介護 | C66: 0.033602722 | D66: 0 | E66: 0.008138352 | F66: 0.02435312 | G66: 0.021671827 | H66: 0.05984252 | I66: 0.077419355 | J66: 0.16842105
B67: 短期入所療養介護（老健） | C67: 0.026797108 | D67: 0 | E67: 0.00508647 | F67: 0.02130898 | G67: 0.043343653 | H67: 0.026771654 | I67: 0.03655914 | J67: 0.089473684
B68: 短期入所療養介護（病院等） | C68: 0 | D68: 0 | E68: 0 | F68: 0 | G68: 0 | H68: 0 | I68: 0 | J68: 0
B69: 短期入所療養介護（介護医療院） | C69: 0 | D69: 0 | E69: 0 | F69: 0 | G69: 0 | H69: 0 | I69: 0 | J69: 0
B70: 福祉用具貸与 | C70: 0.4089749 | D70: 0.1875 | E70: 0.31739573 | F70: 0.24200913 | G70: 0.45743034 | H70: 0.58110236 | I70: 0.59569892 | J70: 0.65789474
B71: 特定福祉用具購入費 | C71: 0.0053168864 | D71: 0.0020833333 | E71: 0.00508647 | F71: 0.00304414 | G71: 0.0030959752 | H71: 0.0094488189 | I71: 0.012903226 | J71: 0.0052631579
B72: 住宅改修費 | C72: 0.0046788601 | D72: 0.0020833333 | E72: 0.006103764 | F72: 0.00456621 | G72: 0.0054179567 | H72: 0.0015748031 | I72: 0.0086021505 | J72: 0
B73: 介護予防支援・居宅介護支援 | C73: 0.65504041 | D73: 0.37708333 | E73: 0.57884028 | F73: 0.62252664 | G73: 0.74458204 | H73: 0.79212598 | I73: 0.69677419 | J73: 0.69473684
B74: 登録施設介護支援 | C74: 0 | D74: 0 | E74: 0 | F74: 0 | G74: 0 | H74: 0 | I74: 0 | J74: 0
B75: （２）地域密着型サービス
B76: 定期巡回・随時対応型訪問介護看護 | C76: 0 | F76: 0 | G76: 0 | H76: 0 | I76: 0 | J76: 0
B77: 夜間対応型訪問介護 | C77: 0 | F77: 0 | G77: 0 | H77: 0 | I77: 0 | J77: 0
B78: 地域密着型通所介護 | C78: 0.0025521055 | F78: 0.01826484 | G78: 0 | H78: 0 | I78: 0 | J78: 0
B79: 認知症対応型通所介護 | C79: 0 | D79: 0 | E79: 0 | F79: 0 | G79: 0 | H79: 0 | I79: 0 | J79: 0
B80: 小規模多機能型居宅介護 | C80: 0 | D80: 0 | E80: 0 | F80: 0 | G80: 0 | H80: 0 | I80: 0 | J80: 0
B81: 看護小規模多機能型居宅介護 | C81: 0 | F81: 0 | G81: 0 | H81: 0 | I81: 0 | J81: 0
B83: 令和6年度 | J83: 単位：%
C84: 全体 | D84: 要支援１ | E84: 要支援２ | F84: 要介護１ | G84: 要介護２ | H84: 要介護３ | I84: 要介護４ | J84: 要介護５
B85: （１）居宅サービス
B86: 訪問介護 | C86: 0.092461197 | F86: 0.087155963 | G86: 0.089241034 | H86: 0.17471264 | I86: 0.14177215 | J86: 0.234375
B87: 訪問入浴介護 | C87: 0.017073171 | D87: 0.0061728395 | E87: 0 | F87: 0 | G87: 0.021684737 | H87: 0.01954023 | I87: 0.04556962 | J87: 0.072916667
B88: 訪問看護 | C88: 0.013968958 | D88: 0.033950617 | E88: 0 | F88: 0 | G88: 0.0075062552 | H88: 0.027586207 | I88: 0.015189873 | J88: 0.067708333
B89: 訪問リハビリテーション | C89: 0.047450111 | D89: 0.077160494 | E89: 0.039954338 | F89: 0.025993884 | G89: 0.047539616 | H89: 0.07816092 | I89: 0.020253165 | J89: 0.020833333
B90: 居宅療養管理指導 | C90: 0.020842572 | D90: 0 | E90: 0 | F90: 0.006116208 | G90: 0.013344454 | H90: 0.035632184 | I90: 0.04556962 | J90: 0.13020833
B91: 通所介護 | C91: 0.15654102 | F91: 0.24923547 | G91: 0.20517098 | H91: 0.22643678 | I91: 0.18987342 | J91: 0.13020833
B92: 通所リハビリテーション | C92: 0.33237251 | D92: 0.1882716 | E92: 0.44406393 | F92: 0.33639144 | G92: 0.34445371 | H92: 0.33563218 | I92: 0.21772152 | J92: 0.19791667
B93: 短期入所生活介護 | C93: 0.026829268 | D93: 0.0030864198 | E93: 0.0011415525 | F93: 0.02293578 | G93: 0.0083402836 | H93: 0.047126437 | I93: 0.098734177 | J93: 0.072916667
B94: 短期入所療養介護（老健） | C94: 0.029490022 | D94: 0 | E94: 0.0068493151 | F94: 0.029051988 | G94: 0.038365304 | H94: 0.040229885 | I94: 0.020253165 | J94: 0.098958333
B95: 短期入所療養介護（病院等） | C95: 0 | D95: 0 | E95: 0 | F95: 0 | G95: 0 | H95: 0 | I95: 0 | J95: 0
B96: 短期入所療養介護（介護医療院） | C96: 0 | D96: 0 | E96: 0 | F96: 0 | G96: 0 | H96: 0 | I96: 0 | J96: 0
B97: 福祉用具貸与 | C97: 0.42305987 | D97: 0.2191358 | E97: 0.37328767 | F97: 0.26299694 | G97: 0.46288574 | H97: 0.53563218 | I97: 0.51139241 | J97: 0.59895833
B98: 特定福祉用具購入費 | C98: 0.0039911308 | D98: 0 | E98: 0.0034246575 | F98: 0 | G98: 0.0041701418 | H98: 0.008045977 | I98: 0.0025316456 | J98: 0.010416667
B99: 住宅改修費 | C99: 0.0024390244 | D99: 0 | E99: 0.00456621 | F99: 0.001529052 | G99: 0.0033361134 | H99: 0.0022988506 | I99: 0 | J99: 0
B100: 介護予防支援・居宅介護支援 | C100: 0.67184035 | D100: 0.45061728 | E100: 0.62785388 | F100: 0.72477064 | G100: 0.72393661 | H100: 0.73333333 | I100: 0.61265823 | J100: 0.58333333
B101: 登録施設介護支援 | C101: 0 | D101: 0 | E101: 0 | F101: 0 | G101: 0 | H101: 0 | I101: 0 | J101: 0
B102: （２）地域密着型サービス
B103: 定期巡回・随時対応型訪問介護看護 | C103: 0 | F103: 0 | G103: 0 | H103: 0 | I103: 0 | J103: 0
...

Sheet リスト
A1: ●選択肢
A2: サービス別 | B2: 要介護度別
A3: 訪問介護 | B3: 要支援１
A4: 訪問入浴介護 | B4: 要支援２
A5: 訪問看護 | B5: 要介護１
A6: 訪問リハビリテーション | B6: 要介護２
A7: 居宅療養管理指導 | B7: 要介護３
A8: 通所介護 | B8: 要介護４
A9: 通所リハビリテーション | B9: 要介護５
A10: 短期入所生活介護 | B10: 全体
A11: 短期入所療養介護（老健）
A12: 短期入所療養介護（病院等）
A13: 短期入所療養介護（介護医療院）
A14: 福祉用具貸与
A15: 特定福祉用具購入費
A16: 住宅改修費
A17: 介護予防支援・居宅介護支援
A18: 登録施設介護支援
A19: 定期巡回・随時対応型訪問介護看護
A20: 夜間対応型訪問介護
A21: 地域密着型通所介護
A22: 認知症対応型通所介護
... A24: 看護小規模多機能型居宅介護
