Workbook
Name グラフ選択: #REF!
Name グラフ選択: #REF!
Name サービス: #REF!
Name サービス: #REF!
Name サービス選択: #REF!
Name サービス選択: #REF!
Name サービス名: #REF!
Name サービス名: #REF!
Name 在宅サービス: #REF!
Name 在宅サービス: #REF!
Name 施設・居住系サービス: #REF!
Name 施設・居住系サービス: #REF!
Name 推計パターン名: '1_推計値サマリ'!$S$5
Name 選択肢: #REF!
Name 選択肢: #REF!
Name 年度選択: #REF!
Name 年度選択: #REF!
Name 年度選択: #REF!
Name 保険者番号: '1_推計値サマリ'!$S$4
Name 保険者名: '1_推計値サマリ'!$S$3

Sheet 1_推計値サマリ
A1: 第10期介護保険事業（支援）計画策定に向けたワークシート 【総括表】
S2: 出力日： | T2: 2026/09/11
Q3: 保険者名 | S3: 川崎町
Q4: 保険者番号 | S4: 04324
Q5: 推計パターン名 | S5: R8
A6: （１）推計値サマリ
A8: １．被保険者数（年度別）
T9: 単位：人
D10: 令和6年度 | E10: 令和7年度 | F10: 令和8年度 | G10: 令和9年度 | H10: 令和10年度 | I10: 令和11年度 | J10: 伸び率① ※１ | K10: 令和12年度 | L10: 伸び率① ※２ | M10: 令和17年度 | N10: 伸び率① ※２ | O10: 令和22年度 | P10: 伸び率① ※２ | Q10: 令和27年度 | R10: 伸び率① ※２ | S10: 令和32年度 | T10: 伸び率① ※２
A11: 総数 | D11: =SUM(D12:D13) -> 5774 | E11: =SUM(E12:E13) -> 5740 | F11: =SUM(F12:F13) -> 5672 | G11: =SUM(G12:G13) -> 5605 | H11: =SUM(H12:H13) -> 5536 | I11: =SUM(I12:I13) -> 5469 | J11: =IFERROR((SUM(G11:I11)/3)/F11,"－") -> 0.9761401 | K11: =SUM(K12:K13) -> 5401 | L11: =IFERROR(K11/F11,"－") -> 0.95222144 | M11: =SUM(M12:M13) -> 5009 | N11: =IFERROR(M11/F11,"－") -> 0.88311001 | O11: =SUM(O12:O13) -> 4640 | P11: =IFERROR(O11/F11,"－") -> 0.8180536 | Q11: =SUM(Q12:Q13) -> 4192 | R11: =IFERROR(Q11/F11,"－") -> 0.73906911 | S11: =SUM(S12:S13) -> 3748 | T11: =IFERROR(S11/F11,"－") -> 0.66078984
B12: 第1号被保険者数 | D12: 3270 | E12: 3285 | F12: 3257 | G12: 3231 | H12: 3203 | I12: 3177 | J12: =IFERROR((SUM(G12:I12)/3)/F12,"－") -> 0.98362501 | K12: 3149 | L12: =IFERROR(K12/F12,"－") -> 0.96684065 | M12: 2967 | N12: =IFERROR(M12/F12,"－") -> 0.91096101 | O12: 2835 | P12: =IFERROR(O12/F12,"－") -> 0.87043291 | Q12: 2639 | R12: =IFERROR(Q12/F12,"－") -> 0.81025484 | S12: 2494 | T12: =IFERROR(S12/F12,"－") -> 0.76573534
B13: 第2号被保険者数 | D13: 2504 | E13: 2455 | F13: 2415 | G13: 2374 | H13: 2333 | I13: 2292 | J13: =IFERROR((SUM(G13:I13)/3)/F13,"－") -> 0.96604555 | K13: 2252 | L13: =IFERROR(K13/F13,"－") -> 0.93250518 | M13: 2042 | N13: =IFERROR(M13/F13,"－") -> 0.84554865 | O13: 1805 | P13: =IFERROR(O13/F13,"－") -> 0.74741201 | Q13: 1553 | R13: =IFERROR(Q13/F13,"－") -> 0.64306418 | S13: 1254 | T13: =IFERROR(S13/F13,"－") -> 0.51925466
G14: ※１：第10期平均値/令和8年度の値*100 | K14: ※２：令和12（17,22,27,32）年度の値/令和8年度の値*100
A16: ２．要介護（支援）認定者数
T17: 単位：人
D18: 令和6年度 | E18: 令和7年度 | F18: 令和8年度 | G18: 令和9年度 | H18: 令和10年度 | I18: 令和11年度 | J18: 伸び率① ※１ | K18: 令和12年度 | L18: 伸び率① ※２ | M18: 令和17年度 | N18: 伸び率① ※２ | O18: 令和22年度 | P18: 伸び率① ※２ | Q18: 令和27年度 | R18: 伸び率① ※２ | S18: 令和32年度 | T18: 伸び率① ※２
A19: 総数 | D19: =SUM(D20:D26) -> 562 | E19: =SUM(E20:E26) -> 568 | F19: =SUM(F20:F26) -> 567 | G19: =SUM(G20:G26) -> 580 | H19: =SUM(H20:H26) -> 576 | I19: =SUM(I20:I26) -> 581 | J19: =IFERROR((SUM(G19:I19)/3)/F19,"－") -> 1.021164 | K19: =SUM(K20:K26) -> 585 | L19: =IFERROR(K19/F19,"－") -> 1.031746 | M19: =SUM(M20:M26) -> 639 | N19: =IFERROR(M19/F19,"－") -> 1.1269841 | O19: =SUM(O20:O26) -> 688 | P19: =IFERROR(O19/F19,"－") -> 1.2134039 | Q19: =SUM(Q20:Q26) -> 666 | R19: =IFERROR(Q19/F19,"－") -> 1.1746032 | S19: =SUM(S20:S26) -> 586 | T19: =IFERROR(S19/F19,"－") -> 1.0335097
C20: 要支援1 | D20: 27 | E20: 33 | F20: 33 | G20: 34 | H20: 33 | I20: 33 | J20: =IFERROR((SUM(G20:I20)/3)/F20,"－") -> 1.010101 | K20: 34 | L20: =IFERROR(K20/F20,"－") -> 1.030303 | M20: 40 | N20: =IFERROR(M20/F20,"－") -> 1.2121212 | O20: 41 | P20: =IFERROR(O20/F20,"－") -> 1.2424242 | Q20: 37 | R20: =IFERROR(Q20/F20,"－") -> 1.1212121 | S20: 31 | T20: =IFERROR(S20/F20,"－") -> 0.93939394
C21: 要支援2 | D21: 73 | E21: 85 | F21: 92 | G21: 97 | H21: 93 | I21: 96 | J21: =IFERROR((SUM(G21:I21)/3)/F21,"－") -> 1.0362319 | K21: 95 | L21: =IFERROR(K21/F21,"－") -> 1.0326087 | M21: 102 | N21: =IFERROR(M21/F21,"－") -> 1.1086957 | O21: 107 | P21: =IFERROR(O21/F21,"－") -> 1.1630435 | Q21: 103 | R21: =IFERROR(Q21/F21,"－") -> 1.1195652 | S21: 92 | T21: =IFERROR(S21/F21,"－") -> 1
C22: 要介護1 | D22: 69 | E22: 70 | F22: 65 | G22: 64 | H22: 72 | I22: 73 | J22: =IFERROR((SUM(G22:I22)/3)/F22,"－") -> 1.0717949 | K22: 75 | L22: =IFERROR(K22/F22,"－") -> 1.1538462 | M22: 82 | N22: =IFERROR(M22/F22,"－") -> 1.2615385 | O22: 85 | P22: =IFERROR(O22/F22,"－") -> 1.3076923 | Q22: 78 | R22: =IFERROR(Q22/F22,"－") -> 1.2 | S22: 67 | T22: =IFERROR(S22/F22,"－") -> 1.0307692
C23: 要介護2 | D23: 126 | E23: 116 | F23: 97 | G23: 98 | H23: 91 | I23: 93 | J23: =IFERROR((SUM(G23:I23)/3)/F23,"－") -> 0.96907216 | K23: 94 | L23: =IFERROR(K23/F23,"－") -> 0.96907216 | M23: 104 | N23: =IFERROR(M23/F23,"－") -> 1.0721649 | O23: 108 | P23: =IFERROR(O23/F23,"－") -> 1.1134021 | Q23: 102 | R23: =IFERROR(Q23/F23,"－") -> 1.0515464 | S23: 89 | T23: =IFERROR(S23/F23,"－") -> 0.91752577
C24: 要介護3 | D24: 126 | E24: 131 | F24: 133 | G24: 138 | H24: 134 | I24: 134 | J24: =IFERROR((SUM(G24:I24)/3)/F24,"－") -> 1.0175439 | K24: 133 | L24: =IFERROR(K24/F24,"－") -> 1 | M24: 149 | N24: =IFERROR(M24/F24,"－") -> 1.1203008 | O24: 164 | P24: =IFERROR(O24/F24,"－") -> 1.2330827 | Q24: 164 | R24: =IFERROR(Q24/F24,"－") -> 1.2330827 | S24: 143 | T24: =IFERROR(S24/F24,"－") -> 1.075188
C25: 要介護4 | D25: 89 | E25: 84 | F25: 98 | G25: 99 | H25: 103 | I25: 102 | J25: =IFERROR((SUM(G25:I25)/3)/F25,"－") -> 1.0340136 | K25: 103 | L25: =IFERROR(K25/F25,"－") -> 1.0510204 | M25: 110 | N25: =IFERROR(M25/F25,"－") -> 1.122449 | O25: 122 | P25: =IFERROR(O25/F25,"－") -> 1.244898 | Q25: 119 | R25: =IFERROR(Q25/F25,"－") -> 1.2142857 | S25: 107 | T25: =IFERROR(S25/F25,"－") -> 1.0918367
C26: 要介護5 | D26: 52 | E26: 49 | F26: 49 | G26: 50 | H26: 50 | I26: 50 | J26: =IFERROR((SUM(G26:I26)/3)/F26,"－") -> 1.0204082 | K26: 51 | L26: =IFERROR(K26/F26,"－") -> 1.0408163 | M26: 52 | N26: =IFERROR(M26/F26,"－") -> 1.0612245 | O26: 61 | P26: =IFERROR(O26/F26,"－") -> 1.244898 | Q26: 63 | R26: =IFERROR(Q26/F26,"－") -> 1.2857143 | S26: 57 | T26: =IFERROR(S26/F26,"－") -> 1.1632653
B27: うち第1号被保険者数 | D27: =SUM(D28:D34) -> 554 | E27: =SUM(E28:E34) -> 560 | F27: =SUM(F28:F34) -> 562 | G27: =SUM(G28:G34) -> 575 | H27: =SUM(H28:H34) -> 571 | I27: =SUM(I28:I34) -> 576 | J27: =IFERROR((SUM(G27:I27)/3)/F27,"－") -> 1.0213523 | K27: =SUM(K28:K34) -> 580 | L27: =IFERROR(K27/F27,"－") -> 1.0320285 | M27: =SUM(M28:M34) -> 634 | N27: =IFERROR(M27/F27,"－") -> 1.1281139 | O27: =SUM(O28:O34) -> 683 | P27: =IFERROR(O27/F27,"－") -> 1.2153025 | Q27: =SUM(Q28:Q34) -> 662 | R27: =IFERROR(Q27/F27,"－") -> 1.1779359 | S27: =SUM(S28:S34) -> 584 | T27: =IFERROR(S27/F27,"－") -> 1.0391459
C28: 要支援1 | D28: 27 | E28: 33 | F28: 33 | G28: 34 | H28: 33 | I28: 33 | J28: =IFERROR((SUM(G28:I28)/3)/F28,"－") -> 1.010101 | K28: 34 | L28: =IFERROR(K28/F28,"－") -> 1.030303 | M28: 40 | N28: =IFERROR(M28/F28,"－") -> 1.2121212 | O28: 41 | P28: =IFERROR(O28/F28,"－") -> 1.2424242 | Q28: 37 | R28: =IFERROR(Q28/F28,"－") -> 1.1212121 | S28: 31 | T28: =IFERROR(S28/F28,"－") -> 0.93939394
C29: 要支援2 | D29: 72 | E29: 84 | F29: 91 | G29: 96 | H29: 92 | I29: 95 | J29: =IFERROR((SUM(G29:I29)/3)/F29,"－") -> 1.03663 | K29: 94 | L29: =IFERROR(K29/F29,"－") -> 1.032967 | M29: 101 | N29: =IFERROR(M29/F29,"－") -> 1.1098901 | O29: 106 | P29: =IFERROR(O29/F29,"－") -> 1.1648352 | Q29: 102 | R29: =IFERROR(Q29/F29,"－") -> 1.1208791 | S29: 92 | T29: =IFERROR(S29/F29,"－") -> 1.010989
C30: 要介護1 | D30: 68 | E30: 69 | F30: 65 | G30: 64 | H30: 72 | I30: 73 | J30: =IFERROR((SUM(G30:I30)/3)/F30,"－") -> 1.0717949 | K30: 75 | L30: =IFERROR(K30/F30,"－") -> 1.1538462 | M30: 82 | N30: =IFERROR(M30/F30,"－") -> 1.2615385 | O30: 85 | P30: =IFERROR(O30/F30,"－") -> 1.3076923 | Q30: 78 | R30: =IFERROR(Q30/F30,"－") -> 1.2 | S30: 67 | T30: =IFERROR(S30/F30,"－") -> 1.0307692
C31: 要介護2 | D31: 124 | E31: 115 | F31: 97 | G31: 98 | H31: 91 | I31: 93 | J31: =IFERROR((SUM(G31:I31)/3)/F31,"－") -> 0.96907216 | K31: 94 | L31: =IFERROR(K31/F31,"－") -> 0.96907216 | M31: 104 | N31: =IFERROR(M31/F31,"－") -> 1.0721649 | O31: 108 | P31: =IFERROR(O31/F31,"－") -> 1.1134021 | Q31: 102 | R31: =IFERROR(Q31/F31,"－") -> 1.0515464 | S31: 89 | T31: =IFERROR(S31/F31,"－") -> 0.91752577
C32: 要介護3 | D32: 125 | E32: 128 | F32: 131 | G32: 136 | H32: 132 | I32: 132 | J32: =IFERROR((SUM(G32:I32)/3)/F32,"－") -> 1.0178117 | K32: 131 | L32: =IFERROR(K32/F32,"－") -> 1 | M32: 147 | N32: =IFERROR(M32/F32,"－") -> 1.1221374 | O32: 162 | P32: =IFERROR(O32/F32,"－") -> 1.2366412 | Q32: 162 | R32: =IFERROR(Q32/F32,"－") -> 1.2366412 | S32: 142 | T32: =IFERROR(S32/F32,"－") -> 1.0839695
C33: 要介護4 | D33: 87 | E33: 83 | F33: 98 | G33: 99 | H33: 103 | I33: 102 | J33: =IFERROR((SUM(G33:I33)/3)/F33,"－") -> 1.0340136 | K33: 103 | L33: =IFERROR(K33/F33,"－") -> 1.0510204 | M33: 110 | N33: =IFERROR(M33/F33,"－") -> 1.122449 | O33: 122 | P33: =IFERROR(O33/F33,"－") -> 1.244898 | Q33: 119 | R33: =IFERROR(Q33/F33,"－") -> 1.2142857 | S33: 107 | T33: =IFERROR(S33/F33,"－") -> 1.0918367
C34: 要介護5 | D34: 51 | E34: 48 | F34: 47 | G34: 48 | H34: 48 | I34: 48 | J34: =IFERROR((SUM(G34:I34)/3)/F34,"－") -> 1.0212766 | K34: 49 | L34: =IFERROR(K34/F34,"－") -> 1.0425532 | M34: 50 | N34: =IFERROR(M34/F34,"－") -> 1.0638298 | O34: 59 | P34: =IFERROR(O34/F34,"－") -> 1.2553191 | Q34: 62 | R34: =IFERROR(Q34/F34,"－") -> 1.3191489 | S34: 56 | T34: =IFERROR(S34/F34,"－") -> 1.1914894
G35: ※１：第10期平均値/令和8年度の値*100 | K35: ※２：令和12（17,22,27,32）年度の値/令和8年度の値*100
A37: ３．介護予防サービス見込量
T38: 単位：千円
D39: 令和6年度 | E39: 令和7年度 | F39: 令和8年度 | G39: 令和9年度 | H39: 令和10年度 | I39: 令和11年度 | J39: 伸び率① ※１ | K39: 令和12年度 | L39: 伸び率① ※２ | M39: 令和17年度 | N39: 伸び率① ※２ | O39: 令和22年度 | P39: 伸び率① ※２ | Q39: 令和27年度 | R39: 伸び率① ※２ | S39: 令和32年度 | T39: 伸び率① ※２
A40: （１）在宅サービス | D40: =('2_サービス別給付費'!D12+'2_サービス別給付費'!D14+'2_サービス別給付費'!D17+'2_サービス別給付費'!D20+'2_サービス別給付費'!D23+'2_サービス別給付費'!D25+'2_サービス別給付費'!D27+'2_サービス別給付費'!D29+'2_サービス別給付費'!D32+'2_サービス別給付費'!D35+'2_サービス別給付費'!D38+'2_サービス別給付費'!D41+'2_サービス別給付費'!D43+'2_サービス別給付費'!D45+'2_サービス別給付費'!D50+'2_サービス別給付費'!D53+'2_サービス別給付費'!D57) -> 27005.507 | E40: =('2_サービス別給付費'!E12+'2_サービス別給付費'!E14+'2_サービス別給付費'!E17+'2_サービス別給付費'!E20+'2_サービス別給付費'!E23+'2_サービス別給付費'!E25+'2_サービス別給付費'!E27+'2_サービス別給付費'!E29+'2_サービス別給付費'!E32+'2_サービス別給付費'!E35+'2_サービス別給付費'!E38+'2_サービス別給付費'!E41+'2_サービス別給付費'!E43+'2_サービス別給付費'!E45+'2_サービス別給付費'!E50+'2_サービス別給付費'!E53+'2_サービス別給付費'!E57) -> 27938.341 | F40: =('2_サービス別給付費'!F12+'2_サービス別給付費'!F14+'2_サービス別給付費'!F17+'2_サービス別給付費'!F20+'2_サービス別給付費'!F23+'2_サービス別給付費'!F25+'2_サービス別給付費'!F27+'2_サービス別給付費'!F29+'2_サービス別給付費'!F32+'2_サービス別給付費'!F35+'2_サービス別給付費'!F38+'2_サービス別給付費'!F41+'2_サービス別給付費'!F43+'2_サービス別給付費'!F45+'2_サービス別給付費'!F50+'2_サービス別給付費'!F53+'2_サービス別給付費'!F57) -> 26302.52 | G40: =('2_サービス別給付費'!G12+'2_サービス別給付費'!G14+'2_サービス別給付費'!G17+'2_サービス別給付費'!G20+'2_サービス別給付費'!G23+'2_サービス別給付費'!G25+'2_サービス別給付費'!G27+'2_サービス別給付費'!G29+'2_サービス別給付費'!G32+'2_サービス別給付費'!G35+'2_サービス別給付費'!G38+'2_サービス別給付費'!G41+'2_サービス別給付費'!G43+'2_サービス別給付費'!G45+'2_サービス別給付費'!G50+'2_サービス別給付費'!G53+'2_サービス別給付費'!G57) -> 28331 | H40: =('2_サービス別給付費'!H12+'2_サービス別給付費'!H14+'2_サービス別給付費'!H17+'2_サービス別給付費'!H20+'2_サービス別給付費'!H23+'2_サービス別給付費'!H25+'2_サービス別給付費'!H27+'2_サービス別給付費'!H29+'2_サービス別給付費'!H32+'2_サービス別給付費'!H35+'2_サービス別給付費'!H38+'2_サービス別給付費'!H41+'2_サービス別給付費'!H43+'2_サービス別給付費'!H45+'2_サービス別給付費'!H50+'2_サービス別給付費'!H53+'2_サービス別給付費'!H57+'2_サービス別給付費'!H59) -> 27269 | I40: =('2_サービス別給付費'!I12+'2_サービス別給付費'!I14+'2_サービス別給付費'!I17+'2_サービス別給付費'!I20+'2_サービス別給付費'!I23+'2_サービス別給付費'!I25+'2_サービス別給付費'!I27+'2_サービス別給付費'!I29+'2_サービス別給付費'!I32+'2_サービス別給付費'!I35+'2_サービス別給付費'!I38+'2_サービス別給付費'!I41+'2_サービス別給付費'!I43+'2_サービス別給付費'!I45+'2_サービス別給付費'!I50+'2_サービス別給付費'!I53+'2_サービス別給付費'!I57+'2_サービス別給付費'!I59) -> 27965 | J40: =IFERROR((SUM(G40:I40)/3)/F40,"－") -> 1.059024 | K40: =('2_サービス別給付費'!K12+'2_サービス別給付費'!K14+'2_サービス別給付費'!K17+'2_サービス別給付費'!K20+'2_サービス別給付費'!K23+'2_サービス別給付費'!K25+'2_サービス別給付費'!K27+'2_サービス別給付費'!K29+'2_サービス別給付費'!K32+'2_サービス別給付費'!K35+'2_サービス別給付費'!K38+'2_サービス別給付費'!K41+'2_サービス別給付費'!K43+'2_サービス別給付費'!K45+'2_サービス別給付費'!K50+'2_サービス別給付費'!K53+'2_サービス別給付費'!K57+'2_サービス別給付費'!K59) -> 28024 | L40: =IFERROR(K40/F40,"－") -> 1.0654492 | M40: =('2_サービス別給付費'!M12+'2_サービス別給付費'!M14+'2_サービス別給付費'!M17+'2_サービス別給付費'!M20+'2_サービス別給付費'!M23+'2_サービス別給付費'!M25+'2_サービス別給付費'!M27+'2_サービス別給付費'!M29+'2_サービス別給付費'!M32+'2_サービス別給付費'!M35+'2_サービス別給付費'!M38+'2_サービス別給付費'!M41+'2_サービス別給付費'!M43+'2_サービス別給付費'!M45+'2_サービス別給付費'!M50+'2_サービス別給付費'!M53+'2_サービス別給付費'!M57+'2_サービス別給付費'!M59) -> 30145 | N40: =IFERROR(M40/F40,"－") -> 1.1460879 | O40: =('2_サービス別給付費'!O12+'2_サービス別給付費'!O14+'2_サービス別給付費'!O17+'2_サービス別給付費'!O20+'2_サービス別給付費'!O23+'2_サービス別給付費'!O25+'2_サービス別給付費'!O27+'2_サービス別給付費'!O29+'2_サービス別給付費'!O32+'2_サービス別給付費'!O35+'2_サービス別給付費'!O38+'2_サービス別給付費'!O41+'2_サービス別給付費'!O43+'2_サービス別給付費'!O45+'2_サービス別給付費'!O50+'2_サービス別給付費'!O53+'2_サービス別給付費'!O57+'2_サービス別給付費'!O59) -> 31301 | P40: =IFERROR(O40/F40,"－") -> 1.190038 | Q40: =('2_サービス別給付費'!Q12+'2_サービス別給付費'!Q14+'2_サービス別給付費'!Q17+'2_サービス別給付費'!Q20+'2_サービス別給付費'!Q23+'2_サービス別給付費'!Q25+'2_サービス別給付費'!Q27+'2_サービス別給付費'!Q29+'2_サービス別給付費'!Q32+'2_サービス別給付費'!Q35+'2_サービス別給付費'!Q38+'2_サービス別給付費'!Q41+'2_サービス別給付費'!Q43+'2_サービス別給付費'!Q45+'2_サービス別給付費'!Q50+'2_サービス別給付費'!Q53+'2_サービス別給付費'!Q57+'2_サービス別給付費'!Q59) -> 29982 | R40: =IFERROR(Q40/F40,"－") -> 1.1398908 | S40: =('2_サービス別給付費'!S12+'2_サービス別給付費'!S14+'2_サービス別給付費'!S17+'2_サービス別給付費'!S20+'2_サービス別給付費'!S23+'2_サービス別給付費'!S25+'2_サービス別給付費'!S27+'2_サービス別給付費'!S29+'2_サービス別給付費'!S32+'2_サービス別給付費'!S35+'2_サービス別給付費'!S38+'2_サービス別給付費'!S41+'2_サービス別給付費'!S43+'2_サービス別給付費'!S45+'2_サービス別給付費'!S50+'2_サービス別給付費'!S53+'2_サービス別給付費'!S57+'2_サービス別給付費'!S59) -> 26805 | T40: =IFERROR(S40/F40,"－") -> 1.0191039
A41: （２）居住系サービス | D41: =('2_サービス別給付費'!D47+'2_サービス別給付費'!D55) -> 0 | E41: =('2_サービス別給付費'!E47+'2_サービス別給付費'!E55) -> 4349.297 | F41: =('2_サービス別給付費'!F47+'2_サービス別給付費'!F55) -> 3086.664 | G41: =('2_サービス別給付費'!G47+'2_サービス別給付費'!G55) -> 3070 | H41: =('2_サービス別給付費'!H47+'2_サービス別給付費'!H55) -> 3070 | I41: =('2_サービス別給付費'!I47+'2_サービス別給付費'!I55) -> 3070 | J41: =IFERROR((SUM(G41:I41)/3)/F41,"－") -> 0.99460129 | K41: =('2_サービス別給付費'!K47+'2_サービス別給付費'!K55) -> 3070 | L41: =IFERROR(K41/F41,"－") -> 0.99460129 | M41: =('2_サービス別給付費'!M47+'2_サービス別給付費'!M55) -> 3070 | N41: =IFERROR(M41/F41,"－") -> 0.99460129 | O41: =('2_サービス別給付費'!O47+'2_サービス別給付費'!O55) -> 3070 | P41: =IFERROR(O41/F41,"－") -> 0.99460129 | Q41: =('2_サービス別給付費'!Q47+'2_サービス別給付費'!Q55) -> 3070 | R41: =IFERROR(Q41/F41,"－") -> 0.99460129 | S41: =('2_サービス別給付費'!S47+'2_サービス別給付費'!S55) -> 3070 | T41: =IFERROR(S41/F41,"－") -> 0.99460129
A42: 合計 | D42: =SUM(D40:D41) -> 27005.507 | E42: =SUM(E40:E41) -> 32287.638 | F42: =SUM(F40:F41) -> 29389.184 | G42: =SUM(G40:G41) -> 31401 | H42: =SUM(H40:H41) -> 30339 | I42: =SUM(I40:I41) -> 31035 | J42: =IFERROR((SUM(G42:I42)/3)/F42,"－") -> 1.0522579 | K42: =SUM(K40:K41) -> 31094 | L42: =IFERROR(K42/F42,"－") -> 1.0580083 | M42: =SUM(M40:M41) -> 33215 | N42: =IFERROR(M42/F42,"－") -> 1.1301777 | O42: =SUM(O40:O41) -> 34371 | P42: =IFERROR(O42/F42,"－") -> 1.1695119 | Q42: =SUM(Q40:Q41) -> 33052 | R42: =IFERROR(Q42/F42,"－") -> 1.1246314 | S42: =SUM(S40:S41) -> 29875 | T42: =IFERROR(S42/F42,"－") -> 1.0165304
G43: ※１：第10期平均値/令和8年度の値*100 | K43: ※２：令和12（17,22,27,32）年度の値/令和8年度の値*100
A59: ４．介護サービス見込量
T60: 単位：千円
D61: 令和6年度 | E61: 令和7年度 | F61: 令和8年度 | G61: 令和9年度 | H61: 令和10年度 | I61: 令和11年度 | J61: 伸び率① ※１ | K61: 令和12年度 | L61: 伸び率① ※２ | M61: 令和17年度 | N61: 伸び率① ※２ | O61: 令和22年度 | P61: 伸び率① ※２ | Q61: 令和27年度 | R61: 伸び率① ※２ | S61: 令和32年度 | T61: 伸び率① ※２
A62: （１）在宅サービス | D62: =('2_サービス別給付費'!D68+'2_サービス別給付費'!D71+'2_サービス別給付費'!D74+'2_サービス別給付費'!D77+'2_サービス別給付費'!D80+ '2_サービス別給付費'!D82+'2_サービス別給付費'!D85+'2_サービス別給付費'!D88+'2_サービス別給付費'!D91+'2_サービス別給付費'!D94+ '2_サービス別給付費'!D97+'2_サービス別給付費'!D100+'2_サービス別給付費'!D102+'2_サービス別給付費'!D104+'2_サービス別給付費'!D109+ '2_サービス別給付費'!D111+'2_サービス別給付費'!D116+'2_サービス別給付費'!D119+'2_サービス別給付費'!D127+'2_サービス別給付費'!D113+'2_サービス別給付費'!D140) -> 312648.6 | E62: =('2_サービス別給付費'!E68+'2_サービス別給付費'!E71+'2_サービス別給付費'!E74+'2_サービス別給付費'!E77+'2_サービス別給付費'!E80+ '2_サービス別給付費'!E82+'2_サービス別給付費'!E85+'2_サービス別給付費'!E88+'2_サービス別給付費'!E91+'2_サービス別給付費'!E94+ '2_サービス別給付費'!E97+'2_サービス別給付費'!E100+'2_サービス別給付費'!E102+'2_サービス別給付費'!E104+'2_サービス別給付費'!E109+ '2_サービス別給付費'!E111+'2_サービス別給付費'!E116+'2_サービス別給付費'!E119+'2_サービス別給付費'!E127+'2_サービス別給付費'!E113+'2_サービス別給付費'!E140) -> 290059.01 | F62: =('2_サービス別給付費'!F68+'2_サービス別給付費'!F71+'2_サービス別給付費'!F74+'2_サービス別給付費'!F77+'2_サービス別給付費'!F80+ '2_サービス別給付費'!F82+'2_サービス別給付費'!F85+'2_サービス別給付費'!F88+'2_サービス別給付費'!F91+'2_サービス別給付費'!F94+ '2_サービス別給付費'!F97+'2_サービス別給付費'!F100+'2_サービス別給付費'!F102+'2_サービス別給付費'!F104+'2_サービス別給付費'!F109+ '2_サービス別給付費'!F111+'2_サービス別給付費'!F116+'2_サービス別給付費'!F119+'2_サービス別給付費'!F127+'2_サービス別給付費'!F113+'2_サービス別給付費'!F140) -> 285894.77 | G62: =('2_サービス別給付費'!G68+'2_サービス別給付費'!G71+'2_サービス別給付費'!G74+'2_サービス別給付費'!G77+'2_サービス別給付費'!G80+ '2_サービス別給付費'!G82+'2_サービス別給付費'!G85+'2_サービス別給付費'!G88+'2_サービス別給付費'!G91+'2_サービス別給付費'!G94+ '2_サービス別給付費'!G97+'2_サービス別給付費'!G100+'2_サービス別給付費'!G102+'2_サービス別給付費'!G104+'2_サービス別給付費'!G109+ '2_サービス別給付費'!G111+'2_サービス別給付費'!G116+'2_サービス別給付費'!G119+'2_サービス別給付費'!G127+'2_サービス別給付費'!G113+'2_サービス別給付費'!G140) -> 314484 | H62: =('2_サービス別給付費'!H68+'2_サービス別給付費'!H71+'2_サービス別給付費'!H74+'2_サービス別給付費'!H77+'2_サービス別給付費'!H80+ '2_サービス別給付費'!H82+'2_サービス別給付費'!H85+'2_サービス別給付費'!H88+'2_サービス別給付費'!H91+'2_サービス別給付費'!H94+ '2_サービス別給付費'!H97+'2_サービス別給付費'!H100+'2_サービス別給付費'!H102+'2_サービス別給付費'!H104+'2_サービス別給付費'!H109+ '2_サービス別給付費'!H111+'2_サービス別給付費'!H116+'2_サービス別給付費'!H119+'2_サービス別給付費'!H127+'2_サービス別給付費'!H113+'2_サービス別給付費'!H140+'2_サービス別給付費'!H142) -> 311410 | I62: =('2_サービス別給付費'!I68+'2_サービス別給付費'!I71+'2_サービス別給付費'!I74+'2_サービス別給付費'!I77+'2_サービス別給付費'!I80+ '2_サービス別給付費'!I82+'2_サービス別給付費'!I85+'2_サービス別給付費'!I88+'2_サービス別給付費'!I91+'2_サービス別給付費'!I94+ '2_サービス別給付費'!I97+'2_サービス別給付費'!I100+'2_サービス別給付費'!I102+'2_サービス別給付費'!I104+'2_サービス別給付費'!I109+ '2_サービス別給付費'!I111+'2_サービス別給付費'!I116+'2_サービス別給付費'!I119+'2_サービス別給付費'!I127+'2_サービス別給付費'!I113+'2_サービス別給付費'!I140+'2_サービス別給付費'!I142) -> 313715 | J62: =IFERROR((SUM(G62:I62)/3)/F62,"－") -> 1.0955185 | K62: =('2_サービス別給付費'!K68+'2_サービス別給付費'!K71+'2_サービス別給付費'!K74+'2_サービス別給付費'!K77+'2_サービス別給付費'!K80+ '2_サービス別給付費'!K82+'2_サービス別給付費'!K85+'2_サービス別給付費'!K88+'2_サービス別給付費'!K91+'2_サービス別給付費'!K94+ '2_サービス別給付費'!K97+'2_サービス別給付費'!K100+'2_サービス別給付費'!K102+'2_サービス別給付費'!K104+'2_サービス別給付費'!K109+ '2_サービス別給付費'!K111+'2_サービス別給付費'!K116+'2_サービス別給付費'!K119+'2_サービス別給付費'!K127+'2_サービス別給付費'!K113+'2_サービス別給付費'!K140+'2_サービス別給付費'!K142) -> 298411 | L62: =IFERROR(K62/F62,"－") -> 1.0437791 | M62: =('2_サービス別給付費'!M68+'2_サービス別給付費'!M71+'2_サービス別給付費'!M74+'2_サービス別給付費'!M77+'2_サービス別給付費'!M80+ '2_サービス別給付費'!M82+'2_サービス別給付費'!M85+'2_サービス別給付費'!M88+'2_サービス別給付費'!M91+'2_サービス別給付費'!M94+ '2_サービス別給付費'!M97+'2_サービス別給付費'!M100+'2_サービス別給付費'!M102+'2_サービス別給付費'!M104+'2_サービス別給付費'!M109+ '2_サービス別給付費'!M111+'2_サービス別給付費'!M116+'2_サービス別給付費'!M119+'2_サービス別給付費'!M127+'2_サービス別給付費'!M113+'2_サービス別給付費'!M140+'2_サービス別給付費'!M142) -> 331863 | N62: =IFERROR(M62/F62,"－") -> 1.1607872 | O62: =('2_サービス別給付費'!O68+'2_サービス別給付費'!O71+'2_サービス別給付費'!O74+'2_サービス別給付費'!O77+'2_サービス別給付費'!O80+ '2_サービス別給付費'!O82+'2_サービス別給付費'!O85+'2_サービス別給付費'!O88+'2_サービス別給付費'!O91+'2_サービス別給付費'!O94+ '2_サービス別給付費'!O97+'2_サービス別給付費'!O100+'2_サービス別給付費'!O102+'2_サービス別給付費'!O104+'2_サービス別給付費'!O109+ '2_サービス別給付費'!O111+'2_サービス別給付費'!O116+'2_サービス別給付費'!O119+'2_サービス別給付費'!O127+'2_サービス別給付費'!O113+'2_サービス別給付費'!O140+'2_サービス別給付費'!O142) -> 352506 | P62: =IFERROR(O62/F62,"－") -> 1.2329921 | Q62: =('2_サービス別給付費'!Q68+'2_サービス別給付費'!Q71+'2_サービス別給付費'!Q74+'2_サービス別給付費'!Q77+'2_サービス別給付費'!Q80+ '2_サービス別給付費'!Q82+'2_サービス別給付費'!Q85+'2_サービス別給付費'!Q88+'2_サービス別給付費'!Q91+'2_サービス別給付費'!Q94+ '2_サービス別給付費'!Q97+'2_サービス別給付費'!Q100+'2_サービス別給付費'!Q102+'2_サービス別給付費'!Q104+'2_サービス別給付費'!Q109+ '2_サービス別給付費'!Q111+'2_サービス別給付費'!Q116+'2_サービス別給付費'!Q119+'2_サービス別給付費'!Q127+'2_サービス別給付費'!Q113+'2_サービス別給付費'!Q140+'2_サービス別給付費'!Q142) -> 344134 | R62: =IFERROR(Q62/F62,"－") -> 1.2037086 | S62: =('2_サービス別給付費'!S68+'2_サービス別給付費'!S71+'2_サービス別給付費'!S74+'2_サービス別給付費'!S77+'2_サービス別給付費'!S80+ '2_サービス別給付費'!S82+'2_サービス別給付費'!S85+'2_サービス別給付費'!S88+'2_サービス別給付費'!S91+'2_サービス別給付費'!S94+ '2_サービス別給付費'!S97+'2_サービス別給付費'!S100+'2_サービス別給付費'!S102+'2_サービス別給付費'!S104+'2_サービス別給付費'!S109+ '2_サービス別給付費'!S111+'2_サービス別給付費'!S116+'2_サービス別給付費'!S119+'2_サービス別給付費'!S127+'2_サービス別給付費'!S113+'2_サービス別給付費'!S140+'2_サービス別給付費'!S142) -> 305344 | T62: =IFERROR(S62/F62,"－") -> 1.0680293
A63: （２）居住系サービス | D63: =('2_サービス別給付費'!D106+'2_サービス別給付費'!D121+'2_サービス別給付費'!D123) -> 91870.496 | E63: =('2_サービス別給付費'!E106+'2_サービス別給付費'!E121+'2_サービス別給付費'!E123) -> 86313.202 | F63: =('2_サービス別給付費'!F106+'2_サービス別給付費'!F121+'2_サービス別給付費'!F123) -> 86314.56 | G63: =('2_サービス別給付費'!G106+'2_サービス別給付費'!G121+'2_サービス別給付費'!G123) -> 89840 | H63: =('2_サービス別給付費'!H106+'2_サービス別給付費'!H121+'2_サービス別給付費'!H123) -> 89601 | I63: =('2_サービス別給付費'!I106+'2_サービス別給付費'!I121+'2_サービス別給付費'!I123) -> 92907 | J63: =IFERROR((SUM(G63:I63)/3)/F63,"－") -> 1.0517654 | K63: =('2_サービス別給付費'!K106+'2_サービス別給付費'!K121+'2_サービス別給付費'!K123) -> 92907 | L63: =IFERROR(K63/F63,"－") -> 1.0763769 | M63: =('2_サービス別給付費'!M106+'2_サービス別給付費'!M121+'2_サービス別給付費'!M123) -> 102639 | N63: =IFERROR(M63/F63,"－") -> 1.1891273 | O63: =('2_サービス別給付費'!O106+'2_サービス別給付費'!O121+'2_サービス別給付費'!O123) -> 105998 | P63: =IFERROR(O63/F63,"－") -> 1.2280431 | Q63: =('2_サービス別給付費'!Q106+'2_サービス別給付費'!Q121+'2_サービス別給付費'!Q123) -> 102692 | R63: =IFERROR(Q63/F63,"－") -> 1.1897413 | S63: =('2_サービス別給付費'!S106+'2_サービス別給付費'!S121+'2_サービス別給付費'!S123) -> 86534 | T63: =IFERROR(S63/F63,"－") -> 1.0025423
A64: （３）施設サービス | D64: =('2_サービス別給付費'!D125+'2_サービス別給付費'!D132+'2_サービス別給付費'!D134+'2_サービス別給付費'!D136+'2_サービス別給付費'!D138) -> 578238.23 | E64: =('2_サービス別給付費'!E125+'2_サービス別給付費'!E132+'2_サービス別給付費'!E134+'2_サービス別給付費'!E136+'2_サービス別給付費'!E138) -> 589563.92 | F64: =('2_サービス別給付費'!F125+'2_サービス別給付費'!F132+'2_サービス別給付費'!F134+'2_サービス別給付費'!F136+'2_サービス別給付費'!F138) -> 591356.29 | G64: =('2_サービス別給付費'!G125+'2_サービス別給付費'!G132+'2_サービス別給付費'!G134+'2_サービス別給付費'!G136+'2_サービス別給付費'!G138) -> 589422 | H64: =('2_サービス別給付費'!H125+'2_サービス別給付費'!H132+'2_サービス別給付費'!H134+'2_サービス別給付費'!H136+'2_サービス別給付費'!H138) -> 589422 | I64: =('2_サービス別給付費'!I125+'2_サービス別給付費'!I132+'2_サービス別給付費'!I134+'2_サービス別給付費'!I136+'2_サービス別給付費'!I138) -> 589422 | J64: =IFERROR((SUM(G64:I64)/3)/F64,"－") -> 0.99672906 | K64: =('2_サービス別給付費'!K125+'2_サービス別給付費'!K132+'2_サービス別給付費'!K134+'2_サービス別給付費'!K136+'2_サービス別給付費'!K138) -> 639188 | L64: =IFERROR(K64/F64,"－") -> 1.0808848 | M64: =('2_サービス別給付費'!M125+'2_サービス別給付費'!M132+'2_サービス別給付費'!M134+'2_サービス別給付費'!M136+'2_サービス別給付費'!M138) -> 678091 | N64: =IFERROR(M64/F64,"－") -> 1.1466708 | O64: =('2_サービス別給付費'!O125+'2_サービス別給付費'!O132+'2_サービス別給付費'!O134+'2_サービス別給付費'!O136+'2_サービス別給付費'!O138) -> 759965 | P64: =IFERROR(O64/F64,"－") -> 1.285122 | Q64: =('2_サービス別給付費'!Q125+'2_サービス別給付費'!Q132+'2_サービス別給付費'!Q134+'2_サービス別給付費'!Q136+'2_サービス別給付費'!Q138) -> 757153 | R64: =IFERROR(Q64/F64,"－") -> 1.2803669 | S64: =('2_サービス別給付費'!S125+'2_サービス別給付費'!S132+'2_サービス別給付費'!S134+'2_サービス別給付費'!S136+'2_サービス別給付費'!S138) -> 676683 | T64: =IFERROR(S64/F64,"－") -> 1.1442898
A65: 合計 | D65: =SUM(D62:D64) -> 982757.33 | E65: =SUM(E62:E64) -> 965936.13 | F65: =SUM(F62:F64) -> 963565.63 | G65: =SUM(G62:G64) -> 993746 | H65: =SUM(H62:H64) -> 990433 | I65: =SUM(I62:I64) -> 996044 | J65: =IFERROR((SUM(G65:I65)/3)/F65,"－") -> 1.0309704 | K65: =SUM(K62:K64) -> 1030506 | L65: =IFERROR(K65/F65,"－") -> 1.0694715 | M65: =SUM(M62:M64) -> 1112593 | N65: =IFERROR(M65/F65,"－") -> 1.1546624 | O65: =SUM(O62:O64) -> 1218469 | P65: =IFERROR(O65/F65,"－") -> 1.2645418 | Q65: =SUM(Q62:Q64) -> 1203979 | R65: =IFERROR(Q65/F65,"－") -> 1.2495039 | S65: =SUM(S62:S64) -> 1068561 | T65: =IFERROR(S65/F65,"－") -> 1.1089655
G66: ※１：第10期平均値/令和8年度の値*100 | K66: ※２：令和12（17,22,27,32）年度の値/令和8年度の値*100
A82: ５．総給付費 （３．＋４．）
T83: 単位：千円
D84: 令和6年度 | E84: 令和7年度 | F84: 令和8年度 | G84: 令和9年度 | H84: 令和10年度 | I84: 令和11年度 | J84: 伸び率① ※１ | K84: 令和12年度 | L84: 伸び率① ※２ | M84: 令和17年度 | N84: 伸び率① ※２ | O84: 令和22年度 | P84: 伸び率① ※２ | Q84: 令和27年度 | R84: 伸び率① ※２ | S84: 令和32年度 | T84: 伸び率① ※２
A85: 総給付費 | D85: =D42+D65 -> 1009762.8 | E85: =E65+E42 -> 998223.77 | F85: =F65+F42 -> 992954.81 | G85: =G65+G42 -> 1025147 | H85: =H65+H42 -> 1020772 | I85: =I65+I42 -> 1027079 | J85: =IFERROR((SUM(G85:I85)/3)/F85,"－") -> 1.0316005 | K85: =K65+K42 -> 1061600 | L85: =IFERROR(K85/F85,"－") -> 1.0691322 | M85: =M65+M42 -> 1145808 | N85: =IFERROR(M85/F85,"－") -> 1.1539377 | O85: =O65+O42 -> 1252840 | P85: =IFERROR(O85/F85,"－") -> 1.2617291 | Q85: =Q65+Q42 -> 1237031 | R85: =IFERROR(Q85/F85,"－") -> 1.245808 | S85: =S65+S42 -> 1098436 | T85: =IFERROR(S85/F85,"－") -> 1.1062296
A86: ※給付費は年間累計の金額 | G86: ※１：第10期平均値/令和8年度の値*100 | K86: ※２：令和12（17,22,27,32）年度の値/令和8年度の値*100
A88: 補足．在宅サービス・施設サービスのバランス（第1号被保険者1人あたりの給付月額）
I89: 単位：千円
D90: 令和6年度 | E90: 令和7年度 | F90: 令和8年度 | G90: 令和9年度 | H90: 令和10年度 | I90: 令和11年度
A91: 在宅サービス | D91: =IFERROR((D62+D40)/D12,"－") -> 103.86976 | E91: =IFERROR((E62+E40)/E12,"－") -> 96.802847 | F91: =IFERROR((F62+F40)/F12,"－") -> 95.854251 | G91: =IFERROR((G62+G40)/G12,"－") -> 106.10183 | H91: =IFERROR((H62+H40)/H12,"－") -> 105.73806 | I91: =IFERROR((I62+I40)/I12,"－") -> 107.548
A92: 施設サービス | D92: =IFERROR(D64/D12,"－") -> 176.83126 | E92: =IFERROR(E64/E12,"－") -> 179.47151 | F92: =IFERROR(F64/F12,"－") -> 181.56472 | G92: =IFERROR(G64/G12,"－") -> 182.42711 | H92: =IFERROR(H64/H12,"－") -> 184.02185 | I92: =IFERROR(I64/I12,"－") -> 185.52786
H106: ※左記グラフでは、在宅サービスおよび施設サービスの第1号被保険者1人あたりの給付月額のバランスについて、令和6年度～令和11年度の時系列推移を確認できます。
A113: ６．受給率
D115: 令和6年度 | E115: 令和7年度 | F115: 令和8年度 | G115: 令和9年度 | H115: 令和10年度 | I115: 令和11年度
A116: 在宅サービス受給率 | D116: =IFERROR(('2_サービス別給付費'!D54+'2_サービス別給付費'!D58+'2_サービス別給付費'!D120+'2_サービス別給付費'!D128+'2_サービス別給付費'!D141)/D12,"－") -> 0.077420999 | E116: =IFERROR(('2_サービス別給付費'!E54+'2_サービス別給付費'!E58+'2_サービス別給付費'!E120+'2_サービス別給付費'!E128+'2_サービス別給付費'!E141)/E12,"－") -> 0.078132927 | F116: =IFERROR(('2_サービス別給付費'!F54+'2_サービス別給付費'!F58+'2_サービス別給付費'!F120+'2_サービス別給付費'!F128+'2_サービス別給付費'!F141)/F12,"－") -> 0.078599939 | G116: =IFERROR(('2_サービス別給付費'!G54+'2_サービス別給付費'!G58+'2_サービス別給付費'!G120+'2_サービス別給付費'!G128+'2_サービス別給付費'!G141)/G12,"－") -> 0.082017951 | H116: =IFERROR(('2_サービス別給付費'!H54+'2_サービス別給付費'!H58+'2_サービス別給付費'!H120+'2_サービス別給付費'!H128+'2_サービス別給付費'!H141)/H12,"－") -> 0.081486107 | I116: =IFERROR(('2_サービス別給付費'!I54+'2_サービス別給付費'!I58+'2_サービス別給付費'!I120+'2_サービス別給付費'!I128+'2_サービス別給付費'!I141)/I12,"－") -> 0.082467737
A117: 施設・居住系サービス受給率 | D117: =IFERROR(('2_サービス別給付費'!D48+'2_サービス別給付費'!D56+'2_サービス別給付費'!D107+'2_サービス別給付費'!D122+'2_サービス別給付費'!D124+'2_サービス別給付費'!D126+'2_サービス別給付費'!D133+'2_サービス別給付費'!D135+'2_サービス別給付費'!D137+'2_サービス別給付費'!D139)/D12,"－") -> 0.056931702 | E117: =IFERROR(('2_サービス別給付費'!E48+'2_サービス別給付費'!E56+'2_サービス別給付費'!E107+'2_サービス別給付費'!E122+'2_サービス別給付費'!E124+'2_サービス別給付費'!E126+'2_サービス別給付費'!E133+'2_サービス別給付費'!E135+'2_サービス別給付費'!E137+'2_サービス別給付費'!E139)/E12,"－") -> 0.057711821 | F117: =IFERROR(('2_サービス別給付費'!F48+'2_サービス別給付費'!F56+'2_サービス別給付費'!F107+'2_サービス別給付費'!F122+'2_サービス別給付費'!F124+'2_サービス別給付費'!F126+'2_サービス別給付費'!F133+'2_サービス別給付費'!F135+'2_サービス別給付費'!F137+'2_サービス別給付費'!F139)/F12,"－") -> 0.058335892 | G117: =IFERROR(('2_サービス別給付費'!G48+'2_サービス別給付費'!G56+'2_サービス別給付費'!G107+'2_サービス別給付費'!G122+'2_サービス別給付費'!G124+'2_サービス別給付費'!G126+'2_サービス別給付費'!G133+'2_サービス別給付費'!G135+'2_サービス別給付費'!G137+'2_サービス別給付費'!G139)/G12,"－") -> 0.058805323 | H117: =IFERROR(('2_サービス別給付費'!H48+'2_サービス別給付費'!H56+'2_サービス別給付費'!H107+'2_サービス別給付費'!H122+'2_サービス別給付費'!H124+'2_サービス別給付費'!H126+'2_サービス別給付費'!H133+'2_サービス別給付費'!H135+'2_サービス別給付費'!H137+'2_サービス別給付費'!H139)/H12,"－") -> 0.059319388 | I117: =IFERROR(('2_サービス別給付費'!I48+'2_サービス別給付費'!I56+'2_サービス別給付費'!I107+'2_サービス別給付費'!I122+'2_サービス別給付費'!I124+'2_サービス別給付費'!I126+'2_サービス別給付費'!I133+'2_サービス別給付費'!I135+'2_サービス別給付費'!I137+'2_サービス別給付費'!I139)/I12,"－") -> 0.06011961
H131: ※左記グラフでは、在宅サービスおよび施設・居住系サービス受給率のバランスについて、令和6年度～令和11年度の時系列推移を確認できます。
B137: （補足） 在宅サービス受給率＝在宅サービス利用者数÷第1号被保険者数
B138: 施設・居住系サービス受給率＝施設・居住系サービス利用者数÷第1号被保険者数
A140: ７．介護保険料基準額（月額）
L141: 単位：円
F142: 第9期 | G142: 第10期 | H142: 令和12年度 | I142: 令和17年度 | J142: 令和22年度 | K142: 令和27年度 | L142: 令和32年度
A143: 保険料基準額（月額） | F143: 6508.3306 | G143: 7194.5697 | H143: 8273.0673 | I143: 8901.4153 | J143: 9184.5348 | K143: 9531.725 | L143: 10011.426
A144: 保険料基準額の伸び率（％） （※当該保険料基準額/第9期保険料*100） | G144: =IFERROR(G143/F143,"－") -> 1.1054401 | H144: =IFERROR(H143/F143,"－") -> 1.2711504 | I144: =IFERROR(I143/F143,"－") -> 1.3676956 | J144: =IFERROR(J143/F143,"－") -> 1.4111967 | K144: =IFERROR(K143/F143,"－") -> 1.4645422 | L144: =IFERROR(L143/F143,"－") -> 1.5382479
A147: ８．介護保険料基準額（月額）の内訳
Q148: 単位：円
D149: 第9期 | F149: 第10期 | H149: 令和12年度 | J149: 令和17年度 | L149: 令和22年度 | N149: 令和27年度 | P149: 令和32年度
D150: 金額 | E150: 構成比(%) | F150: 金額 | G150: 構成比(%) | H150: 金額 | I150: 構成比(%) | J150: 金額 | K150: 構成比(%) | L150: 金額 | M150: 構成比(%) | N150: 金額 | O150: 構成比(%) | P150: 金額 | Q150: 構成比(%)
A151: 総給付費 | D151: 6582.3252 | E151: =IFERROR(D151/D$159,"－") -> 0.91333434 | F151: 6328.7322 | G151: =IFERROR(F151/F$159,"－") -> 0.87965402 | H151: 7380.3768 | I151: =IFERROR(H151/H$159,"－") -> 0.89209678 | J151: 7862.602 | K151: =IFERROR(J151/J$159,"－") -> 0.88329796 | L151: 8001.6855 | M151: =IFERROR(L151/L$159,"－") -> 0.87121293 | N151: 8262.8728 | O151: =IFERROR(N151/N$159,"－") -> 0.86688116 | P151: 8762.9251 | Q151: =IFERROR(P151/P$159,"－") -> 0.87529242
B152: 在宅サービス | D152: 2286.0398 | E152: =IFERROR(D152/D$159,"－") -> 0.31720078 | F152: 2107.1912 | G152: =IFERROR(F152/F$159,"－") -> 0.29288633 | H152: 2269.4172 | I152: =IFERROR(H152/H$159,"－") -> 0.27431388 | J152: 2484.1202 | K152: =IFERROR(J152/J$159,"－") -> 0.27907025 | L152: 2451.3129 | M152: =IFERROR(L152/L$159,"－") -> 0.26689571 | N152: 2498.9454 | O152: =IFERROR(N152/N$159,"－") -> 0.26217137 | P152: 2649.7646 | Q152: =IFERROR(P152/P$159,"－") -> 0.26467405
B153: 居住系サービス | D153: 582.4815 | E153: =IFERROR(D153/D$159,"－") -> 0.080822557 | F153: 579.85888 | G153: =IFERROR(F153/F$159,"－") -> 0.080596742 | H153: 667.24418 | I153: =IFERROR(H153/H$159,"－") -> 0.080652575 | J153: 725.38139 | K153: =IFERROR(J153/J$159,"－") -> 0.081490568 | L153: 696.59959 | M153: =IFERROR(L153/L$159,"－") -> 0.075844842 | N153: 706.4479 | O153: =IFERROR(N153/N$159,"－") -> 0.07411543 | P153: 714.8283 | Q153: =IFERROR(P153/P$159,"－") -> 0.071401249
B154: 施設サービス | D154: 3713.8039 | E154: =IFERROR(D154/D$159,"－") -> 0.515311 | F154: 3641.6821 | G154: =IFERROR(F154/F$159,"－") -> 0.50617094 | H154: 4443.7154 | I154: =IFERROR(H154/H$159,"－") -> 0.53713033 | J154: 4653.1004 | K154: =IFERROR(J154/J$159,"－") -> 0.52273714 | L154: 4853.773 | M154: =IFERROR(L154/L$159,"－") -> 0.52847238 | N154: 5057.4795 | O154: =IFERROR(N154/N$159,"－") -> 0.53059436 | P154: 5398.3322 | Q154: =IFERROR(P154/P$159,"－") -> 0.53921713
A155: その他給付費 | D155: 532.71198 | E155: =IFERROR(D155/D$159,"－") -> 0.073916759 | F155: 554.06722 | G155: =IFERROR(F155/F$159,"－") -> 0.077011863 | H155: 597.70882 | I155: =IFERROR(H155/H$159,"－") -> 0.072247547 | J155: 726.44815 | K155: =IFERROR(J155/J$159,"－") -> 0.08161041 | L155: 857.05442 | M155: =IFERROR(L155/L$159,"－") -> 0.093314951 | N155: 930.47814 | O155: =IFERROR(N155/N$159,"－") -> 0.097619072 | P155: 898.86365 | Q155: =IFERROR(P155/P$159,"－") -> 0.089783781
A156: 地域支援事業費 | D156: 188.60771 | E156: =IFERROR(D156/D$159,"－") -> 0.026170372 | F156: 311.77034 | G156: =IFERROR(F156/F$159,"－") -> 0.043334118 | H156: 294.98175 | I156: =IFERROR(H156/H$159,"－") -> 0.035655668 | J156: 312.36514 | K156: =IFERROR(J156/J$159,"－") -> 0.035091626 | L156: 325.79489 | M156: =IFERROR(L156/L$159,"－") -> 0.035472117 | N156: 338.37405 | O156: =IFERROR(N156/N$159,"－") -> 0.035499771 | P156: 349.63698 | Q156: =IFERROR(P156/P$159,"－") -> 0.034923796
A157: 財政安定化基金（拠出金見込額＋償還金） | D157: 0 | E157: =IFERROR(D157/D$159,"－") -> 0 | F157: 0 | G157: =IFERROR(F157/F$159,"－") -> 0 | H157: 0 | I157: =IFERROR(H157/H$159,"－") -> 0 | J157: 0 | K157: =IFERROR(J157/J$159,"－") -> 0 | L157: 0 | M157: =IFERROR(L157/L$159,"－") -> 0 | N157: 0 | O157: =IFERROR(N157/N$159,"－") -> 0 | P157: 0 | Q157: =IFERROR(P157/P$159,"－") -> 0
A158: 市町村特別給付費等 | D158: -96.727415 | E158: =IFERROR(D158/D$159,"－") -> -0.013421468 | F158: 0 | G158: =IFERROR(F158/F$159,"－") -> 0 | H158: 0 | I158: =IFERROR(H158/H$159,"－") -> 0 | J158: 0 | K158: =IFERROR(J158/J$159,"－") -> 0 | L158: 0 | M158: =IFERROR(L158/L$159,"－") -> 0 | N158: 0 | O158: =IFERROR(N158/N$159,"－") -> 0 | P158: 0 | Q158: =IFERROR(P158/P$159,"－") -> 0
A159: 保険料収納必要額（月額） | D159: 7206.9175 | E159: =IFERROR(D159/D$159,"－") -> 1 | F159: 7194.5697 | G159: =IFERROR(F159/F$159,"－") -> 1 | H159: 8273.0673 | I159: =IFERROR(H159/H$159,"－") -> 1 | J159: 8901.4153 | K159: =IFERROR(J159/J$159,"－") -> 1 | L159: 9184.5348 | M159: =IFERROR(L159/L$159,"－") -> 1 | N159: 9531.725 | O159: =IFERROR(N159/N$159,"－") -> 1 | P159: 10011.426 | Q159: =IFERROR(P159/P$159,"－") -> 1
A160: 準備基金取崩額 | D160: 698.58689 | E160: =IFERROR(D160/D$159,"－") -> 0.096932827 | F160: 0 | G160: =IFERROR(F160/F$159,"－") -> 0 | H160: 0 | I160: =IFERROR(H160/H$159,"－") -> 0 | J160: 0 | K160: =IFERROR(J160/J$159,"－") -> 0 | L160: 0 | M160: =IFERROR(L160/L$159,"－") -> 0 | N160: 0 | O160: =IFERROR(N160/N$159,"－") -> 0 | P160: 0 | Q160: =IFERROR(P160/P$159,"－") -> 0
A161: 保険料基準額（月額） | D161: 6508.3306 | E161: =IFERROR(D161/D$159,"－") -> 0.90306717 | F161: 7194.5697 | G161: =IFERROR(F161/F$159,"－") -> 1 | H161: 8273.0673 | I161: =IFERROR(H161/H$159,"－") -> 1 | J161: 8901.4153 | K161: =IFERROR(J161/J$159,"－") -> 1 | L161: 9184.5348 | M161: =IFERROR(L161/L$159,"－") -> 1 | N161: 9531.725 | O161: =IFERROR(N161/N$159,"－") -> 1 | P161: 10011.426 | Q161: =IFERROR(P161/P$159,"－") -> 1

Sheet 2_サービス別給付費
A1: （２）サービス別給付費
S2: 出力日： | T2: ='1_推計値サマリ'!T2 -> 2026/09/11
Q3: 保険者名 | S3: =保険者名 -> 川崎町
Q4: 保険者番号 | S4: =保険者番号 -> 04324
Q5: 推計パターン名 | S5: =推計パターン名 -> R8
A8: １．介護予防サービス見込量
T9: 単位：各項目の（）内
D10: 令和6年度 | E10: 令和7年度 | F10: 令和8年度 | G10: 令和9年度 | H10: 令和10年度 | I10: 令和11年度 | J10: 伸び率① ※１ | K10: 令和12年度 | L10: 伸び率① ※２ | M10: 令和17年度 | N10: 伸び率① ※２ | O10: 令和22年度 | P10: 伸び率① ※２ | Q10: 令和27年度 | R10: 伸び率① ※２ | S10: 令和32年度 | T10: 伸び率① ※２
A11: （１）介護予防サービス
B12: 未使用 | C12: 給付費（千円）
C13: 人数（人）
B14: 介護予防訪問入浴介護 | C14: 給付費（千円） | D14: 52.542 | E14: 168.56 | F14: 0 | G14: 0 | H14: 0 | I14: 0 | J14: =IFERROR(SUM(G14:I14)/3/F14,"－") -> － | K14: 0 | L14: =IFERROR(K14/F14,"－") -> － | M14: 0 | N14: =IFERROR(M14/F14,"－") -> － | O14: 0 | P14: =IFERROR(O14/F14,"－") -> － | Q14: 0 | R14: =IFERROR(Q14/F14,"－") -> － | S14: 0 | T14: =IFERROR(S14/F14,"－") -> －
C15: 回数（回） | D15: 0.5 | E15: 1.6666667 | F15: 0 | G15: 0 | H15: 0 | I15: 0 | J15: =IFERROR(SUM(G15:I15)/3/F15,"－") -> － | K15: 0 | L15: =IFERROR(K15/F15,"－") -> － | M15: 0 | N15: =IFERROR(M15/F15,"－") -> － | O15: 0 | P15: =IFERROR(O15/F15,"－") -> － | Q15: 0 | R15: =IFERROR(Q15/F15,"－") -> － | S15: 0 | T15: =IFERROR(S15/F15,"－") -> －
C16: 人数（人） | D16: 0.16666667 | E16: 0.41666667 | F16: 0 | G16: 0 | H16: 0 | I16: 0 | J16: =IFERROR(SUM(G16:I16)/3/F16,"－") -> － | K16: 0 | L16: =IFERROR(K16/F16,"－") -> － | M16: 0 | N16: =IFERROR(M16/F16,"－") -> － | O16: 0 | P16: =IFERROR(O16/F16,"－") -> － | Q16: 0 | R16: =IFERROR(Q16/F16,"－") -> － | S16: 0 | T16: =IFERROR(S16/F16,"－") -> －
B17: 介護予防訪問看護 | C17: 給付費（千円） | D17: 153.405 | E17: 118.694 | F17: 114.3072 | G17: 318 | H17: 318 | I17: 318 | J17: =IFERROR(SUM(G17:I17)/3/F17,"－") -> 2.781977 | K17: 318 | L17: =IFERROR(K17/F17,"－") -> 2.781977 | M17: 318 | N17: =IFERROR(M17/F17,"－") -> 2.781977 | O17: 318 | P17: =IFERROR(O17/F17,"－") -> 2.781977 | Q17: 318 | R17: =IFERROR(Q17/F17,"－") -> 2.781977 | S17: 318 | T17: =IFERROR(S17/F17,"－") -> 2.781977
C18: 回数（回） | D18: 3.75 | E18: 2.8333333 | F18: 2.8 | G18: 7.8 | H18: 7.8 | I18: 7.8 | J18: =IFERROR(SUM(G18:I18)/3/F18,"－") -> 2.7857143 | K18: 7.8 | L18: =IFERROR(K18/F18,"－") -> 2.7857143 | M18: 7.8 | N18: =IFERROR(M18/F18,"－") -> 2.7857143 | O18: 7.8 | P18: =IFERROR(O18/F18,"－") -> 2.7857143 | Q18: 7.8 | R18: =IFERROR(Q18/F18,"－") -> 2.7857143 | S18: 7.8 | T18: =IFERROR(S18/F18,"－") -> 2.7857143
C19: 人数（人） | D19: 0.91666667 | E19: 1 | F19: 1 | G19: 1 | H19: 1 | I19: 1 | J19: =IFERROR(SUM(G19:I19)/3/F19,"－") -> 1 | K19: 1 | L19: =IFERROR(K19/F19,"－") -> 1 | M19: 1 | N19: =IFERROR(M19/F19,"－") -> 1 | O19: 1 | P19: =IFERROR(O19/F19,"－") -> 1 | Q19: 1 | R19: =IFERROR(Q19/F19,"－") -> 1 | S19: 1 | T19: =IFERROR(S19/F19,"－") -> 1
B20: 介護予防訪問リハビリテーション | C20: 給付費（千円） | D20: 2263.051 | E20: 2212.932 | F20: 2246.6412 | G20: 3526 | H20: 3652 | I20: 3652 | J20: =IFERROR(SUM(G20:I20)/3/F20,"－") -> 1.6068431 | K20: 3652 | L20: =IFERROR(K20/F20,"－") -> 1.6255377 | M20: 3652 | N20: =IFERROR(M20/F20,"－") -> 1.6255377 | O20: 3652 | P20: =IFERROR(O20/F20,"－") -> 1.6255377 | Q20: 3652 | R20: =IFERROR(Q20/F20,"－") -> 1.6255377 | S20: 3652 | T20: =IFERROR(S20/F20,"－") -> 1.6255377
C21: 回数（回） | D21: 60.083333 | E21: 57.666667 | F21: 54.9 | G21: 84.8 | H21: 87.8 | I21: 87.8 | J21: =IFERROR(SUM(G21:I21)/3/F21,"－") -> 1.5810565 | K21: 87.8 | L21: =IFERROR(K21/F21,"－") -> 1.5992714 | M21: 87.8 | N21: =IFERROR(M21/F21,"－") -> 1.5992714 | O21: 87.8 | P21: =IFERROR(O21/F21,"－") -> 1.5992714 | Q21: 87.8 | R21: =IFERROR(Q21/F21,"－") -> 1.5992714 | S21: 87.8 | T21: =IFERROR(S21/F21,"－") -> 1.5992714
C22: 人数（人） | D22: 5 | E22: 5.25 | F22: 5 | G22: 5 | H22: 5 | I22: 5 | J22: =IFERROR(SUM(G22:I22)/3/F22,"－") -> 1 | K22: 5 | L22: =IFERROR(K22/F22,"－") -> 1 | M22: 5 | N22: =IFERROR(M22/F22,"－") -> 1 | O22: 5 | P22: =IFERROR(O22/F22,"－") -> 1 | Q22: 5 | R22: =IFERROR(Q22/F22,"－") -> 1 | S22: 5 | T22: =IFERROR(S22/F22,"－") -> 1
B23: 介護予防居宅療養管理指導 | C23: 給付費（千円） | D23: 0 | E23: 0 | F23: 0 | G23: 0 | H23: 0 | I23: 0 | J23: =IFERROR(SUM(G23:I23)/3/F23,"－") -> － | K23: 0 | L23: =IFERROR(K23/F23,"－") -> － | M23: 0 | N23: =IFERROR(M23/F23,"－") -> － | O23: 0 | P23: =IFERROR(O23/F23,"－") -> － | Q23: 0 | R23: =IFERROR(Q23/F23,"－") -> － | S23: 0 | T23: =IFERROR(S23/F23,"－") -> －
C24: 人数（人） | D24: 0 | E24: 0 | F24: 0 | G24: 0 | H24: 0 | I24: 0 | J24: =IFERROR(SUM(G24:I24)/3/F24,"－") -> － | K24: 0 | L24: =IFERROR(K24/F24,"－") -> － | M24: 0 | N24: =IFERROR(M24/F24,"－") -> － | O24: 0 | P24: =IFERROR(O24/F24,"－") -> － | Q24: 0 | R24: =IFERROR(Q24/F24,"－") -> － | S24: 0 | T24: =IFERROR(S24/F24,"－") -> －
B25: 未使用 | C25: 給付費（千円） | N25: =IFERROR(M25/F25,"－") -> － | P25: =IFERROR(O25/F25,"－") -> － | R25: =IFERROR(Q25/F25,"－") -> － | T25: =IFERROR(S25/F25,"－") -> －
C26: 人数（人） | N26: =IFERROR(M26/F26,"－") -> － | P26: =IFERROR(O26/F26,"－") -> － | R26: =IFERROR(Q26/F26,"－") -> － | T26: =IFERROR(S26/F26,"－") -> －
B27: 介護予防通所リハビリテーション | C27: 給付費（千円） | D27: 18826.216 | E27: 17070.292 | F27: 16909.284 | G27: 16674 | H27: 15614 | I27: 16144 | J27: =IFERROR(SUM(G27:I27)/3/F27,"－") -> 0.95474179 | K27: 16144 | L27: =IFERROR(K27/F27,"－") -> 0.95474179 | M27: 17500 | N27: =IFERROR(M27/F27,"－") -> 1.0349344 | O27: 18325 | P27: =IFERROR(O27/F27,"－") -> 1.0837242 | Q27: 17500 | R27: =IFERROR(Q27/F27,"－") -> 1.0349344 | S27: 15319 | T27: =IFERROR(S27/F27,"－") -> 0.90595202
C28: 人数（人） | D28: 37.5 | E28: 34.666667 | F28: 35 | G28: 35 | H28: 33 | I28: 34 | J28: =IFERROR(SUM(G28:I28)/3/F28,"－") -> 0.97142857 | K28: 34 | L28: =IFERROR(K28/F28,"－") -> 0.97142857 | M28: 37 | N28: =IFERROR(M28/F28,"－") -> 1.0571429 | O28: 39 | P28: =IFERROR(O28/F28,"－") -> 1.1142857 | Q28: 37 | R28: =IFERROR(Q28/F28,"－") -> 1.0571429 | S28: 32 | T28: =IFERROR(S28/F28,"－") -> 0.91428571
B29: 介護予防短期入所生活介護 | C29: 給付費（千円） | D29: 57.912 | E29: 37.6 | F29: 0 | G29: 0 | H29: 0 | I29: 0 | J29: =IFERROR(SUM(G29:I29)/3/F29,"－") -> － | K29: 0 | L29: =IFERROR(K29/F29,"－") -> － | M29: 0 | N29: =IFERROR(M29/F29,"－") -> － | O29: 0 | P29: =IFERROR(O29/F29,"－") -> － | Q29: 0 | R29: =IFERROR(Q29/F29,"－") -> － | S29: 0 | T29: =IFERROR(S29/F29,"－") -> －
C30: 日数（日） | D30: 0.75 | E30: 0.41666667 | F30: 0 | G30: 0 | H30: 0 | I30: 0 | J30: =IFERROR(SUM(G30:I30)/3/F30,"－") -> － | K30: 0 | L30: =IFERROR(K30/F30,"－") -> － | M30: 0 | N30: =IFERROR(M30/F30,"－") -> － | O30: 0 | P30: =IFERROR(O30/F30,"－") -> － | Q30: 0 | R30: =IFERROR(Q30/F30,"－") -> － | S30: 0 | T30: =IFERROR(S30/F30,"－") -> －
C31: 人数（人） | D31: 0.16666667 | E31: 0.083333333 | F31: 0 | G31: 0 | H31: 0 | I31: 0 | J31: =IFERROR(SUM(G31:I31)/3/F31,"－") -> － | K31: 0 | L31: =IFERROR(K31/F31,"－") -> － | M31: 0 | N31: =IFERROR(M31/F31,"－") -> － | O31: 0 | P31: =IFERROR(O31/F31,"－") -> － | Q31: 0 | R31: =IFERROR(Q31/F31,"－") -> － | S31: 0 | T31: =IFERROR(S31/F31,"－") -> －
B32: 介護予防短期入所療養介護（老健） | C32: 給付費（千円） | D32: 260.084 | E32: 44.84 | F32: 0 | G32: 0 | H32: 0 | I32: 0 | J32: =IFERROR(SUM(G32:I32)/3/F32,"－") -> － | K32: 0 | L32: =IFERROR(K32/F32,"－") -> － | M32: 0 | N32: =IFERROR(M32/F32,"－") -> － | O32: 0 | P32: =IFERROR(O32/F32,"－") -> － | Q32: 0 | R32: =IFERROR(Q32/F32,"－") -> － | S32: 0 | T32: =IFERROR(S32/F32,"－") -> －
C33: 日数（日） | D33: 1.9166667 | E33: 0.33333333 | F33: 0 | G33: 0 | H33: 0 | I33: 0 | J33: =IFERROR(SUM(G33:I33)/3/F33,"－") -> － | K33: 0 | L33: =IFERROR(K33/F33,"－") -> － | M33: 0 | N33: =IFERROR(M33/F33,"－") -> － | O33: 0 | P33: =IFERROR(O33/F33,"－") -> － | Q33: 0 | R33: =IFERROR(Q33/F33,"－") -> － | S33: 0 | T33: =IFERROR(S33/F33,"－") -> －
C34: 人数（人） | D34: 0.5 | E34: 0.083333333 | F34: 0 | G34: 0 | H34: 0 | I34: 0 | J34: =IFERROR(SUM(G34:I34)/3/F34,"－") -> － | K34: 0 | L34: =IFERROR(K34/F34,"－") -> － | M34: 0 | N34: =IFERROR(M34/F34,"－") -> － | O34: 0 | P34: =IFERROR(O34/F34,"－") -> － | Q34: 0 | R34: =IFERROR(Q34/F34,"－") -> － | S34: 0 | T34: =IFERROR(S34/F34,"－") -> －
B35: 介護予防短期入所療養介護（病院等） | C35: 給付費（千円） | D35: 0 | E35: 0 | F35: 0 | G35: 0 | H35: 0 | I35: 0 | J35: =IFERROR(SUM(G35:I35)/3/F35,"－") -> － | K35: 0 | L35: =IFERROR(K35/F35,"－") -> － | M35: 0 | N35: =IFERROR(M35/F35,"－") -> － | O35: 0 | P35: =IFERROR(O35/F35,"－") -> － | Q35: 0 | R35: =IFERROR(Q35/F35,"－") -> － | S35: 0 | T35: =IFERROR(S35/F35,"－") -> －
C36: 日数（日） | D36: 0 | E36: 0 | F36: 0 | G36: 0 | H36: 0 | I36: 0 | J36: =IFERROR(SUM(G36:I36)/3/F36,"－") -> － | K36: 0 | L36: =IFERROR(K36/F36,"－") -> － | M36: 0 | N36: =IFERROR(M36/F36,"－") -> － | O36: 0 | P36: =IFERROR(O36/F36,"－") -> － | Q36: 0 | R36: =IFERROR(Q36/F36,"－") -> － | S36: 0 | T36: =IFERROR(S36/F36,"－") -> －
C37: 人数（人） | D37: 0 | E37: 0 | F37: 0 | G37: 0 | H37: 0 | I37: 0 | J37: =IFERROR(SUM(G37:I37)/3/F37,"－") -> － | K37: 0 | L37: =IFERROR(K37/F37,"－") -> － | M37: 0 | N37: =IFERROR(M37/F37,"－") -> － | O37: 0 | P37: =IFERROR(O37/F37,"－") -> － | Q37: 0 | R37: =IFERROR(Q37/F37,"－") -> － | S37: 0 | T37: =IFERROR(S37/F37,"－") -> －
B38: 介護予防短期入所療養介護(介護医療院) | C38: 給付費（千円） | D38: 0 | E38: 0 | F38: 0 | G38: 0 | H38: 0 | I38: 0 | J38: =IFERROR(SUM(G38:I38)/3/F38,"－") -> － | K38: 0 | L38: =IFERROR(K38/F38,"－") -> － | M38: 0 | N38: =IFERROR(M38/F38,"－") -> － | O38: 0 | P38: =IFERROR(O38/F38,"－") -> － | Q38: 0 | R38: =IFERROR(Q38/F38,"－") -> － | S38: 0 | T38: =IFERROR(S38/F38,"－") -> －
C39: 日数（日） | D39: 0 | E39: 0 | F39: 0 | G39: 0 | H39: 0 | I39: 0 | J39: =IFERROR(SUM(G39:I39)/3/F39,"－") -> － | K39: 0 | L39: =IFERROR(K39/F39,"－") -> － | M39: 0 | N39: =IFERROR(M39/F39,"－") -> － | O39: 0 | P39: =IFERROR(O39/F39,"－") -> － | Q39: 0 | R39: =IFERROR(Q39/F39,"－") -> － | S39: 0 | T39: =IFERROR(S39/F39,"－") -> －
C40: 人数（人） | D40: 0 | E40: 0 | F40: 0 | G40: 0 | H40: 0 | I40: 0 | J40: =IFERROR(SUM(G40:I40)/3/F40,"－") -> － | K40: 0 | L40: =IFERROR(K40/F40,"－") -> － | M40: 0 | N40: =IFERROR(M40/F40,"－") -> － | O40: 0 | P40: =IFERROR(O40/F40,"－") -> － | Q40: 0 | R40: =IFERROR(Q40/F40,"－") -> － | S40: 0 | T40: =IFERROR(S40/F40,"－") -> －
B41: 介護予防福祉用具貸与 | C41: 給付費（千円） | D41: 2636.495 | E41: 3245.792 | F41: 3271.908 | G41: 4122 | H41: 4122 | I41: 4224 | J41: =IFERROR(SUM(G41:I41)/3/F41,"－") -> 1.2702069 | K41: 4224 | L41: =IFERROR(K41/F41,"－") -> 1.2909898 | M41: 4621 | N41: =IFERROR(M41/F41,"－") -> 1.4123258 | O41: 4824 | P41: =IFERROR(O41/F41,"－") -> 1.4743691 | Q41: 4575 | R41: =IFERROR(Q41/F41,"－") -> 1.3982667 | S41: 4076 | T41: =IFERROR(S41/F41,"－") -> 1.2457563
C42: 人数（人） | D42: 33.166667 | E42: 36.666667 | F42: 36 | G42: 46 | H42: 46 | I42: 47 | J42: =IFERROR(SUM(G42:I42)/3/F42,"－") -> 1.287037 | K42: 47 | L42: =IFERROR(K42/F42,"－") -> 1.3055556 | M42: 52 | N42: =IFERROR(M42/F42,"－") -> 1.4444444 | O42: 54 | P42: =IFERROR(O42/F42,"－") -> 1.5 | Q42: 51 | R42: =IFERROR(Q42/F42,"－") -> 1.4166667 | S42: 45 | T42: =IFERROR(S42/F42,"－") -> 1.25
B43: 特定介護予防福祉用具購入費 | C43: 給付費（千円） | D43: 70.686 | E43: 79.812 | F43: 0 | G43: 0 | H43: 0 | I43: 0 | J43: =IFERROR(SUM(G43:I43)/3/F43,"－") -> － | K43: 0 | L43: =IFERROR(K43/F43,"－") -> － | M43: 0 | N43: =IFERROR(M43/F43,"－") -> － | O43: 0 | P43: =IFERROR(O43/F43,"－") -> － | Q43: 0 | R43: =IFERROR(Q43/F43,"－") -> － | S43: 0 | T43: =IFERROR(S43/F43,"－") -> －
C44: 人数（人） | D44: 0.25 | E44: 0.25 | F44: 0 | G44: 0 | H44: 0 | I44: 0 | J44: =IFERROR(SUM(G44:I44)/3/F44,"－") -> － | K44: 0 | L44: =IFERROR(K44/F44,"－") -> － | M44: 0 | N44: =IFERROR(M44/F44,"－") -> － | O44: 0 | P44: =IFERROR(O44/F44,"－") -> － | Q44: 0 | R44: =IFERROR(Q44/F44,"－") -> － | S44: 0 | T44: =IFERROR(S44/F44,"－") -> －
B45: 介護予防住宅改修 | C45: 給付費（千円） | D45: 311.4 | E45: 350.1 | F45: 0 | G45: 0 | H45: 0 | I45: 0 | J45: =IFERROR(SUM(G45:I45)/3/F45,"－") -> － | K45: 0 | L45: =IFERROR(K45/F45,"－") -> － | M45: 0 | N45: =IFERROR(M45/F45,"－") -> － | O45: 0 | P45: =IFERROR(O45/F45,"－") -> － | Q45: 0 | R45: =IFERROR(Q45/F45,"－") -> － | S45: 0 | T45: =IFERROR(S45/F45,"－") -> －
C46: 人数（人） | D46: 0.33333333 | E46: 0.33333333 | F46: 0 | G46: 0 | H46: 0 | I46: 0 | J46: =IFERROR(SUM(G46:I46)/3/F46,"－") -> － | K46: 0 | L46: =IFERROR(K46/F46,"－") -> － | M46: 0 | N46: =IFERROR(M46/F46,"－") -> － | O46: 0 | P46: =IFERROR(O46/F46,"－") -> － | Q46: 0 | R46: =IFERROR(Q46/F46,"－") -> － | S46: 0 | T46: =IFERROR(S46/F46,"－") -> －
B47: 介護予防特定施設入居者生活介護 | C47: 給付費（千円） | D47: 0 | E47: 0 | F47: 0 | G47: 0 | H47: 0 | I47: 0 | J47: =IFERROR(SUM(G47:I47)/3/F47,"－") -> － | K47: 0 | L47: =IFERROR(K47/F47,"－") -> － | M47: 0 | N47: =IFERROR(M47/F47,"－") -> － | O47: 0 | P47: =IFERROR(O47/F47,"－") -> － | Q47: 0 | R47: =IFERROR(Q47/F47,"－") -> － | S47: 0 | T47: =IFERROR(S47/F47,"－") -> －
C48: 人数（人） | D48: 0 | E48: 0 | F48: 0 | G48: 0 | H48: 0 | I48: 0 | J48: =IFERROR(SUM(G48:I48)/3/F48,"－") -> － | K48: 0 | L48: =IFERROR(K48/F48,"－") -> － | M48: 0 | N48: =IFERROR(M48/F48,"－") -> － | O48: 0 | P48: =IFERROR(O48/F48,"－") -> － | Q48: 0 | R48: =IFERROR(Q48/F48,"－") -> － | S48: 0 | T48: =IFERROR(S48/F48,"－") -> －
A49: （２）地域密着型介護予防サービス
B50: 介護予防認知症対応型通所介護 | C50: 給付費（千円） | D50: 0 | E50: 0 | F50: 0 | G50: 0 | H50: 0 | I50: 0 | J50: =IFERROR(SUM(G50:I50)/3/F50,"－") -> － | K50: 0 | L50: =IFERROR(K50/F50,"－") -> － | M50: 0 | N50: =IFERROR(M50/F50,"－") -> － | O50: 0 | P50: =IFERROR(O50/F50,"－") -> － | Q50: 0 | R50: =IFERROR(Q50/F50,"－") -> － | S50: 0 | T50: =IFERROR(S50/F50,"－") -> －
C51: 回数（回） | D51: 0 | E51: 0 | F51: 0 | G51: 0 | H51: 0 | I51: 0 | J51: =IFERROR(SUM(G51:I51)/3/F51,"－") -> － | K51: 0 | L51: =IFERROR(K51/F51,"－") -> － | M51: 0 | N51: =IFERROR(M51/F51,"－") -> － | O51: 0 | P51: =IFERROR(O51/F51,"－") -> － | Q51: 0 | R51: =IFERROR(Q51/F51,"－") -> － | S51: 0 | T51: =IFERROR(S51/F51,"－") -> －
C52: 人数（人） | D52: 0 | E52: 0 | F52: 0 | G52: 0 | H52: 0 | I52: 0 | J52: =IFERROR(SUM(G52:I52)/3/F52,"－") -> － | K52: 0 | L52: =IFERROR(K52/F52,"－") -> － | M52: 0 | N52: =IFERROR(M52/F52,"－") -> － | O52: 0 | P52: =IFERROR(O52/F52,"－") -> － | Q52: 0 | R52: =IFERROR(Q52/F52,"－") -> － | S52: 0 | T52: =IFERROR(S52/F52,"－") -> －
B53: 介護予防小規模多機能型居宅介護 | C53: 給付費（千円） | D53: 0 | E53: 0 | F53: 0 | G53: 0 | H53: 0 | I53: 0 | J53: =IFERROR(SUM(G53:I53)/3/F53,"－") -> － | K53: 0 | L53: =IFERROR(K53/F53,"－") -> － | M53: 0 | N53: =IFERROR(M53/F53,"－") -> － | O53: 0 | P53: =IFERROR(O53/F53,"－") -> － | Q53: 0 | R53: =IFERROR(Q53/F53,"－") -> － | S53: 0 | T53: =IFERROR(S53/F53,"－") -> －
C54: 人数（人） | D54: 0 | E54: 0 | F54: 0 | G54: 0 | H54: 0 | I54: 0 | J54: =IFERROR(SUM(G54:I54)/3/F54,"－") -> － | K54: 0 | L54: =IFERROR(K54/F54,"－") -> － | M54: 0 | N54: =IFERROR(M54/F54,"－") -> － | O54: 0 | P54: =IFERROR(O54/F54,"－") -> － | Q54: 0 | R54: =IFERROR(Q54/F54,"－") -> － | S54: 0 | T54: =IFERROR(S54/F54,"－") -> －
B55: 介護予防認知症対応型共同生活介護 | C55: 給付費（千円） | D55: 0 | E55: 4349.297 | F55: 3086.664 | G55: 3070 | H55: 3070 | I55: 3070 | J55: =IFERROR(SUM(G55:I55)/3/F55,"－") -> 0.99460129 | K55: 3070 | L55: =IFERROR(K55/F55,"－") -> 0.99460129 | M55: 3070 | N55: =IFERROR(M55/F55,"－") -> 0.99460129 | O55: 3070 | P55: =IFERROR(O55/F55,"－") -> 0.99460129 | Q55: 3070 | R55: =IFERROR(Q55/F55,"－") -> 0.99460129 | S55: 3070 | T55: =IFERROR(S55/F55,"－") -> 0.99460129
C56: 人数（人） | D56: 0 | E56: 1.4166667 | F56: 1 | G56: 1 | H56: 1 | I56: 1 | J56: =IFERROR(SUM(G56:I56)/3/F56,"－") -> 1 | K56: 1 | L56: =IFERROR(K56/F56,"－") -> 1 | M56: 1 | N56: =IFERROR(M56/F56,"－") -> 1 | O56: 1 | P56: =IFERROR(O56/F56,"－") -> 1 | Q56: 1 | R56: =IFERROR(Q56/F56,"－") -> 1 | S56: 1 | T56: =IFERROR(S56/F56,"－") -> 1
A57: （３）介護予防支援 | C57: 給付費（千円） | D57: 2373.716 | E57: 4609.719 | F57: 3760.38 | G57: 3691 | H57: 3563 | I57: 3627 | J57: =IFERROR(SUM(G57:I57)/3/F57,"－") -> 0.96453018 | K57: 3686 | L57: =IFERROR(K57/F57,"－") -> 0.98022008 | M57: 4054 | N57: =IFERROR(M57/F57,"－") -> 1.0780825 | O57: 4182 | P57: =IFERROR(O57/F57,"－") -> 1.1121216 | Q57: 3937 | R57: =IFERROR(Q57/F57,"－") -> 1.0469687 | S57: 3440 | T57: =IFERROR(S57/F57,"－") -> 0.91480116
C58: 人数（人） | D58: 58 | E58: 59.75 | F58: 60 | G58: 59 | H58: 57 | I58: 58 | J58: =IFERROR(SUM(G58:I58)/3/F58,"－") -> 0.96666667 | K58: 59 | L58: =IFERROR(K58/F58,"－") -> 0.98333333 | M58: 65 | N58: =IFERROR(M58/F58,"－") -> 1.0833333 | O58: 67 | P58: =IFERROR(O58/F58,"－") -> 1.1166667 | Q58: 63 | R58: =IFERROR(Q58/F58,"－") -> 1.05 | S58: 55 | T58: =IFERROR(S58/F58,"－") -> 0.91666667
A59: （４）登録施設介護予防支援 | C59: 給付費（千円） | J59: =IFERROR(SUM(G59:I59)/3/F59,"－") -> － | L59: =IFERROR(K59/F59,"－") -> － | N59: =IFERROR(M59/F59,"－") -> － | P59: =IFERROR(O59/F59,"－") -> － | R59: =IFERROR(Q59/F59,"－") -> － | T59: =IFERROR(S59/F59,"－") -> －
C60: 人数（人） | H60: 0 | I60: 0 | J60: =IFERROR(SUM(G60:I60)/3/F60,"－") -> － | K60: 0 | L60: =IFERROR(K60/F60,"－") -> － | M60: 0 | N60: =IFERROR(M60/F60,"－") -> － | O60: 0 | P60: =IFERROR(O60/F60,"－") -> － | Q60: 0 | R60: =IFERROR(Q60/F60,"－") -> － | S60: 0 | T60: =IFERROR(S60/F60,"－") -> －
A61: 合計 | C61: 給付費（千円） | D61: =IF(ISERROR(SUM(D12,D14,D17,D20,D23,D25,D27,D29,D32,D35,D38,D41,D43,D45,D47,D50,D53,D55,D57)),0,(SUM(D12,D14,D17,D20,D23,D25,D27,D29,D32,D35,D38,D41,D43,D45,D47,D50,D53,D55,D57))) -> 27005.507 | E61: =IF(ISERROR(SUM(E12,E14,E17,E20,E23,E25,E27,E29,E32,E35,E38,E41,E43,E45,E47,E50,E53,E55,E57)),0,(SUM(E12,E14,E17,E20,E23,E25,E27,E29,E32,E35,E38,E41,E43,E45,E47,E50,E53,E55,E57))) -> 32287.638 | F61: =IF(ISERROR(SUM(F12,F14,F17,F20,F23,F25,F27,F29,F32,F35,F38,F41,F43,F45,F47,F50,F53,F55,F57)),0,(SUM(F12,F14,F17,F20,F23,F25,F27,F29,F32,F35,F38,F41,F43,F45,F47,F50,F53,F55,F57))) -> 29389.184 | G61: =IF(ISERROR(SUM(G12,G14,G17,G20,G23,G25,G27,G29,G32,G35,G38,G41,G43,G45,G47,G50,G53,G55,G57)),0,(SUM(G12,G14,G17,G20,G23,G25,G27,G29,G32,G35,G38,G41,G43,G45,G47,G50,G53,G55,G57))) -> 31401 | H61: =IF(ISERROR(SUM(H12,H14,H17,H20,H23,H25,H27,H29,H32,H35,H38,H41,H43,H45,H47,H50,H53,H55,H57,H59)),0,(SUM(H12,H14,H17,H20,H23,H25,H27,H29,H32,H35,H38,H41,H43,H45,H47,H50,H53,H55,H57,H59))) -> 30339 | I61: =IF(ISERROR(SUM(I12,I14,I17,I20,I23,I25,I27,I29,I32,I35,I38,I41,I43,I45,I47,I50,I53,I55,I57,I59)),0,(SUM(I12,I14,I17,I20,I23,I25,I27,I29,I32,I35,I38,I41,I43,I45,I47,I50,I53,I55,I57,I59))) -> 31035 | J61: =IFERROR(SUM(G61:I61)/3/F61,"－") -> 1.0522579 | K61: =IF(ISERROR(SUM(K12,K14,K17,K20,K23,K25,K27,K29,K32,K35,K38,K41,K43,K45,K47,K50,K53,K55,K57,K59)),0,(SUM(K12,K14,K17,K20,K23,K25,K27,K29,K32,K35,K38,K41,K43,K45,K47,K50,K53,K55,K57,K59))) -> 31094 | L61: =IFERROR(K61/F61,"－") -> 1.0580083 | M61: =IF(ISERROR(SUM(M12,M14,M17,M20,M23,M25,M27,M29,M32,M35,M38,M41,M43,M45,M47,M50,M53,M55,M57,M59)),0,(SUM(M12,M14,M17,M20,M23,M25,M27,M29,M32,M35,M38,M41,M43,M45,M47,M50,M53,M55,M57,M59))) -> 33215 | N61: =IFERROR(M61/F61,"－") -> 1.1301777 | O61: =IF(ISERROR(SUM(O12,O14,O17,O20,O23,O25,O27,O29,O32,O35,O38,O41,O43,O45,O47,O50,O53,O55,O57,O59)),0,(SUM(O12,O14,O17,O20,O23,O25,O27,O29,O32,O35,O38,O41,O43,O45,O47,O50,O53,O55,O57,O59))) -> 34371 | P61: =IFERROR(O61/F61,"－") -> 1.1695119 | Q61: =IF(ISERROR(SUM(Q12,Q14,Q17,Q20,Q23,Q25,Q27,Q29,Q32,Q35,Q38,Q41,Q43,Q45,Q47,Q50,Q53,Q55,Q57,Q59)),0,(SUM(Q12,Q14,Q17,Q20,Q23,Q25,Q27,Q29,Q32,Q35,Q38,Q41,Q43,Q45,Q47,Q50,Q53,Q55,Q57,Q59))) -> 33052 | R61: =IFERROR(Q61/F61,"－") -> 1.1246314 | S61: =IF(ISERROR(SUM(S12,S14,S17,S20,S23,S25,S27,S29,S32,S35,S38,S41,S43,S45,S47,S50,S53,S55,S57,S59)),0,(SUM(S12,S14,S17,S20,S23,S25,S27,S29,S32,S35,S38,S41,S43,S45,S47,S50,S53,S55,S57,S59))) -> 29875 | T61: =IFERROR(S61/F61,"－") -> 1.0165304
A62: ※給付費は年間累計の金額、回（日）数は１月当たりの数、人数は１月当たりの利用者数。 | G62: ※１：第10期平均値/令和8年度の値*100 | K62: ※２：令和12（17,22,27,32）年度の値/令和8年度の値*100
A64: ２．介護サービス見込量
T65: 単位：各項目の（）内
D66: 令和6年度 | E66: 令和7年度 | F66: 令和8年度 | G66: 令和9年度 | H66: 令和10年度 | I66: 令和11年度 | J66: 伸び率① ※１ | K66: 令和12年度 | L66: 伸び率① ※２ | M66: 令和17年度 | N66: 伸び率① ※２ | O66: 令和22年度 | P66: 伸び率① ※２ | Q66: 令和27年度 | R66: 伸び率① ※２ | S66: 令和32年度 | T66: 伸び率① ※２
A67: （１）居宅サービス
B68: 訪問介護 | C68: 給付費（千円） | D68: 40913.158 | E68: 27780.871 | F68: 29917.618 | G68: 33922 | H68: 34132 | I68: 35858 | J68: =IFERROR(SUM(G68:I68)/3/F68,"－") -> 1.1577571 | K68: 32499 | L68: =IFERROR(K68/F68,"－") -> 1.086283 | M68: 34988 | N68: =IFERROR(M68/F68,"－") -> 1.1694781 | O68: 38348 | P68: =IFERROR(O68/F68,"－") -> 1.2817866 | Q68: 36850 | R68: =IFERROR(Q68/F68,"－") -> 1.2317157 | S68: 31666 | T68: =IFERROR(S68/F68,"－") -> 1.0584399
C69: 回数（回） | D69: 1180.25 | E69: 705.33333 | F69: 706.6 | G69: 810.2 | H69: 815.7 | I69: 854.3 | J69: =IFERROR(SUM(G69:I69)/3/F69,"－") -> 1.170016 | K69: 767.8 | L69: =IFERROR(K69/F69,"－") -> 1.0866119 | M69: 823.3 | N69: =IFERROR(M69/F69,"－") -> 1.1651571 | O69: 909.8 | P69: =IFERROR(O69/F69,"－") -> 1.2875743 | Q69: 877.2 | R69: =IFERROR(Q69/F69,"－") -> 1.2414379 | S69: 751 | T69: =IFERROR(S69/F69,"－") -> 1.0628361
C70: 人数（人） | D70: 34.75 | E70: 33.166667 | F70: 33 | G70: 34 | H70: 34 | I70: 35 | J70: =IFERROR(SUM(G70:I70)/3/F70,"－") -> 1.040404 | K70: 33 | L70: =IFERROR(K70/F70,"－") -> 1 | M70: 36 | N70: =IFERROR(M70/F70,"－") -> 1.0909091 | O70: 38 | P70: =IFERROR(O70/F70,"－") -> 1.1515152 | Q70: 37 | R70: =IFERROR(Q70/F70,"－") -> 1.1212121 | S70: 33 | T70: =IFERROR(S70/F70,"－") -> 1
B71: 訪問入浴介護 | C71: 給付費（千円） | D71: 4766.748 | E71: 2668.09 | F71: 2061.3072 | G71: 0 | H71: 0 | I71: 0 | J71: =IFERROR(SUM(G71:I71)/3/F71,"－") -> 0 | K71: 0 | L71: =IFERROR(K71/F71,"－") -> 0 | M71: 0 | N71: =IFERROR(M71/F71,"－") -> 0 | O71: 0 | P71: =IFERROR(O71/F71,"－") -> 0 | Q71: 0 | R71: =IFERROR(Q71/F71,"－") -> 0 | S71: 0 | T71: =IFERROR(S71/F71,"－") -> 0
C72: 回数（回） | D72: 29.25 | E72: 17.166667 | F72: 18 | G72: 0 | H72: 0 | I72: 0 | J72: =IFERROR(SUM(G72:I72)/3/F72,"－") -> 0 | K72: 0 | L72: =IFERROR(K72/F72,"－") -> 0 | M72: 0 | N72: =IFERROR(M72/F72,"－") -> 0 | O72: 0 | P72: =IFERROR(O72/F72,"－") -> 0 | Q72: 0 | R72: =IFERROR(Q72/F72,"－") -> 0 | S72: 0 | T72: =IFERROR(S72/F72,"－") -> 0
C73: 人数（人） | D73: 6.25 | E73: 3.8333333 | F73: 4 | G73: 4 | H73: 4 | I73: 4 | J73: =IFERROR(SUM(G73:I73)/3/F73,"－") -> 1 | K73: 4 | L73: =IFERROR(K73/F73,"－") -> 1 | M73: 4 | N73: =IFERROR(M73/F73,"－") -> 1 | O73: 4 | P73: =IFERROR(O73/F73,"－") -> 1 | Q73: 4 | R73: =IFERROR(Q73/F73,"－") -> 1 | S73: 4 | T73: =IFERROR(S73/F73,"－") -> 1
B74: 訪問看護 | C74: 給付費（千円） | D74: 1431.81 | E74: 3032.952 | F74: 2628.678 | G74: 5356 | H74: 4594 | I74: 4602 | J74: =IFERROR(SUM(G74:I74)/3/F74,"－") -> 1.8452875 | K74: 4602 | L74: =IFERROR(K74/F74,"－") -> 1.7506899 | M74: 5394 | N74: =IFERROR(M74/F74,"－") -> 2.051982 | O74: 5394 | P74: =IFERROR(O74/F74,"－") -> 2.051982 | Q74: 5394 | R74: =IFERROR(Q74/F74,"－") -> 2.051982 | S74: 4602 | T74: =IFERROR(S74/F74,"－") -> 1.7506899
C75: 回数（回） | D75: 23.25 | E75: 57.166667 | F75: 60 | G75: 115.3 | H75: 97.8 | I75: 97.9 | J75: =IFERROR(SUM(G75:I75)/3/F75,"－") -> 1.7277778 | K75: 97.9 | L75: =IFERROR(K75/F75,"－") -> 1.6316667 | M75: 115.8 | N75: =IFERROR(M75/F75,"－") -> 1.93 | O75: 115.8 | P75: =IFERROR(O75/F75,"－") -> 1.93 | Q75: 115.8 | R75: =IFERROR(Q75/F75,"－") -> 1.93 | S75: 97.9 | T75: =IFERROR(S75/F75,"－") -> 1.6316667
C76: 人数（人） | D76: 4.3333333 | E76: 7 | F76: 7 | G76: 8 | H76: 7 | I76: 7 | J76: =IFERROR(SUM(G76:I76)/3/F76,"－") -> 1.047619 | K76: 7 | L76: =IFERROR(K76/F76,"－") -> 1 | M76: 8 | N76: =IFERROR(M76/F76,"－") -> 1.1428571 | O76: 8 | P76: =IFERROR(O76/F76,"－") -> 1.1428571 | Q76: 8 | R76: =IFERROR(Q76/F76,"－") -> 1.1428571 | S76: 7 | T76: =IFERROR(S76/F76,"－") -> 1
B77: 訪問リハビリテーション | C77: 給付費（千円） | D77: 7120.221 | E77: 4721.447 | F77: 4499.3316 | G77: 6226 | H77: 5756 | I77: 5828 | J77: =IFERROR(SUM(G77:I77)/3/F77,"－") -> 1.3194552 | K77: 5828 | L77: =IFERROR(K77/F77,"－") -> 1.2953035 | M77: 6488 | N77: =IFERROR(M77/F77,"－") -> 1.441992 | O77: 6488 | P77: =IFERROR(O77/F77,"－") -> 1.441992 | Q77: 6488 | R77: =IFERROR(Q77/F77,"－") -> 1.441992 | S77: 5828 | T77: =IFERROR(S77/F77,"－") -> 1.2953035
C78: 回数（回） | D78: 165.41667 | E78: 114.08333 | F78: 109.9 | G78: 152.2 | H78: 140.5 | I78: 142.3 | J78: =IFERROR(SUM(G78:I78)/3/F78,"－") -> 1.3193813 | K78: 142.3 | L78: =IFERROR(K78/F78,"－") -> 1.2948135 | M78: 158.7 | N78: =IFERROR(M78/F78,"－") -> 1.44404 | O78: 158.7 | P78: =IFERROR(O78/F78,"－") -> 1.44404 | Q78: 158.7 | R78: =IFERROR(Q78/F78,"－") -> 1.44404 | S78: 142.3 | T78: =IFERROR(S78/F78,"－") -> 1.2948135
C79: 人数（人） | D79: 12.833333 | E79: 9.0833333 | F79: 9 | G79: 10 | H79: 9 | I79: 9 | J79: =IFERROR(SUM(G79:I79)/3/F79,"－") -> 1.037037 | K79: 9 | L79: =IFERROR(K79/F79,"－") -> 1 | M79: 10 | N79: =IFERROR(M79/F79,"－") -> 1.1111111 | O79: 10 | P79: =IFERROR(O79/F79,"－") -> 1.1111111 | Q79: 10 | R79: =IFERROR(Q79/F79,"－") -> 1.1111111 | S79: 9 | T79: =IFERROR(S79/F79,"－") -> 1
B80: 居宅療養管理指導 | C80: 給付費（千円） | D80: 1323.69 | E80: 1217.366 | F80: 1170.408 | G80: 1170 | H80: 1170 | I80: 1170 | J80: =IFERROR(SUM(G80:I80)/3/F80,"－") -> 0.9996514 | K80: 1170 | L80: =IFERROR(K80/F80,"－") -> 0.9996514 | M80: 1170 | N80: =IFERROR(M80/F80,"－") -> 0.9996514 | O80: 1383 | P80: =IFERROR(O80/F80,"－") -> 1.1816392 | Q80: 1289 | R80: =IFERROR(Q80/F80,"－") -> 1.1013253 | S80: 1170 | T80: =IFERROR(S80/F80,"－") -> 0.9996514
C81: 人数（人） | D81: 7.8333333 | E81: 8.1666667 | F81: 9 | G81: 9 | H81: 9 | I81: 9 | J81: =IFERROR(SUM(G81:I81)/3/F81,"－") -> 1 | K81: 9 | L81: =IFERROR(K81/F81,"－") -> 1 | M81: 9 | N81: =IFERROR(M81/F81,"－") -> 1 | O81: 11 | P81: =IFERROR(O81/F81,"－") -> 1.2222222 | Q81: 10 | R81: =IFERROR(Q81/F81,"－") -> 1.1111111 | S81: 9 | T81: =IFERROR(S81/F81,"－") -> 1
B82: 通所介護 | C82: 給付費（千円） | D82: 64272.218 | E82: 62331.952 | F82: 62600.462 | G82: 59942 | H82: 61153 | I82: 59449 | J82: =IFERROR(SUM(G82:I82)/3/F82,"－") -> 0.96135605 | K82: 57965 | L82: =IFERROR(K82/F82,"－") -> 0.92595163 | M82: 61601 | N82: =IFERROR(M82/F82,"－") -> 0.98403426 | O82: 66702 | P82: =IFERROR(O82/F82,"－") -> 1.0655193 | Q82: 65273 | R82: =IFERROR(Q82/F82,"－") -> 1.042692 | S82: 57033 | T82: =IFERROR(S82/F82,"－") -> 0.91106356
C83: 回数（回） | D83: 601.5 | E83: 534.83333 | F83: 533.5 | G83: 508.1 | H83: 516.9 | I83: 503.4 | J83: =IFERROR(SUM(G83:I83)/3/F83,"－") -> 0.95495158 | K83: 493.9 | L83: =IFERROR(K83/F83,"－") -> 0.9257732 | M83: 525.9 | N83: =IFERROR(M83/F83,"－") -> 0.98575445 | O83: 566.7 | P83: =IFERROR(O83/F83,"－") -> 1.0622306 | Q83: 552.9 | R83: =IFERROR(Q83/F83,"－") -> 1.0363636 | S83: 482.8 | T83: =IFERROR(S83/F83,"－") -> 0.9049672
C84: 人数（人） | D84: 58.833333 | E84: 53.166667 | F84: 53 | G84: 54 | H84: 55 | I84: 55 | J84: =IFERROR(SUM(G84:I84)/3/F84,"－") -> 1.0314465 | K84: 54 | L84: =IFERROR(K84/F84,"－") -> 1.0188679 | M84: 58 | N84: =IFERROR(M84/F84,"－") -> 1.0943396 | O84: 62 | P84: =IFERROR(O84/F84,"－") -> 1.1698113 | Q84: 60 | R84: =IFERROR(Q84/F84,"－") -> 1.1320755 | S84: 52 | T84: =IFERROR(S84/F84,"－") -> 0.98113208
B85: 通所リハビリテーション | C85: 給付費（千円） | D85: 103573.78 | E85: 98355.296 | F85: 99231.988 | G85: 108178 | H85: 104704 | I85: 106482 | J85: =IFERROR(SUM(G85:I85)/3/F85,"－") -> 1.0727858 | K85: 102603 | L85: =IFERROR(K85/F85,"－") -> 1.033971 | M85: 116478 | N85: =IFERROR(M85/F85,"－") -> 1.1737949 | O85: 122880 | P85: =IFERROR(O85/F85,"－") -> 1.2383104 | Q85: 118929 | R85: =IFERROR(Q85/F85,"－") -> 1.1984946 | S85: 105108 | T85: =IFERROR(S85/F85,"－") -> 1.0592149
C86: 回数（回） | D86: 823.58333 | E86: 760 | F86: 758.5 | G86: 833.8 | H86: 808.8 | I86: 823.6 | J86: =IFERROR(SUM(G86:I86)/3/F86,"－") -> 1.0838058 | K86: 796.3 | L86: =IFERROR(K86/F86,"－") -> 1.0498352 | M86: 903.5 | N86: =IFERROR(M86/F86,"－") -> 1.1911668 | O86: 950 | P86: =IFERROR(O86/F86,"－") -> 1.252472 | Q86: 919.1 | R86: =IFERROR(Q86/F86,"－") -> 1.2117337 | S86: 809.8 | T86: =IFERROR(S86/F86,"－") -> 1.0676335
C87: 人数（人） | D87: 87.416667 | E87: 86.916667 | F87: 87 | G87: 94 | H87: 91 | I87: 92 | J87: =IFERROR(SUM(G87:I87)/3/F87,"－") -> 1.0613027 | K87: 89 | L87: =IFERROR(K87/F87,"－") -> 1.0229885 | M87: 101 | N87: =IFERROR(M87/F87,"－") -> 1.1609195 | O87: 106 | P87: =IFERROR(O87/F87,"－") -> 1.2183908 | Q87: 102 | R87: =IFERROR(Q87/F87,"－") -> 1.1724138 | S87: 90 | T87: =IFERROR(S87/F87,"－") -> 1.0344828
B88: 短期入所生活介護 | C88: 給付費（千円） | D88: 12160.06 | E88: 15794.416 | F88: 14475.566 | G88: 20024 | H88: 22285 | I88: 22532 | J88: =IFERROR(SUM(G88:I88)/3/F88,"－") -> 1.4931137 | K88: 19897 | L88: =IFERROR(K88/F88,"－") -> 1.3745231 | M88: 23006 | N88: =IFERROR(M88/F88,"－") -> 1.5892988 | O88: 23006 | P88: =IFERROR(O88/F88,"－") -> 1.5892988 | Q88: 23892 | R88: =IFERROR(Q88/F88,"－") -> 1.6505054 | S88: 23006 | T88: =IFERROR(S88/F88,"－") -> 1.5892988
C89: 日数（日） | D89: 109.91667 | E89: 138.5 | F89: 129.9 | G89: 185.2 | H89: 202.8 | I89: 204.8 | J89: =IFERROR(SUM(G89:I89)/3/F89,"－") -> 1.5211701 | K89: 183.5 | L89: =IFERROR(K89/F89,"－") -> 1.4126251 | M89: 209.3 | N89: =IFERROR(M89/F89,"－") -> 1.6112394 | O89: 209.3 | P89: =IFERROR(O89/F89,"－") -> 1.6112394 | Q89: 216.2 | R89: =IFERROR(Q89/F89,"－") -> 1.6643572 | S89: 209.3 | T89: =IFERROR(S89/F89,"－") -> 1.6112394
C90: 人数（人） | D90: 9.9166667 | E90: 15.166667 | F90: 14 | G90: 15 | H90: 15 | I90: 15 | J90: =IFERROR(SUM(G90:I90)/3/F90,"－") -> 1.0714286 | K90: 14 | L90: =IFERROR(K90/F90,"－") -> 1 | M90: 16 | N90: =IFERROR(M90/F90,"－") -> 1.1428571 | O90: 16 | P90: =IFERROR(O90/F90,"－") -> 1.1428571 | Q90: 17 | R90: =IFERROR(Q90/F90,"－") -> 1.2142857 | S90: 16 | T90: =IFERROR(S90/F90,"－") -> 1.1428571
B91: 短期入所療養介護（老健） | C91: 給付費（千円） | D91: 9878.141 | E91: 8613.493 | F91: 7712.2752 | G91: 12049 | H91: 10115 | I91: 10115 | J91: =IFERROR(SUM(G91:I91)/3/F91,"－") -> 1.3951352 | K91: 10115 | L91: =IFERROR(K91/F91,"－") -> 1.3115455 | M91: 12427 | N91: =IFERROR(M91/F91,"－") -> 1.6113274 | O91: 12427 | P91: =IFERROR(O91/F91,"－") -> 1.6113274 | Q91: 12427 | R91: =IFERROR(Q91/F91,"－") -> 1.6113274 | S91: 12427 | T91: =IFERROR(S91/F91,"－") -> 1.6113274
C92: 日数（日） | D92: 71.25 | E92: 58.916667 | F92: 55.5 | G92: 79.5 | H92: 66.7 | I92: 66.7 | J92: =IFERROR(SUM(G92:I92)/3/F92,"－") -> 1.2786787 | K92: 66.7 | L92: =IFERROR(K92/F92,"－") -> 1.2018018 | M92: 82 | N92: =IFERROR(M92/F92,"－") -> 1.4774775 | O92: 82 | P92: =IFERROR(O92/F92,"－") -> 1.4774775 | Q92: 82 | R92: =IFERROR(Q92/F92,"－") -> 1.4774775 | S92: 82 | T92: =IFERROR(S92/F92,"－") -> 1.4774775
C93: 人数（人） | D93: 10.583333 | E93: 8.4166667 | F93: 8 | G93: 9 | H93: 8 | I93: 8 | J93: =IFERROR(SUM(G93:I93)/3/F93,"－") -> 1.0416667 | K93: 8 | L93: =IFERROR(K93/F93,"－") -> 1 | M93: 9 | N93: =IFERROR(M93/F93,"－") -> 1.125 | O93: 9 | P93: =IFERROR(O93/F93,"－") -> 1.125 | Q93: 9 | R93: =IFERROR(Q93/F93,"－") -> 1.125 | S93: 9 | T93: =IFERROR(S93/F93,"－") -> 1.125
B94: 短期入所療養介護（病院等） | C94: 給付費（千円） | D94: 0 | E94: 0 | F94: 0 | G94: 0 | H94: 0 | I94: 0 | J94: =IFERROR(SUM(G94:I94)/3/F94,"－") -> － | K94: 0 | L94: =IFERROR(K94/F94,"－") -> － | M94: 0 | N94: =IFERROR(M94/F94,"－") -> － | O94: 0 | P94: =IFERROR(O94/F94,"－") -> － | Q94: 0 | R94: =IFERROR(Q94/F94,"－") -> － | S94: 0 | T94: =IFERROR(S94/F94,"－") -> －
C95: 日数（日） | D95: 0 | E95: 0 | F95: 0 | G95: 0 | H95: 0 | I95: 0 | J95: =IFERROR(SUM(G95:I95)/3/F95,"－") -> － | K95: 0 | L95: =IFERROR(K95/F95,"－") -> － | M95: 0 | N95: =IFERROR(M95/F95,"－") -> － | O95: 0 | P95: =IFERROR(O95/F95,"－") -> － | Q95: 0 | R95: =IFERROR(Q95/F95,"－") -> － | S95: 0 | T95: =IFERROR(S95/F95,"－") -> －
C96: 人数（人） | D96: 0 | E96: 0 | F96: 0 | G96: 0 | H96: 0 | I96: 0 | J96: =IFERROR(SUM(G96:I96)/3/F96,"－") -> － | K96: 0 | L96: =IFERROR(K96/F96,"－") -> － | M96: 0 | N96: =IFERROR(M96/F96,"－") -> － | O96: 0 | P96: =IFERROR(O96/F96,"－") -> － | Q96: 0 | R96: =IFERROR(Q96/F96,"－") -> － | S96: 0 | T96: =IFERROR(S96/F96,"－") -> －
B97: 短期入所療養介護(介護医療院) | C97: 給付費（千円） | D97: 0 | E97: 0 | F97: 0 | G97: 0 | H97: 0 | I97: 0 | J97: =IFERROR(SUM(G97:I97)/3/F97,"－") -> － | K97: 0 | L97: =IFERROR(K97/F97,"－") -> － | M97: 0 | N97: =IFERROR(M97/F97,"－") -> － | O97: 0 | P97: =IFERROR(O97/F97,"－") -> － | Q97: 0 | R97: =IFERROR(Q97/F97,"－") -> － | S97: 0 | T97: =IFERROR(S97/F97,"－") -> －
C98: 日数（日） | D98: 0 | E98: 0 | F98: 0 | G98: 0 | H98: 0 | I98: 0 | J98: =IFERROR(SUM(G98:I98)/3/F98,"－") -> － | K98: 0 | L98: =IFERROR(K98/F98,"－") -> － | M98: 0 | N98: =IFERROR(M98/F98,"－") -> － | O98: 0 | P98: =IFERROR(O98/F98,"－") -> － | Q98: 0 | R98: =IFERROR(Q98/F98,"－") -> － | S98: 0 | T98: =IFERROR(S98/F98,"－") -> －
C99: 人数（人） | D99: 0 | E99: 0 | F99: 0 | G99: 0 | H99: 0 | I99: 0 | J99: =IFERROR(SUM(G99:I99)/3/F99,"－") -> － | K99: 0 | L99: =IFERROR(K99/F99,"－") -> － | M99: 0 | N99: =IFERROR(M99/F99,"－") -> － | O99: 0 | P99: =IFERROR(O99/F99,"－") -> － | Q99: 0 | R99: =IFERROR(Q99/F99,"－") -> － | S99: 0 | T99: =IFERROR(S99/F99,"－") -> －
B100: 福祉用具貸与 | C100: 給付費（千円） | D100: 21282.201 | E100: 20500.129 | F100: 19495.572 | G100: 22854 | H100: 23135 | I100: 23372 | J100: =IFERROR(SUM(G100:I100)/3/F100,"－") -> 1.1859274 | K100: 21505 | L100: =IFERROR(K100/F100,"－") -> 1.103071 | M100: 23364 | N100: =IFERROR(M100/F100,"－") -> 1.198426 | O100: 25199 | P100: =IFERROR(O100/F100,"－") -> 1.2925499 | Q100: 24476 | R100: =IFERROR(Q100/F100,"－") -> 1.2554646 | S100: 21908 | T100: =IFERROR(S100/F100,"－") -> 1.1237424
C101: 人数（人） | D101: 125.83333 | E101: 128.25 | F101: 128 | G101: 147 | H101: 150 | I101: 152 | J101: =IFERROR(SUM(G101:I101)/3/F101,"－") -> 1.1692708 | K101: 141 | L101: =IFERROR(K101/F101,"－") -> 1.1015625 | M101: 154 | N101: =IFERROR(M101/F101,"－") -> 1.203125 | O101: 165 | P101: =IFERROR(O101/F101,"－") -> 1.2890625 | Q101: 159 | R101: =IFERROR(Q101/F101,"－") -> 1.2421875 | S101: 142 | T101: =IFERROR(S101/F101,"－") -> 1.109375
B102: 特定福祉用具購入費 | C102: 給付費（千円） | D102: 473.139 | E102: 575.31 | F102: 0 | G102: 0 | H102: 0 | I102: 0 | J102: =IFERROR(SUM(G102:I102)/3/F102,"－") -> － | K102: 0 | L102: =IFERROR(K102/F102,"－") -> － | M102: 0 | N102: =IFERROR(M102/F102,"－") -> － | O102: 0 | P102: =IFERROR(O102/F102,"－") -> － | Q102: 0 | R102: =IFERROR(Q102/F102,"－") -> － | S102: 0 | T102: =IFERROR(S102/F102,"－") -> －
C103: 人数（人） | D103: 1.25 | E103: 1.5833333 | F103: 1 | G103: 1 | H103: 1 | I103: 1 | J103: =IFERROR(SUM(G103:I103)/3/F103,"－") -> 1 | K103: 1 | L103: =IFERROR(K103/F103,"－") -> 1 | M103: 1 | N103: =IFERROR(M103/F103,"－") -> 1 | O103: 1 | P103: =IFERROR(O103/F103,"－") -> 1 | Q103: 1 | R103: =IFERROR(Q103/F103,"－") -> 1 | S103: 1 | T103: =IFERROR(S103/F103,"－") -> 1
...

Sheet 3_地域支援事業費
A1: （３）地域支援事業費
K3: 保険者名 | L3: =保険者名 -> 川崎町
K4: 保険者番号 | L4: =保険者番号 -> 04324
K5: 推計パターン名 | L5: =推計パターン名 -> R8
A7: １．介護予防・日常生活支援総合事業 | L7: 単位：円(括弧書きの数値を除く)
A8: サービス種別・項目 | B8: R6 | C8: R7 | D8: R8 | E8: R9 | F8: R10 | G8: R11 | H8: R12 | I8: R17 | J8: R22 | K8: R27 | L8: R32
A9: 訪問介護相当サービス | B9: 1010214 | C9: 1206361 | D9: 994930 | E9: 1045953 | F9: 1071464 | G9: 1096975 | H9: 947394 | I9: 878633 | J9: 813906 | K9: 735322 | L9: 657440
A10: (利用者数：人) | B10: 40 | C10: 45 | D10: 42 | E10: 44 | F10: 46 | G10: 47 | H10: 40 | I10: 37 | J10: 34 | K10: 31 | L10: 28
A11: 訪問型サービスA | B11: 0 | C11: 0 | D11: 0 | E11: 0 | F11: 0 | G11: 0 | H11: 0 | I11: 0 | J11: 0 | K11: 0 | L11: 0
A12: (利用者数：人) | B12: 0 | C12: 0 | D12: 0 | E12: 0 | F12: 0 | G12: 0 | H12: 0 | I12: 0 | J12: 0 | K12: 0 | L12: 0
A13: 訪問型サービスB | B13: 0 | C13: 0 | D13: 0 | E13: 0 | F13: 0 | G13: 0 | H13: 0 | I13: 0 | J13: 0 | K13: 0 | L13: 0
A14: 訪問型サービスC | B14: 0 | C14: 0 | D14: 0 | E14: 0 | F14: 0 | G14: 0 | H14: 0 | I14: 0 | J14: 0 | K14: 0 | L14: 0
A15: 訪問型サービスD | B15: 0 | C15: 0 | D15: 0 | E15: 0 | F15: 0 | G15: 0 | H15: 0 | I15: 0 | J15: 0 | K15: 0 | L15: 0
A16: 訪問型サービス(その他) | B16: 0 | C16: 0 | D16: 0 | E16: 0 | F16: 0 | G16: 0 | H16: 0 | I16: 0 | J16: 0 | K16: 0 | L16: 0
A17: 通所介護相当サービス | B17: 1650786 | C17: 1461639 | D17: 1405070 | E17: 1267702 | F17: 1199019 | G17: 1130335 | H17: 1337938 | I17: 1240831 | J17: 1149423 | K17: 1038444 | L17: 928456
A18: (利用者数：人) | B18: 66 | C18: 54 | D18: 60 | E18: 54 | F18: 51 | G18: 48 | H18: 57 | I18: 53 | J18: 49 | K18: 44 | L18: 40
A19: 通所型サービスA | B19: 0 | C19: 0 | D19: 0 | E19: 0 | F19: 0 | G19: 0 | H19: 0 | I19: 0 | J19: 0 | K19: 0 | L19: 0
A20: (利用者数：人) | B20: 0 | C20: 0 | D20: 0 | E20: 0 | F20: 0 | G20: 0 | H20: 0 | I20: 0 | J20: 0 | K20: 0 | L20: 0
... A34: 地域リハビリテーション活動支援事業 | B34: 0 | C34: 0 | D34: 0 | E34: 0 | F34: 0 | G34: 0 | H34: 0 | I34: 0 | J34: 0 | K34: 0 | L34: 0
A35: 介護予防・地域ささえあいサポート拠点事業 | E35: 0 | F35: 0 | G35: 0 | H35: 0 | I35: 0 | J35: 0 | K35: 0 | L35: 0
A37: ２．包括的支援事業（地域包括支援センターの運営）及び任意事業 | L37: 単位：円
A38: サービス種別・項目 | B38: R6 | C38: R7 | D38: R8 | E38: R9 | F38: R10 | G38: R11 | H38: R12 | I38: R17 | J38: R22 | K38: R27 | L38: R32
A39: 包括的支援事業(地域包括支援センターの運営) | B39: 24606798 | C39: 22439736 | D39: 28981000 | E39: 29716713 | F39: 31903814 | G39: 34090915 | H39: 28020009 | I39: 26400561 | J39: 25226016 | K39: 23481995 | L39: 22191776
A40: 任意事業 | B40: 4519729 | C40: 5886816 | D40: 7486000 | E40: 8930453 | F40: 10413588 | G40: 11896724 | H40: 7237769 | I40: 6819454 | J40: 6516061 | K40: 6065568 | L40: 5732295
A42: ３．包括的支援事業（社会保障充実分） | L42: 単位：円
A43: サービス種別・項目 | B43: R6 | C43: R7 | D43: R8 | E43: R9 | F43: R10 | G43: R11 | H43: R12 | I43: R17 | J43: R22 | K43: R27 | L43: R32
A44: 在宅医療・介護連携推進事業 | B44: 0 | C44: 195543 | D44: 192000 | E44: 321181 | F44: 417181 | G44: 513181 | H44: 192000 | I44: 192000 | J44: 192000 | K44: 192000 | L44: 192000
A45: 生活支援体制整備事業 | B45: 14640 | C45: 188970 | D45: 169000 | E45: 278563 | F45: 355743 | G45: 432923 | H45: 169000 | I45: 169000 | J45: 169000 | K45: 169000 | L45: 169000
A46: 認知症初期集中支援推進事業 | B46: 0 | C46: 0 | D46: 0 | E46: 0 | F46: 0 | G46: 0 | H46: 0 | I46: 0 | J46: 0 | K46: 0 | L46: 0
A47: 認知症地域支援・ケア向上事業 | B47: 0 | C47: 0 | D47: 0 | E47: 0 | F47: 0 | G47: 0 | H47: 0 | I47: 0 | J47: 0 | K47: 0 | L47: 0
A48: 認知症サポーター活動促進・地域づくり推進事業 | B48: 0 | C48: 0 | D48: 0 | E48: 0 | F48: 0 | G48: 0 | H48: 0 | I48: 0 | J48: 0 | K48: 0 | L48: 0
A49: 地域ケア会議推進事業 | B49: 0 | C49: 0 | D49: 0 | E49: 0 | F49: 0 | G49: 0 | H49: 0 | I49: 0 | J49: 0 | K49: 0 | L49: 0
A51: ４．特定地域居宅サービス等事業 | L51: 単位：円
A52: サービス種別・項目 | B52: R6 | C52: R7 | D52: R8 | E52: R9 | F52: R10 | G52: R11 | H52: R12 | I52: R17 | J52: R22 | K52: R27 | L52: R32
A53: 特定地域居宅サービス等事業 | E53: 0 | F53: 0 | G53: 0 | H53: 0 | I53: 0 | J53: 0 | K53: 0 | L53: 0
A55: ５．介護情報利活用事業 | L55: 単位：円
A56: サービス種別・項目 | B56: R6 | C56: R7 | D56: R8 | E56: R9 | F56: R10 | G56: R11 | H56: R12 | I56: R17 | J56: R22 | K56: R27 | L56: R32
A57: 介護情報利活用事業 | E57: 0 | F57: 0 | G57: 0 | H57: 0 | I57: 0 | J57: 0 | K57: 0 | L57: 0
A59: ６．地域支援事業費計 | L59: 単位：円
B60: R6 | C60: R7 | D60: R8 | E60: R9 | F60: R10 | G60: R11 | H60: R12 | I60: R17 | J60: R22 | K60: R27 | L60: R32
A61: 介護予防・日常生活支援総合事業費 | B61: =SUM(B9,B11,B13:B17,B19,B21:B34) -> 7703249 | C61: =SUM(C9,C11,C13:C17,C19,C21:C34) -> 7898084 | D61: =SUM(D9,D11,D13:D17,D19,D21:D34) -> 6968000 | E61: =SUM(E9,E11,E13:E17,E19,E21:E35) -> 6786184 | F61: =SUM(F9,F11,F13:F17,F19,F21:F35) -> 6505887 | G61: =SUM(G9,G11,G13:G17,G19,G21:G35) -> 2227310 | H61: =SUM(H9,H11,H13:H17,H19,H21:H35) -> 7273668 | I61: =SUM(I9,I11,I13:I17,I19,I21:I35) -> 7239473 | J61: =SUM(J9,J11,J13:J17,J19,J21:J35) -> 6751627 | K61: =SUM(K9,K11,K13:K17,K19,K21:K35) -> 6073358 | L61: =SUM(L9,L11,L13:L17,L19,L21:L35) -> 5579097
A62: 包括的支援事業（地域包括支援センターの運営）及び任意事業費 | B62: =SUM(B39:B40) -> 29126527 | C62: =SUM(C39:C40) -> 28326552 | D62: =SUM(D39:D40) -> 36467000 | E62: =SUM(E39:E40) -> 38647166 | F62: =SUM(F39:F40) -> 42317402 | G62: =SUM(G39:G40) -> 45987639 | H62: =SUM(H39:H40) -> 35257778 | I62: =SUM(I39:I40) -> 33220015 | ... L62: =SUM(L39:L40) -> 27924071
A63: 包括的支援事業（社会保障充実分） | B63: =SUM(B44:B49) -> 14640 | C63: =SUM(C44:C49) -> 384513 | D63: =SUM(D44:D49) -> 361000 | E63: =SUM(E44:E49) -> 599744 | F63: =SUM(F44:F49) -> 772924 | G63: =SUM(G44:G49) -> 946104 | H63: =SUM(H44:H49) -> 361000 | I63: =SUM(I44:I49) -> 361000 | ... L63: =SUM(L44:L49) -> 361000
A64: 特定地域居宅サービス等事業 | E64: =SUM(E53) -> 0 | F64: =SUM(F53) -> 0 | G64: =SUM(G53) -> 0 | H64: =SUM(H53) -> 0 | I64: =SUM(I53) -> 0 | J64: =SUM(J53) -> 0 | K64: =SUM(K53) -> 0 | L64: =SUM(L53) -> 0
A65: 介護情報利活用事業 | E65: =SUM(E57) -> 0 | F65: =SUM(F57) -> 0 | G65: =SUM(G57) -> 0 | H65: =SUM(H57) -> 0 | I65: =SUM(I57) -> 0 | J65: =SUM(J57) -> 0 | K65: =SUM(K57) -> 0 | L65: =SUM(L57) -> 0
A66: 地域支援事業費 | B66: =SUM(B61:B65) -> 36844416 | C66: =SUM(C61:C65) -> 36609149 | D66: =SUM(D61:D65) -> 43796000 | E66: =SUM(E61:E65) -> 46033094 | F66: =SUM(F61:F65) -> 49596213 | G66: =SUM(G61:G65) -> 49161053 | H66: =SUM(H61:H65) -> 42892446 | I66: =SUM(I61:I65) -> 40820488 | ... L66: =SUM(L61:L65) -> 33864168
A68: ※事業費は年間累計の金額。人数は１月当たりの利用者数。

Sheet 4_施策反映の解説
A1: （４）施策反映の内容
K2: 出力日： | L2: ='1_推計値サマリ'!T2 -> 2026/09/11
I3: 保険者名 | K3: =保険者名 -> 川崎町
I4: 保険者番号 | K4: =保険者番号 -> 04324
I5: 推計パターン名 | K5: =推計パターン名 -> R8
A7: 施策反映の全体方針
A8: 出力後に入力
A9: １．自然体推計手法
A10: 認定者数の自然体推計手法 | B10: 性別／年齢５歳階級別／要介護度別に推計する ※初期値
A11: 介護サービス利用者数の自然体推計手法 | B11: サービス別／要介護度別に推計する ※初期値
A12: ２．要介護(支援)認定者数
A13: 推計に用いた認定率の伸び | B13: 当該市町村における令和６年度→令和７年度の伸び
B14: 認定者数の設定内容
A15: 認定者数
B17: 施策反映内容
A18: 認定者数
A19: ３．施設・居住系サービス利用者数
A20: 推計に用いた利用率の伸び | B20: 当該市町村における令和６年度→令和７年度の伸び
A21: 推計に用いた1人1月あたりの給付費の実績値 | B21: 令和7年度
B22: 給付費の設定内容
A23: 1人1月あたり給付費
B24: 利用者数の設定内容
A25: 施設・居住系サービス利用者数 | B25: 令和8年度実績が少ない為
B26: 施策反映内容
A27: （１）居宅サービス
A28: （２）地域密着型サービス
A29: （３）施設サービス
A30: ４．在宅サービス利用者数
A31: 推計に用いた利用率の伸び | B31: 当該市町村における令和６年度→令和７年度の伸び
A32: 推計に用いた1人1月あたり利用回（日）数の伸び | B32: 当該市町村における令和６年度→令和７年度の伸び
A33: 推計に用いた1人1月あたりの給付費の実績値 | B33: 令和8年度
B34: 利用者数の設定内容
A35: 在宅サービス利用者数 | B35: 令和8年度実績が少ない為
B36: 利用回(日)数の設定内容
A37: 在宅サービス利用回(日)数 | B37: 令和8年度実績が少ない為
B38: 給付費の設定内容
A39: 1人1月あたり給付費
B40: 施策反映内容
A41: 在宅サービス利用者数(利用率)
A42: 在宅サービス利用回(日)数
A43: ５．地域支援事業の見込み量推計
B44: 施策反映内容
A45: 地域支援事業の施策反映の経緯
A46: ６．調整交付金見込額
A47: 調整交付金見込額の調整理由

Sheet 5_保険料推計
A1: （５）第１号被保険者の保険料推計
P3: 保険者名 | Q3: =保険者名 -> 川崎町
P4: 保険者番号 | Q4: =保険者番号 -> 04324
P5: 推計パターン名 | Q5: =推計パターン名 -> R8
A7: １．９期保険料基準額
A8: 第９期保険料の基準額（月額） | F8: 6508.3306
A10: ２．保険料基準額の指標
F11: 第10期 | G11: 令和12年度 | H11: 令和17年度 | I11: 令和22年度 | J11: 令和27年度 | K11: 令和32年度
A12: 保険料基準額（月額） | F12: =F105/F106/F214/12 -> 7194.5697 | G12: =J105/J106/J214/12 -> 8273.0673 | H12: =K105/K106/K214/12 -> 8901.4153 | I12: =L105/L106/L214/12 -> 9184.5348 | J12: =M105/M106/M214/12 -> 9531.725 | K12: =N105/N106/N214/12 -> 10011.426
A13: 準備基金取崩額の影響額 | F13: =(F105+F15)/F106/F214/12-F12 -> 0 | G13: =(J105+G15)/J106/J214/12-G12 -> 0 | H13: =(K105+H15)/K106/K214/12-H12 -> 0 | I13: =(L105+I15)/L106/L214/12-I12 -> 0 | J13: =(M105+J15)/M106/M214/12-J12 -> 0 | K13: =(N105+K15)/N106/N214/12-K12 -> 0
B14: 準備基金の残高（前年度末の見込額） | F14: 0 | G14: 0 | H14: 0 | I14: 0 | J14: 0 | K14: 0
B15: 準備基金取崩額 | F15: 0 | G15: 0 | H15: 0 | I15: 0 | J15: 0 | K15: 0
B16: 準備基金取崩割合 | F16: =IF(F14=0,0, F15/F14) -> 0 | G16: =IF(G14=0,0,G15/G14) -> 0 | H16: =IF(H14=0,0,H15/H14) -> 0 | I16: =IF(I14=0,0,I15/I14) -> 0 | J16: =IF(J14=0,0,J15/J14) -> 0 | K16: =IF(K14=0,0,K15/K14) -> 0
A17: 財政安定化基金拠出金見込額の影響額 | F17: =F12-(F105-F18)/F106/F214/12 -> 0 | G17: =G12-(J105-G18)/J106/J214/12 -> 0 | H17: =H12-(K105-H18)/K106/K214/12 -> 0 | I17: =I12-(L105-I18)/L106/L214/12 -> 0 | J17: =J12-(M105-J18)/M106/M214/12 -> 0 | K17: =K12-(N105-K18)/N106/N214/12 -> 0
B18: 財政安定化基金拠出金見込額 | F18: =(F68+F86)*F19 -> 0 | G18: =(J68+J86)*G19 -> 0 | H18: =(K68+K86)*H19 -> 0 | I18: =(L68+L86)*I19 -> 0 | J18: =(M68+M86)*J19 -> 0 | K18: =(N68+N86)*K19 -> 0
B19: 財政安定化基金拠出率 | F19: 0 | G19: 0 | H19: 0 | I19: 0 | J19: 0 | K19: 0
A20: 財政安定化基金償還金の影響額 | F20: =F12-(F105-F21)/F106/F214/12 -> 0 | G20: =G12-(J105-G21)/J106/J214/12 -> 0 | H20: =H12-(K105-H21)/K106/K214/12 -> 0 | I20: =I12-(L105-I21)/L106/L214/12 -> 0 | J20: =J12-(M105-J21)/M106/M214/12 -> 0 | K20: =K12-(N105-K21)/N106/N214/12 -> 0
B21: 財政安定化基金償還金 | F21: 0 | G21: 0 | H21: 0 | I21: 0 | J21: 0 | K21: 0
A22: 保険料基準額の伸び率（％） （対９期保険料） | F22: =F12/$F$8-1 -> 0.10544012 | G22: =G12/ROUND($F$8,0)-1 -> 0.27121502 | H22: =H12/ROUND($F$8,0)-1 -> 0.3677651 | I22: =I12/ROUND($F$8,0)-1 -> 0.41126841 | J22: =J12/ROUND($F$8,0)-1 -> 0.46461662 | K22: =K12/ROUND($F$8,0)-1 -> 0.53832601
A24: ３．保険料設定を弾力化した場合の保険料額の指標
F25: 第10期 | G25: 令和12年度 | H25: 令和17年度 | I25: 令和22年度 | J25: 令和27年度 | K25: 令和32年度
A26: 保険料基準額（月額） | F26: =IFERROR(F105/F106/F215/12,"－") -> － | G26: =IFERROR(J105/J106/J215/12,"－") -> － | H26: =IFERROR(K105/K106/K215/12,"－") -> － | I26: =IFERROR(L105/L106/L215/12,"－") -> － | J26: =IFERROR(M105/M106/M215/12,"－") -> － | K26: =IFERROR(N105/N106/N215/12,"－") -> －
A27: 準備基金取崩額の影響額 | F27: =IFERROR((F105+F29)/F106/F215/12-F26,"－") -> － | G27: =IFERROR((J105+G29)/J106/J215/12-G26,"－") -> － | H27: =IFERROR((K105+H29)/K106/K215/12-H26,"－") -> － | I27: =IFERROR((L105+I29)/L106/L215/12-I26,"－") -> － | J27: =IFERROR((M105+J29)/M106/M215/12-J26,"－") -> － | K27: =IFERROR((N105+K29)/N106/N215/12-K26,"－") -> －
B28: 準備基金の残高（前年度末の見込額） | F28: =IF(F26="－","－",F14) -> － | G28: =IF(G26="－","－",G14) -> － | H28: =IF(H26="－","－",H14) -> － | I28: =IF(I26="－","－",I14) -> － | J28: =IF(J26="－","－",J14) -> － | K28: =IF(K26="－","－",K14) -> －
B29: 準備基金取崩額 | F29: =IF(F26="－","－",F15) -> － | G29: =IF(G26="－","－",G15) -> － | H29: =IF(H26="－","－",H15) -> － | I29: =IF(I26="－","－",I15) -> － | J29: =IF(J26="－","－",J15) -> － | K29: =IF(K26="－","－",K15) -> －
B30: 準備基金取崩割合 | F30: =IFERROR(F29/F28,"－") -> － | G30: =IFERROR(G29/G28,"－") -> － | H30: =IFERROR(H29/H28,"－") -> － | I30: =IFERROR(I29/I28,"－") -> － | J30: =IFERROR(J29/J28,"－") -> － | K30: =IFERROR(K29/K28,"－") -> －
A31: 財政安定化基金拠出金見込額の影響額 | F31: =IFERROR(F26-(F105-F32)/F106/F215/12,"－") -> － | G31: =IFERROR(G26-(J105-G32)/J106/J215/12,"－") -> － | H31: =IFERROR(H26-(K105-H32)/K106/K215/12,"－") -> － | I31: =IFERROR(I26-(L105-I32)/L106/L215/12,"－") -> － | J31: =IFERROR(J26-(M105-J32)/M106/M215/12,"－") -> － | K31: =IFERROR(K26-(N105-K32)/N106/N215/12,"－") -> －
B32: 財政安定化基金拠出金見込額 | F32: =IF(F26="－","－",(F68+F86)*F33) -> － | G32: =IF(G26="－","－",(J68+J86)*G33) -> － | H32: =IF(H26="－","－",(K68+K86)*H33) -> － | I32: =IF(I26="－","－",(L68+L86)*I33) -> － | J32: =IF(J26="－","－",(M68+M86)*J33) -> － | K32: =IF(K26="－","－",(N68+N86)*K33) -> －
B33: 財政安定化基金拠出率 | F33: =IF(F26="－","－",F19) -> － | G33: =IF(G26="－","－",G19) -> － | H33: =IF(H26="－","－",H19) -> － | I33: =IF(I26="－","－",I19) -> － | J33: =IF(J26="－","－",J19) -> － | K33: =IF(K26="－","－",K19) -> －
A34: 財政安定化基金償還金の影響額 | F34: =IFERROR(F26-(F105-F35)/F106/F215/12,"－") -> － | G34: =IFERROR(G26-(J105-G35)/J106/J215/12,"－") -> － | H34: =IFERROR(H26-(K105-H35)/K106/K215/12,"－") -> － | I34: =IFERROR(I26-(L105-I35)/L106/L215/12,"－") -> － | J34: =IFERROR(J26-(M105-J35)/M106/M215/12,"－") -> － | K34: =IFERROR(K26-(N105-K35)/N106/N215/12,"－") -> －
B35: 財政安定化基金償還金 | F35: =IF(F26="－","－",F21) -> － | G35: =IF(G26="－","－",G21) -> － | H35: =IF(H26="－","－",H21) -> － | I35: =IF(I26="－","－",I21) -> － | J35: =IF(J26="－","－",J21) -> － | K35: =IF(K26="－","－",K21) -> －
A36: 保険料基準額の伸び率（％） （対９期保険料） | F36: =IFERROR(F26/$F$8-1,"－") -> － | G36: =IFERROR(G26/ROUND($F$8,0)-1,"－") -> － | H36: =IFERROR(H26/ROUND($F$8,0)-1,"－") -> － | I36: =IFERROR(I26/ROUND($F$8,0)-1,"－") -> － | J36: =IFERROR(J26/ROUND($F$8,0)-1,"－") -> － | K36: =IFERROR(K26/ROUND($F$8,0)-1,"－") -> －
A38: ４ 介護保険料基準額（月額）の内訳
F39: 金額 | L39: 構成比
F40: 第10期 | G40: 令和12年度 | H40: 令和17年度 | I40: 令和22年度 | J40: 令和27年度 | K40: 令和32年度 | L40: 第10期 | M40: 令和12年度 | N40: 令和17年度 | O40: 令和22年度 | P40: 令和27年度 | Q40: 令和32年度
A41: 総給付費 | F41: =(F69*'(参考)保険料の推計に要する係数'!D5+(F93-F94))/(F214*F106*12) -> 6328.7322 | G41: =(J69*'(参考)保険料の推計に要する係数'!E5+(J93-J94))/(J214*J106*12) -> 7380.3768 | H41: =(K69*'(参考)保険料の推計に要する係数'!F5+(K93-K94))/(K214*K106*12) -> 7862.602 | I41: =(L69*'(参考)保険料の推計に要する係数'!G5+(L93-L94))/(L214*L106*12) -> 8001.6855 | J41: =(M69*'(参考)保険料の推計に要する係数'!H5+(M93-M94))/(M214*M106*12) -> 8262.8728 | K41: =(N69*'(参考)保険料の推計に要する係数'!I5+(N93-N94))/(N214*N106*12) -> 8762.9251 | L41: =F41/$F$49 -> 0.87965402 | M41: =G41/$G$49 -> 0.89209678 | N41: =H41/$H$49 -> 0.88329796 | O41: =I41/$I$49 -> 0.87121293 | P41: =J41/$J$49 -> 0.86688116 | Q41: =K41/$K$49 -> 0.87529242
B42: 在宅サービス | F42: =$F$41*SUM('2_サービス別給付費'!G151:I151)/SUM('2_サービス別給付費'!$G$150:$I$150) -> 2107.1912 | G42: =$G$41*SUM('2_サービス別給付費'!J151)/SUM('2_サービス別給付費'!$J$150) -> 2269.4172 | H42: =$H$41*SUM('2_サービス別給付費'!K151)/SUM('2_サービス別給付費'!$K$150) -> 2484.1202 | I42: =$I$41*SUM('2_サービス別給付費'!L151)/SUM('2_サービス別給付費'!$L$150) -> 2451.3129 | J42: =$J$41*SUM('2_サービス別給付費'!M151)/SUM('2_サービス別給付費'!$M$150) -> 2498.9454 | K42: =$K$41*SUM('2_サービス別給付費'!N151)/SUM('2_サービス別給付費'!$N$150) -> 2649.7646 | L42: =F42/$F$49 -> 0.29288633 | M42: =G42/$G$49 -> 0.27431388 | N42: =H42/$H$49 -> 0.27907025 | O42: =I42/$I$49 -> 0.26689571 | P42: =J42/$J$49 -> 0.26217137 | Q42: =K42/$K$49 -> 0.26467405
B43: 居住系サービス | F43: =$F$41*SUM('2_サービス別給付費'!G152:I152)/SUM('2_サービス別給付費'!$G$150:$I$150) -> 579.85888 | G43: =$G$41*SUM('2_サービス別給付費'!J152)/SUM('2_サービス別給付費'!$J$150) -> 667.24418 | H43: =$H$41*SUM('2_サービス別給付費'!K152)/SUM('2_サービス別給付費'!$K$150) -> 725.38139 | I43: =$I$41*SUM('2_サービス別給付費'!L152)/SUM('2_サービス別給付費'!$L$150) -> 696.59959 | J43: =$J$41*SUM('2_サービス別給付費'!M152)/SUM('2_サービス別給付費'!$M$150) -> 706.4479 | K43: =$K$41*SUM('2_サービス別給付費'!N152)/SUM('2_サービス別給付費'!$N$150) -> 714.8283 | L43: =F43/$F$49 -> 0.080596742 | M43: =G43/$G$49 -> 0.080652575 | N43: =H43/$H$49 -> 0.081490568 | O43: =I43/$I$49 -> 0.075844842 | P43: =J43/$J$49 -> 0.07411543 | Q43: =K43/$K$49 -> 0.071401249
B44: 施設サービス | F44: =$F$41*SUM('2_サービス別給付費'!G153:I153)/SUM('2_サービス別給付費'!$G$150:$I$150) -> 3641.6821 | G44: =$G$41*SUM('2_サービス別給付費'!J153)/SUM('2_サービス別給付費'!$J$150) -> 4443.7154 | H44: =$H$41*SUM('2_サービス別給付費'!K153)/SUM('2_サービス別給付費'!$K$150) -> 4653.1004 | I44: =$I$41*SUM('2_サービス別給付費'!L153)/SUM('2_サービス別給付費'!$L$150) -> 4853.773 | J44: =$J$41*SUM('2_サービス別給付費'!M153)/SUM('2_サービス別給付費'!$M$150) -> 5057.4795 | K44: =$K$41*SUM('2_サービス別給付費'!N153)/SUM('2_サービス別給付費'!$N$150) -> 5398.3322 | L44: =F44/$F$49 -> 0.50617094 | M44: =G44/$G$49 -> 0.53713033 | N44: =H44/$H$49 -> 0.52273714 | O44: =I44/$I$49 -> 0.52847238 | P44: =J44/$J$49 -> 0.53059436 | Q44: =K44/$K$49 -> 0.53921713
A45: その他給付費 | F45: =((F75+F78+F81+F82)*'(参考)保険料の推計に要する係数'!D5+F85)/(F214*F106*12) -> 554.06722 | G45: =((J75+J78+J81+J82)*'(参考)保険料の推計に要する係数'!E5+J85)/(J214*J106*12) -> 597.70882 | H45: =((K75+K78+K81+K82)*'(参考)保険料の推計に要する係数'!F5+K85)/(K214*K106*12) -> 726.44815 | I45: =((L75+L78+L81+L82)*'(参考)保険料の推計に要する係数'!G5+L85)/(L214*L106*12) -> 857.05442 | J45: =((M75+M78+M81+M82)*'(参考)保険料の推計に要する係数'!H5+M85)/(M214*M106*12) -> 930.47814 | K45: =((N75+N78+N81+N82)*'(参考)保険料の推計に要する係数'!I5+N85)/(N214*N106*12) -> 898.86365 | L45: =F45/$F$49 -> 0.077011863 | M45: =G45/$G$49 -> 0.072247547 | N45: =H45/$H$49 -> 0.08161041 | O45: =I45/$I$49 -> 0.093314951 | P45: =J45/$J$49 -> 0.097619072 | Q45: =K45/$K$49 -> 0.089783781
A46: 地域支援事業費 | F46: =F86*'(参考)保険料の推計に要する係数'!D5/(F214*F106*12) -> 311.77034 | G46: =J86*'(参考)保険料の推計に要する係数'!E5/(J214*J106*12) -> 294.98175 | H46: =K86*'(参考)保険料の推計に要する係数'!F5/(K214*K106*12) -> 312.36514 | I46: =L86*'(参考)保険料の推計に要する係数'!G5/(L214*L106*12) -> 325.79489 | J46: =M86*'(参考)保険料の推計に要する係数'!H5/(M214*M106*12) -> 338.37405 | K46: =N86*'(参考)保険料の推計に要する係数'!I5/(N214*N106*12) -> 349.63698 | L46: =F46/$F$49 -> 0.043334118 | M46: =G46/$G$49 -> 0.035655668 | N46: =H46/$H$49 -> 0.035091626 | O46: =I46/$I$49 -> 0.035472117 | P46: =J46/$J$49 -> 0.035499771 | Q46: =K46/$K$49 -> 0.034923796
A47: 財政安定化基金（拠出金見込額＋償還金） | F47: =(F18+F21)/(F214*F106*12) -> 0 | G47: =(G18+G21)/(J214*J106*12) -> 0 | H47: =(H18+H21)/(K214*K106*12) -> 0 | I47: =(I18+I21)/(L214*L106*12) -> 0 | J47: =(J18+J21)/(M214*M106*12) -> 0 | K47: =(K18+K21)/(N214*N106*12) -> 0 | L47: =F47/$F$49 -> 0 | M47: =G47/$G$49 -> 0 | N47: =H47/$H$49 -> 0 | O47: =I47/$I$49 -> 0 | P47: =J47/$J$49 -> 0 | Q47: =K47/$K$49 -> 0
A48: 市町村特別給付費等 | F48: =(F102+F103-F104)/(F214*F106*12) -> 0 | G48: =(J102+J103-J104)/(J214*J106*12) -> 0 | H48: =(K102+K103-K104)/(K214*K106*12) -> 0 | I48: =(L102+L103-L104)/(L214*L106*12) -> 0 | J48: =(M102+M103-M104)/(M214*M106*12) -> 0 | K48: =(N102+N103-N104)/(N214*N106*12) -> 0 | L48: =F48/$F$49 -> 0 | M48: =G48/$G$49 -> 0 | N48: =H48/$H$49 -> 0 | O48: =I48/$I$49 -> 0 | P48: =J48/$J$49 -> 0 | Q48: =K48/$K$49 -> 0
A49: 保険料収納必要額（月額） | F49: =F41+SUM(F45:F48) -> 7194.5697 | G49: =G41+SUM(G45:G48) -> 8273.0673 | H49: =H41+SUM(H45:H48) -> 8901.4153 | I49: =I41+SUM(I45:I48) -> 9184.5348 | J49: =J41+SUM(J45:J48) -> 9531.725 | K49: =K41+SUM(K45:K48) -> 10011.426 | L49: =F49/$F$49 -> 1 | M49: =G49/$G$49 -> 1 | N49: =H49/$H$49 -> 1 | O49: =I49/$I$49 -> 1 | P49: =J49/$J$49 -> 1 | Q49: =K49/$K$49 -> 1
A50: 準備基金取崩額 | F50: =F15/(F214*F106*12) -> 0 | G50: =G15/(J214*J106*12) -> 0 | H50: =H15/(K214*K106*12) -> 0 | I50: =I15/(L214*L106*12) -> 0 | J50: =J15/(M214*M106*12) -> 0 | K50: =K15/(N214*N106*12) -> 0 | L50: =F50/$F$49 -> 0 | M50: =G50/$G$49 -> 0 | N50: =H50/$H$49 -> 0 | O50: =I50/$I$49 -> 0 | P50: =J50/$J$49 -> 0 | Q50: =K50/$K$49 -> 0
A51: 基準保険料額（月額） | F51: =F49-F50 -> 7194.5697 | G51: =G49-G50 -> 8273.0673 | H51: =H49-H50 -> 8901.4153 | I51: =I49-I50 -> 9184.5348 | J51: =J49-J50 -> 9531.725 | K51: =K49-K50 -> 10011.426 | L51: =F51/$F$49 -> 1 | M51: =G51/$G$49 -> 1 | N51: =H51/$H$49 -> 1 | O51: =I51/$I$49 -> 1 | P51: =J51/$J$49 -> 1 | Q51: =K51/$K$49 -> 1
A52: （弾力化した場合）
A53: 総給付費 | F53: =IFERROR((F69*'(参考)保険料の推計に要する係数'!D5+(F93-F94))/(F215*F106*12),"－") -> － | G53: =IFERROR((J69*'(参考)保険料の推計に要する係数'!E5+(J93-J94))/(J215*J106*12),"－") -> － | H53: =IFERROR((K69*'(参考)保険料の推計に要する係数'!F5+(K93-K94))/(K215*K106*12),"－") -> － | I53: =IFERROR((L69*'(参考)保険料の推計に要する係数'!G5+(L93-L94))/(L215*L106*12),"－") -> － | J53: =IFERROR((M69*'(参考)保険料の推計に要する係数'!H5+(M93-M94))/(M215*M106*12),"－") -> － | K53: =IFERROR((N69*'(参考)保険料の推計に要する係数'!I5+(N93-N94))/(N215*N106*12),"－") -> － | L53: =IFERROR(F53/$F$61,"－") -> － | M53: =IFERROR(G53/$G$61,"－") -> － | N53: =IFERROR(H53/$H$61,"－") -> － | O53: =IFERROR(I53/$I$61,"－") -> － | P53: =IFERROR(J53/$J$61,"－") -> － | Q53: =IFERROR(K53/$K$61,"－") -> －
B54: 在宅サービス | F54: =IFERROR($F$53*SUM('2_サービス別給付費'!G151:I151)/SUM('2_サービス別給付費'!$G$150:$I$150),"－") -> － | G54: =IFERROR(G53*SUM('2_サービス別給付費'!J151)/SUM('2_サービス別給付費'!J150),"－") -> － | H54: =IFERROR(H53*SUM('2_サービス別給付費'!K151)/SUM('2_サービス別給付費'!K150),"－") -> － | I54: =IFERROR(I53*SUM('2_サービス別給付費'!L151)/SUM('2_サービス別給付費'!L150),"－") -> － | J54: =IFERROR(J53*SUM('2_サービス別給付費'!M151)/SUM('2_サービス別給付費'!M150),"－") -> － | K54: =IFERROR(K53*SUM('2_サービス別給付費'!N151)/SUM('2_サービス別給付費'!N150),"－") -> － | L54: =IFERROR(F54/$F$61,"－") -> － | M54: =IFERROR(G54/$G$61,"－") -> － | N54: =IFERROR(H54/$H$61,"－") -> － | O54: =IFERROR(I54/$I$61,"－") -> － | P54: =IFERROR(J54/$J$61,"－") -> － | Q54: =IFERROR(K54/$K$61,"－") -> －
B55: 居住系サービス | F55: =IFERROR($F$53*SUM('2_サービス別給付費'!G152:I152)/SUM('2_サービス別給付費'!$G$150:$I$150),"－") -> － | G55: =IFERROR(G53*SUM('2_サービス別給付費'!J152)/SUM('2_サービス別給付費'!J150),"－") -> － | H55: =IFERROR(H53*SUM('2_サービス別給付費'!K152)/SUM('2_サービス別給付費'!K150),"－") -> － | I55: =IFERROR(I53*SUM('2_サービス別給付費'!L152)/SUM('2_サービス別給付費'!L150),"－") -> － | J55: =IFERROR(J53*SUM('2_サービス別給付費'!M152)/SUM('2_サービス別給付費'!M150),"－") -> － | K55: =IFERROR(K53*SUM('2_サービス別給付費'!N152)/SUM('2_サービス別給付費'!N150),"－") -> － | L55: =IFERROR(F55/$F$61,"－") -> － | M55: =IFERROR(G55/$G$61,"－") -> － | N55: =IFERROR(H55/$H$61,"－") -> － | O55: =IFERROR(I55/$I$61,"－") -> － | P55: =IFERROR(J55/$J$61,"－") -> － | Q55: =IFERROR(K55/$K$61,"－") -> －
B56: 施設サービス | F56: =IFERROR($F$53*SUM('2_サービス別給付費'!G153:I153)/SUM('2_サービス別給付費'!$G$150:$I$150),"－") -> － | G56: =IFERROR(G53*SUM('2_サービス別給付費'!J153)/SUM('2_サービス別給付費'!J150),"－") -> － | H56: =IFERROR(H53*SUM('2_サービス別給付費'!K153)/SUM('2_サービス別給付費'!K150),"－") -> － | I56: =IFERROR(I53*SUM('2_サービス別給付費'!L153)/SUM('2_サービス別給付費'!L150),"－") -> － | J56: =IFERROR(J53*SUM('2_サービス別給付費'!M153)/SUM('2_サービス別給付費'!M150),"－") -> － | K56: =IFERROR(K53*SUM('2_サービス別給付費'!N153)/SUM('2_サービス別給付費'!N150),"－") -> － | L56: =IFERROR(F56/$F$61,"－") -> － | M56: =IFERROR(G56/$G$61,"－") -> － | N56: =IFERROR(H56/$H$61,"－") -> － | O56: =IFERROR(I56/$I$61,"－") -> － | P56: =IFERROR(J56/$J$61,"－") -> － | Q56: =IFERROR(K56/$K$61,"－") -> －
A57: その他給付費 | F57: =IFERROR(((F75+F78+F81+F82)*'(参考)保険料の推計に要する係数'!D5+F85)/(F215*F106*12),"－") -> － | G57: =IFERROR(((J75+J78+J81+J82)*'(参考)保険料の推計に要する係数'!E5+J85)/(J215*J106*12),"－") -> － | H57: =IFERROR(((K75+K78+K81+K82)*'(参考)保険料の推計に要する係数'!F5+K85)/(K215*K106*12),"－") -> － | I57: =IFERROR(((L75+L78+L81+L82)*'(参考)保険料の推計に要する係数'!G5+L85)/(L215*L106*12),"－") -> － | J57: =IFERROR(((M75+M78+M81+M82)*'(参考)保険料の推計に要する係数'!H5+M85)/(M215*M106*12),"－") -> － | K57: =IFERROR(((N75+N78+N81+N82)*'(参考)保険料の推計に要する係数'!I5+N85)/(N215*N106*12),"－") -> － | L57: =IFERROR(F57/$F$61,"－") -> － | M57: =IFERROR(G57/$G$61,"－") -> － | N57: =IFERROR(H57/$H$61,"－") -> － | O57: =IFERROR(I57/$I$61,"－") -> － | P57: =IFERROR(J57/$J$61,"－") -> － | Q57: =IFERROR(K57/$K$61,"－") -> －
A58: 地域支援事業費 | F58: =IFERROR(F86*'(参考)保険料の推計に要する係数'!D5/(F215*F106*12),"－") -> － | G58: =IFERROR(J86*'(参考)保険料の推計に要する係数'!E5/(J215*J106*12),"－") -> － | H58: =IFERROR(K86*'(参考)保険料の推計に要する係数'!F5/(K215*K106*12),"－") -> － | I58: =IFERROR(L86*'(参考)保険料の推計に要する係数'!G5/(L215*L106*12),"－") -> － | J58: =IFERROR(M86*'(参考)保険料の推計に要する係数'!H5/(M215*M106*12),"－") -> － | K58: =IFERROR(N86*'(参考)保険料の推計に要する係数'!I5/(N215*N106*12),"－") -> － | L58: =IFERROR(F58/$F$61,"－") -> － | M58: =IFERROR(G58/$G$61,"－") -> － | N58: =IFERROR(H58/$H$61,"－") -> － | O58: =IFERROR(I58/$I$61,"－") -> － | P58: =IFERROR(J58/$J$61,"－") -> － | Q58: =IFERROR(K58/$K$61,"－") -> －
A59: 財政安定化基金（拠出金見込額＋償還金） | F59: =IFERROR((F18+F21)/(F215*F106*12),"－") -> － | G59: =IFERROR((G18+G21)/(J215*J106*12),"－") -> － | H59: =IFERROR((H18+H21)/(K215*K106*12),"－") -> － | I59: =IFERROR((I18+I21)/(L215*L106*12),"－") -> － | J59: =IFERROR((J18+J21)/(M215*M106*12),"－") -> － | K59: =IFERROR((K18+K21)/(N215*N106*12),"－") -> － | L59: =IFERROR(F59/$F$61,"－") -> － | M59: =IFERROR(G59/$G$61,"－") -> － | N59: =IFERROR(H59/$H$61,"－") -> － | O59: =IFERROR(I59/$I$61,"－") -> － | P59: =IFERROR(J59/$J$61,"－") -> － | Q59: =IFERROR(K59/$K$61,"－") -> －
A60: 市町村特別給付費等 | F60: =IFERROR((F102+F103-F104)/(F215*F106*12),"－") -> － | G60: =IFERROR((J102+J103-J104)/(J215*J106*12),"－") -> － | H60: =IFERROR((K102+K103-K104)/(K215*K106*12),"－") -> － | I60: =IFERROR((L102+L103-L104)/(L215*L106*12),"－") -> － | J60: =IFERROR((M102+M103-M104)/(M215*M106*12),"－") -> － | K60: =IFERROR((N102+N103-N104)/(N215*N106*12),"－") -> － | L60: =IFERROR(F60/$F$61,"－") -> － | M60: =IFERROR(G60/$G$61,"－") -> － | N60: =IFERROR(H60/$H$61,"－") -> － | O60: =IFERROR(I60/$I$61,"－") -> － | P60: =IFERROR(J60/$J$61,"－") -> － | Q60: =IFERROR(K60/$K$61,"－") -> －
A61: 保険料収納必要額（月額） | F61: =IFERROR(F53+SUM(F57:F60),"－") -> － | G61: =IFERROR(G53+SUM(G57:G60),"－") -> － | H61: =IFERROR(H53+SUM(H57:H60),"－") -> － | I61: =IFERROR(I53+SUM(I57:I60),"－") -> － | J61: =IFERROR(J53+SUM(J57:J60),"－") -> － | K61: =IFERROR(K53+SUM(K57:K60),"－") -> － | L61: =IFERROR(F61/$F$61,"－") -> － | M61: =IFERROR(G61/$G$61,"－") -> － | N61: =IFERROR(H61/$H$61,"－") -> － | O61: =IFERROR(I61/$I$61,"－") -> － | P61: =IFERROR(J61/$J$61,"－") -> － | Q61: =IFERROR(K61/$K$61,"－") -> －
A62: 準備基金取崩額 | F62: =IFERROR(F15/(F215*F106*12),"－") -> － | G62: =IFERROR(G15/(J215*J106*12),"－") -> － | H62: =IFERROR(H15/(K215*K106*12),"－") -> － | I62: =IFERROR(I15/(L215*L106*12),"－") -> － | J62: =IFERROR(J15/(M215*M106*12),"－") -> － | K62: =IFERROR(K15/(N215*N106*12),"－") -> － | L62: =IFERROR(F62/$F$61,"－") -> － | M62: =IFERROR(G62/$G$61,"－") -> － | N62: =IFERROR(H62/$H$61,"－") -> － | O62: =IFERROR(I62/$I$61,"－") -> － | P62: =IFERROR(J62/$J$61,"－") -> － | Q62: =IFERROR(K62/$K$61,"－") -> －
A63: 基準保険料額（月額） | F63: =IFERROR(F61-F62,"－") -> － | G63: =IFERROR(G61-G62,"－") -> － | H63: =IFERROR(H61-H62,"－") -> － | I63: =IFERROR(I61-I62,"－") -> － | J63: =IFERROR(J61-J62,"－") -> － | K63: =IFERROR(K61-K62,"－") -> － | L63: =IFERROR(F63/$F$61,"－") -> － | M63: =IFERROR(G63/$G$61,"－") -> － | N63: =IFERROR(H63/$H$61,"－") -> － | O63: =IFERROR(I63/$I$61,"－") -> － | P63: =IFERROR(J63/$J$61,"－") -> － | Q63: =IFERROR(K63/$K$61,"－") -> －
A65: ５．保険料収納必要額関係
F66: 第10期 | J66: 令和12年度 | K66: 令和17年度 | L66: 令和22年度 | M66: 令和27年度 | N66: 令和32年度
F67: 合計 | G67: 令和9年度 | H67: 令和10年度 | I67: 令和11年度
A68: 標準給付費見込額 | F68: =SUM(G68:I68) -> 3330314310 | G68: =G69+G75+G78+G81+G82 -> 1110572436 | H68: =H69+H75+H78+H81+H82 -> 1106346017 | I68: =I69+I75+I78+I81+I82 -> 1113395857 | J68: =J69+J75+J78+J81+J82 -> 1148511118 | K68: =K69+K75+K78+K81+K82 -> 1240741667 | L68: =L69+L75+L78+L81+L82 -> 1355053375 | M68: =M69+M75+M78+M81+M82 -> 1335975912 | N68: =N69+N75+N78+N81+N82 -> 1185495639
B69: 総給付費（財政影響額調整後） | F69: =SUM(G69:I69) -> 3072998000 | G69: =SUM(G70:G74) -> 1025147000 | H69: =SUM(H70:H74) -> 1020772000 | I69: =SUM(I70:I74) -> 1027079000 | J69: =SUM(J70:J73) -> 1061600000 | K69: =SUM(K70:K73) -> 1145808000 | L69: =SUM(L70:L73) -> 1252840000 | M69: =SUM(M70:M73) -> 1237031000 | N69: =SUM(N70:N73) -> 1098436000
C70: 総給付費 | F70: =SUM(G70:I70) -> 3072998000 | G70: ='2_サービス別給付費'!G150*1000 -> 1025147000 | H70: ='2_サービス別給付費'!H150*1000 -> 1020772000 | I70: ='2_サービス別給付費'!I150*1000 -> 1027079000 | J70: ='2_サービス別給付費'!J150*1000 -> 1061600000 | K70: ='2_サービス別給付費'!K150*1000 -> 1145808000 | L70: ='2_サービス別給付費'!L150*1000 -> 1252840000 | M70: ='2_サービス別給付費'!M150*1000 -> 1237031000 | N70: ='2_サービス別給付費'!N150*1000 -> 1098436000
C71: 制度改正による影響額 | F71: =SUM(G71:I71) -> 0 | G71: 0 | H71: 0 | I71: 0 | J71: 0 | K71: 0 | L71: 0 | M71: 0 | N71: 0
C72: 介護予防等の取組による影響額 | F72: =SUM(G72:I72) -> 0 | G72: 0 | H72: 0 | I72: 0 | J72: 0 | K72: 0 | L72: 0 | M72: 0 | N72: 0
C73: 介護給付適正化事業による影響額 | F73: =SUM(G73:I73) -> 0 | G73: 0 | H73: 0 | I73: 0 | J73: 0 | K73: 0 | L73: 0 | M73: 0 | N73: 0
C74: 不正・不当利得返還による影響額 | F74: =SUM(G74:I74) -> 0 | G74: 0 | H74: 0 | I74: 0
B75: 特定入所者介護サービス費等給付額（財政影響額調整後） | F75: =SUM(G75:I75) -> 156669648 | G75: =G76+G77 -> 52012152 | H75: =H76+H77 -> 52102608 | I75: =I76+I77 -> 52554888 | J75: =J76+J77 -> 52916712 | K75: =K76+K77 -> 57801331 | L75: =L76+L77 -> 62233670 | M75: =M76+M77 -> 60243641 | N75: =N76+N77 -> 53007168
C76: 特定入所者介護サービス費等給付額 | F76: =SUM(G76:I76) -> 156669648 | G76: 52012152 | H76: 52102608 | I76: 52554888 | J76: 52916712 | K76: 57801331 | L76: 62233670 | M76: 60243641 | N76: 53007168
C77: 制度改正に伴う財政影響額 | F77: =SUM(G77:I77) -> 0 | G77: 0 | H77: 0 | I77: 0 | J77: 0 | K77: 0 | L77: 0 | M77: 0 | N77: 0
B78: 高額介護サービス費等給付額（財政影響額調整後） | F78: =SUM(G78:I78) -> 93189835 | G78: =G79+G80 -> 30937734 | H78: =H79+H80 -> 30991539 | I78: =I79+I80 -> 31260562 | J78: =J79+J80 -> 31475781 | K78: =K79+K80 -> 34381238 | L78: =L79+L80 -> 37017671 | M78: =M79+M80 -> 35833966 | N78: =N79+N80 -> 31529586
C79: 高額介護サービス費等給付額 | F79: =SUM(G79:I79) -> 93189835 | G79: 30937734 | H79: 30991539 | I79: 31260562 | J79: 31475781 | K79: 34381238 | L79: 37017671 | M79: 35833966 | N79: 31529586
C80: 制度改正に伴う財政影響額 | F80: =SUM(G80:I80) -> 0 | G80: 0 | H80: 0 | I80: 0 | J80: 0 | K80: 0 | L80: 0 | M80: 0 | N80: 0
B81: 高額医療合算介護サービス費等給付額 | F81: =SUM(G81:I81) -> 5506887 | G81: 1828210 | H81: 1831390 | I81: 1847287 | J81: 1860005 | K81: 2031698 | L81: 2187494 | M81: 2117545 | N81: 1863185
B82: 算定対象審査支払手数料 | F82: =SUM(G82:I82) -> 1949940 | G82: =G83*G84-G85 -> 647340 | H82: =H83*H84-H85 -> 648480 | I82: =I83*I84-I85 -> 654120 | J82: =J83*J84-J85 -> 658620 | K82: =K83*K84-K85 -> 719400 | L82: =L83*L84-L85 -> 774540 | M82: =M83*M84-M85 -> 749760 | N82: =N83*N84-N85 -> 659700
C83: 審査支払手数料一件あたり単価 | G83: 60 | H83: 60 | I83: 60 | J83: 60 | K83: 60 | L83: 60 | M83: 60 | N83: 60
C84: 審査支払手数料支払件数 | F84: =SUM(G84:I84) -> 32499 | G84: 10789 | H84: 10808 | I84: 10902 | J84: 10977 | K84: 11990 | L84: 12909 | M84: 12496 | N84: 10995
C85: 審査支払手数料差引額 | F85: =SUM(G85:I85) -> 0 | G85: =IF(G83-'(参考)保険料の推計に要する係数'!$D$38>0,(G83-'(参考)保険料の推計に要する係数'!$D$38)*G84,0) -> 0 | H85: =IF(H83-'(参考)保険料の推計に要する係数'!$D$38>0,(H83-'(参考)保険料の推計に要する係数'!$D$38)*H84,0) -> 0 | I85: =IF(I83-'(参考)保険料の推計に要する係数'!$D$38>0,(I83-'(参考)保険料の推計に要する係数'!$D$38)*I84,0) -> 0 | J85: =IF(J83-'(参考)保険料の推計に要する係数'!$D$38>0,(J83-'(参考)保険料の推計に要する係数'!$D$38)*J84,0) -> 0 | K85: =IF(K83-'(参考)保険料の推計に要する係数'!$D$38>0,(K83-'(参考)保険料の推計に要する係数'!$D$38)*K84,0) -> 0 | L85: =IF(L83-'(参考)保険料の推計に要する係数'!$D$38>0,(L83-'(参考)保険料の推計に要する係数'!$D$38)*L84,0) -> 0 | M85: =IF(M83-'(参考)保険料の推計に要する係数'!$D$38>0,(M83-'(参考)保険料の推計に要する係数'!$D$38)*M84,0) -> 0 | N85: =IF(N83-'(参考)保険料の推計に要する係数'!$D$38>0,(N83-'(参考)保険料の推計に要する係数'!$D$38)*N84,0) -> 0
A86: 地域支援事業費 | F86: =SUM(G86:I86) -> 144790360 | G86: =SUM(G87:G91) -> 46033094 | H86: =SUM(H87:H91) -> 49596213 | I86: =SUM(I87:I91) -> 49161053 | J86: =SUM(J87:J91) -> 42892446 | K86: =SUM(K87:K91) -> 40820488 | L86: =SUM(L87:L91) -> 38854704 | M86: =SUM(M87:M91) -> 35981921 | N86: =SUM(N87:N91) -> 33864168
B87: 介護予防・日常生活支援総合事業費 | F87: =SUM(G87:I87) -> 15519381 | G87: ='3_地域支援事業費'!E61 -> 6786184 | H87: ='3_地域支援事業費'!F61 -> 6505887 | I87: ='3_地域支援事業費'!G61 -> 2227310 | J87: ='3_地域支援事業費'!H61 -> 7273668 | K87: ='3_地域支援事業費'!I61 -> 7239473 | L87: ='3_地域支援事業費'!J61 -> 6751627 | M87: ='3_地域支援事業費'!K61 -> 6073358 | N87: ='3_地域支援事業費'!L61 -> 5579097
B88: 包括的支援事業（地域包括支援センターの運営）及び任意事業費 | F88: =SUM(G88:I88) -> 126952207 | G88: ='3_地域支援事業費'!E62 -> 38647166 | H88: ='3_地域支援事業費'!F62 -> 42317402 | I88: ='3_地域支援事業費'!G62 -> 45987639 | J88: ='3_地域支援事業費'!H62 -> 35257778 | K88: ='3_地域支援事業費'!I62 -> 33220015 | L88: ='3_地域支援事業費'!J62 -> 31742077 | M88: ='3_地域支援事業費'!K62 -> 29547563 | N88: ='3_地域支援事業費'!L62 -> 27924071
B89: 包括的支援事業（社会保障充実分） | F89: =SUM(G89:I89) -> 2318772 | G89: ='3_地域支援事業費'!E63 -> 599744 | H89: ='3_地域支援事業費'!F63 -> 772924 | I89: ='3_地域支援事業費'!G63 -> 946104 | J89: ='3_地域支援事業費'!H63 -> 361000 | K89: ='3_地域支援事業費'!I63 -> 361000 | L89: ='3_地域支援事業費'!J63 -> 361000 | M89: ='3_地域支援事業費'!K63 -> 361000 | N89: ='3_地域支援事業費'!L63 -> 361000
B90: 特定地域居宅サービス等事業 | F90: =SUM(G90:I90) -> 0 | G90: ='3_地域支援事業費'!E64 -> 0 | H90: ='3_地域支援事業費'!F64 -> 0 | I90: ='3_地域支援事業費'!G64 -> 0 | J90: ='3_地域支援事業費'!H64 -> 0 | K90: ='3_地域支援事業費'!I64 -> 0 | L90: ='3_地域支援事業費'!J64 -> 0 | M90: ='3_地域支援事業費'!K64 -> 0 | N90: ='3_地域支援事業費'!L64 -> 0
B91: 介護情報利活用事業 | F91: =SUM(G91:I91) -> 0 | G91: ='3_地域支援事業費'!E65 -> 0 | H91: ='3_地域支援事業費'!F65 -> 0 | I91: ='3_地域支援事業費'!G65 -> 0 | J91: ='3_地域支援事業費'!H65 -> 0 | K91: ='3_地域支援事業費'!I65 -> 0 | L91: ='3_地域支援事業費'!J65 -> 0 | M91: ='3_地域支援事業費'!K65 -> 0 | N91: ='3_地域支援事業費'!L65 -> 0
A92: 第1号被保険者負担分相当額 | F92: =SUM(G92:I92) -> 7.9927407e+08 | G92: =(G68+G86)*'(参考)保険料の推計に要する係数'!$D$5 -> 2.6601927e+08 | H92: =(H68+H86)*'(参考)保険料の推計に要する係数'!$D$5 -> 2.6586671e+08 | I92: =(I68+I86)*'(参考)保険料の推計に要する係数'!$D$5 -> 2.6738809e+08 | J92: =(J68+J86)*'(参考)保険料の推計に要する係数'!$E$5 -> 2.8593686e+08 | K92: =(K68+K86)*'(参考)保険料の推計に要する係数'!$F$5 -> 3.2039054e+08 | L92: =(L68+L86)*'(参考)保険料の推計に要する係数'!$G$5 -> 3.624161e+08 | M92: =(M68+M86)*'(参考)保険料の推計に要する係数'!$H$5 -> 3.7042861e+08 | N92: =(N68+N86)*'(参考)保険料の推計に要する係数'!$I$5 -> 3.4142075e+08
A93: 調整交付金相当額 | F93: =SUM(G93:I93) -> 1.6729168e+08 | G93: =(G68+G87)*0.05 -> 55867931 | H93: =(H68+H87)*0.05 -> 55642595 | I93: =(I68+I87)*0.05 -> 55781158 | J93: =(J68+J87)*0.05 -> 57789239 | K93: =(K68+K87)*0.05 -> 62399057 | L93: =(L68+L87)*0.05 -> 68090250 | M93: =(M68+M87)*0.05 -> 67102464 | N93: =(N68+N87)*0.05 -> 59553737
A94: 調整交付金見込額 | F94: =SUM(G94:I94) -> 198077000 | G94: =ROUND((G68+G87)*G97*G95,-3)+G96 -> 68606000 | H94: =ROUND((H68+H87)*H97*H95,-3)+H96 -> 65992000 | I94: =ROUND((I68+I87)*I97*I95,-3)+I96 -> 63479000 | J94: =ROUND((J68+J87)*J97*J95,-3)+J96 -> 55015000 | K94: =ROUND((K68+K87)*K97*K95,-3)+K96 -> 91976000 | L94: =ROUND((L68+L87)*L97*L95,-3)+L96 -> 145713000 | M94: =ROUND((M68+M87)*M97*M95,-3)+M96 -> 163864000 | N94: =ROUND((N68+N87)*N97*N95,-3)+N96 -> 129470000
B95: 調整率 | G95: 1 | H95: 1 | I95: 1 | J95: 1 | K95: 1 | L95: 1 | M95: 1 | N95: 1
B96: 特別調整交付金の交付見込額 | G96: 0 | H96: 0 | I96: 0 | J96: 0 | K96: 0 | L96: 0 | M96: 0 | N96: 0
A97: 調整交付金見込交付割合 | G97: =IF(G101<>0,IF(('(参考)保険料の推計に要する係数'!$D$5+0.05)-'(参考)保険料の推計に要する係数'!$D$5*G98*G101>0,ROUND(('(参考)保険料の推計に要する係数'!$D$5+0.05)-('(参考)保険料の推計に要する係数'!$D$5*G98*G101),4),0),0) -> 0.0614 | H97: =IF(H101<>0,IF(('(参考)保険料の推計に要する係数'!$D$5+0.05)-'(参考)保険料の推計に要する係数'!$D$5*H98*H101>0,ROUND(('(参考)保険料の推計に要する係数'!$D$5+0.05)-('(参考)保険料の推計に要する係数'!$D$5*H98*H101),4),0),0) -> 0.0593 | I97: =IF(I101<>0,IF(('(参考)保険料の推計に要する係数'!$D$5+0.05)-'(参考)保険料の推計に要する係数'!$D$5*I98*I101>0,ROUND(('(参考)保険料の推計に要する係数'!$D$5+0.05)-('(参考)保険料の推計に要する係数'!$D$5*I98*I101),4),0),0) -> 0.0569 | J97: =IF(J101<>0,IF(('(参考)保険料の推計に要する係数'!$E$5+0.05)-'(参考)保険料の推計に要する係数'!$E$5*J98*J101>0,ROUND(('(参考)保険料の推計に要する係数'!$E$5+0.05)-('(参考)保険料の推計に要する係数'!$E$5*J98*J101),4),0),0) -> 0.0476 | K97: =IF(K101<>0,IF(('(参考)保険料の推計に要する係数'!$F$5+0.05)-'(参考)保険料の推計に要する係数'!$F$5*K98*K101>0,ROUND(('(参考)保険料の推計に要する係数'!$F$5+0.05)-('(参考)保険料の推計に要する係数'!$F$5*K98*K101),4),0),0) -> 0.0737 | L97: =IF(L101<>0,IF(('(参考)保険料の推計に要する係数'!$G$5+0.05)-'(参考)保険料の推計に要する係数'!$G$5*L98*L101>0,ROUND(('(参考)保険料の推計に要する係数'!$G$5+0.05)-('(参考)保険料の推計に要する係数'!$G$5*L98*L101),4),0),0) -> 0.107 | M97: =IF(M101<>0,IF(('(参考)保険料の推計に要する係数'!$H$5+0.05)-'(参考)保険料の推計に要する係数'!$H$5*M98*M101>0,ROUND(('(参考)保険料の推計に要する係数'!$H$5+0.05)-('(参考)保険料の推計に要する係数'!$H$5*M98*M101),4),0),0) -> 0.1221 | N97: =IF(N101<>0,IF(('(参考)保険料の推計に要する係数'!$I$5+0.05)-'(参考)保険料の推計に要する係数'!$I$5*N98*N101>0,ROUND(('(参考)保険料の推計に要する係数'!$I$5+0.05)-('(参考)保険料の推計に要する係数'!$I$5*N98*N101),4),0),0) -> 0.1087
B98: 後期高齢者加入割合補正係数 | G98: =IF(SUM(G112:G113)>0, ROUND( ( '(参考)保険料の推計に要する係数'!D9*'(参考)保険料の推計に要する係数'!D12 +'(参考)保険料の推計に要する係数'!D10*'(参考)保険料の推計に要する係数'!D13 +'(参考)保険料の推計に要する係数'!D11*'(参考)保険料の推計に要する係数'!D14 ) / ( ROUND(G112/G111,4)*'(参考)保険料の推計に要する係数'!D12 +ROUND(G114/G111,4)*'(参考)保険料の推計に要する係数'!D13 +ROUND(G115/G111,4)*'(参考)保険料の推計に要する係数'!D14 ),4),0) -> 0.9832 | H98: =IF(SUM(H112:H113)>0, ROUND( ( '(参考)保険料の推計に要する係数'!E9*'(参考)保険料の推計に要する係数'!E12 +'(参考)保険料の推計に要する係数'!E10*'(参考)保険料の推計に要する係数'!E13 +'(参考)保険料の推計に要する係数'!E11*'(参考)保険料の推計に要する係数'!E14 ) / ( ROUND(H112/H111,4)*'(参考)保険料の推計に要する係数'!E12 +ROUND(H114/H111,4)*'(参考)保険料の推計に要する係数'!E13 +ROUND(H115/H111,4)*'(参考)保険料の推計に要する係数'!E14 ),4),0) -> 0.9935 | I98: =IF(SUM(I112:I113)>0, ROUND( ( '(参考)保険料の推計に要する係数'!F9*'(参考)保険料の推計に要する係数'!F12 +'(参考)保険料の推計に要する係数'!F10*'(参考)保険料の推計に要する係数'!F13 +'(参考)保険料の推計に要する係数'!F11*'(参考)保険料の推計に要する係数'!F14 ) / ( ROUND(I112/I111,4)*'(参考)保険料の推計に要する係数'!F12 +ROUND(I114/I111,4)*'(参考)保険料の推計に要する係数'!F13 +ROUND(I115/I111,4)*'(参考)保険料の推計に要する係数'!F14 ),4),0) -> 1.0055 | J98: =IF(SUM(J112:J113)>0, ROUND( ( '(参考)保険料の推計に要する係数'!G9*'(参考)保険料の推計に要する係数'!G12 +'(参考)保険料の推計に要する係数'!G10*'(参考)保険料の推計に要する係数'!G13 +'(参考)保険料の推計に要する係数'!G11*'(参考)保険料の推計に要する係数'!G14 ) / ( ROUND(J112/J111,4)*'(参考)保険料の推計に要する係数'!G12 +ROUND(J114/J111,4)*'(参考)保険料の推計に要する係数'!G13 +ROUND(J115/J111,4)*'(参考)保険料の推計に要する係数'!G14 ),4),0) -> 1.0491 | K98: =IF(SUM(K112:K113)>0, ROUND( ( '(参考)保険料の推計に要する係数'!H9*'(参考)保険料の推計に要する係数'!H12 +'(参考)保険料の推計に要する係数'!H10*'(参考)保険料の推計に要する係数'!H13 +'(参考)保険料の推計に要する係数'!H11*'(参考)保険料の推計に要する係数'!H14 ) / ( ROUND(K112/K111,4)*'(参考)保険料の推計に要する係数'!H12 +ROUND(K114/K111,4)*'(参考)保険料の推計に要する係数'!H13 +ROUND(K115/K111,4)*'(参考)保険料の推計に要する係数'!H14 ),4),0) -> 0.9463 | L98: =IF(SUM(L112:L113)>0, ROUND( ( '(参考)保険料の推計に要する係数'!I9*'(参考)保険料の推計に要する係数'!I12 +'(参考)保険料の推計に要する係数'!I10*'(参考)保険料の推計に要する係数'!I13 +'(参考)保険料の推計に要する係数'!I11*'(参考)保険料の推計に要する係数'!I14 ) / ( ROUND(L112/L111,4)*'(参考)保険料の推計に要する係数'!I12 +ROUND(L114/L111,4)*'(参考)保険料の推計に要する係数'!I13 +ROUND(L115/L111,4)*'(参考)保険料の推計に要する係数'!I14 ),4),0) -> 0.8211 | M98: =IF(SUM(M112:M113)>0, ROUND( ( '(参考)保険料の推計に要する係数'!J9*'(参考)保険料の推計に要する係数'!J12 +'(参考)保険料の推計に要する係数'!J10*'(参考)保険料の推計に要する係数'!J13 +'(参考)保険料の推計に要する係数'!J11*'(参考)保険料の推計に要する係数'!J14 ) / ( ROUND(M112/M111,4)*'(参考)保険料の推計に要する係数'!J12 +ROUND(M114/M111,4)*'(参考)保険料の推計に要する係数'!J13 +ROUND(M115/M111,4)*'(参考)保険料の推計に要する係数'!J14 ),4),0) -> 0.775 | N98: =IF(SUM(N112:N113)>0, ROUND( ( '(参考)保険料の推計に要する係数'!K9*'(参考)保険料の推計に要する係数'!K12 +'(参考)保険料の推計に要する係数'!K10*'(参考)保険料の推計に要する係数'!K13 +'(参考)保険料の推計に要する係数'!K11*'(参考)保険料の推計に要する係数'!K14 ) / ( ROUND(N112/N111,4)*'(参考)保険料の推計に要する係数'!K12 +ROUND(N114/N111,4)*'(参考)保険料の推計に要する係数'!K13 +ROUND(N115/N111,4)*'(参考)保険料の推計に要する係数'!K14 ),4),0) -> 0.8368
B101: 所得段階別加入割合補正係数 | G101: =IF(G149>0,ROUND( 1-( (1-G279)*(ROUND(G117,3)-'(参考)保険料の推計に要する係数'!$D17) +(1-G280)*(ROUND(G118,3)-'(参考)保険料の推計に要する係数'!$D18) +(1-G281)*(ROUND(G119,3)-'(参考)保険料の推計に要する係数'!$D19) +(1-G282)*(ROUND(G120,3)-'(参考)保険料の推計に要する係数'!$D20) +(1-G283)*(ROUND(G121,3)-'(参考)保険料の推計に要する係数'!$D21) +(1-G284)*(ROUND(G122,3)-'(参考)保険料の推計に要する係数'!$D22) +(1-G285)*(ROUND(G123,3)-'(参考)保険料の推計に要する係数'!$D23) +(1-G286)*(ROUND(G124,3)-'(参考)保険料の推計に要する係数'!$D24) +(1-G287)*(ROUND(G125,3)-'(参考)保険料の推計に要する係数'!$D25) +(1-G288)*(ROUND(G126,3)-'(参考)保険料の推計に要する係数'!$D26) +(1-G289)*(ROUND(G127,3)-'(参考)保険料の推計に要する係数'!$D27) +(1-G290)*(ROUND(G128,3)-'(参考)保険料の推計に要する係数'!$D28) +(1-G291)*(ROUND(G129,3)-'(参考)保険料の推計に要する係数'!$D29) +(1-G292)*(ROUND(G130,3)-'(参考)保険料の推計に要する係数'!$D30) +(1-G293)*(ROUND(G131,3)-'(参考)保険料の推計に要する係数'!$D31) ),4),0) -> 0.9667 | H101: =IF(H149>0,ROUND( 1-( (1-H279)*(ROUND(H117,3)-'(参考)保険料の推計に要する係数'!$D17) +(1-H280)*(ROUND(H118,3)-'(参考)保険料の推計に要する係数'!$D18) +(1-H281)*(ROUND(H119,3)-'(参考)保険料の推計に要する係数'!$D19) +(1-H282)*(ROUND(H120,3)-'(参考)保険料の推計に要する係数'!$D20) +(1-H283)*(ROUND(H121,3)-'(参考)保険料の推計に要する係数'!$D21) +(1-H284)*(ROUND(H122,3)-'(参考)保険料の推計に要する係数'!$D22) +(1-H285)*(ROUND(H123,3)-'(参考)保険料の推計に要する係数'!$D23) +(1-H286)*(ROUND(H124,3)-'(参考)保険料の推計に要する係数'!$D24) +(1-H287)*(ROUND(H125,3)-'(参考)保険料の推計に要する係数'!$D25) +(1-H288)*(ROUND(H126,3)-'(参考)保険料の推計に要する係数'!$D26) +(1-H289)*(ROUND(H127,3)-'(参考)保険料の推計に要する係数'!$D27) +(1-H290)*(ROUND(H128,3)-'(参考)保険料の推計に要する係数'!$D28) +(1-H291)*(ROUND(H129,3)-'(参考)保険料の推計に要する係数'!$D29) +(1-H292)*(ROUND(H130,3)-'(参考)保険料の推計に要する係数'!$D30) +(1-H293)*(ROUND(H131,3)-'(参考)保険料の推計に要する係数'!$D31) ),4),0) -> 0.9659 | I101: =IF(I149>0,ROUND( 1-( (1-I279)*(ROUND(I117,3)-'(参考)保険料の推計に要する係数'!$D17) +(1-I280)*(ROUND(I118,3)-'(参考)保険料の推計に要する係数'!$D18) +(1-I281)*(ROUND(I119,3)-'(参考)保険料の推計に要する係数'!$D19) +(1-I282)*(ROUND(I120,3)-'(参考)保険料の推計に要する係数'!$D20) +(1-I283)*(ROUND(I121,3)-'(参考)保険料の推計に要する係数'!$D21) +(1-I284)*(ROUND(I122,3)-'(参考)保険料の推計に要する係数'!$D22) +(1-I285)*(ROUND(I123,3)-'(参考)保険料の推計に要する係数'!$D23) +(1-I286)*(ROUND(I124,3)-'(参考)保険料の推計に要する係数'!$D24) +(1-I287)*(ROUND(I125,3)-'(参考)保険料の推計に要する係数'!$D25) +(1-I288)*(ROUND(I126,3)-'(参考)保険料の推計に要する係数'!$D26) +(1-I289)*(ROUND(I127,3)-'(参考)保険料の推計に要する係数'!$D27) +(1-I290)*(ROUND(I128,3)-'(参考)保険料の推計に要する係数'!$D28) +(1-I291)*(ROUND(I129,3)-'(参考)保険料の推計に要する係数'!$D29) +(1-I292)*(ROUND(I130,3)-'(参考)保険料の推計に要する係数'!$D30) +(1-I293)*(ROUND(I131,3)-'(参考)保険料の推計に要する係数'!$D31) ),4),0) -> 0.9645 | J101: =IF(J149>0,ROUND( 1-( (1-J279)*(ROUND(J117,3)-'(参考)保険料の推計に要する係数'!$D17) +(1-J280)*(ROUND(J118,3)-'(参考)保険料の推計に要する係数'!$D18) +(1-J281)*(ROUND(J119,3)-'(参考)保険料の推計に要する係数'!$D19) +(1-J282)*(ROUND(J120,3)-'(参考)保険料の推計に要する係数'!$D20) +(1-J283)*(ROUND(J121,3)-'(参考)保険料の推計に要する係数'!$D21) +(1-J284)*(ROUND(J122,3)-'(参考)保険料の推計に要する係数'!$D22) +(1-J285)*(ROUND(J123,3)-'(参考)保険料の推計に要する係数'!$D23) +(1-J286)*(ROUND(J124,3)-'(参考)保険料の推計に要する係数'!$D24) +(1-J287)*(ROUND(J125,3)-'(参考)保険料の推計に要する係数'!$D25) +(1-J288)*(ROUND(J126,3)-'(参考)保険料の推計に要する係数'!$D26) +(1-J289)*(ROUND(J127,3)-'(参考)保険料の推計に要する係数'!$D27) +(1-J290)*(ROUND(J128,3)-'(参考)保険料の推計に要する係数'!$D28) +(1-J291)*(ROUND(J129,3)-'(参考)保険料の推計に要する係数'!$D29) +(1-J292)*(ROUND(J130,3)-'(参考)保険料の推計に要する係数'!$D30) +(1-J293)*(ROUND(J131,3)-'(参考)保険料の推計に要する係数'!$D31) ),4),0) -> 0.9629 | K101: =IF(K149>0,ROUND( 1-( (1-K279)*(ROUND(K117,3)-'(参考)保険料の推計に要する係数'!$D17) +(1-K280)*(ROUND(K118,3)-'(参考)保険料の推計に要する係数'!$D18) +(1-K281)*(ROUND(K119,3)-'(参考)保険料の推計に要する係数'!$D19) +(1-K282)*(ROUND(K120,3)-'(参考)保険料の推計に要する係数'!$D20) +(1-K283)*(ROUND(K121,3)-'(参考)保険料の推計に要する係数'!$D21) +(1-K284)*(ROUND(K122,3)-'(参考)保険料の推計に要する係数'!$D22) +(1-K285)*(ROUND(K123,3)-'(参考)保険料の推計に要する係数'!$D23) +(1-K286)*(ROUND(K124,3)-'(参考)保険料の推計に要する係数'!$D24) +(1-K287)*(ROUND(K125,3)-'(参考)保険料の推計に要する係数'!$D25) +(1-K288)*(ROUND(K126,3)-'(参考)保険料の推計に要する係数'!$D26) +(1-K289)*(ROUND(K127,3)-'(参考)保険料の推計に要する係数'!$D27) +(1-K290)*(ROUND(K128,3)-'(参考)保険料の推計に要する係数'!$D28) +(1-K291)*(ROUND(K129,3)-'(参考)保険料の推計に要する係数'!$D29) +(1-K292)*(ROUND(K130,3)-'(参考)保険料の推計に要する係数'!$D30) +(1-K293)*(ROUND(K131,3)-'(参考)保険料の推計に要する係数'!$D31) ),4),0) -> 0.9567 | L101: =IF(L149>0,ROUND( 1-( (1-L279)*(ROUND(L117,3)-'(参考)保険料の推計に要する係数'!$D17) +(1-L280)*(ROUND(L118,3)-'(参考)保険料の推計に要する係数'!$D18) +(1-L281)*(ROUND(L119,3)-'(参考)保険料の推計に要する係数'!$D19) +(1-L282)*(ROUND(L120,3)-'(参考)保険料の推計に要する係数'!$D20) +(1-L283)*(ROUND(L121,3)-'(参考)保険料の推計に要する係数'!$D21) +(1-L284)*(ROUND(L122,3)-'(参考)保険料の推計に要する係数'!$D22) +(1-L285)*(ROUND(L123,3)-'(参考)保険料の推計に要する係数'!$D23) +(1-L286)*(ROUND(L124,3)-'(参考)保険料の推計に要する係数'!$D24) +(1-L287)*(ROUND(L125,3)-'(参考)保険料の推計に要する係数'!$D25) +(1-L288)*(ROUND(L126,3)-'(参考)保険料の推計に要する係数'!$D26) +(1-L289)*(ROUND(L127,3)-'(参考)保険料の推計に要する係数'!$D27) +(1-L290)*(ROUND(L128,3)-'(参考)保険料の推計に要する係数'!$D28) +(1-L291)*(ROUND(L129,3)-'(参考)保険料の推計に要する係数'!$D29) +(1-L292)*(ROUND(L130,3)-'(参考)保険料の推計に要する係数'!$D30) +(1-L293)*(ROUND(L131,3)-'(参考)保険料の推計に要する係数'!$D31) ),4),0) -> 0.9508 | M101: =IF(M149>0,ROUND( 1-( (1-M279)*(ROUND(M117,3)-'(参考)保険料の推計に要する係数'!$D17) +(1-M280)*(ROUND(M118,3)-'(参考)保険料の推計に要する係数'!$D18) +(1-M281)*(ROUND(M119,3)-'(参考)保険料の推計に要する係数'!$D19) +(1-M282)*(ROUND(M120,3)-'(参考)保険料の推計に要する係数'!$D20) +(1-M283)*(ROUND(M121,3)-'(参考)保険料の推計に要する係数'!$D21) +(1-M284)*(ROUND(M122,3)-'(参考)保険料の推計に要する係数'!$D22) +(1-M285)*(ROUND(M123,3)-'(参考)保険料の推計に要する係数'!$D23) +(1-M286)*(ROUND(M124,3)-'(参考)保険料の推計に要する係数'!$D24) +(1-M287)*(ROUND(M125,3)-'(参考)保険料の推計に要する係数'!$D25) +(1-M288)*(ROUND(M126,3)-'(参考)保険料の推計に要する係数'!$D26) +(1-M289)*(ROUND(M127,3)-'(参考)保険料の推計に要する係数'!$D27) +(1-M290)*(ROUND(M128,3)-'(参考)保険料の推計に要する係数'!$D28) +(1-M291)*(ROUND(M129,3)-'(参考)保険料の推計に要する係数'!$D29) +(1-M292)*(ROUND(M130,3)-'(参考)保険料の推計に要する係数'!$D30) +(1-M293)*(ROUND(M131,3)-'(参考)保険料の推計に要する係数'!$D31) ),4),0) -> 0.9456 | N101: =IF(N149>0,ROUND( 1-( (1-N279)*(ROUND(N117,3)-'(参考)保険料の推計に要する係数'!$D17) +(1-N280)*(ROUND(N118,3)-'(参考)保険料の推計に要する係数'!$D18) +(1-N281)*(ROUND(N119,3)-'(参考)保険料の推計に要する係数'!$D19) +(1-N282)*(ROUND(N120,3)-'(参考)保険料の推計に要する係数'!$D20) +(1-N283)*(ROUND(N121,3)-'(参考)保険料の推計に要する係数'!$D21) +(1-N284)*(ROUND(N122,3)-'(参考)保険料の推計に要する係数'!$D22) +(1-N285)*(ROUND(N123,3)-'(参考)保険料の推計に要する係数'!$D23) +(1-N286)*(ROUND(N124,3)-'(参考)保険料の推計に要する係数'!$D24) +(1-N287)*(ROUND(N125,3)-'(参考)保険料の推計に要する係数'!$D25) +(1-N288)*(ROUND(N126,3)-'(参考)保険料の推計に要する係数'!$D26) +(1-N289)*(ROUND(N127,3)-'(参考)保険料の推計に要する係数'!$D27) +(1-N290)*(ROUND(N128,3)-'(参考)保険料の推計に要する係数'!$D28) +(1-N291)*(ROUND(N129,3)-'(参考)保険料の推計に要する係数'!$D29) +(1-N292)*(ROUND(N130,3)-'(参考)保険料の推計に要する係数'!$D30) +(1-N293)*(ROUND(N131,3)-'(参考)保険料の推計に要する係数'!$D31) ),4),0) -> 0.9447
A102: 市町村特別給付費等 | F102: =SUM(G102:I102) -> 0 | G102: 0 | H102: 0 | I102: 0 | J102: 0 | K102: 0 | L102: 0 | M102: 0 | N102: 0
A103: 市町村相互財政安定化事業負担額 | F103: 0 | J103: 0 | K103: 0 | L103: 0 | M103: 0 | N103: 0
A104: 保険者機能強化推進交付金の交付見込額 | F104: 0 | J104: 0 | K104: 0 | L104: 0 | M104: 0 | N104: 0
A105: 保険料収納必要額 | F105: =F92+F93-F94+F18+F21-F15+F85+F102+F103-F104 -> 7.6848876e+08 | J105: =J92+J93-J94+G18+G21-G15+J85+J102+J103-J104 -> 2.8871109e+08 | K105: =K92+K93-K94+H18+H21-H15+K85+K102+K103-K104 -> 2.908136e+08 | L105: =L92+L93-L94+I18+I21-I15+L85+L102+L103-L104 -> 2.8479335e+08 | M105: =M92+M93-M94+J18+J21-J15+M85+M102+M103-M104 -> 2.7366708e+08 | N105: =N92+N93-N94+K18+K21-K15+N85+N102+N103-N104 -> 2.7150448e+08
A106: 予定保険料収納率 | F106: 0.96 | J106: 0.96 | K106: 0.96 | L106: 0.96 | M106: 0.96 | N106: 0.96
A108: ６．第１号被保険者数関係
F109: 第10期 | J109: 令和12年度 | K109: 令和17年度 | L109: 令和22年度 | M109: 令和27年度 | N109: 令和32年度
...

Sheet (参考)保険料の推計に要する係数
B1: (参考)保険料の推計に要する係数
D4: R9～R11 | E4: R12 | F4: R17 | G4: R22 | H4: R27 | I4: R32
C5: 第１号被保険者負担割合（%） | D5: 0.23 | E5: 0.24 | F5: 0.25 | G5: 0.26 | H5: 0.27 | I5: 0.28
B7: 後期高齢者加入割合補正係数の算出に係る係数（全国値） （仮置値）
D8: R9 | E8: R10 | F8: R11 | G8: R12 | H8: R17 | I8: R22 | J8: R27 | K8: R32
C9: 前期高齢者加入割合 | D9: 0.4312 | E9: 0.4166 | F9: 0.4076 | G9: 0.3946 | H9: 0.4156 | I9: 0.4449 | J9: 0.4377 | K9: 0.4062
C10: 85歳未満後期高齢者加入割合 | D10: 0.3825 | E10: 0.3924 | F10: 0.3951 | G10: 0.3898 | H10: 0.333 | I10: 0.3103 | J10: 0.3328 | K10: 0.3669
C11: 85歳以上後期高齢者加入割合 | D11: 0.1863 | E11: 0.191 | F11: 0.1973 | G11: 0.2157 | H11: 0.2513 | I11: 0.2448 | J11: 0.2295 | K11: 0.227
C12: 前期高齢者の1人あたり給付費 | D12: 4296 | E12: 4296 | F12: 4296 | G12: 4296 | H12: 4296 | I12: 4296 | J12: 4296 | K12: 4296
C13: 85歳未満後期高齢者の1人あたり給付費 | D13: 17647 | E13: 17647 | F13: 17647 | G13: 17647 | H13: 17647 | I13: 17647 | J13: 17647 | K13: 17647
C14: 85歳以上後期高齢者の1人あたり給付費 | D14: 80362 | E14: 80362 | F14: 80362 | G14: 80362 | H14: 80362 | I14: 80362 | J14: 80362 | K14: 80362
B16: 所得段階別加入割合補正係数の算出に係る係数（全国値）（％） （仮置値）
C17: 第1段階 | D17: 0.1749
C18: 第2段階 | D18: 0.0967
C19: 第3段階 | D19: 0.0864
C20: 第4段階 | D20: 0.1074
C21: 第5段階 | D21: 0.1405
C22: 第6段階 | D22: 0.1333
C23: 第7段階 | D23: 0.1361
C24: 第8段階 | D24: 0.061
C25: 第9段階 | D25: 0.0241
C26: 第10段階 | D26: 0.0115
C27: 第11段階 | D27: 0.0061
C28: 第12段階 | D28: 0.0039
C29: 第13段階 | D29: 0.0181
B33: 費用負担の見直しに伴う調整に係る係数（参考値）（未定）
C34: 利用者負担の見直し等に伴う財政影響補正係数 | D34: 1
C35: 特定入所者介護サービス費等に係る制度改正に伴う財政影響補正係数 | D35: 1
C38: 国庫負担金等の算定の基準となる算定対象審査支払手数料単価（上限）（円） | D38: 95
